Iteration	Posterior	Likelihood	Prior	beta_scale	matrix_probs[1]	matrix_probs[2]	matrix_probs[3]	matrix_probs[4]	rate_log_sd	tree_length
0	-1039.725	-1253.807	214.0823	0.806863	0.189955	0.116217	0.441275	0.252553	2.223376	0.8887844
6	-1031.586	-1246.166	214.5797	0.464834	0.0642419	0.170111	0.511648	0.253999	2.21851	0.7031143
12	-1025.203	-1239.157	213.9543	0.9914864	0.0915237	0.314562	0.261311	0.332603	2.341095	0.6157274
18	-1033.622	-1247.146	213.524	1.414657	0.0449541	0.266895	0.490436	0.197716	2.289234	0.7673084
24	-1037.718	-1251.894	214.1756	0.6575854	0.0684115	0.0390163	0.669003	0.22357	2.289234	0.8869836
30	-1039.098	-1252.941	213.8436	0.9034698	0.158648	0.407541	0.231844	0.201967	2.116921	1.132406
36	-1043.39	-1257.114	213.7244	0.8754252	0.244631	0.111806	0.357497	0.286066	2.259843	1.137016
42	-1042.256	-1256.436	214.1794	0.8697249	0.326701	0.0505634	0.28922	0.333516	1.981856	0.9741917
48	-1021.923	-1235.441	213.5183	1.308232	0.338885	0.103615	0.0887171	0.468784	2.480335	0.5968579
54	-1023.974	-1235.723	211.7489	4.154444	0.338771	0.365168	0.0427926	0.253268	2.279	0.7909097
60	-1019.569	-1231.574	212.0051	3.715948	0.147061	0.277064	0.0599677	0.515907	2.2459	0.7896408
66	-1017.338	-1230.206	212.8685	2.264213	0.342291	0.100648	0.145136	0.411925	2.300655	0.730285
72	-1012.048	-1223.159	211.1109	5.457783	0.30536	0.241911	0.0299997	0.422729	2.363836	0.7507383
78	-997.2783	-1209.816	212.5377	2.656164	0.187993	0.432807	0.094861	0.284339	2.107619	1.034719
84	-1004.106	-1217.706	213.6003	1.199758	0.315438	0.162079	0.157968	0.364514	2.024977	1.170702
90	-1031.888	-1245.045	213.1576	0.9410751	0.339183	0.169979	0.247532	0.243306	2.421277	1.415712
96	-1040.869	-1253.989	213.1196	0.8249355	0.366838	0.183838	0.186179	0.263144	2.31836	1.610375
102	-1011.148	-1224.991	213.8433	1.120277	0.121849	0.425495	0.396555	0.0561016	1.843189	1.183452
108	-1018.175	-1232.188	214.0125	0.9218373	0.0480341	0.018701	0.875347	0.0579182	2.086848	0.9827522
114	-1024.14	-1238.099	213.959	0.8670753	0.237897	0.209883	0.369364	0.182856	2.469878	0.5964325
120	-1016.006	-1229.725	213.7197	1.142528	0.149277	0.0818359	0.407788	0.361099	2.388803	0.6971344
126	-1020.73	-1234.152	213.4221	1.268513	0.294764	0.0387579	0.49546	0.171019	2.562273	0.7066667
132	-1024.215	-1237.371	213.1554	1.569385	0.317901	0.0396967	0.159486	0.482916	2.624097	0.5582563
138	-1025.669	-1239.131	213.4629	1.353965	0.188716	0.0164861	0.594242	0.200556	2.458688	0.6794985
144	-1024.78	-1237.787	213.0066	1.621103	0.392625	0.00476031	0.421101	0.181514	2.428433	1.000513
150	-1017.546	-1230.969	213.4229	1.178158	0.502478	0.00338861	0.261833	0.2323	2.452004	0.9534927
156	-1018.242	-1231.402	213.1604	1.178158	0.439188	0.00394439	0.159486	0.397381	2.386435	1.254865
162	-1032.164	-1243.993	211.8286	3.608929	0.13903	0.349459	0.15022	0.361291	2.263789	1.030284
168	-1021.12	-1235.018	213.8984	0.860757	0.158925	0.325791	0.178462	0.336822	2.237464	1.009155
174	-1017.025	-1231.31	214.2849	0.5157828	0.276464	0.124248	0.48183	0.117458	2.242359	0.9790411
180	-1029.429	-1243.382	213.9536	0.7481815	0.133159	0.263695	0.294593	0.308553	2.288483	1.020611
186	-1023.858	-1236.809	212.9517	1.301358	0.376149	0.164453	0.224382	0.235015	2.288483	1.408524
192	-1024.77	-1238.21	213.4398	0.9769597	0.139947	0.227435	0.363433	0.269184	2.401987	1.171339
198	-1023.312	-1237.246	213.9336	0.7175111	0.113859	0.196276	0.45756	0.232305	2.177168	1.171339
204	-1022.661	-1236.546	213.8848	0.7334615	0.199245	0.140682	0.324562	0.335511	2.351233	1.041562
210	-1013.241	-1226.6	213.3589	0.9931863	0.457153	0.083828	0.278577	0.180442	2.204773	1.386645
216	-1012.488	-1226.116	213.6276	0.896814	0.130882	0.113936	0.465627	0.289555	2.311183	1.157799
222	-1008.839	-1222.264	213.4252	0.8699839	0.170578	0.138263	0.570803	0.120356	2.204067	1.433036
228	-1009.5	-1223.09	213.5904	0.745811	0.272908	0.057655	0.476636	0.192801	2.14108	1.454182
234	-1019.94	-1233.216	213.2759	0.6185926	0.219459	0.128969	0.43047	0.221102	1.842802	1.982895
240	-1028.024	-1241.23	213.2065	1.105022	0.19228	0.253468	0.0562055	0.498047	2.203773	1.420087
246	-1020.585	-1233.657	213.0719	0.9132539	0.348329	0.254222	0.122027	0.275422	1.981896	1.817261
252	-1013.829	-1227.371	213.5415	1.06058	0.423821	0.0889807	0.257181	0.230018	1.983737	1.36429
258	-1019.846	-1233.17	213.324	1.06058	0.366393	0.0640736	0.370682	0.198851	2.054384	1.477609
264	-1025.227	-1238.435	213.208	1.183882	0.194345	0.22604	0.197777	0.381839	1.885518	1.600476
270	-1011.78	-1225.043	213.2624	1.056693	0.331386	0.0926278	0.337238	0.238749	1.953998	1.600476
276	-1021.953	-1235.481	213.5278	1.201002	0.202486	0.373902	0.129102	0.29451	2.033261	1.224878
282	-1019.333	-1232.783	213.4501	1.310463	0.241591	0.512205	0.0838509	0.162353	2.240145	1.015978
288	-1013.842	-1227.331	213.4885	1.256991	0.320629	0.252202	0.250407	0.176762	2.305858	0.9603742
294	-1007.722	-1221.793	214.0709	0.7853467	0.212761	0.167354	0.210078	0.409807	2.269592	0.8746025
300	-999.2173	-1212.084	212.8672	2.066701	0.405985	0.0791876	0.122183	0.392645	2.519424	0.5596829
306	-1018.052	-1231.619	213.5673	1.252947	0.124632	0.389913	0.152238	0.333217	2.492269	0.5596829
312	-1001.692	-1215.322	213.6304	0.8871236	0.279577	0.309625	0.304924	0.105874	2.785818	0.567939
318	-1007.661	-1221.598	213.9369	0.8871236	0.116937	0.261582	0.323661	0.297821	2.475525	0.5824285
324	-1013.938	-1227.877	213.9394	0.7527944	0.0572194	0.442938	0.236951	0.262892	2.475525	0.8258978
330	-1019.541	-1233.17	213.6292	1.11483	0.162596	0.580289	0.153353	0.103762	2.366766	0.8874931
336	-1009.656	-1222.949	213.2937	1.487053	0.332614	0.178417	0.197492	0.291477	2.301292	0.9532566
342	-1013.785	-1227.499	213.7135	1.101739	0.317926	0.183565	0.290627	0.207882	2.314689	0.8647377
348	-1015.606	-1229.35	213.7438	1.069528	0.335123	0.257283	0.188468	0.219126	2.132338	1.056687
354	-1029.465	-1242.817	213.3524	1.452252	0.381397	0.0317312	0.337488	0.249384	2.246055	0.9810698
360	-1022.516	-1235.806	213.2906	1.167168	0.249073	0.0478291	0.37239	0.330708	1.754241	1.647066
366	-1001.058	-1215.074	214.0155	0.8300777	0.344334	0.0860101	0.32719	0.242467	2.118279	1.042304
372	-996.9981	-1210.936	213.938	0.8474822	0.180982	0.160158	0.378425	0.280435	2.124478	1.092293
378	-1009.009	-1222.459	213.4499	0.914725	0.419329	0.121733	0.245786	0.213153	1.975048	1.552102
384	-1007.617	-1220.748	213.1303	1.09814	0.283283	0.406674	0.166044	0.143998	2.353785	1.367793
390	-1004.464	-1218.184	213.7199	0.8090811	0.253186	0.199566	0.418549	0.128699	2.092262	1.339502
396	-999.4188	-1213.155	213.7366	0.8709262	0.113361	0.223706	0.570901	0.0920322	2.255616	1.134042
402	-1011.866	-1225.443	213.5763	1.187269	0.121275	0.411664	0.423253	0.0438075	1.972136	1.246316
408	-1018.29	-1232.513	214.2233	0.7518911	0.159671	0.470812	0.319363	0.0501536	2.081431	0.9531041
414	-1017.946	-1231.328	213.3827	0.7518911	0.126697	0.422443	0.411064	0.0397962	2.171925	1.581247
420	-1021.072	-1234.127	213.0553	1.477166	0.179995	0.459022	0.0917067	0.269276	1.881446	1.519977
426	-1010.294	-1223.721	213.4268	1.217109	0.188545	0.0755634	0.574523	0.161368	2.400172	0.9652193
432	-1006.759	-1220.255	213.4958	0.9477217	0.552782	0.00414248	0.354699	0.0883774	2.500045	1.058401
438	-1014.348	-1227.093	212.7452	1.268549	0.46116	0.00930584	0.480032	0.0495023	2.466458	1.453634
444	-1014.856	-1226.373	211.5165	1.048706	0.561387	0.0722155	0.306136	0.060261	1.704834	2.898937
450	-1015.497	-1227.652	212.1544	1.144678	0.292344	0.136852	0.374845	0.195958	1.888254	2.333037
456	-1008.025	-1221.293	213.2676	0.9391582	0.43258	0.0778077	0.417375	0.0722371	2.022462	1.632275
462	-1015.11	-1227.137	212.027	1.841209	0.463999	0.0403017	0.422564	0.0731351	1.910526	2.008969
468	-1014.367	-1226.732	212.3658	0.879955	0.328344	0.113961	0.413188	0.144507	1.729016	2.466634
474	-1015.235	-1228.369	213.1346	1.055219	0.280855	0.0465266	0.547622	0.124996	1.611596	1.929851
480	-1013.139	-1224.99	211.8509	2.983197	0.119997	0.0741171	0.653709	0.152176	2.070756	1.4708
486	-1017.756	-1230.76	213.0037	1.335697	0.27868	0.237435	0.291338	0.192547	2.123981	1.4708
492	-1014.248	-1227.125	212.8775	1.142135	0.151316	0.405703	0.22751	0.215471	2.13811	1.685055
498	-1011.72	-1224.952	213.2322	0.9645501	0.351896	0.224267	0.127184	0.296653	2.053704	1.616696
504	-1019.923	-1232.706	212.7834	1.136494	0.226173	0.144142	0.241697	0.387988	1.85985	1.9459
510	-1008.038	-1219.008	210.9701	1.413155	0.21566	0.216348	0.295725	0.272267	1.70129	3.024772
516	-1012.837	-1224.657	211.8192	0.9752704	0.41497	0.0999015	0.384257	0.100871	1.735019	2.741093
522	-1016.33	-1227.781	211.4505	1.203729	0.322079	0.0957931	0.368454	0.213673	1.539894	2.948039
528	-1035.335	-1246.362	211.0271	1.153835	0.45149	0.129871	0.245829	0.172811	1.730682	3.115729
534	-1025.555	-1239.769	214.2138	0.6281857	0.0928154	0.392905	0.382396	0.131884	2.367442	0.7801538
540	-1017.605	-1230.705	213.0991	1.285476	0.333356	0.0963434	0.268024	0.302277	2.236815	1.344821
546	-1021.865	-1235.346	213.4807	1.10855	0.25674	0.21554	0.206423	0.321297	2.120514	1.26515
552	-1007.074	-1220.403	213.3293	1.396479	0.227806	0.156515	0.238134	0.377544	2.396683	0.8972347
558	-1027.174	-1241.181	214.0063	0.8708422	0.268647	0.10571	0.148184	0.477459	2.289606	0.82037
564	-1023.968	-1236.998	213.0298	1.685515	0.243792	0.163138	0.335009	0.258061	2.028391	1.289099
570	-1031.135	-1244.624	213.489	0.7631727	0.0750321	0.549947	0.208056	0.166965	1.819613	1.748647
576	-1029.835	-1243.068	213.2329	0.7631727	0.0516008	0.378208	0.379886	0.190306	1.766227	1.96057
582	-1016.752	-1228.994	212.2421	1.086952	0.191966	0.396109	0.241612	0.170313	1.830369	2.349559
588	-1013.63	-1225.981	212.3515	0.9099818	0.267773	0.0635279	0.590547	0.078152	1.871417	2.366429
594	-1025.453	-1236.965	211.5121	0.9512177	0.139548	0.0692434	0.706026	0.0851832	1.521695	3.070158
600	-1013.863	-1225.708	211.8452	0.9804918	0.448942	0.0223333	0.449155	0.0795694	1.607553	2.799816
606	-1004.237	-1215.928	211.691	1.3391	0.423164	0.0210509	0.481653	0.074132	1.660703	2.652012
612	-1019.334	-1230.97	211.6357	1.3391	0.475242	0.0108152	0.440228	0.073715	1.828625	2.582354
618	-1006.733	-1217.547	210.8139	5.245399	0.366112	0.00478478	0.153154	0.475949	1.66015	1.705198
624	-1001.228	-1213.562	212.3345	2.277271	0.508334	0.00985232	0.182591	0.299222	1.602057	1.790379
630	-994.9476	-1207.593	212.6458	1.463648	0.456979	0.0263219	0.247707	0.268993	1.925598	1.790379
636	-1009.002	-1221.28	212.2775	1.005631	0.480172	0.0871889	0.217851	0.214789	1.80201	2.395968
642	-1016.215	-1228.718	212.5032	0.8489885	0.447986	0.0813447	0.203249	0.267421	1.932723	2.270709
648	-996.0957	-1209.42	213.3246	1.374633	0.472062	0.135451	0.210113	0.182373	1.903289	1.366301
654	-1002.38	-1214.145	211.7649	1.588946	0.27047	0.079565	0.36907	0.280895	1.796893	2.384911
660	-993.4839	-1205.228	211.7442	0.8686725	0.333241	0.0950199	0.440759	0.13098	1.675857	2.888848
666	-990.1011	-1201.38	211.2788	1.42596	0.2736	0.274821	0.361875	0.0897045	1.60711	2.888848
672	-1000.507	-1212.395	211.8874	0.9535473	0.384651	0.196479	0.212575	0.206295	1.781764	2.684062
678	-1005.731	-1217.06	211.3291	1.415052	0.414357	0.211654	0.151761	0.222228	1.755144	2.774288
684	-1012.183	-1225.062	212.8799	1.523561	0.293116	0.0997572	0.580059	0.0270677	2.145908	1.42221
690	-1015.111	-1227.573	212.4622	1.605654	0.297301	0.0346818	0.58834	0.0796767	1.772019	1.937924
696	-1024.89	-1238.867	213.9766	0.7974473	0.552177	0.0240844	0.373197	0.0505407	1.905568	1.292819
702	-1022.501	-1234.786	212.2842	0.5091164	0.180998	0.402154	0.402351	0.0144967	1.440534	2.932084
708	-1011.19	-1224.88	213.6899	0.6685878	0.268587	0.19044	0.478809	0.0621642	1.849575	1.656067
714	-1007.506	-1218.525	211.0188	4.665795	0.163243	0.520095	0.220354	0.0963089	1.777085	1.656067
720	-1015.113	-1227.973	212.8598	1.094586	0.401524	0.224789	0.219069	0.154618	1.909071	1.888368
726	-1000.846	-1213.176	212.3301	2.530608	0.327597	0.345184	0.178735	0.148483	1.972871	1.396871
732	-1003.114	-1216.401	213.2867	1.296576	0.172492	0.34809	0.329685	0.149733	1.972871	1.396871
738	-1016.878	-1229.681	212.8033	1.265162	0.490097	0.143341	0.13991	0.226652	1.808778	1.884873
744	-1020.883	-1232.833	211.9493	1.585764	0.430347	0.0862483	0.158238	0.325166	1.922627	2.188121
750	-1030.777	-1243.736	212.9589	0.9609951	0.520427	0.104302	0.257844	0.117428	1.964413	1.873457
756	-1026.576	-1238.998	212.4222	0.9609951	0.272172	0.146668	0.416034	0.165126	2.448323	1.909377
762	-1025.215	-1238.676	213.4612	0.7600017	0.262787	0.209493	0.368288	0.159432	2.318938	1.405258
768	-1027.412	-1240.917	213.5055	1.255999	0.308489	0.215121	0.378182	0.0982067	2.389426	0.8488546
774	-1025.981	-1239.89	213.9085	0.6982856	0.360772	0.25158	0.29119	0.0964576	2.060408	1.307349
780	-1015.101	-1228.807	213.7057	0.7258892	0.246605	0.171967	0.515494	0.0659335	2.175122	1.354542
786	-1017.319	-1231.333	214.0142	0.6501179	0.269747	0.205564	0.500441	0.0242486	2.440475	0.9074322
792	-1020.84	-1234.48	213.6402	0.9988676	0.16933	0.128788	0.477737	0.224145	2.340766	1.023169
798	-1026.599	-1240.08	213.4803	1.318376	0.190261	0.264819	0.360213	0.184707	2.358877	0.8469271
804	-1031.488	-1245.43	213.9414	0.8093099	0.185026	0.444269	0.0843032	0.286401	2.496157	0.7075035
810	-1027.457	-1241.267	213.8091	0.9711844	0.220328	0.237931	0.200698	0.341044	2.42986	0.7582056
816	-1027.095	-1241.313	214.2173	0.8014143	0.152634	0.496166	0.0922195	0.258981	2.250177	0.6678101
822	-1010.423	-1224.448	214.0251	0.8014143	0.156109	0.226859	0.422834	0.194198	2.425407	0.6994961
828	-1015.686	-1228.238	212.5522	2.386341	0.317293	0.101669	0.289129	0.291909	2.604831	0.5711992
834	-1030.016	-1243.549	213.5336	1.171725	0.394924	0.184337	0.165372	0.255366	2.608903	0.498368
840	-1018.166	-1230.803	212.6374	2.263433	0.190187	0.259808	0.0444932	0.505512	2.613766	0.4881343
846	-1013.437	-1227.431	213.9939	0.7555229	0.187354	0.394958	0.319823	0.0978642	2.55424	0.4214932
852	-1023.87	-1237.855	213.9849	0.8915777	0.156347	0.431965	0.145184	0.266504	2.433098	0.5331845
858	-1036.229	-1249.69	213.4612	1.353381	0.27766	0.418031	0.0641038	0.240205	2.473836	0.6535994
864	-1048.764	-1262.658	213.8939	0.8888008	0.11487	0.627638	0.0524358	0.205056	2.426361	0.7620284
870	-1020.559	-1234.372	213.8131	0.8797509	0.0800915	0.753493	0.0664983	0.0999174	2.617287	0.5311954
876	-1027.128	-1238.562	211.4341	3.983071	0.210967	0.0352474	0.510215	0.24357	2.800103	0.4701387
882	-1023.253	-1234.334	211.0807	5.041337	0.330836	0.125873	0.109272	0.434019	2.663655	0.4968779
888	-1018.689	-1230.809	212.1196	3.140917	0.12893	0.497861	0.104285	0.268924	2.547311	0.6179563
894	-1013.065	-1225.755	212.6907	2.071866	0.226079	0.423586	0.2962	0.054135	2.654976	0.6627831
900	-1010.484	-1222.879	212.395	2.861114	0.213156	0.508276	0.202937	0.0756313	2.453636	0.5738299
906	-1004.673	-1218.356	213.6833	1.148348	0.205146	0.405356	0.363114	0.0263845	2.471603	0.5738299
912	-1008.471	-1222.421	213.9499	0.8679943	0.19019	0.361499	0.356988	0.0913233	2.48459	0.5738299
918	-1013.777	-1226.935	213.158	1.58644	0.238922	0.134847	0.406055	0.220176	2.537825	0.7204957
924	-1010.088	-1222.7	212.6123	2.235341	0.133549	0.123202	0.457705	0.285544	2.56242	0.753093
930	-1015.391	-1227.921	212.5299	2.513131	0.272222	0.0059346	0.56175	0.160093	2.483664	0.7066635
936	-1014.412	-1228.149	213.7367	1.155374	0.374627	0.00853876	0.216849	0.399985	2.354059	0.7066635
942	-1007.889	-1221.741	213.8522	0.9106003	0.468729	0.0271453	0.343535	0.16059	2.398518	0.8257513
948	-1009.852	-1224.084	214.2323	0.7096201	0.400255	0.0493864	0.413218	0.13714	2.236362	0.8155244
954	-1009.038	-1222.818	213.7798	1.080875	0.288464	0.178175	0.297806	0.235555	2.339897	0.7731026
960	-1020.132	-1234.525	214.3931	0.5443914	0.422445	0.0785246	0.457992	0.0410378	2.354605	0.6475005
966	-1016.589	-1230.037	213.4483	1.329765	0.121967	0.0282147	0.835428	0.0143903	2.535848	0.5798576
972	-1020.896	-1234.304	213.4084	1.584675	0.412387	0.0396793	0.527696	0.0202376	2.34006	0.6188373
978	-1023.652	-1236.692	213.0403	1.878772	0.325125	0.0499081	0.486117	0.13885	2.272558	0.9115002
984	-1028.369	-1241.979	213.6094	1.246027	0.151256	0.132328	0.372558	0.343857	2.335343	0.7971247
990	-1024.232	-1238.108	213.8767	1.064892	0.118933	0.210562	0.589197	0.0813083	2.140449	0.9182842
996	-1036.194	-1249.682	213.4885	0.9055026	0.0554518	0.0654284	0.578734	0.300385	2.049399	1.474778
1002	-1029.456	-1242.305	212.849	1.216974	0.0391291	0.340527	0.408379	0.211965	1.92402	1.805302
1008	-1027.508	-1240.444	212.9359	1.140594	0.168712	0.172081	0.487279	0.171928	2.104034	1.668809
1014	-1024.807	-1237.867	213.0593	0.627814	0.228282	0.447894	0.236211	0.0876138	1.796987	2.149632
1020	-1014.125	-1226.25	212.1248	1.497276	0.25741	0.155684	0.467494	0.119412	1.78918	2.209738
1026	-1006.989	-1220.497	213.5074	0.7803447	0.266575	0.162609	0.469093	0.101723	1.852178	1.700007
1032	-1017.196	-1230.69	213.4939	1.230217	0.386501	0.0975904	0.352726	0.163183	2.060511	1.207237
1038	-1005.033	-1218.723	213.6896	0.9078053	0.263039	0.245306	0.240054	0.251601	1.947177	1.397117
1044	-1019.675	-1233.159	213.4834	0.5732782	0.137733	0.496234	0.312506	0.0535274	1.899575	1.836068
1050	-1006.992	-1219.989	212.9975	0.5732782	0.154649	0.365674	0.44632	0.0333569	1.769454	2.244505
1056	-1012.679	-1225.837	213.1581	0.5680853	0.0959643	0.254865	0.606727	0.0424442	1.562721	2.277569
1062	-1008.121	-1221.524	213.4035	0.4111516	0.10285	0.273152	0.617135	0.00686209	1.808337	2.057833
1068	-1019.718	-1233.642	213.9242	0.6224087	0.101335	0.269129	0.608045	0.0214907	1.777035	1.574243
1074	-1012.898	-1226.345	213.4471	0.758993	0.213548	0.149177	0.628111	0.00916436	2.072883	1.601095
1080	-1005.443	-1217.911	212.4677	1.348326	0.155449	0.264437	0.307563	0.27255	3.194782	0.1999582
1086	-1007.202	-1219.737	212.5351	1.274376	0.0679781	0.252842	0.579449	0.0997307	3.194782	0.1999582
1092	-1013.866	-1225.654	211.7875	2.167448	0.232643	0.321567	0.222449	0.22334	3.206261	0.1968131
1098	-1006.481	-1219.473	212.9917	0.8432149	0.234064	0.312715	0.11333	0.339891	3.152439	0.1968131
1104	-1014.55	-1227.702	213.152	0.7123057	0.1897	0.241834	0.138363	0.430103	3.179387	0.2141541
1110	-1016.16	-1228.178	212.0178	2.471312	0.120129	0.527285	0.0876188	0.264967	2.934731	0.2699201
1116	-1001.819	-1215.231	213.4124	0.781566	0.185727	0.269149	0.135465	0.409659	2.948157	0.2599435
1122	-1013.498	-1226.725	213.2273	0.8106222	0.0543336	0.524026	0.186546	0.235095	3.015861	0.2200272
1128	-1025.529	-1238.537	213.0078	0.9876556	0.256253	0.412135	0.146714	0.184897	3.033411	0.2122952
1134	-1026.737	-1239.732	212.9954	1.170615	0.307633	0.248257	0.0892389	0.354871	2.953562	0.2492667
1140	-1017.462	-1230.632	213.1699	0.8549974	0.218528	0.463262	0.0924988	0.225712	3.09339	0.2492667
1146	-1037.619	-1250.852	213.2329	0.8453985	0.124105	0.465805	0.0930066	0.317083	3.004666	0.2326849
1152	-1023.253	-1237.058	213.8055	0.3613918	0.0413348	0.397996	0.504479	0.0561896	3.004666	0.2783233
1158	-1044.771	-1258.395	213.6246	0.6550856	0.155048	0.404687	0.415614	0.0246504	2.898428	0.2766103
1164	-1028.889	-1242.664	213.7751	0.6120513	0.347206	0.0831432	0.548943	0.0207075	2.837866	0.3077876
1170	-1032.982	-1244.471	211.4884	3.449371	0.342391	0.0952709	0.0563616	0.505977	2.859214	0.2627518
1176	-1019.165	-1231.008	211.8429	2.995388	0.39412	0.396657	0.0146036	0.19462	2.859214	0.3305725
1182	-1031.258	-1243.037	211.7797	3.371914	0.210006	0.475196	0.0816428	0.233155	2.772864	0.4438817
1188	-1013.821	-1227.374	213.5535	1.097861	0.0656	0.704084	0.0726487	0.157667	2.659216	0.4800431
1194	-1014.903	-1228.437	213.5346	1.26975	0.250595	0.431596	0.0922354	0.225574	2.486138	0.6324371
1200	-1002.106	-1215.571	213.4648	1.196513	0.223042	0.350188	0.181983	0.244788	2.653994	0.4895533
1206	-1008.397	-1222.136	213.7398	1.016357	0.237871	0.37347	0.275576	0.113084	2.553955	0.5011256
1212	-1006.246	-1220.311	214.0644	0.5390462	0.219933	0.238418	0.325124	0.216525	2.692573	0.3826463
1218	-1007.052	-1220.593	213.5403	1.105275	0.206412	0.280462	0.309914	0.203213	2.662028	0.4562836
1224	-1004.574	-1218.722	214.1475	0.6672294	0.0498289	0.392716	0.238512	0.318943	2.484155	0.6169555
1230	-1013.536	-1227.409	213.8726	1.227361	0.213471	0.0858177	0.299805	0.400906	2.173677	0.662743
1236	-1031.218	-1244.359	213.1411	1.785296	0.186857	0.130807	0.372565	0.309771	1.981826	1.166518
1242	-1035.632	-1247.639	212.0069	2.506102	0.575566	0.0889442	0.0369914	0.298499	2.034953	1.604992
1248	-1040.557	-1253.172	212.6148	1.19573	0.20756	0.343111	0.0187267	0.430602	2.098309	1.860273
1254	-1053.54	-1266.26	212.7199	1.353213	0.332081	0.563767	0.00924265	0.0949097	2.084665	1.695514
1260	-1035.759	-1247.491	211.7327	1.724987	0.117071	0.541255	0.098209	0.243466	1.583094	2.469252
1266	-1030.866	-1243.583	212.7167	0.9739803	0.187211	0.279015	0.31821	0.215564	1.698448	2.201713
1272	-1031.058	-1244.504	213.4458	1.218877	0.0708469	0.33394	0.373034	0.222179	1.75917	1.493743
1278	-1030.672	-1244.672	214.0007	0.7664323	0.0657148	0.383594	0.344606	0.206085	1.791603	1.390521
1284	-1041.485	-1254.832	213.3476	1.181011	0.0589853	0.212696	0.678722	0.0495962	1.650287	1.671279
1290	-1019.925	-1232.694	212.7694	1.974436	0.337338	0.0905245	0.432894	0.139244	1.866508	1.443101
1296	-1025.932	-1238.751	212.8194	2.038676	0.195324	0.164541	0.411235	0.2289	1.831725	1.394177
1302	-1025.137	-1239.069	213.9327	0.6822816	0.110014	0.124106	0.532363	0.233516	2.059706	1.302112
1308	-1012.943	-1226.664	213.721	0.746144	0.309644	0.233811	0.385282	0.0712637	2.12852	1.362342
1314	-1024.344	-1237.236	212.8926	1.58442	0.217908	0.158768	0.395841	0.227484	1.86146	1.587097
1320	-1009.04	-1222.521	213.481	0.9522719	0.337089	0.296485	0.224631	0.141796	1.858045	1.587097
1326	-1012.61	-1224.703	212.093	1.167589	0.25109	0.389441	0.172808	0.186661	1.664689	2.498874
1332	-1029.635	-1241.391	211.7564	2.155488	0.207474	0.430421	0.0599814	0.302124	1.769812	2.124443
1338	-1030.892	-1241.033	210.1416	5.830247	0.349404	0.148329	0.0315867	0.47068	1.838447	1.883652
1344	-1030.717	-1241.575	210.8576	3.074292	0.25344	0.153181	0.0229114	0.570467	1.550037	2.457348
1350	-1025.893	-1237.128	211.2352	3.113616	0.263738	0.156827	0.0490905	0.530344	1.67918	2.118122
1356	-1027.217	-1239.584	212.3667	2.504019	0.104707	0.171121	0.18646	0.537711	1.629458	1.639022
1362	-1028.78	-1239.635	210.8544	6.509139	0.01598	0.0154805	0.479875	0.488665	2.012073	0.9924071
1368	-1027.427	-1239.232	211.8045	3.871803	0.0516485	0.0358983	0.162437	0.750016	1.799816	1.335237
1374	-1024.903	-1235.039	210.1361	8.003151	0.368041	0.255807	0.097063	0.279089	1.782656	1.379763
1380	-1021.387	-1232.376	210.9892	5.418144	0.318651	0.196781	0.0840374	0.400531	1.946404	1.304785
1386	-1028.733	-1240.052	211.3191	3.455638	0.439157	0.0239724	0.113377	0.423494	1.686376	1.928822
1392	-1007.448	-1219.737	212.289	1.029209	0.197307	0.0834583	0.282656	0.436579	1.738691	2.413872
1398	-1013.827	-1224.416	210.5887	3.149605	0.194861	0.0824237	0.291548	0.431167	1.585983	2.575214
1404	-1012.056	-1223.996	211.9396	1.445123	0.408836	0.0586945	0.255724	0.276745	1.578746	2.489945
1410	-1018.125	-1229.732	211.6069	1.327194	0.356999	0.12359	0.270517	0.248893	1.483486	2.818499
1416	-1017.196	-1227.58	210.384	0.8523012	0.151835	0.171842	0.621172	0.0551507	1.501558	3.801886
1422	-1020.113	-1231.65	211.537	0.8300263	0.230333	0.260685	0.46147	0.0475127	1.869832	2.921032
1428	-1024.37	-1237.774	213.4044	0.5750343	0.164863	0.330487	0.335061	0.16959	1.861569	1.914575
1434	-1019.87	-1232.675	212.8044	0.9613953	0.244364	0.300819	0.300452	0.154366	1.830263	2.066674
1440	-1014.36	-1228.141	213.7814	0.8844339	0.222474	0.359692	0.202921	0.214913	2.003734	1.298229
1446	-1017.071	-1230.454	213.3826	0.692583	0.219949	0.364324	0.227183	0.188544	2.096885	1.680736
1452	-1013.285	-1225.586	212.3015	0.9471988	0.32702	0.0880814	0.486754	0.0981451	1.895565	2.358767
1458	-1022.464	-1236.101	213.6369	0.9231398	0.40968	0.250057	0.317738	0.0225242	2.133438	1.277851
1464	-1019.448	-1233.868	214.4196	0.6091699	0.123438	0.410692	0.420601	0.0452693	2.034089	0.9551766
1470	-1004.02	-1218.342	214.3221	0.6932261	0.0801328	0.306353	0.574745	0.0387684	2.214755	0.7446289
1476	-1028.815	-1243.052	214.2366	0.7142851	0.300373	0.183176	0.472476	0.0439752	2.277999	0.7446289
1482	-1027.007	-1240.676	213.6688	0.8155842	0.272933	0.0700866	0.625219	0.0317619	1.924466	1.503213
1488	-1011.677	-1224.614	212.9368	1.439355	0.223083	0.218701	0.511027	0.0471892	1.942879	1.586399
1494	-1009.299	-1222.104	212.8047	1.77672	0.0643419	0.21106	0.493175	0.231423	1.894565	1.511261
1500	-1015.528	-1227.663	212.1351	1.173493	0.120331	0.268483	0.382024	0.229163	1.553858	2.538258
1506	-1011.284	-1224.047	212.7626	0.5734553	0.202925	0.305557	0.363344	0.128174	1.691342	2.443352
1512	-1019.743	-1232.73	212.9876	0.919518	0.306189	0.377081	0.256632	0.0600979	1.751664	2.025595
1518	-1013.626	-1226.527	212.9007	1.039383	0.277379	0.113126	0.546915	0.06258	1.797715	1.972474
1524	-1018.487	-1229.911	211.4238	1.82731	0.251583	0.203439	0.488218	0.05676	1.868143	2.432959
1530	-1016.042	-1229.01	212.9676	0.6576981	0.344445	0.298198	0.279904	0.0774527	1.948118	2.090072
1536	-1001.504	-1214.685	213.1815	1.024717	0.253111	0.402649	0.269631	0.07461	1.816039	1.778407
1542	-1010.223	-1224.094	213.871	0.8806855	0.218906	0.251485	0.494983	0.0346258	1.855145	1.348748
1548	-1020.104	-1233.45	213.346	0.9494223	0.236924	0.190831	0.479559	0.0926864	2.276075	1.375439
1554	-1024.149	-1238.234	214.0852	0.5379013	0.130462	0.355039	0.392689	0.12181	1.966771	1.375439
1560	-1024.376	-1237.398	213.0215	0.7834921	0.308979	0.337736	0.200275	0.153009	1.837961	2.03945
1566	-1016.364	-1229.505	213.1412	0.6956707	0.13835	0.225218	0.486538	0.149894	2.075153	1.861787
1572	-1019.519	-1232.721	213.2019	0.8588051	0.269739	0.203787	0.416959	0.109516	1.940912	1.794508
1578	-1028.426	-1242.227	213.8005	0.8588051	0.228053	0.271157	0.396617	0.104173	1.918085	1.372612
1584	-1035.385	-1248.356	212.9701	0.6381913	0.199892	0.185228	0.499119	0.115761	1.735667	2.239977
1590	-1018.052	-1231.509	213.4576	0.8497366	0.179101	0.303422	0.412178	0.1053	1.900762	1.64917
1596	-1025.738	-1239.542	213.8039	0.494114	0.150559	0.338008	0.376914	0.134519	1.926181	1.64917
1602	-1029.968	-1243.453	213.4845	0.6958175	0.114943	0.176778	0.585139	0.12314	2.139887	1.573664
1608	-1027.92	-1241.183	213.2631	0.8167591	0.159585	0.339122	0.220862	0.280431	1.859546	1.838575
1614	-1026.746	-1240.25	213.5035	0.8167591	0.28685	0.247912	0.388229	0.0770095	2.171272	1.440504
1620	-1045.022	-1259.101	214.0783	0.7459344	0.31733	0.150588	0.490633	0.0414494	2.327996	0.8456913
1626	-1029.049	-1243.341	214.2925	0.6281056	0.199099	0.242043	0.551981	0.00687636	2.208095	0.8817294
1632	-1036.019	-1250.039	214.02	0.842292	0.0218073	0.279646	0.388697	0.30985	2.003169	1.132936
1638	-1037.77	-1251.31	213.5405	1.334314	0.310178	0.447262	0.109146	0.133413	2.003169	1.132936
1644	-1024.657	-1238.293	213.636	1.074875	0.145911	0.446139	0.365443	0.0425076	2.19998	1.089408
1650	-1031.164	-1245.062	213.8987	0.9727182	0.165722	0.218332	0.258124	0.357822	2.118685	1.013122
1656	-1028.986	-1242.665	213.6786	1.088251	0.138133	0.279385	0.0557516	0.526731	2.259009	0.9782015
1662	-1024.315	-1237.454	213.1384	1.753932	0.369634	0.276139	0.055104	0.299122	2.16951	1.018954
1668	-1020.739	-1234.07	213.3313	1.647014	0.201407	0.31342	0.066449	0.418724	2.049533	1.032747
1674	-1013.21	-1227.268	214.0578	0.9564029	0.231378	0.0758917	0.469394	0.223336	2.041272	0.9465865
1680	-1026.015	-1240.377	214.3621	0.5700908	0.289189	0.0869892	0.538032	0.0857898	2.031678	1.055539
1686	-1030.037	-1244.136	214.0988	0.8814177	0.384962	0.0573114	0.529348	0.0283785	2.101387	0.9201448
1692	-1023.589	-1237.418	213.8292	1.156459	0.235294	0.0173037	0.65208	0.095323	2.1713	0.83426
1698	-1023.634	-1237.659	214.0248	0.783176	0.431287	0.0663382	0.456578	0.0457971	2.360394	0.823035
1704	-1034.091	-1248.373	214.282	0.6764024	0.431015	0.0311473	0.299334	0.238504	2.341917	0.6116202
1710	-1022.408	-1236.609	214.2012	0.6764024	0.159397	0.163384	0.376906	0.300312	2.378494	0.704265
1716	-1025.609	-1239.646	214.0371	0.9204321	0.132217	0.176089	0.657872	0.033823	2.326701	0.6247587
1722	-1018.786	-1232.222	213.4358	1.567911	0.185527	0.247088	0.462009	0.105377	2.202888	0.8239661
1728	-1029.293	-1243.386	214.0929	0.7112255	0.124715	0.202021	0.622504	0.0507598	2.210663	0.9984237
1734	-1011.684	-1225.657	213.9726	0.8303409	0.302554	0.0541735	0.420635	0.222638	2.367487	0.8175777
1740	-1020.499	-1234.531	214.0324	0.7780909	0.244613	0.0437989	0.490396	0.221192	2.460703	0.6655952
1746	-1011.674	-1225.44	213.7655	0.9734345	0.24967	0.0464798	0.469119	0.234731	2.529209	0.6593307
1752	-1015.964	-1230.001	214.037	0.8165526	0.121508	0.223536	0.645298	0.00965837	2.426799	0.6422097
1758	-1014.227	-1228.34	214.1124	0.6835835	0.236304	0.294083	0.456907	0.0127065	2.498433	0.6259656
1764	-1011.675	-1225.506	213.8304	0.6164979	0.188733	0.0698577	0.498515	0.242894	2.866645	0.4264775
1770	-1018.035	-1232.193	214.1584	0.7854634	0.184425	0.181153	0.493992	0.140429	2.343705	0.6288
1776	-1019.055	-1233.154	214.0998	0.7854634	0.176258	0.190239	0.318475	0.315028	2.429947	0.5189192
1782	-1027.67	-1241.109	213.4386	1.129237	0.198366	0.0965122	0.41265	0.292473	2.738171	0.4453332
1788	-1019.269	-1233.336	214.067	0.5126599	0.124639	0.217023	0.534699	0.123639	2.743091	0.4453332
1794	-1012.292	-1226.217	213.9255	0.653805	0.265708	0.191481	0.440869	0.101943	2.743091	0.4777219
1800	-1017.972	-1231.966	213.9937	0.6956914	0.14925	0.114787	0.567374	0.168588	2.631511	0.498923
1806	-1024.651	-1238.58	213.9291	0.6956914	0.0681406	0.410137	0.380225	0.141498	2.687492	0.4369183
1812	-1026.195	-1240.172	213.9769	0.6632711	0.26104	0.228689	0.350063	0.160208	2.654052	0.3897379
1818	-1013.172	-1227.276	214.1044	0.5910819	0.339725	0.310341	0.322543	0.0273911	2.618901	0.4251348
1824	-1032.138	-1246.153	214.0156	0.6521387	0.2516	0.0981717	0.629942	0.0202859	2.643299	0.4251348
1830	-1027.548	-1241.881	214.3333	0.5345761	0.306136	0.135157	0.550438	0.00826898	2.458121	0.5387185
1836	-1036.827	-1250.713	213.8861	0.8602997	0.496023	0.218991	0.238391	0.0465951	2.565364	0.4790053
1842	-1013.705	-1227.948	214.2431	0.4922736	0.219676	0.177291	0.545468	0.0575648	2.590751	0.462166
1848	-1020.252	-1234.484	214.2322	0.5023553	0.220362	0.138338	0.520566	0.120735	2.590751	0.5456482
1854	-1043.248	-1257.22	213.9715	0.5814493	0.192313	0.340437	0.325698	0.141552	2.764916	0.5717819
1860	-1031.512	-1245.599	214.0875	0.7798346	0.257612	0.095909	0.361518	0.284962	2.423806	0.6205435
1866	-1029.061	-1242.872	213.8111	0.9265694	0.242334	0.0889602	0.404415	0.264291	2.570941	0.5344118
1872	-1030.673	-1244.606	213.9327	0.698546	0.282155	0.103579	0.571128	0.0431381	2.68327	0.5579107
1878	-1019.273	-1233.543	214.2694	0.4558701	0.174215	0.202706	0.607226	0.0158529	2.601145	0.5278955
1884	-1013.829	-1227.958	214.1286	0.4889297	0.146384	0.351592	0.465506	0.0365188	2.711563	0.4976406
1890	-1028.433	-1242.668	214.2353	0.587361	0.194692	0.0977272	0.682091	0.02549	2.503324	0.5226514
1896	-1020.45	-1233.885	213.4356	1.269254	0.213367	0.261287	0.500964	0.0243826	2.599676	0.416408
1902	-1021.643	-1235.559	213.9156	0.8114019	0.176675	0.38832	0.414816	0.0201897	2.583746	0.4569163
1908	-999.8365	-1213.732	213.8954	0.8114019	0.203796	0.376664	0.402365	0.0171748	2.597013	0.4298193
1914	-997.7785	-1211.69	213.912	0.786467	0.104759	0.490834	0.334799	0.0696075	2.607305	0.4321834
1920	-998.3016	-1212.373	214.0714	0.740583	0.154531	0.294602	0.468841	0.0820258	2.504282	0.4685146
1926	-994.2224	-1208.183	213.9604	0.6910843	0.302367	0.277248	0.321762	0.0986226	2.664823	0.4522091
1932	-1006.692	-1220.189	213.4969	1.318617	0.406035	0.163428	0.216794	0.213743	2.508913	0.5019404
1938	-1013.632	-1226.191	212.5595	2.530155	0.415565	0.167264	0.198411	0.218759	2.496709	0.5866265
1944	-1009.96	-1223.07	213.1102	1.601662	0.296955	0.306353	0.0396976	0.356994	2.58606	0.6981284
1950	-1018.413	-1231.509	213.0958	1.601662	0.348345	0.186313	0.0465675	0.418774	2.661581	0.5254254
1956	-1014.538	-1228.416	213.8787	1.016322	0.223807	0.46671	0.040426	0.269057	2.264829	0.8263989
1962	-1034.648	-1248.619	213.9715	0.8266782	0.177959	0.504027	0.0565531	0.261461	2.204875	1.004122
1968	-1036.341	-1249.701	213.3609	1.451132	0.525879	0.260146	0.139758	0.0742169	2.082022	1.129966
1974	-1038.208	-1250.922	212.7141	2.345594	0.362316	0.0766061	0.193764	0.367314	2.333108	0.82218
1980	-1018.935	-1232.162	213.2274	1.374187	0.18749	0.413338	0.30914	0.0900322	2.179111	1.220969
1986	-1039.134	-1252.445	213.3108	1.387707	0.146573	0.323132	0.367589	0.162706	2.278253	1.046588
1992	-1017.132	-1230.631	213.499	0.9873897	0.325442	0.20229	0.321211	0.151057	2.117488	1.349601
1998	-1042.135	-1255.225	213.0899	1.861495	0.186012	0.0791579	0.566048	0.168782	2.037918	1.108646
2004	-1031.763	-1244.596	212.8337	2.121702	0.102722	0.181658	0.551351	0.164269	2.236336	0.9757341
2010	-1029.055	-1242.704	213.6486	1.046735	0.0983483	0.56621	0.258442	0.077	2.456127	0.8372345
2016	-1024.984	-1238.554	213.5701	1.090734	0.254867	0.0705371	0.444906	0.22969	2.451268	0.8851617
2022	-1017.655	-1231.599	213.9441	0.8769678	0.316798	0.0676002	0.418155	0.197446	2.305144	0.869763
2028	-1020.743	-1234.703	213.9595	0.8291861	0.174597	0.346671	0.165978	0.312754	2.42858	0.753169
2034	-1020.064	-1233.96	213.8964	0.8971665	0.400952	0.287368	0.0781471	0.233533	2.42858	0.7422193
2040	-1022.926	-1236.717	213.7909	0.7930387	0.236092	0.245143	0.271449	0.247317	2.477084	0.9461477
2046	-1023.526	-1236.995	213.469	1.156434	0.331969	0.189368	0.13091	0.347753	2.268726	1.107151
2052	-1005.28	-1219.173	213.8928	1.059889	0.277758	0.13058	0.548087	0.0435754	2.045442	1.005608
2058	-1029.711	-1243.6	213.8887	0.533407	0.285637	0.119614	0.563636	0.0311122	1.966584	1.528995
2064	-1036.642	-1250.725	214.0826	0.7726599	0.181514	0.377601	0.331884	0.109	1.716688	1.379903
2070	-1031.647	-1244.757	213.1104	1.431039	0.335798	0.0617785	0.431775	0.170649	1.859339	1.525394
2076	-1035.1	-1248.456	213.3558	1.016277	0.297159	0.0530307	0.40245	0.24736	1.849921	1.637075
2082	-1019.353	-1233.033	213.68	0.9003195	0.304757	0.0543867	0.412741	0.228115	1.794966	1.525933
2088	-1027.806	-1241.65	213.844	0.7510642	0.318274	0.121238	0.320705	0.239783	1.844923	1.482235
2094	-1041.374	-1254.455	213.0808	0.934551	0.183096	0.0202692	0.609359	0.187277	1.842198	1.891918
2100	-1035.458	-1249.145	213.6875	0.6713519	0.161958	0.279941	0.351758	0.206344	1.834877	1.666201
2106	-1019.72	-1233.748	214.0276	0.6646024	0.156075	0.169522	0.474939	0.199464	1.945885	1.332433
2112	-1005.67	-1219.858	214.1883	0.5202283	0.267203	0.192528	0.408454	0.131815	2.08624	1.20841
2118	-1004.837	-1219.061	214.2236	0.5202283	0.245223	0.38854	0.35811	0.00812631	2.080546	1.182902
2124	-1009.897	-1224.233	214.3358	0.4759238	0.133306	0.355094	0.485439	0.0261614	2.181418	1.028431
2130	-1004.534	-1218.491	213.9575	0.8589432	0.119255	0.405886	0.339778	0.135081	2.256207	0.930742
2136	-1022.839	-1236.613	213.7749	0.8589432	0.267453	0.158672	0.422064	0.151812	2.256207	1.110185
2142	-1029.949	-1243.441	213.4925	0.9412057	0.261196	0.15496	0.41219	0.171654	2.045454	1.447055
2148	-1040.615	-1254.424	213.809	0.6941618	0.442647	0.199081	0.137743	0.220529	2.167118	1.305085
2154	-1017.665	-1230.76	213.0945	1.949041	0.278371	0.274635	0.289057	0.157938	2.267684	0.7854574
2160	-1025.992	-1239.601	213.6089	1.16591	0.436729	0.0512982	0.356807	0.155166	2.31964	0.9081713
2166	-1021.685	-1235.609	213.9244	0.7437936	0.179307	0.301427	0.358559	0.160706	2.181982	1.150815
2172	-1015.821	-1229.757	213.9359	0.7437936	0.360792	0.142456	0.416479	0.0802727	2.170399	1.150815
2178	-1022.996	-1236.151	213.1559	1.020602	0.200799	0.204593	0.408368	0.18624	2.488349	1.300651
2184	-1015.006	-1228.584	213.5772	1.06236	0.226067	0.230339	0.260116	0.283477	2.289588	1.07212
2190	-1030.01	-1243.124	213.114	1.06236	0.408483	0.298196	0.23091	0.0624108	1.978764	1.685317
2196	-1020.437	-1234.19	213.7526	0.7026124	0.499135	0.136554	0.288049	0.0762613	1.976686	1.490413
2202	-1025.35	-1238.891	213.5414	0.7641237	0.432273	0.118262	0.274937	0.174528	1.893378	1.658623
2208	-1025.727	-1238.385	212.659	1.017916	0.352176	0.147531	0.223993	0.2763	1.836868	2.120623
2214	-1035.363	-1248.137	212.7743	1.053623	0.356601	0.0859884	0.237891	0.319519	1.724704	2.095379
2220	-1035.602	-1248.444	212.8426	0.9454066	0.491421	0.0429607	0.305983	0.159635	1.773242	2.089741
2226	-1032.648	-1245.406	212.7585	1.034605	0.461745	0.043648	0.310878	0.183729	1.713143	2.125644
2232	-1037.777	-1248.485	210.7084	1.433677	0.368427	0.0151223	0.328613	0.287837	1.716842	3.160793
2238	-1027.899	-1239.041	211.1421	1.19497	0.509051	0.0239601	0.323741	0.143248	1.48333	3.171132
2244	-1027.049	-1238.876	211.8272	0.7690401	0.413562	0.10507	0.358261	0.123108	1.620538	2.934912
2250	-1030.104	-1242.573	212.469	0.751609	0.255612	0.105236	0.503471	0.135681	1.81075	2.434629
2256	-1036.37	-1248.554	212.1844	0.751609	0.316059	0.0966902	0.462587	0.124663	2.095383	2.434629
2262	-1028.545	-1241.858	213.3124	0.9039648	0.361565	0.125475	0.449656	0.0633044	1.994308	1.646119
2268	-1046.395	-1259.068	212.6728	0.777674	0.256477	0.280647	0.318964	0.143913	1.927032	2.213212
2274	-1032.321	-1245.731	213.4094	1.34968	0.312227	0.142168	0.347538	0.198067	1.814482	1.387062
2280	-1037.99	-1249.754	211.7639	1.745632	0.16097	0.241723	0.413864	0.183443	2.077422	2.122478
2286	-1036.654	-1249.342	212.6884	0.7099315	0.194629	0.292268	0.291301	0.221801	1.879747	2.279601
2292	-1032.929	-1245.608	212.6791	1.140885	0.242793	0.167322	0.46435	0.125535	2.210228	1.774716
2298	-1028.495	-1241.638	213.1426	1.140885	0.164534	0.43558	0.0418185	0.358067	2.087018	1.530582
2304	-1046.644	-1259.704	213.0602	1.140885	0.309954	0.340044	0.264974	0.0850277	2.544292	1.236448
2310	-1031.072	-1245.124	214.0522	0.6400235	0.297885	0.0353554	0.472639	0.194121	2.250598	1.072036
2316	-1034.988	-1248.532	213.5437	0.930232	0.246293	0.168475	0.504809	0.0804231	2.377582	1.143008
2322	-1026.057	-1240.131	214.0738	0.6738534	0.196364	0.0785077	0.648668	0.0764605	2.29662	0.9707276
2328	-1041.668	-1255.615	213.947	0.8089235	0.178188	0.301517	0.470029	0.050266	2.427608	0.8016717
2334	-1033.61	-1243.972	210.3615	0.891179	0.451302	0.195225	0.165367	0.188106	1.44375	3.824966
2340	-1014.351	-1226.078	211.7272	0.7329777	0.179978	0.380617	0.198306	0.241098	1.624889	3.015253
2346	-1008.706	-1221.118	212.4126	0.8676943	0.0881999	0.523919	0.189675	0.198206	1.411244	2.642982
2352	-1026.949	-1238.764	211.8155	1.90708	0.277175	0.392622	0.112016	0.218187	1.78081	2.199277
2358	-1014.553	-1227.394	212.8403	1.190257	0.286486	0.353499	0.134499	0.225517	1.991358	1.782125
2364	-1013.482	-1226.184	212.7016	0.7070089	0.280181	0.368357	0.130908	0.220554	2.034921	2.172979
2370	-1022.852	-1235.696	212.8439	0.8618341	0.255659	0.228125	0.26608	0.250136	1.795922	2.130145
2376	-1028.932	-1241.349	212.4177	0.6619058	0.210513	0.302529	0.252264	0.234694	1.636183	2.634474
2382	-1022.233	-1235.037	212.804	0.5850229	0.255741	0.185341	0.480471	0.0784471	2.006757	2.208371
2388	-1018.764	-1232.048	213.2844	0.5417358	0.240944	0.174618	0.452671	0.131767	1.891229	1.998425
2394	-1022.417	-1235.463	213.0455	0.8498954	0.35081	0.142178	0.21148	0.295532	2.181357	1.742341
2400	-1020.888	-1233.523	212.6341	1.02895	0.237912	0.425374	0.248198	0.0885159	2.180073	1.901394
2406	-1017.099	-1230.073	212.9734	1.02895	0.248381	0.326098	0.326013	0.0995073	1.725386	1.979139
2412	-1013.158	-1226.727	213.5691	1.243228	0.583122	0.133583	0.1303	0.152995	2.235637	0.9629269
2418	-1011.729	-1221.928	210.1993	5.876523	0.577986	0.220968	0.129152	0.0718941	2.431347	1.401466
2424	-1023.467	-1234.779	211.3123	3.144177	0.448071	0.1713	0.194534	0.186095	1.976031	1.856227
2430	-1022.5	-1235.677	213.1765	0.6132872	0.176223	0.437249	0.324502	0.0620264	2.061534	1.906383
2436	-1012.49	-1225.798	213.3081	0.9378084	0.281925	0.206336	0.484517	0.0272225	2.178846	1.488359
2442	-1028.025	-1241.044	213.0199	1.805953	0.248609	0.294164	0.272721	0.184505	2.034842	1.211286
2448	-1012.19	-1226.136	213.9455	0.9218197	0.234593	0.389616	0.144708	0.231082	2.267933	0.8576074
2454	-1015.973	-1229.788	213.8153	0.7299538	0.0239891	0.349855	0.569128	0.0570277	2.763704	0.4325994
2460	-1016.906	-1230.95	214.0437	0.5540076	0.104311	0.217432	0.654345	0.023912	2.703935	0.3932963
2466	-1014.952	-1228.888	213.9355	0.6728173	0.146514	0.181073	0.544925	0.127489	2.703935	0.4324307
2472	-1008.228	-1221.897	213.6689	1.023661	0.209784	0.310654	0.269514	0.210048	2.617541	0.5073863
2478	-1022.106	-1235.57	213.4633	1.232097	0.254665	0.616467	0.0735762	0.055292	2.621497	0.4800954
2484	-1025.988	-1239.503	213.5155	1.084387	0.435435	0.294139	0.0913922	0.179034	2.710439	0.4800954
2490	-1019.284	-1232.123	212.8394	1.84999	0.367662	0.156882	0.405644	0.0698114	2.713226	0.4505496
2496	-1024.62	-1237.687	213.0667	1.358653	0.325005	0.271807	0.343988	0.0592003	2.866843	0.3775273
2502	-1012.631	-1224.577	211.9458	0.8579846	0.117603	0.342065	0.34965	0.190683	1.591573	2.824446
2508	-1028.984	-1241.799	212.8147	1.201941	0.153626	0.260186	0.338436	0.247752	1.698178	1.991516
2514	-1023.761	-1235.789	212.0284	1.931291	0.217025	0.349884	0.23888	0.194211	1.690911	2.107052
2520	-1012.405	-1225.735	213.3299	1.265934	0.141344	0.544353	0.104499	0.209803	1.953252	1.400447
2526	-1018.276	-1231.92	213.6436	1.063562	0.355141	0.27874	0.217905	0.148213	2.10435	1.178094
2532	-1023.215	-1236.991	213.7759	1.042518	0.213598	0.128131	0.42568	0.232591	2.185271	0.9997934
2538	-1001.464	-1215.544	214.0806	0.8528385	0.0494556	0.41324	0.382765	0.15454	2.14873	0.9205687
2544	-997.588	-1211.228	213.64	1.240617	0.0480507	0.544148	0.194025	0.213776	2.112953	1.017729
2550	-1006.441	-1220.141	213.6996	1.155468	0.0322761	0.227899	0.43191	0.307914	2.18684	0.9641026
2556	-1023.063	-1236.33	213.2677	1.36931	0.0309241	0.385431	0.318252	0.265393	2.055478	1.293726
2562	-1024.311	-1238.163	213.8515	0.6357884	0.0930739	0.391189	0.421053	0.0946839	1.896175	1.529537
2568	-1026.703	-1240.017	213.3145	1.630174	0.375202	0.0707625	0.527132	0.0269041	2.118356	0.9951712
2574	-1017.157	-1229.926	212.7692	2.03912	0.395024	0.0287119	0.55498	0.021284	1.964228	1.328872
2580	-1017.511	-1229.346	211.8358	3.485376	0.0623173	0.0964379	0.810174	0.0310709	2.161495	1.178395
2586	-1020.207	-1234.079	213.8722	1.149845	0.381396	0.0508459	0.474137	0.0936206	2.04955	0.9324622
2592	-1016.301	-1229.581	213.2806	0.9427266	0.210646	0.0509807	0.416966	0.321408	2.144886	1.530537
2598	-1027.092	-1240.761	213.6693	0.8965876	0.314723	0.0363181	0.297042	0.351917	1.80332	1.530537
2604	-1028.378	-1241.186	212.8077	0.8965876	0.208159	0.0976563	0.449465	0.24472	1.619407	2.244793
2610	-1033.741	-1245.34	211.5987	1.026718	0.274906	0.162726	0.364118	0.198251	1.502685	2.984281
2616	-1029.565	-1242.133	212.5686	0.4429864	0.193472	0.325032	0.311755	0.169741	1.619762	2.689091
2622	-1024.776	-1236.937	212.1609	0.8501754	0.275306	0.323285	0.310079	0.0913292	1.815714	2.559626
2628	-1027.326	-1240.58	213.2544	0.6353178	0.0885799	0.284353	0.620828	0.00623854	1.900773	1.946605
2634	-1028.824	-1241.957	213.1328	0.5435126	0.196542	0.280083	0.51703	0.00634553	2.083982	1.969677
2640	-1031.06	-1244.395	213.3349	0.5431007	0.162863	0.403447	0.428432	0.00525817	2.300424	1.681529
2646	-1033.342	-1245.983	212.6408	0.4825087	0.210017	0.23283	0.55472	0.00243407	2.035673	2.361128
2652	-1036.051	-1248.958	212.9063	0.4825087	0.208353	0.230985	0.550326	0.0103364	1.770163	2.361128
2658	-1026.507	-1239.439	212.9329	0.5315943	0.323565	0.055335	0.619405	0.0016954	2.002257	2.163502
2664	-1016.239	-1229.105	212.8658	0.7040517	0.20433	0.155949	0.634107	0.00561317	2.051876	2.056396
2670	-1020.696	-1233.701	213.0048	0.5553909	0.222398	0.243407	0.515245	0.0189497	2.133981	2.013617
2676	-1020.184	-1233.21	213.0265	0.6247596	0.128756	0.163652	0.684503	0.0230886	1.866515	2.127784
2682	-1018.931	-1231.477	212.546	0.6247596	0.211836	0.296681	0.470452	0.0210307	2.0181	2.339688
2688	-1019.795	-1232.743	212.9482	0.6956936	0.247782	0.17337	0.550282	0.028566	1.840057	2.147148
2694	-1024.656	-1237.799	213.1436	0.5586885	0.208896	0.355565	0.32587	0.109669	1.947989	2.04267
2700	-1021.938	-1233.763	211.8251	3.788281	0.0698486	0.414437	0.337837	0.177877	2.174883	1.028249
2706	-1020.681	-1234.058	213.3772	1.440121	0.0733118	0.510543	0.30651	0.109635	2.17889	1.033719
2712	-1017.772	-1231.933	214.1615	0.7906354	0.378892	0.207638	0.310017	0.103453	2.136375	0.9165975
2718	-1013.149	-1226.131	212.9817	1.871404	0.22597	0.22676	0.338567	0.208704	2.558559	0.5215169
2724	-1009.828	-1222.687	212.8591	1.958851	0.401573	0.0983523	0.345798	0.154277	2.582686	0.3836147
2730	-1035.454	-1249.243	213.7892	0.9362281	0.291962	0.131175	0.323233	0.25363	2.292485	0.9857688
2736	-1029.841	-1242.821	212.9802	1.099658	0.192218	0.0430777	0.482704	0.282001	2.112403	1.659418
2742	-1034.444	-1248.559	214.115	0.3655342	0.249805	0.102249	0.587166	0.0607803	2.797886	0.3765073
2748	-1031.962	-1245.302	213.3401	1.171734	0.329673	0.0988056	0.50515	0.0663713	2.790082	0.4254494
2754	-1044.021	-1257.635	213.6136	1.057186	0.104375	0.287589	0.557505	0.0505316	2.63957	0.5094999
2760	-1022.922	-1234.459	211.5361	4.284067	0.182597	0.158507	0.373436	0.28546	2.079668	1.154854
2766	-1006.79	-1220.814	214.0241	0.9149851	0.210015	0.192714	0.268948	0.328323	2.214545	0.8353508
2772	-1003.348	-1216.972	213.6249	1.151318	0.210015	0.192714	0.268948	0.328323	2.386652	0.8265801
2778	-1025.781	-1238.707	212.9261	2.282918	0.14937	0.30822	0.327472	0.214938	2.041587	0.9625375
2784	-1013.583	-1227.043	213.4603	1.13189	0.320369	0.260237	0.169785	0.249609	1.974556	1.380809
2790	-1012.972	-1226.278	213.3058	1.470393	0.181488	0.463768	0.0469066	0.307837	2.175465	1.079555
2796	-1024.63	-1238.688	214.0577	0.7361098	0.165089	0.108388	0.672622	0.0539003	2.080558	1.129636
2802	-1014.864	-1228.896	214.0318	0.6851752	0.422683	0.0749475	0.465099	0.0372706	2.475427	0.7989336
2808	-1002.996	-1217.118	214.1223	0.5913163	0.187082	0.0804475	0.692465	0.0400056	2.606189	0.5616133
2814	-1016.211	-1229.989	213.7785	0.8805127	0.199526	0.0865645	0.54425	0.16966	2.645945	0.5616133
2820	-1028.687	-1242.268	213.5807	0.9653038	0.231757	0.0848726	0.484789	0.198581	2.735907	0.6286055
2826	-1008.394	-1222.153	213.7595	0.977197	0.246676	0.267634	0.374855	0.110835	2.506361	0.7061866
2832	-1016.084	-1229.824	213.7403	1.087923	0.325492	0.213964	0.273144	0.1874	2.411495	0.7135789
2838	-1025.862	-1239.656	213.7937	1.016983	0.380285	0.398868	0.0739366	0.14691	2.408039	0.7453665
2844	-1027.55	-1241.351	213.8012	1.051517	0.161191	0.471164	0.145691	0.221954	2.316632	0.8146657
2850	-1035.749	-1248.073	212.3245	1.157432	0.629565	0.00402074	0.24981	0.116604	1.785896	2.281959
2856	-1023.608	-1234.721	211.113	1.62909	0.188191	0.263298	0.144533	0.403978	1.510062	2.942604
2862	-1048.033	-1259.308	211.2746	1.316998	0.228916	0.44345	0.190108	0.137526	1.619931	2.942604
2868	-1028.9	-1240.682	211.7822	2.222215	0.222141	0.430324	0.127472	0.220064	1.831703	2.035205
2874	-1023.973	-1238.295	214.3215	0.608157	0.232199	0.307528	0.411625	0.0486474	2.140331	0.9477007
2880	-1010.151	-1224.265	214.1141	0.6451614	0.240639	0.227608	0.516531	0.0152227	1.962507	1.265283
2886	-1031.506	-1245.862	214.3551	0.5725804	0.321115	0.231714	0.409513	0.0376572	1.951897	1.133038
2892	-1029.473	-1243.12	213.6467	1.11958	0.375421	0.241417	0.195381	0.187781	2.107362	1.124411
2898	-1020.976	-1234.302	213.3256	0.9976576	0.437554	0.168096	0.293054	0.101296	2.046193	1.529288
2904	-1019.785	-1233.26	213.4752	0.7058226	0.338349	0.14051	0.387277	0.133864	2.082504	1.614472
2910	-1013.881	-1227.941	214.0594	0.5364278	0.49873	0.0669947	0.411431	0.0228445	2.04968	1.331297
2916	-1009.117	-1223.064	213.9471	0.6528263	0.481167	0.0310037	0.465789	0.02204	2.040275	1.331297
2922	-1010.922	-1224.248	213.3258	1.260595	0.644967	0.130796	0.172063	0.0521746	2.057188	1.325492
2928	-1004.376	-1218.42	214.0445	0.752581	0.392814	0.106214	0.339236	0.161736	2.081091	1.125409
2934	-1026.326	-1240.016	213.6894	1.149583	0.348342	0.229262	0.337693	0.0847037	2.133035	1.033797
2940	-1012.9	-1227.06	214.1605	0.6923841	0.0919484	0.347292	0.48184	0.0789194	2.133035	1.028005
2946	-1009.95	-1224.093	214.1432	0.7603635	0.137792	0.510676	0.188901	0.16263	2.031511	1.072804
2952	-1025.598	-1239.605	214.0065	0.5815624	0.133115	0.390469	0.360333	0.116083	1.731062	1.579036
2958	-1028.976	-1242.234	213.2586	1.102266	0.198978	0.211133	0.538618	0.051271	1.883797	1.6218
2964	-1030.216	-1243.534	213.3179	1.006485	0.382291	0.355585	0.0129979	0.249126	1.956922	1.594138
2970	-1028.838	-1242.068	213.2298	0.7718315	0.107274	0.357708	0.282794	0.252224	1.76382	1.958191
2976	-1040.869	-1252.966	212.0973	1.151432	0.0706753	0.506229	0.186312	0.236784	1.487341	2.615998
2982	-1030.086	-1243.228	213.1424	0.903887	0.177056	0.524092	0.131601	0.167251	1.966732	1.785587
2988	-1018.52	-1231.218	212.6987	1.198448	0.258085	0.16832	0.191827	0.381768	1.876279	1.952119
2994	-1016.57	-1230.119	213.549	0.62947	0.281878	0.183838	0.371523	0.162761	1.988661	1.686884
3000	-1039.188	-1252.521	213.3324	1.760384	0.335349	0.242082	0.00734981	0.41522	2.091286	0.8918282
3006	-1021.778	-1234.515	212.7366	1.686014	0.212779	0.467868	0.00452644	0.314827	2.091406	1.469479
3012	-1026.882	-1240.578	213.6965	1.044026	0.374166	0.220134	0.013764	0.391936	1.923958	1.301107
3018	-1030.911	-1241.25	210.3394	2.305869	0.199959	0.495414	0.0165086	0.288119	1.594178	3.047896
3024	-1021.298	-1231.573	210.2752	2.991369	0.458053	0.180198	0.0519188	0.30983	1.731408	2.736278
3030	-1011.728	-1224.307	212.5789	0.8968191	0.223926	0.105801	0.448191	0.222082	1.694643	2.342855
3036	-1012.672	-1224.777	212.1052	1.510261	0.212298	0.121159	0.49578	0.170762	1.589877	2.342855
3042	-1017.734	-1229.018	211.2835	0.9442159	0.0973164	0.606567	0.049928	0.246189	1.577127	3.177452
3048	-1023.137	-1234.837	211.7002	0.9368496	0.281838	0.347148	0.0717547	0.29926	1.708504	2.853377
3054	-1021.595	-1234.807	213.2128	1.188842	0.4057	0.249669	0.092756	0.251875	1.803788	1.652578
3060	-1035.251	-1247.851	212.6001	1.090248	0.309016	0.0986084	0.426608	0.165767	2.028651	1.985674
3066	-1039.255	-1251.816	212.5611	1.171573	0.0700811	0.525772	0.218001	0.186147	1.699341	2.176575
3072	-1023.643	-1237.246	213.6033	1.046695	0.117822	0.202713	0.366509	0.312955	1.814371	1.458194
3078	-1037.038	-1249.704	212.6655	1.185147	0.0673614	0.357316	0.142224	0.433098	1.861443	1.992779
3084	-1019.964	-1233.39	213.4267	0.7850494	0.354612	0.0174028	0.502977	0.125008	1.886108	1.729527
3090	-1021.61	-1235.041	213.4308	0.6700452	0.427197	0.0158029	0.456738	0.100262	2.156284	1.620646
3096	-1015.335	-1227.889	212.5535	0.6373945	0.125447	0.189275	0.561892	0.123386	1.839008	2.439734
3102	-1001.538	-1215.302	213.7641	0.5882952	0.150641	0.341813	0.425904	0.0816426	1.839008	1.671076
3108	-1009.881	-1222.836	212.9548	0.7832234	0.23749	0.180828	0.450046	0.131636	1.62349	2.223332
3114	-1010.028	-1221.646	211.6176	0.9704709	0.243503	0.185406	0.461706	0.109386	1.79922	2.827806
3120	-1012.419	-1223.099	210.6796	1.593425	0.301489	0.2442	0.318877	0.135434	1.524232	3.210699
3126	-1005.313	-1217.539	212.2255	1.894941	0.206714	0.418613	0.132329	0.242344	1.654509	2.019457
3132	-1013.889	-1227.496	213.607	1.250486	0.19506	0.185766	0.400035	0.21914	2.101697	1.051622
3138	-1014.308	-1227.759	213.4504	1.156928	0.2861	0.272467	0.258129	0.183303	1.894455	1.431983
3144	-1027.059	-1241.181	214.1218	0.7770978	0.166609	0.129322	0.597323	0.106746	2.017007	1.089798
3150	-1023.014	-1237.126	214.1125	0.6729273	0.268153	0.0778146	0.482227	0.171805	2.088754	1.133144
3156	-1022.807	-1235.971	213.1645	1.767445	0.466878	0.17151	0.217549	0.144062	2.088754	1.061125
3162	-1017.013	-1230.772	213.7589	0.8983126	0.410615	0.109485	0.297046	0.182855	1.971842	1.330608
3168	-1011.412	-1224.866	213.4535	0.9868048	0.23217	0.063695	0.379222	0.324913	1.743829	1.664255
3174	-1027.407	-1240.495	213.0885	0.9686938	0.252585	0.172017	0.453079	0.122319	1.937001	1.797907
3180	-1020.581	-1234.319	213.7377	0.8419533	0.309853	0.211018	0.314605	0.164523	2.014782	1.359681
3186	-1018.352	-1232.162	213.8107	0.791499	0.31145	0.202454	0.301836	0.18426	2.152383	1.231006
3192	-1016.838	-1230.959	214.1214	0.7121579	0.199843	0.235269	0.350761	0.214127	2.004165	1.16334
3198	-1006.866	-1221.056	214.19	0.6790413	0.229422	0.116094	0.348872	0.305612	1.937992	1.191698
3204	-1020.836	-1233.887	213.0515	1.875245	0.28332	0.154898	0.299458	0.262325	1.859905	1.285547
3210	-1022.541	-1234.766	212.2244	1.875245	0.242513	0.136718	0.256327	0.364443	1.687106	2.008608
3216	-1011.835	-1224.968	213.1329	0.6846753	0.155267	0.372722	0.332622	0.13939	1.918579	1.981107
3222	-1018.698	-1232.439	213.7413	0.6335623	0.0912543	0.330398	0.394435	0.183912	1.910555	1.601688
3228	-1006.202	-1219.89	213.6889	0.4917052	0.387024	0.0622644	0.466902	0.0838095	1.826005	1.802354
3234	-1019.099	-1233.192	214.0936	0.7751666	0.385734	0.210055	0.310285	0.0939254	1.973866	1.155941
3240	-1001.395	-1215.609	214.2135	0.6780235	0.347831	0.223017	0.329431	0.099721	2.074167	1.048282
3246	-1010.593	-1224.321	213.7282	1.083429	0.259514	0.177086	0.330892	0.232508	2.042343	1.141176
3252	-1025.101	-1238.101	212.9999	1.172028	0.0983914	0.365148	0.254828	0.281633	1.673707	1.902434
3258	-1021.36	-1234.815	213.4553	0.9061165	0.206256	0.287133	0.285149	0.221461	1.894874	1.61318
3264	-1029.465	-1243.062	213.5973	0.8435633	0.307604	0.0744021	0.348465	0.269529	1.817437	1.61318
3270	-1015.926	-1229.803	213.8772	0.720897	0.323513	0.102021	0.323921	0.250545	2.028622	1.338882
3276	-1018.197	-1231.579	213.3812	1.222357	0.216696	0.243448	0.253496	0.286361	1.936182	1.40538
3282	-1009.637	-1223.778	214.1409	0.7198444	0.322748	0.180989	0.34647	0.149793	2.339937	0.7848406
3288	-1010.834	-1224.919	214.0843	0.7454626	0.128878	0.220479	0.49362	0.157022	2.461161	0.6256883
3294	-1005.466	-1219.765	214.2988	0.5957455	0.240489	0.263348	0.376423	0.119741	2.427817	0.5472841
3300	-1001.754	-1215.526	213.7719	1.041723	0.167463	0.350069	0.268461	0.214006	2.496677	0.5011775
3306	-1013.959	-1227.715	213.7557	0.902553	0.182656	0.305701	0.292918	0.218725	2.647658	0.5543161
3312	-1009.125	-1222.799	213.6744	1.125975	0.209734	0.31905	0.220065	0.251151	2.511037	0.4785314
3318	-1012.682	-1226.175	213.4927	1.117322	0.145414	0.611785	0.166837	0.0759641	2.701013	0.4785314
3324	-1017.701	-1230.733	213.0319	1.424611	0.231067	0.500033	0.158328	0.110572	2.829518	0.3588704
3330	-1029.848	-1244.148	214.3002	0.46014	0.295048	0.184222	0.506126	0.014604	2.560181	0.5644276
3336	-1013.379	-1227.569	214.1894	0.6526348	0.0870282	0.35004	0.553262	0.00967016	2.445731	0.645791
3342	-1022.076	-1235.64	213.5648	1.124831	0.326278	0.281498	0.32921	0.063014	2.613209	0.4342294
3348	-1017.008	-1230.436	213.4278	1.124831	0.245596	0.173876	0.533095	0.047432	2.714396	0.364302
3354	-1042.053	-1255.816	213.7634	0.797949	0.221375	0.435686	0.307963	0.0349762	2.728658	0.3958684
3360	-1026.487	-1240.57	214.0824	0.5801758	0.327032	0.280743	0.277457	0.114769	2.639503	0.3958684
3366	-1009.06	-1223.034	213.974	0.583936	0.270786	0.337376	0.333428	0.0584107	2.735107	0.3804678
3372	-1019.157	-1233.239	214.0826	0.5675517	0.312426	0.206665	0.400524	0.0803845	2.658062	0.4073357
3378	-1012.619	-1226.288	213.6693	0.8063043	0.217554	0.235181	0.455789	0.0914761	2.810953	0.3902022
3384	-1018.256	-1228.843	210.5877	6.103951	0.213056	0.472916	0.156974	0.157054	2.708428	0.4074669
3390	-1027.747	-1241.786	214.0393	0.6407045	0.10049	0.362309	0.256538	0.280663	2.29341	1.042978
3396	-1035.141	-1248.751	213.6106	0.6549348	0.254447	0.250708	0.300635	0.194211	2.29341	1.395325
3402	-1023.337	-1236.716	213.3782	0.9447175	0.418458	0.186344	0.319272	0.0759251	2.906673	0.3248827
3408	-1018.302	-1231.863	213.5606	0.958472	0.36374	0.178502	0.34509	0.112668	2.758152	0.3820977
3414	-1027.426	-1241.893	214.467	0.5464522	0.308107	0.457038	0.10122	0.133634	2.135104	0.86282
3420	-1016	-1228.235	212.2347	2.584108	0.358595	0.233011	0.341692	0.0667026	2.774789	0.3970023
3426	-1014.505	-1226.931	212.4266	2.331383	0.503829	0.139293	0.249223	0.107655	2.774789	0.4644188
3432	-1008.723	-1221.803	213.0802	1.81412	0.199584	0.156753	0.411355	0.232309	2.473548	0.6378373
3438	-999.2458	-1211.981	212.7355	2.324217	0.0885312	0.640972	0.110025	0.160471	2.473548	0.5009468
3444	-1001.688	-1213.801	212.1132	3.596123	0.148602	0.566179	0.0584066	0.226812	2.321624	0.5326308
3450	-1015.28	-1227.298	212.0181	3.745256	0.037502	0.382186	0.211933	0.368379	2.225537	0.7786063
3456	-1011.336	-1225.792	214.4554	0.5500132	0.122498	0.346805	0.396169	0.134527	2.225537	0.754392
3462	-1013.912	-1227.744	213.8318	1.080971	0.221794	0.263613	0.27427	0.240322	2.267727	0.8007524
3468	-1018.279	-1232.215	213.9363	1.076541	0.2862	0.212835	0.353837	0.147128	2.203451	0.7502087
3474	-1047.668	-1260.375	212.7075	0.864464	0.146902	0.733483	0.0690243	0.0505903	1.637584	2.318537
3480	-1030.792	-1244.666	213.8744	0.8082207	0.294592	0.28689	0.207734	0.210783	2.622756	0.571873
3486	-1015.835	-1229.399	213.5639	1.269697	0.300236	0.292386	0.154706	0.252672	2.378561	0.7699836
3492	-1024.635	-1237.342	212.7065	2.389514	0.340079	0.331188	0.0425294	0.286203	2.379778	0.7240758
3498	-1024.519	-1237.319	212.7992	2.389514	0.252276	0.295539	0.239876	0.21231	2.331713	0.6400854
3504	-1014.939	-1228.879	213.9399	0.9593083	0.259885	0.43762	0.0678729	0.234622	2.331713	0.7264778
3510	-1018.292	-1231.841	213.5496	1.442135	0.154289	0.386516	0.0830204	0.376175	2.283527	0.6978597
3516	-1003.058	-1216.4	213.342	1.210757	0.248103	0.253803	0.186576	0.311518	2.216509	1.219198
3522	-1004.557	-1218.051	213.4933	1.42052	0.0726991	0.658895	0.121447	0.14696	2.366067	0.6847664
3528	-1015.086	-1229.002	213.9154	0.9984761	0.147498	0.372455	0.426839	0.0532084	2.265608	0.8008554
3534	-1009.073	-1222.563	213.4902	1.34449	0.387021	0.156226	0.428554	0.0281986	2.410902	0.7295127
3540	-1005.075	-1219.211	214.1366	0.6607499	0.296507	0.14699	0.403218	0.153285	2.214151	1.004616
3546	-989.7321	-1203.28	213.5476	1.247313	0.233846	0.156309	0.494312	0.115533	2.214151	1.00284
3552	-1019.976	-1233.681	213.7054	1.057919	0.258648	0.172888	0.26386	0.304604	2.370896	0.8584518
3558	-1005.135	-1218.909	213.7733	1.057919	0.176196	0.455284	0.122484	0.246036	2.254779	0.9137452
3564	-1029.028	-1240.248	211.2199	4.749296	0.15743	0.0498103	0.546522	0.246237	2.29958	1.045361
3570	-1011.368	-1223.673	212.3048	2.937014	0.109474	0.0579652	0.546011	0.28655	2.13283	1.06565
3576	-1004.554	-1217.773	213.2185	1.473141	0.17946	0.144367	0.381526	0.294646	1.856594	1.417713
3582	-1003.327	-1216.572	213.245	0.8495685	0.153983	0.176017	0.468273	0.201727	1.747719	1.903925
3588	-1009.824	-1222.66	212.8359	0.7938728	0.133857	0.221768	0.521858	0.122516	1.730734	2.223633
3594	-1019.378	-1232.566	213.1881	0.6642801	0.197817	0.456523	0.292936	0.052723	1.678098	2.118004
3600	-1019.018	-1230.676	211.6584	0.772572	0.272065	0.252537	0.402886	0.072512	1.599201	3.046827
3606	-1005.318	-1217.918	212.5995	0.5283045	0.199186	0.429248	0.290707	0.0808595	1.996901	2.382878
3612	-1016.997	-1228.308	211.3103	1.100502	0.214834	0.087835	0.506856	0.190475	1.777676	2.948792
3618	-1029.879	-1242.648	212.7684	0.7216831	0.262493	0.191266	0.41041	0.13583	2.014481	2.132668
3624	-1033.332	-1247.546	214.2139	0.6255451	0.220261	0.354612	0.340664	0.084462	2.366105	0.7857456
3630	-1020.784	-1234.476	213.6925	1.145041	0.171771	0.406598	0.366298	0.0553324	2.356074	0.7857456
3636	-1032.587	-1246.928	214.3409	0.4301965	0.397378	0.148329	0.394675	0.059619	2.158415	1.086207
3642	-1013.755	-1227.581	213.8258	0.8555592	0.311004	0.198556	0.366287	0.124153	2.144526	1.167497
3648	-1021.773	-1235.496	213.7234	1.148471	0.356629	0.193139	0.356295	0.0939369	2.194169	0.9383413
3654	-1012.618	-1225.246	212.6284	2.633614	0.330777	0.0301784	0.349863	0.289182	2.228975	0.8191987
3660	-1025.456	-1237.622	212.166	2.91086	0.148867	0.0606891	0.667984	0.12246	1.897686	1.395355
3666	-1005.249	-1219.56	214.3111	0.6163347	0.194026	0.38904	0.257327	0.159607	1.937556	1.144203
3672	-1018.128	-1232.62	214.4915	0.6720801	0.126345	0.102017	0.505848	0.26579	1.949699	0.8964051
3678	-1013.69	-1228.223	214.5326	0.5313303	0.239687	0.173293	0.248477	0.338543	1.949699	1.008382
3684	-1005.708	-1219.008	213.2998	1.550721	0.117296	0.138778	0.572116	0.17181	1.919321	1.248988
3690	-1025.016	-1236.97	211.9536	1.468891	0.286264	0.180015	0.404675	0.129045	1.717766	2.380554
3696	-1025.905	-1238.618	212.713	0.9674876	0.266443	0.0417999	0.407204	0.284553	1.716674	2.196581
3702	-1018.569	-1230.893	212.3243	0.9819331	0.14439	0.0718543	0.572528	0.211228	1.811373	2.375437
3708	-1002.478	-1216.183	213.7046	0.6623216	0.151805	0.0526862	0.601929	0.19358	1.771797	1.705619
3714	-1006.704	-1219.86	213.1565	1.114234	0.228412	0.344844	0.200017	0.226727	2.122444	1.51303
3720	-1006.772	-1220.179	213.4068	1.145447	0.253703	0.276311	0.248781	0.221205	2.395393	1.056983
3726	-1012.173	-1225.676	213.5023	1.051332	0.199916	0.212701	0.325535	0.261848	2.305989	1.13558
3732	-1022.68	-1236.069	213.3891	1.323493	0.0290202	0.574944	0.232041	0.163995	2.611134	0.5236723
3738	-1027.127	-1240.569	213.4423	1.413576	0.0219861	0.507452	0.336021	0.134541	2.477232	0.5236723
3744	-1030	-1244.114	214.114	0.686349	0.212647	0.368362	0.108845	0.310146	2.521001	0.5076229
3750	-1027.165	-1240.838	213.6732	0.9413839	0.157047	0.24927	0.498945	0.0947384	2.482099	0.9018225
3756	-1026.331	-1240.194	213.8623	0.7806752	0.200813	0.315733	0.362314	0.12114	2.230097	1.128617
3762	-1014.681	-1228.528	213.8474	1.046735	0.252527	0.370988	0.0654521	0.311033	2.394448	0.61177
3768	-1021.746	-1234.961	213.2152	1.779683	0.373872	0.28141	0.0969036	0.247814	2.394448	0.5439772
3774	-1031.575	-1244.953	213.3782	1.235737	0.474483	0.257609	0.136299	0.13161	2.268455	1.121847
3780	-1024.641	-1238.843	214.2016	0.7834637	0.31756	0.172412	0.373411	0.136617	2.022789	1.001324
3786	-1022.701	-1236.582	213.8806	0.9000641	0.336154	0.17931	0.395275	0.0892604	2.022789	1.18576
3792	-1024.666	-1237.514	212.8479	2.02088	0.19592	0.352526	0.236209	0.215346	2.071413	1.18576
3798	-1022.314	-1235.148	212.8335	0.9456232	0.264322	0.110621	0.485387	0.13967	1.888219	2.019618
3804	-1022.894	-1236.17	213.2762	0.8388997	0.186002	0.291723	0.452859	0.0694164	1.834938	1.830592
3810	-1029.147	-1242.176	213.0287	1.788641	0.0539311	0.144443	0.510734	0.290892	1.902626	1.324503
3816	-1055.973	-1269.266	213.2937	1.262194	0.154966	0.374762	0.231602	0.23867	2.01395	1.384073
3822	-1021.691	-1235.783	214.092	0.5775796	0.215444	0.223869	0.418581	0.142106	1.925537	1.37021
3828	-1040.471	-1253.911	213.4402	0.8242773	0.352202	0.183689	0.262159	0.20195	2.201841	1.459534
3834	-1022.8	-1236.547	213.7469	0.8721884	0.274276	0.291874	0.250695	0.183156	2.17735	1.192546
3840	-1033.492	-1246.736	213.244	1.153729	0.17926	0.411119	0.0962223	0.313399	2.386331	1.204169
3846	-1028.331	-1240.908	212.5773	2.126463	0.326382	0.352079	0.00810287	0.313436	2.196589	1.243194
3852	-1022.253	-1235.821	213.5682	0.9696221	0.124331	0.539853	0.199184	0.136632	2.088994	1.331365
3858	-1041.859	-1254.152	212.2927	1.687364	0.0847722	0.424687	0.1566	0.333941	1.897058	1.922328
3864	-1021.888	-1234.159	212.2708	2.83521	0.120952	0.366347	0.171477	0.341224	1.984423	1.27944
3870	-1022.883	-1235.546	212.6626	1.408235	0.120074	0.193568	0.347612	0.338747	2.050841	1.725151
3876	-1008.89	-1221.372	212.4819	1.398791	0.344735	0.152	0.300176	0.20309	1.988943	1.898542
3882	-1001.672	-1214.563	212.8916	0.977415	0.169178	0.326058	0.252449	0.252314	1.947862	1.919167
3888	-1017.945	-1231.127	213.1818	0.977415	0.197257	0.366247	0.153083	0.283413	1.957803	1.71196
3894	-1033.829	-1246.391	212.5615	0.921039	0.218712	0.362495	0.0659724	0.352821	1.991279	2.147248
3900	-1016.393	-1226.726	210.3332	1.338687	0.249982	0.594839	0.0745131	0.0806653	1.999627	3.26568
3906	-1013.643	-1226.193	212.5504	1.156578	0.259782	0.132999	0.524962	0.0822571	2.13574	1.903944
3912	-1018.663	-1231.168	212.5052	1.042528	0.290271	0.161609	0.448642	0.0994782	1.992003	2.10371
3918	-1004.947	-1217.618	212.671	0.9861914	0.453615	0.0906898	0.240083	0.215613	1.882401	2.10371
3924	-1021.283	-1233.381	212.0979	0.9861914	0.448447	0.101049	0.237347	0.213157	2.037716	2.372749
3930	-1032.824	-1244.806	211.9821	1.389865	0.475178	0.107133	0.251495	0.166194	1.919727	2.278168
3936	-1024.934	-1236.837	211.9029	1.381411	0.27891	0.326861	0.243274	0.150955	2.013502	2.27365
3942	-1011.73	-1224.897	213.167	0.8576853	0.185404	0.0854882	0.557265	0.171843	2.127377	1.689019
3948	-1017.332	-1230.602	213.27	0.8103173	0.138599	0.337998	0.487895	0.0355077	2.128108	1.650138
3954	-1018.945	-1231.808	212.8631	0.8221337	0.13659	0.316344	0.353258	0.193807	2.093458	1.947643
3960	-1017.038	-1229.233	212.195	1.132193	0.152183	0.267856	0.393587	0.186374	1.904317	2.304532
3966	-1019.382	-1232.158	212.7754	1.161613	0.0802009	0.197962	0.579647	0.142191	1.856677	1.937274
3972	-1045.695	-1254.737	209.0418	6.287442	0.464103	0.324763	0.0882119	0.122923	1.762799	2.532352
3978	-1035.309	-1246.78	211.4708	2.217403	0.273534	0.517787	0.121574	0.0871054	1.781639	2.272865
3984	-1031.052	-1241.839	210.7865	3.090206	0.154948	0.629089	0.0766339	0.13933	1.794354	2.342003
3990	-1022.668	-1234.427	211.759	2.853569	0.268855	0.367028	0.0497922	0.314325	1.789634	1.79687
3996	-1022.11	-1233.336	211.2261	3.346494	0.390627	0.26449	0.00581308	0.339069	1.892786	1.893011
4002	-1021.477	-1233.103	211.6263	3.645091	0.431971	0.207418	0.0121399	0.348471	1.914016	1.476684
4008	-1020.957	-1233.002	212.0447	2.530729	0.344184	0.222851	0.049087	0.383878	2.036584	1.56427
4014	-1025.083	-1237.443	212.3608	2.041859	0.364295	0.312423	0.022605	0.300676	1.817338	1.740343
4020	-1048.395	-1261.543	213.1481	1.044286	0.194607	0.0952841	0.536561	0.173548	2.118827	1.572516
4026	-1039.477	-1252.122	212.6454	1.044286	0.104313	0.201808	0.406169	0.28771	1.981079	2.017268
4032	-1040.33	-1252.78	212.4498	2.275302	0.30645	0.0971273	0.443053	0.15337	1.842511	1.536836
4038	-1030.107	-1242.411	212.3043	1.00511	0.271231	0.169203	0.423822	0.135744	1.636354	2.483582
4044	-1034.22	-1246.289	212.0682	0.7177939	0.31323	0.0964273	0.417542	0.1728	1.563309	2.856534
4050	-1035.99	-1247.153	211.1634	1.67068	0.236471	0.339137	0.115683	0.308709	1.56772	2.856534
4056	-1054.583	-1264.078	209.4942	7.956311	0.332169	0.296631	0.101184	0.270016	1.873914	1.793591
4062	-1038.899	-1252.266	213.367	1.220415	0.101796	0.313351	0.260968	0.323885	2.212087	1.193903
4068	-1034.012	-1247.772	213.7599	1.075634	0.0461463	0.221441	0.601771	0.130642	2.086077	1.079472
4074	-1024.197	-1238.573	214.376	0.6672101	0.124282	0.23717	0.44681	0.191738	1.95964	1.012904
4080	-1016.672	-1229.968	213.2963	1.086504	0.467182	0.039616	0.387434	0.105769	2.033043	1.495462
4086	-1031.048	-1242.198	211.15	1.833932	0.399395	0.0528059	0.430322	0.117477	1.547696	2.797261
4092	-1022.438	-1234.864	212.4266	0.5424702	0.0909815	0.591732	0.249244	0.068043	1.561013	2.752015
4098	-1026.457	-1239.441	212.9842	1.350493	0.281675	0.379271	0.266343	0.072711	1.925578	1.62195
4104	-1031.281	-1244.187	212.9065	1.550412	0.329637	0.128058	0.472016	0.0702888	1.805646	1.638292
4110	-1030.189	-1242.561	212.3718	1.886647	0.504848	0.211923	0.257977	0.0252524	1.826598	1.808222
4116	-1027.913	-1240.108	212.1949	2.667608	0.354883	0.436276	0.182639	0.0262016	1.778955	1.57773
4122	-1026.284	-1237.669	211.3847	4.521262	0.0952641	0.362596	0.187336	0.354803	2.016637	1.242988
4128	-1000.18	-1212.784	212.6047	2.416536	0.204752	0.204061	0.329717	0.26147	1.931567	1.271349
4134	-993.4282	-1206.637	213.2088	1.641469	0.189351	0.158986	0.285882	0.365782	1.8877	1.287419
4140	-1001.948	-1213.672	211.7241	2.453497	0.366308	0.0724819	0.300684	0.260526	1.5712	2.139597
4146	-1027.653	-1239.489	211.836	2.668879	0.33143	0.151162	0.235759	0.281649	1.675717	1.901765
4152	-1007.236	-1220.924	213.6881	0.6968641	0.188372	0.490801	0.13406	0.186767	1.675717	1.75904
4158	-1008.673	-1222.611	213.9376	0.8497799	0.230788	0.0222443	0.518146	0.228822	2.103304	1.109852
4164	-1010.962	-1223.967	213.0047	2.054343	0.280557	0.0187747	0.437328	0.26334	2.107127	0.9835727
4170	-1012.022	-1224.943	212.921	2.092421	0.293488	0.0741955	0.378193	0.254123	2.121635	1.024518
4176	-1008.133	-1222.033	213.8998	1.02016	0.26296	0.351101	0.267024	0.118914	2.030163	1.05189
4182	-1008.089	-1222.055	213.9664	0.9552162	0.0791769	0.438649	0.333607	0.148566	2.02875	1.05189
4188	-1016.282	-1229.299	213.0166	1.99807	0.303965	0.0201008	0.570837	0.105097	2.243312	0.8680535
4194	-1024.654	-1238.599	213.9446	0.7995706	0.353471	0.253153	0.332213	0.0611637	2.288383	0.9755642
4200	-1019.343	-1232.653	213.31	1.202711	0.243702	0.173618	0.492083	0.0905974	2.294474	1.186389
4206	-1006.606	-1220.797	214.1909	0.6657041	0.267178	0.174669	0.473452	0.0847017	2.088541	1.068523
4212	-1009.373	-1223.503	214.1296	0.6412744	0.234303	0.29985	0.415704	0.0501429	2.316437	0.9271693
4218	-1022.624	-1236.652	214.0279	0.832314	0.312926	0.199531	0.311615	0.175928	2.27047	0.8664328
4224	-1012.41	-1226.542	214.1322	0.7885023	0.295972	0.207912	0.364153	0.131963	2.104797	0.9833037
4230	-1014.352	-1228.17	213.8177	0.7286318	0.194389	0.157376	0.47581	0.172425	2.016619	1.388873
4236	-1021.634	-1235.37	213.7359	0.9150089	0.43431	0.060716	0.284991	0.219984	1.874376	1.411927
4242	-1017.765	-1231.255	213.4898	0.5693883	0.295994	0.228063	0.405297	0.0706453	1.866651	1.857023
4248	-1016.471	-1230.004	213.5337	0.6160781	0.211022	0.487074	0.288947	0.0129574	1.858817	1.798571
4254	-1026.012	-1238.648	212.6357	1.270003	0.525347	0.198399	0.243996	0.0322579	1.98294	1.877351
4260	-1023.451	-1236.908	213.4571	0.7745738	0.404785	0.0797819	0.481039	0.0343943	1.92647	1.687323
4266	-1024.048	-1236.926	212.8779	1.702253	0.279724	0.110745	0.324016	0.285515	2.240152	1.228088
4272	-1022.917	-1236.431	213.514	0.9624543	0.214744	0.273402	0.35947	0.152384	2.305898	1.202896
4278	-1030.6	-1244.558	213.9585	0.7356024	0.187454	0.157529	0.313788	0.341228	2.36268	0.953849
4284	-1026.684	-1240.428	213.7443	1.023033	0.20702	0.061451	0.644855	0.0866737	2.29148	0.9427962
4290	-1027.412	-1240.98	213.5685	0.9977693	0.213834	0.147285	0.50782	0.131061	2.157012	1.252581
4296	-1018.783	-1232.494	213.7108	0.9977693	0.256706	0.0959471	0.556128	0.0912196	2.304282	0.9903624
4302	-1026.359	-1239.466	213.1063	1.114851	0.275831	0.082138	0.544015	0.0980158	2.304282	1.412482
4308	-1024.196	-1238.44	214.2439	0.6474833	0.275831	0.082138	0.544015	0.0980158	1.959668	1.154984
4314	-1016.513	-1230.643	214.1302	0.6297352	0.198602	0.0612539	0.722981	0.0171638	2.039697	1.200584
4320	-1007.536	-1221.496	213.9604	0.6297352	0.29522	0.0378753	0.450703	0.216202	2.603858	0.8011566
4326	-995.4841	-1209.563	214.0793	0.683355	0.260994	0.0342607	0.624858	0.0798875	2.486118	0.7159459
4332	-1012.45	-1226.63	214.1792	0.5983955	0.322911	0.183785	0.460631	0.0326734	2.445045	0.7636817
4338	-1030.255	-1244.269	214.0136	0.5983955	0.304564	0.0589923	0.62065	0.0157932	2.454094	0.9523601
4344	-1028.001	-1242.267	214.2669	0.4508124	0.376409	0.138602	0.475238	0.0097506	2.267465	1.035086
4350	-1025.083	-1239.507	214.4247	0.4508124	0.210924	0.345289	0.37855	0.0652377	2.06268	1.079645
4356	-1015.6	-1229.494	213.8938	0.646843	0.250146	0.282889	0.401531	0.0654338	2.06268	1.360921
4362	-1020.081	-1234.415	214.3334	0.5902759	0.199714	0.475786	0.218392	0.106109	2.166078	0.9275404
4368	-1014.149	-1227.724	213.5758	1.047154	0.299234	0.174649	0.175292	0.350825	2.061606	1.284789
4374	-1022.696	-1236.138	213.4414	0.8788307	0.290864	0.16645	0.0866973	0.455989	2.061606	1.52156
4380	-1016.331	-1230.157	213.8259	1.008559	0.211311	0.232139	0.0930067	0.463544	2.106431	1.060638
4386	-1036.034	-1250.033	213.9995	0.6786425	0.334817	0.1097	0.384839	0.170644	2.274958	1.060275
4392	-1025.629	-1239.594	213.9642	0.7033662	0.11975	0.202829	0.550545	0.126877	2.079091	1.241779
4398	-1042.509	-1256.386	213.8774	0.5897763	0.211513	0.32314	0.157678	0.30767	1.981486	1.482592
4404	-1025.445	-1239.171	213.7258	0.7265508	0.171153	0.399491	0.170266	0.259089	1.988503	1.482592
4410	-1019.333	-1232.84	213.5069	0.6950997	0.33462	0.27693	0.221304	0.167147	2.274906	1.456665
4416	-1020.452	-1234.557	214.1052	0.8577685	0.364189	0.102907	0.387868	0.145036	2.226455	0.7910135
4422	-1021.758	-1235.733	213.9749	0.7492911	0.197286	0.221643	0.288886	0.292185	2.141833	1.136407
4428	-1009.681	-1222.729	213.048	1.697197	0.194169	0.18969	0.340891	0.275249	2.179917	1.136407
4434	-1022.746	-1236.356	213.6102	1.225665	0.124574	0.19542	0.376226	0.30378	2.032316	1.133958
4440	-1010.743	-1223.886	213.1426	1.185747	0.274742	0.136849	0.37836	0.210048	2.217769	1.398808
4446	-1025.031	-1238.5	213.4694	1.362505	0.257914	0.267359	0.278116	0.196611	2.126749	1.061263
4452	-1025.323	-1237.871	212.5479	2.905627	0.349231	0.157419	0.288958	0.204392	1.803304	1.161431
4458	-1012.044	-1225.616	213.5723	1.167178	0.0951802	0.239558	0.45305	0.212212	1.942735	1.289661
4464	-1016.137	-1229.232	213.0946	1.615465	0.0952855	0.2544	0.437868	0.212447	1.944636	1.350952
4470	-1023.453	-1236.383	212.9307	1.615465	0.260534	0.15266	0.410864	0.175942	2.224638	1.256748
4476	-1020.602	-1234.513	213.9112	1.010141	0.226553	0.191331	0.355935	0.226181	2.160873	0.9173922
4482	-1026.87	-1240.568	213.6974	1.150369	0.268601	0.0944908	0.521075	0.115833	2.237624	0.9173922
4488	-1035.315	-1248.976	213.6612	1.04236	0.106694	0.0819277	0.766288	0.0450903	1.956251	1.304941
4494	-1031.34	-1244.367	213.0276	0.805394	0.140451	0.282088	0.333373	0.244088	2.015959	1.900687
4500	-1033.707	-1248.003	214.2964	0.6017078	0.393761	0.0649538	0.519935	0.02135	2.196534	0.9216152
4506	-1022.255	-1236.139	213.884	0.8151695	0.185612	0.228359	0.576062	0.00996695	2.534204	0.7293084
4512	-1014.27	-1228.298	214.0284	0.6539417	0.332354	0.160715	0.489084	0.0178467	2.633654	0.5632655
4518	-1018.17	-1232.087	213.9169	0.6539417	0.348362	0.141044	0.492618	0.0179756	2.752405	0.5104643
4524	-1016.139	-1229.576	213.4366	1.226016	0.31418	0.118695	0.500633	0.066492	2.653367	0.4748569
4530	-1017.313	-1230.386	213.0735	1.482131	0.31418	0.118695	0.500633	0.066492	2.759124	0.3909266
4536	-1020.51	-1234.145	213.6358	0.8842158	0.171619	0.0224566	0.740409	0.0655157	2.790238	0.4722398
4542	-1010.705	-1224.142	213.4374	1.317154	0.124447	0.286403	0.53202	0.0571298	2.546967	0.6144009
4548	-1006.909	-1220.594	213.6847	1.173734	0.170302	0.22983	0.527309	0.0725585	2.326363	0.7994137
4554	-1008.876	-1221.943	213.0674	1.592937	0.127346	0.243995	0.223697	0.404961	2.633983	0.7018181
4560	-1012.669	-1226.74	214.0716	0.6539455	0.1824	0.173862	0.45286	0.190878	2.44492	0.8296668
4566	-997.9527	-1211.72	213.7675	0.9755656	0.13059	0.239582	0.543902	0.0859257	2.543562	0.6164502
4572	-1002.641	-1216.696	214.0546	0.7141849	0.193019	0.260013	0.511508	0.0354605	2.539009	0.5817875
4578	-1005.585	-1219.224	213.6396	1.090849	0.204603	0.215601	0.542207	0.0375887	2.568767	0.5817875
4584	-1023.181	-1237.064	213.883	0.7219246	0.131994	0.139089	0.642894	0.0860238	2.710605	0.545144
4590	-1025.04	-1238.787	213.7473	1.015333	0.122765	0.134497	0.624838	0.1179	2.5437	0.545144
4596	-1010.194	-1224.248	214.0538	0.6976106	0.0828512	0.139846	0.649686	0.127618	2.565582	0.545144
4602	-1014.512	-1228.554	214.0415	0.5769983	0.111848	0.339928	0.448141	0.100084	2.509522	0.8854816
4608	-1021.689	-1235.629	213.94	0.8308767	0.174512	0.112684	0.443491	0.269313	2.522596	0.6076949
4614	-1032.142	-1246.172	214.0302	0.6643282	0.216338	0.0681268	0.392322	0.323213	2.62305	0.5527421
4620	-1028.475	-1242.652	214.1768	0.5599741	0.295359	0.154789	0.535623	0.0142281	2.541173	0.6756394
4626	-1026.357	-1240.465	214.1085	0.6390649	0.441762	0.1256	0.421443	0.0111951	2.425579	0.8274522
4632	-1034.529	-1248.698	214.1693	0.6781651	0.331109	0.168956	0.492046	0.00788809	2.420771	0.6822895
4638	-1027.353	-1241.496	214.1428	0.5879804	0.192052	0.477016	0.2854	0.0455321	2.542469	0.6822895
4644	-1011.888	-1226.182	214.2941	0.567421	0.275505	0.249763	0.409415	0.0653172	2.412637	0.6822895
4650	-1016.162	-1230.364	214.2014	0.567421	0.388004	0.21098	0.345841	0.0551748	2.50529	0.6822895
4656	-1019.497	-1233.655	214.1586	0.650919	0.114717	0.495457	0.336192	0.0536353	2.507572	0.5593118
4662	-1021.718	-1235.441	213.7226	0.9587811	0.16056	0.237865	0.558114	0.0434597	2.628779	0.4907143
4668	-1003.856	-1217.713	213.857	0.8786715	0.185976	0.215392	0.505384	0.0932489	2.57475	0.5292586
4674	-1009.752	-1223.654	213.9025	1.050637	0.360183	0.182422	0.37842	0.0789753	2.229849	0.7966486
4680	-1011.325	-1225.709	214.3843	0.6428927	0.327762	0.204209	0.335782	0.132248	2.233315	0.7001332
4686	-1009.011	-1222.574	213.5636	1.478729	0.301065	0.109102	0.204493	0.38534	2.236257	0.7001332
4692	-1022.746	-1235.22	212.4739	2.543626	0.469324	0.0735177	0.0427677	0.414391	2.578087	0.4365981
4698	-1027.673	-1241.588	213.9157	1.001046	0.313645	0.296378	0.0364828	0.353494	2.366911	0.6239236
4704	-1024.002	-1237.764	213.7617	0.9858919	0.10324	0.358449	0.437643	0.100668	2.561389	0.5242942
4710	-1021.904	-1235.72	213.8161	0.9084414	0.183091	0.361968	0.285525	0.169415	2.561389	0.6210343
4716	-1036.086	-1249.227	213.1413	1.615674	0.261965	0.165644	0.481111	0.09128	2.563004	0.6606461
4722	-1019.04	-1232.835	213.7948	0.9678188	0.280198	0.138438	0.229123	0.352241	2.443425	0.7641757
4728	-1010.331	-1224.277	213.9462	0.8887877	0.315694	0.325469	0.158246	0.20059	2.219895	0.9486532
4734	-1010.439	-1224.24	213.8014	1.054196	0.191973	0.343076	0.203833	0.261118	2.346574	0.7701974
4740	-1012.842	-1226.145	213.3028	1.240553	0.368672	0.175017	0.156208	0.300103	2.348705	1.113342
4746	-1030.486	-1243.562	213.0756	1.916623	0.292545	0.325144	0.137552	0.244759	2.357844	0.7157881
4752	-1011.548	-1225.296	213.7484	1.056108	0.266605	0.193805	0.375573	0.164017	2.292251	0.901742
4758	-1014.506	-1228.119	213.6127	1.236318	0.377852	0.0678308	0.426592	0.127725	2.352445	0.7816045
4764	-1001.63	-1215.624	213.9941	0.7846043	0.203369	0.433179	0.0890564	0.274396	2.34767	0.8740567
4770	-1021.577	-1235.239	213.6623	1.076314	0.149086	0.411524	0.173888	0.265502	2.249465	1.015854
4776	-1017.297	-1231.413	214.1162	0.66703	0.165099	0.455725	0.0718299	0.307347	2.207024	1.025214
4782	-1019.992	-1233.588	213.5955	1.0842	0.221747	0.167302	0.277445	0.333506	2.572377	0.6919222
4788	-1005.48	-1219.247	213.7674	0.9619134	0.336322	0.0623694	0.338958	0.262351	2.31356	0.9597509
4794	-1008.221	-1221.376	213.1559	1.685057	0.508194	0.0933461	0.2082	0.19026	2.325873	0.8951697
4800	-1017.843	-1231.589	213.7463	1.196246	0.187363	0.0247286	0.698212	0.0896963	2.22336	0.8255509
4806	-1017.32	-1230.201	212.8817	1.037042	0.326261	0.140189	0.354014	0.179536	2.070854	1.801098
4812	-1004.58	-1216.557	211.9768	1.671524	0.257109	0.116229	0.237977	0.388686	1.773027	2.221037
4818	-999.0727	-1211.504	212.4311	1.358129	0.278112	0.125724	0.295627	0.300537	1.986483	1.959048
4824	-997.1362	-1209.7	212.5642	2.310933	0.164519	0.0743726	0.583323	0.177785	2.10101	1.224267
4830	-1016.751	-1227.61	210.8586	3.12089	0.274827	0.13703	0.409445	0.178698	1.804328	2.278155
4836	-1017.75	-1229.155	211.4047	3.111506	0.343835	0.171438	0.187569	0.297158	2.018863	1.776109
4842	-1010.169	-1223.05	212.8805	1.486358	0.382381	0.216227	0.0313934	0.369999	1.972656	1.575805
4848	-1019.868	-1232.618	212.7502	1.038381	0.284192	0.187923	0.136906	0.390979	2.128575	1.85104
4854	-1039.313	-1252.667	213.3538	0.794503	0.209764	0.192542	0.585167	0.0125265	1.779016	1.847581
4860	-1026.762	-1240.303	213.5409	0.6704151	0.199616	0.113396	0.605573	0.0814146	1.851642	1.758539
4866	-1021.173	-1234.328	213.1551	0.5001898	0.229995	0.127548	0.550882	0.0915747	1.878109	2.120224
4872	-1031.821	-1244.691	212.8694	0.9276654	0.236196	0.124763	0.558746	0.0802956	1.748901	2.099961
4878	-1044.178	-1256.564	212.3861	1.085037	0.16816	0.421042	0.323621	0.0871773	1.688525	2.349403
4884	-1040.469	-1252.293	211.8237	1.003327	0.116217	0.30143	0.548603	0.0337498	1.689746	2.748806
4890	-1018.547	-1232.622	214.0741	0.5263252	0.137457	0.28904	0.499093	0.0744106	1.877571	1.46195
4896	-1009.732	-1224.021	214.2889	0.5347476	0.161026	0.333574	0.37094	0.13446	1.794026	1.353548
4902	-1018.298	-1231.532	213.2344	1.759303	0.1977	0.517483	0.189185	0.0956325	2.000541	1.084427
4908	-1008.43	-1221.354	212.9234	2.003877	0.0356318	0.51397	0.210173	0.240226	2.128719	1.07811
4914	-1014.366	-1228.488	214.1224	0.9536595	0.295542	0.3204	0.179216	0.204843	1.941067	0.9862798
4920	-1027.519	-1239.637	212.1175	3.564333	0.0541112	0.648156	0.141025	0.156708	2.06527	0.9635995
4926	-1024.48	-1236.706	212.2261	3.014985	0.0679992	0.557079	0.227203	0.147719	2.152415	1.077084
4932	-1016.693	-1230.935	214.2416	0.651958	0.313861	0.151708	0.500829	0.0336021	2.031538	1.087896
4938	-1004.516	-1218.56	214.0444	0.7973203	0.255484	0.162604	0.536802	0.0451097	2.176378	0.9903258
4944	-1006.231	-1220.293	214.0626	0.7570387	0.180235	0.24904	0.524844	0.04588	2.200552	0.9903258
4950	-1008.713	-1222.654	213.9411	1.047135	0.256017	0.218144	0.48565	0.0401882	2.193346	0.7984471
4956	-1022.069	-1235.889	213.8201	0.8911804	0.208873	0.350207	0.384782	0.0561375	2.528825	0.7138157
4962	-1015.415	-1229.397	213.9822	0.7631919	0.105711	0.46941	0.391979	0.0329	2.19236	1.070141
4968	-1004.911	-1219.327	214.4159	0.4920111	0.137897	0.165847	0.684632	0.0116239	2.041824	1.070141
4974	-1011.782	-1225.917	214.1344	0.6398984	0.23505	0.379086	0.359294	0.0265694	2.219822	1.022956
4980	-1015.816	-1229.815	213.9993	0.7953805	0.144267	0.307171	0.527033	0.021529	2.315832	0.8917523
4986	-1010.252	-1224.274	214.0224	0.6148724	0.131711	0.217596	0.633347	0.0173457	2.153289	1.208964
4992	-1018.94	-1232.093	213.1527	1.665092	0.123997	0.465173	0.132951	0.277879	2.159029	1.084082
4998	-1017.755	-1231.412	213.6562	0.901681	0.131634	0.31592	0.371017	0.181429	2.159029	1.258918
5004	-1011.001	-1225.388	214.387	0.6634434	0.163715	0.21041	0.515615	0.110259	2.253484	0.6038453
5010	-1013.832	-1227.906	214.0744	0.8016801	0.187817	0.145222	0.567196	0.0997639	2.398627	0.655839
5016	-1013.316	-1227.328	214.0124	0.6144914	0.19709	0.226727	0.41694	0.159243	2.658387	0.655839
5022	-1012.282	-1225.983	213.7013	0.7009649	0.0841198	0.402076	0.231405	0.2824	2.836822	0.3242702
5028	-1011.666	-1224.593	212.9272	1.34231	0.212713	0.423656	0.143401	0.220231	2.961392	0.3119046
5034	-1023.851	-1236.902	213.0515	1.34231	0.181955	0.312961	0.351784	0.153301	2.874537	0.3481493
5040	-990.4355	-1203.501	213.0656	1.350593	0.145898	0.118441	0.640827	0.0948336	2.852951	0.3481493
5046	-1004.897	-1218.198	213.3006	0.8699356	0.222717	0.0903849	0.442752	0.244145	3.009099	0.2845832
5052	-1021.805	-1235.194	213.389	0.7851145	0.196603	0.066127	0.323925	0.413345	3.009099	0.2845832
5058	-1010.365	-1223.509	213.1431	1.005729	0.390773	0.0901872	0.267935	0.251105	3.009099	0.2723828
5064	-1010.516	-1223.546	213.0301	1.005729	0.10322	0.117055	0.453814	0.325911	3.113688	0.2674504
5070	-1026.267	-1239.453	213.1863	0.758506	0.151601	0.205305	0.517718	0.125376	3.113688	0.2208292
5076	-1027.663	-1240.489	212.8256	0.8634671	0.163578	0.199792	0.503817	0.132812	3.30879	0.2005412
5082	-1016.796	-1229.645	212.8496	0.7825551	0.174088	0.185563	0.43403	0.206319	3.337015	0.1902047
5088	-1009.993	-1223.122	213.1287	0.6638288	0.323317	0.185568	0.476217	0.0148974	3.233327	0.2065981
5094	-1023.759	-1236.827	213.0679	0.7852424	0.310472	0.178195	0.457297	0.0540358	3.259553	0.2450411
5100	-1020.011	-1233.039	213.0284	0.6589732	0.262855	0.327852	0.387162	0.0221301	3.360505	0.214525
5106	-1022.702	-1235.745	213.0425	0.5715504	0.330963	0.286709	0.371599	0.0107289	3.360505	0.1883064
5112	-1017.394	-1230.575	213.181	0.5847872	0.236849	0.213647	0.532633	0.0168709	3.253879	0.2029858
5118	-1016.781	-1230.124	213.3429	0.495191	0.259342	0.424168	0.270819	0.0456714	3.251452	0.2286881
5124	-1005.551	-1218.838	213.2868	0.5505867	0.177312	0.586377	0.215913	0.0203984	3.251452	0.2286881
5130	-1011.839	-1225.268	213.4295	0.4194763	0.183709	0.484116	0.311041	0.0211344	3.288303	0.252791
5136	-1007.615	-1221.543	213.9279	0.4194763	0.187113	0.305805	0.462427	0.0446559	2.91291	0.3410692
5142	-1028.404	-1241.631	213.2265	0.8237542	0.262904	0.429673	0.20356	0.103863	3.132451	0.2854844
5148	-1023.426	-1236.54	213.1136	0.9637787	0.218447	0.237745	0.405977	0.137832	3.166051	0.3387794
5154	-1020.468	-1234.075	213.607	0.6799615	0.144822	0.356169	0.421608	0.0774013	1.877897	1.686361
5160	-1019.594	-1232.802	213.2086	0.7721346	0.186977	0.354607	0.419759	0.0386564	1.656058	2.043899
5166	-1022.941	-1236.351	213.4104	0.9556651	0.196851	0.373332	0.192943	0.236875	1.858917	1.635142
5172	-1024.744	-1238.398	213.6531	1.11748	0.314943	0.221097	0.183081	0.280878	2.490867	0.6762959
5178	-1025.061	-1238.741	213.6797	1.122911	0.273405	0.323829	0.158934	0.243833	2.223078	0.9794804
5184	-1024.248	-1238.262	214.0135	0.8745882	0.142671	0.479504	0.175966	0.201859	2.223078	0.8872975
5190	-1016.012	-1228.728	212.7159	0.8170384	0.129291	0.23417	0.480975	0.155564	1.742161	2.277833
5196	-1017.659	-1230.519	212.8592	0.5920439	0.137836	0.249649	0.512766	0.0997487	1.968003	2.192977
5202	-1022.048	-1234.805	212.7577	0.5920439	0.30823	0.175936	0.36709	0.148744	1.667215	2.449427
5208	-1035.148	-1247.176	212.028	1.242962	0.191716	0.284372	0.395387	0.128525	1.711838	2.465636
5214	-1015.136	-1229.345	214.2082	0.6341173	0.181803	0.242709	0.316122	0.259365	2.235315	0.9380823
5220	-1020.42	-1234.492	214.0715	0.7707653	0.260881	0.34292	0.173599	0.2226	2.227431	0.9380823
5226	-1024.162	-1238.528	214.3653	0.5696861	0.14832	0.48033	0.220031	0.151318	2.145878	0.9380823
5232	-1012.249	-1226.564	214.3153	0.5696861	0.16531	0.213154	0.435324	0.186212	2.096982	1.038195
5238	-1018.903	-1232.991	214.0881	0.6656549	0.380845	0.160059	0.31809	0.141006	2.302994	0.9582508
5244	-1025.669	-1239.842	214.1733	0.6307698	0.352265	0.159862	0.32027	0.167603	2.259241	0.9535043
5250	-1018.676	-1232.868	214.1918	0.5697855	0.21505	0.201863	0.345675	0.237412	2.369472	0.8823201
5256	-1008.574	-1221.674	213.1004	0.8402743	0.264062	0.269663	0.149123	0.317152	2.073388	1.786332
5262	-1013.34	-1225.673	212.3333	1.013951	0.324447	0.331329	0.183224	0.161001	1.819775	2.344049
5268	-1017.178	-1229.447	212.2697	1.171933	0.158502	0.328616	0.353199	0.159683	1.810388	2.292535
5274	-1029.966	-1243.184	213.218	1.015761	0.128754	0.393469	0.192738	0.285039	1.905985	1.69583
5280	-1021.006	-1234.184	213.1789	1.232916	0.106151	0.247061	0.417553	0.229235	1.93917	1.54868
5286	-1027.745	-1241.782	214.0368	0.526226	0.0100455	0.205214	0.611338	0.173403	1.820712	1.532773
5292	-1016.445	-1229.847	213.4017	0.7556007	0.0267502	0.307124	0.621046	0.0450802	1.899039	1.759761
5298	-1021.886	-1234.705	212.8192	1.025984	0.342267	0.133322	0.393658	0.130752	1.758426	2.061579
5304	-1015.402	-1229.217	213.8148	0.8432338	0.249995	0.0849807	0.643107	0.0219172	2.058288	1.261031
5310	-1015.299	-1229.482	214.1825	0.5286349	0.372126	0.129888	0.431589	0.0663975	2.179003	1.124778
5316	-1003.7	-1217.221	213.5214	0.9152891	0.473362	0.102569	0.359039	0.0650304	2.058561	1.435067
5322	-1021.647	-1234.447	212.8008	0.587403	0.201795	0.355263	0.378864	0.0640775	2.035104	2.190463
5328	-1005.044	-1217.71	212.6664	0.5908252	0.229329	0.250242	0.430558	0.0898705	1.833369	2.403039
5334	-1006.393	-1219.212	212.8194	0.8698151	0.275063	0.100724	0.516421	0.107793	1.909585	2.066178
5340	-1022.52	-1234.516	211.9961	1.308245	0.389431	0.0565946	0.331733	0.222241	1.888457	2.336204
5346	-1037.804	-1250.978	213.1736	0.6235693	0.355136	0.359788	0.17071	0.114365	1.967377	1.964514
5352	-1031.353	-1243.975	212.6225	1.695881	0.118884	0.221525	0.157726	0.501866	2.828847	0.2330222
5358	-1035.527	-1248.478	212.9516	1.227617	0.295142	0.353628	0.10675	0.24448	2.975278	0.266114
5364	-1024.887	-1238.928	214.0414	0.6450894	0.264122	0.299813	0.343112	0.0929533	2.087987	1.221223
5370	-1000.406	-1214.293	213.887	0.6839558	0.255343	0.180243	0.474551	0.0898638	2.210119	1.213733
5376	-1016.962	-1230.982	214.0204	0.6634666	0.255343	0.180243	0.474551	0.0898638	2.098362	1.213733
5382	-1012.028	-1225.85	213.8212	0.8432585	0.496117	0.121127	0.253795	0.128961	2.030011	1.279089
5388	-1018.868	-1232.543	213.6746	0.9898643	0.346794	0.210054	0.254727	0.188425	2.025005	1.280538
5394	-1017.315	-1231.1	213.7855	0.9898643	0.227744	0.155778	0.188908	0.427569	2.365848	0.8494782
5400	-1013.101	-1226.071	212.9704	1.519024	0.370655	0.154161	0.100907	0.374277	2.781851	0.3290684
5406	-1004.858	-1217.589	212.7312	1.89851	0.250635	0.171588	0.161189	0.416588	2.781851	0.442632
5412	-1009.273	-1221.9	212.6264	1.776775	0.418666	0.213172	0.130571	0.23759	2.93102	0.348303
5418	-1022.405	-1234.059	211.6542	3.131398	0.360322	0.0293866	0.121245	0.489046	2.93319	0.3012537
5424	-1028.618	-1241.215	212.5962	1.68819	0.330909	0.0242307	0.241618	0.403242	2.925068	0.2644825
5430	-1010.604	-1222.979	212.3754	2.119648	0.356573	0.0294422	0.397318	0.216667	2.890983	0.3185142
5436	-999.3439	-1212.771	213.4267	1.063824	0.382994	0.00877599	0.452893	0.155337	2.738215	0.3239278
5442	-1020.091	-1232.607	212.5165	2.274357	0.412832	0.00697607	0.416039	0.164153	2.691207	0.3773538
5448	-1012.657	-1225.283	212.6261	2.14899	0.432184	0.0732001	0.056468	0.438148	2.691207	0.4164354
5454	-1010.765	-1223.027	212.2618	3.092541	0.3473	0.0627866	0.0262574	0.563656	2.457369	0.489872
5460	-1024.263	-1235.345	211.0826	5.540396	0.371227	0.0207009	0.00558263	0.602489	2.45189	0.5290903
5466	-1012.896	-1225.435	212.5392	1.947897	0.34036	0.114	0.00323254	0.542407	2.825475	0.2949739
5472	-1023.419	-1235.846	212.4273	2.454566	0.533522	0.0646905	0.304017	0.0977706	2.682226	0.4308921
5478	-1007.191	-1220.099	212.9078	1.799053	0.537076	0.0651214	0.306042	0.0917609	2.679559	0.4308921
5484	-1014.275	-1227.919	213.6441	1.229139	0.295925	0.0537113	0.382917	0.267447	2.411425	0.6392988
5490	-1019.008	-1232.532	213.5233	1.229139	0.281944	0.11329	0.474591	0.130175	2.541294	0.6169844
5496	-1004.874	-1218.385	213.5116	1.370504	0.246357	0.189504	0.41469	0.149448	2.393047	0.6832453
5502	-999.0704	-1211.891	212.8209	2.269728	0.292675	0.220695	0.236301	0.25033	2.411241	0.5914441
5508	-1012.194	-1225.59	213.3958	1.565141	0.302799	0.378928	0.220334	0.0979392	2.229657	0.8433631
5514	-1014.588	-1227.423	212.8346	2.363824	0.276805	0.359294	0.157289	0.206613	2.173104	0.8555556
5520	-1023.044	-1236.003	212.9597	1.796026	0.528344	0.166644	0.207313	0.097699	1.903678	1.373836
5526	-1017.534	-1231.071	213.5366	0.92621	0.367173	0.168976	0.405695	0.058156	1.8602	1.564155
5532	-1022.692	-1236.216	213.524	1.182337	0.170109	0.118092	0.296288	0.415512	1.911493	1.342232
5538	-1022.414	-1235.934	213.5192	1.35767	0.455187	0.27858	0.116372	0.14986	2.208466	0.933658
5544	-1030.697	-1243.376	212.679	2.466733	0.121655	0.357786	0.152835	0.367725	2.026745	1.095018
5550	-1035.636	-1247.586	211.9497	3.875577	0.39448	0.161318	0.12137	0.322832	1.99294	1.040326
5556	-1035.491	-1248.088	212.5973	2.663337	0.345648	0.201316	0.170167	0.282869	2.169554	0.9042569
5562	-1015.1	-1229.693	214.5926	0.5357961	0.354213	0.264202	0.134848	0.246736	2.097448	0.762443
5568	-1009.88	-1224.442	214.5612	0.4891479	0.132354	0.120112	0.737856	0.00967748	2.17575	0.762443
5574	-1012.863	-1227.101	214.2377	0.6493472	0.264427	0.344845	0.366464	0.0242646	2.401916	0.6434917
5580	-1007.843	-1222.272	214.4293	0.4870126	0.234078	0.305266	0.417069	0.0435867	2.335112	0.7236851
5586	-1025.041	-1239.277	214.2361	0.7782436	0.209422	0.29259	0.313544	0.184444	2.213112	0.7414001
5592	-1018.913	-1233.176	214.2632	0.7088718	0.286188	0.337161	0.255666	0.120985	2.303337	0.6648671
5598	-1025.387	-1239.29	213.9026	0.9479295	0.393246	0.0282421	0.309975	0.268537	2.439265	0.6086438
5604	-1033.818	-1247.967	214.1484	0.6822687	0.201001	0.396919	0.285298	0.116781	2.470403	0.6086438
5610	-1020.407	-1232.408	212.0016	0.9476554	0.102278	0.127916	0.723826	0.04598	1.610477	2.72279
5616	-1025.732	-1235.571	209.8389	1.128784	0.150188	0.213159	0.620956	0.0156966	1.628412	3.883058
5622	-1030.126	-1244.15	214.0241	0.8353795	0.163789	0.434362	0.144757	0.257091	1.993094	1.144653
5628	-1031.781	-1245.611	213.83	0.8606098	0.202102	0.249222	0.288129	0.260547	2.15635	1.148795
5634	-1031.757	-1243.673	211.9158	1.049616	0.115997	0.418	0.242409	0.223594	1.836678	2.573347
5640	-1034.25	-1245.109	210.8591	1.31245	0.121762	0.422639	0.323194	0.132405	1.78725	3.09381
5646	-1028.168	-1240.431	212.263	0.9649964	0.10311	0.7353	0.0494675	0.112123	1.78725	2.44009
5652	-1023.02	-1237.062	214.0418	0.7745658	0.198927	0.357297	0.365048	0.0787291	2.477619	0.6136189
5658	-1009.383	-1223.309	213.9261	0.8537877	0.287474	0.516339	0.0824134	0.113774	2.477619	0.6853881
5664	-1003.108	-1217.22	214.1115	0.8996018	0.0988553	0.435189	0.184996	0.28096	2.270855	0.6314154
5670	-1005.467	-1218.565	213.0986	1.758691	0.293789	0.368096	0.100469	0.237645	2.406143	0.7937275
5676	-1018.043	-1231.509	213.4659	1.435607	0.338157	0.326943	0.0763342	0.258566	2.121232	1.00716
5682	-1019.14	-1232.788	213.6486	1.196537	0.194185	0.300469	0.267717	0.237629	2.156351	1.00716
5688	-1017.876	-1231.581	213.7045	0.8883545	0.370724	0.190904	0.1096	0.328772	2.429208	0.9826789
5694	-1014.192	-1227.554	213.362	0.9399459	0.329286	0.167872	0.252992	0.249851	1.935621	1.626229
5700	-1012.614	-1225.746	213.1323	1.040978	0.361295	0.273594	0.20201	0.163101	2.053514	1.633832
5706	-1005.212	-1218.849	213.637	0.8407125	0.291117	0.41469	0.162772	0.13142	2.114399	1.361495
5712	-1003.304	-1216.875	213.5711	1.016268	0.256999	0.30819	0.109791	0.32502	1.912185	1.431083
5718	-1001.007	-1214.251	213.2444	1.319591	0.287218	0.24768	0.240659	0.224442	2.048924	1.353869
5724	-1017.976	-1231.501	213.5245	0.6811192	0.164134	0.258331	0.141594	0.43594	1.747709	1.834112
5730	-1018.583	-1230.837	212.2542	1.294396	0.330532	0.281729	0.119739	0.268	1.924564	2.155043
5736	-1016.765	-1228.866	212.1007	0.8841482	0.191078	0.447224	0.143716	0.217983	1.702307	2.645328
5742	-1008.492	-1220.89	212.3977	0.6636916	0.148765	0.242727	0.490201	0.118308	1.636731	2.645328
5748	-1020.516	-1233.449	212.9338	0.6636916	0.186359	0.0922061	0.544771	0.176664	1.776179	2.21991
5754	-1018.534	-1231.696	213.1621	1.052019	0.146092	0.218482	0.423208	0.212218	1.80858	1.778317
5760	-1036.787	-1249.309	212.5221	1.643089	0.225498	0.224678	0.417284	0.13254	1.815864	1.846235
5766	-1028.91	-1241.802	212.892	0.7623641	0.261424	0.316802	0.164684	0.25709	1.943101	2.07024
5772	-1036.849	-1246.167	209.3179	1.708825	0.257637	0.535879	0.053361	0.153123	1.719462	3.835157
5778	-1020.546	-1231.165	210.6194	1.887589	0.346248	0.344081	0.0858984	0.223772	1.516252	3.110394
5784	-1011.669	-1223.391	211.7217	1.100326	0.267085	0.298601	0.24012	0.194194	1.547469	2.839387
5790	-1013.386	-1225.498	212.1119	0.8420811	0.178943	0.351148	0.329496	0.140413	1.603772	2.725734
5796	-1016.927	-1230.118	213.1909	0.8420811	0.132536	0.558208	0.111899	0.197357	1.767661	1.932312
5802	-1011.991	-1224.324	212.3327	1.631219	0.267828	0.568123	0.0733026	0.0907459	1.542078	2.161634
5808	-1015.896	-1228.982	213.0858	1.191484	0.414774	0.281127	0.280293	0.0238056	1.763904	1.768758
5814	-1023.595	-1236.001	212.4055	1.480809	0.131266	0.0311945	0.815947	0.0215934	1.728075	2.075791
5820	-1009.095	-1222.795	213.7002	0.6770661	0.18265	0.359532	0.440802	0.0170163	1.710222	1.741146
5826	-1028.716	-1239.462	210.746	4.953733	0.0887429	0.692538	0.185941	0.0327773	1.801745	1.741146
5832	-1018.342	-1231.48	213.1381	0.9023866	0.182047	0.254996	0.34866	0.214297	2.050812	1.730956
5838	-1015.953	-1228.91	212.9576	0.917038	0.271517	0.148987	0.390986	0.18851	1.903848	1.945672
5844	-1019.242	-1232.104	212.8615	1.805083	0.0592734	0.24323	0.474706	0.222791	1.975265	1.38905
5850	-1002.434	-1216.152	213.7184	1.050099	0.326426	0.130464	0.373697	0.169413	1.988872	1.224286
5856	-996.9584	-1209.966	213.0075	1.374944	0.329589	0.131728	0.377319	0.161364	2.154673	1.417388
5862	-1008.851	-1220.648	211.7969	1.894908	0.146488	0.192115	0.276599	0.384798	2.142365	1.979929
5868	-1007.701	-1220.881	213.1797	0.9293232	0.138243	0.206826	0.240668	0.414263	2.188756	1.58264
5874	-1015.307	-1228.071	212.7635	0.894334	0.20654	0.309005	0.359565	0.124891	1.958877	2.053856
5880	-1013.771	-1227.711	213.94	0.894334	0.198985	0.12032	0.532194	0.148501	2.134723	1.03511
5886	-1031.091	-1244.303	213.2116	1.238101	0.126367	0.123691	0.671429	0.0785128	2.09902	1.399229
5892	-1021.816	-1235.855	214.0396	0.7187864	0.130323	0.0962592	0.692448	0.0809706	2.245475	1.008805
5898	-1019.722	-1233.769	214.0474	0.8076474	0.358451	0.0747105	0.503994	0.0628445	2.245475	0.9023953
5904	-1023.143	-1237.09	213.9473	0.7440027	0.260662	0.0760465	0.513006	0.150286	2.41245	0.9023953
5910	-1025.704	-1239.833	214.1289	0.6310334	0.182669	0.0304475	0.545886	0.240998	2.41245	0.8289783
5916	-1031.888	-1245.968	214.0795	0.727976	0.303033	0.0295627	0.438198	0.229206	2.457245	0.6834631
5922	-1021.387	-1235.478	214.0908	0.674221	0.42469	0.00736295	0.274332	0.293615	2.496814	0.6943925
5928	-1017.618	-1231.283	213.6655	1.078107	0.426997	0.00197167	0.275822	0.29521	2.503923	0.6997559
5934	-1028.48	-1242.603	214.1228	0.4916581	0.244827	0.00113049	0.584779	0.169264	2.71276	0.4700614
5940	-1019.323	-1233.389	214.066	0.6732627	0.400647	0.0365327	0.335805	0.227015	2.566383	0.5968986
5946	-1016.727	-1230.525	213.7981	0.8390848	0.204925	0.309782	0.248314	0.236979	2.675284	0.4779605
5952	-1013.979	-1227.799	213.8197	0.4389685	0.167776	0.375201	0.300752	0.156271	2.911741	0.269871
5958	-1017.218	-1230.978	213.7606	0.4930699	0.249762	0.205759	0.311843	0.232636	2.986894	0.3179623
5964	-1018.108	-1231.584	213.4757	0.6968256	0.317255	0.212398	0.232794	0.237553	3.048387	0.3084196
5970	-1018.213	-1231.866	213.6529	0.761517	0.0836997	0.294423	0.377169	0.244708	2.83327	0.3359997
5976	-1031.525	-1244.99	213.4657	0.9295841	0.407713	0.250907	0.212419	0.128961	2.857296	0.3482222
5982	-1014.596	-1228.008	213.4127	0.9902161	0.325254	0.338966	0.286971	0.0488086	2.857296	0.358282
5988	-1031.424	-1245.048	213.6231	0.7856289	0.136057	0.344913	0.434887	0.0841436	2.857296	0.358282
5994	-1016.671	-1230.231	213.5598	0.7856289	0.0372416	0.536352	0.257795	0.168612	2.90242	0.3374571
6000	-1015.398	-1228.816	213.4182	0.8211468	0.245634	0.343136	0.237009	0.174221	2.998487	0.3291576
6006	-1011.982	-1225.295	213.3136	0.9368266	0.337484	0.256354	0.207963	0.198199	3.004304	0.3509249
6012	-1014.116	-1226.975	212.8588	1.488297	0.364089	0.23094	0.142151	0.26282	2.253733	1.378362
6018	-1029.628	-1242.088	212.4604	0.8935206	0.253147	0.16057	0.469927	0.116356	1.929912	2.270444
6024	-1011.87	-1224.378	212.5081	0.7245287	0.0882454	0.334642	0.420804	0.156308	1.986522	2.316697
6030	-1026.188	-1238.579	212.3914	1.009017	0.0382571	0.41916	0.346796	0.195786	2.005697	2.190677
6036	-1016.782	-1229.362	212.5806	0.7753509	0.0314487	0.344565	0.497957	0.126029	2.003879	2.224714
6042	-1016.473	-1229.491	213.0175	0.7753509	0.0493289	0.346598	0.308358	0.295715	1.854151	2.037068
6048	-1010.401	-1222.8	212.399	0.9031305	0.0684919	0.481243	0.294248	0.156017	1.854151	2.3517
6054	-1018.709	-1230.016	211.3076	2.369134	0.343261	0.188217	0.0181401	0.450382	1.715395	2.3517
6060	-1026.553	-1238.484	211.931	2.369134	0.297718	0.505494	0.00414061	0.192647	1.88428	1.830158
6066	-1013.904	-1226.904	212.9998	1.241867	0.170576	0.413917	0.026364	0.389143	2.185271	1.492518
6072	-1039.681	-1253.511	213.8304	0.5356715	0.272494	0.0814113	0.456192	0.189903	2.128671	1.449077
6078	-1023.999	-1237.411	213.4126	0.9131118	0.0994625	0.378508	0.303738	0.218291	2.028521	1.541343
6084	-1033.879	-1247.402	213.5232	0.9131118	0.0795922	0.302891	0.385138	0.232379	1.89637	1.557227
6090	-1030.658	-1243.123	212.4654	2.302842	0.129435	0.0896228	0.626321	0.154621	2.110987	1.302452
6096	-1018.358	-1230.499	212.1417	3.28054	0.22933	0.341564	0.16355	0.265556	2.006665	1.145849
6102	-1018.5	-1231.909	213.409	0.9871983	0.15539	0.212119	0.452553	0.179937	1.910905	1.575298
6108	-1019.307	-1233.25	213.9422	0.7737981	0.266807	0.20266	0.286787	0.243746	2.212182	1.078551
6114	-1010.207	-1223.684	213.4777	0.9129872	0.320044	0.310832	0.262672	0.106451	2.168809	1.385346
6120	-1016.744	-1230.307	213.5629	0.9129872	0.2034	0.115282	0.643284	0.0380343	2.168809	1.317719
6126	-1022.553	-1236.269	213.7164	0.6227801	0.29126	0.169306	0.394967	0.144467	2.272374	1.355433
6132	-1025.604	-1239.737	214.1334	0.4252181	0.345788	0.201002	0.281698	0.171513	2.141616	1.284368
6138	-1017.184	-1231.05	213.8662	0.863363	0.310875	0.281673	0.253256	0.154196	2.438049	0.8194918
6144	-1017.813	-1231.944	214.1316	0.472251	0.257856	0.297572	0.392202	0.0523699	2.244641	1.161566
6150	-1021.157	-1235.556	214.399	0.5304366	0.19855	0.182394	0.563866	0.0551906	2.100149	0.9924906
6156	-1018.839	-1232.694	213.8548	0.6015726	0.184086	0.264917	0.52279	0.0282066	2.310845	1.229374
6162	-1015.33	-1229.185	213.8551	0.6871847	0.135881	0.362731	0.375184	0.126204	1.922777	1.466089
6168	-1013.396	-1227.647	214.2514	0.4781022	0.12099	0.213797	0.592395	0.0728182	2.112744	1.167135
6174	-1002.267	-1216.707	214.4404	0.4781022	0.19684	0.171265	0.577541	0.0543537	2.287791	0.7899246
6180	-1002.37	-1216.187	213.8166	0.8600179	0.176978	0.153983	0.62017	0.048869	2.271838	1.055843
6186	-1004.842	-1218.911	214.069	0.7438241	0.14988	0.549785	0.278397	0.0219375	2.437209	0.7079157
6192	-1022.217	-1236.179	213.9621	1.060922	0.208475	0.320134	0.419583	0.0518077	2.146824	0.8141637
6198	-1030.062	-1243.437	213.3749	1.314371	0.205372	0.429736	0.249301	0.11559	2.244639	1.080237
6204	-1038.255	-1250.74	212.4852	1.183843	0.0832671	0.344244	0.463993	0.108496	3.362964	0.2117011
6210	-1024.989	-1238.201	213.2124	0.8237012	0.12619	0.333082	0.448948	0.091781	3.038895	0.2289008
6216	-1017.589	-1231.121	213.5319	0.5894677	0.246842	0.353574	0.267547	0.132036	3.039101	0.2641383
6222	-1014.671	-1228.158	213.4871	0.592159	0.200228	0.286805	0.396131	0.116837	3.09804	0.2740079
6228	-1024.102	-1237.611	213.5095	0.592159	0.264493	0.244691	0.437202	0.0536136	3.096647	0.2874754
6234	-1017.074	-1231.026	213.952	0.7187771	0.181404	0.283697	0.43864	0.0962589	2.047552	1.2646
6240	-1017.581	-1231.902	214.3207	0.7187771	0.220066	0.122122	0.532124	0.125688	2.125455	0.8318985
6246	-1019.705	-1233.66	213.9551	0.9298954	0.371872	0.149452	0.387216	0.0914604	2.27106	0.8318985
6252	-1031.547	-1245.699	214.1519	0.78127	0.235041	0.246294	0.432951	0.085713	2.238558	0.8188554
6258	-1026.976	-1241.276	214.3006	0.6957017	0.273487	0.173684	0.459023	0.0938062	2.167718	0.8347092
6264	-1021.656	-1235.625	213.9689	1.030339	0.228875	0.161115	0.425805	0.184204	2.097595	0.9013681
6270	-1015.412	-1229.25	213.8375	0.7066166	0.438545	0.0258289	0.374382	0.161243	2.121432	1.308317
6276	-1031.148	-1244.747	213.5991	0.820623	0.465291	0.010536	0.440197	0.0839757	1.98247	1.508012
6282	-1015.617	-1229.077	213.4606	0.810784	0.239426	0.245304	0.247485	0.267785	2.131187	1.508012
6288	-1007.695	-1220.942	213.2472	0.810784	0.246133	0.167131	0.244219	0.342517	1.871068	1.845907
6294	-1024.143	-1237.353	213.2102	1.114554	0.367838	0.213723	0.204697	0.213742	1.945818	1.603249
6300	-1036.157	-1249.703	213.5462	0.6212465	0.218571	0.267047	0.357825	0.156558	3.025199	0.2846851
6306	-1025.315	-1238.838	213.5238	0.7289148	0.297227	0.166598	0.430119	0.106056	2.955474	0.3000131
6312	-1025.492	-1238.864	213.3722	0.8061113	0.262896	0.258897	0.210341	0.267866	3.025748	0.3000131
6318	-1026.759	-1239.857	213.0984	0.6802116	0.404198	0.26035	0.248451	0.087002	3.344796	0.2473563
6324	-1023.794	-1237.236	213.4423	0.6871203	0.284469	0.152025	0.43044	0.133066	3.00523	0.2532061
6330	-1022.351	-1235.788	213.4369	0.9300625	0.299017	0.108659	0.452453	0.139871	2.87214	0.3338183
6336	-1022.575	-1236.228	213.6526	0.8336337	0.185088	0.536419	0.191914	0.0865785	2.820776	0.4442044
6342	-1022.982	-1236.319	213.3374	1.325341	0.239277	0.332957	0.315732	0.112035	2.655554	0.4442044
6348	-1015.631	-1229.231	213.5997	0.9552001	0.557942	0.078063	0.11667	0.247325	2.738269	0.4128641
6354	-1016.353	-1229.684	213.3309	1.204938	0.379944	0.227969	0.242136	0.149951	2.775393	0.452678
6360	-1007.736	-1221.126	213.3898	1.143987	0.185951	0.419733	0.342375	0.0519408	2.776773	0.4659083
6366	-1003.738	-1217.543	213.8051	0.7094985	0.133922	0.462575	0.368917	0.0345871	2.776773	0.3895049
6372	-1021.796	-1235.894	214.0982	0.5290821	0.239925	0.413438	0.325716	0.0209212	2.687603	0.4206645
6378	-1027.797	-1241.007	213.2103	1.423303	0.287788	0.139667	0.539629	0.0329167	2.687603	0.4206645
6384	-1012.746	-1226.842	214.0957	0.5165034	0.27086	0.190273	0.507887	0.0309805	2.687603	0.3885121
6390	-1014.005	-1227.656	213.6517	0.8086475	0.200365	0.417376	0.375702	0.00655721	2.76304	0.3155333
6396	-1015.56	-1229.631	214.0706	0.4209719	0.164013	0.341653	0.488966	0.00536756	2.758909	0.3309242
6402	-1033.765	-1247.354	213.5892	0.5583849	0.173228	0.284605	0.486914	0.0552528	2.039748	1.674873
6408	-1046.15	-1258.754	212.6035	0.7912442	0.228153	0.38555	0.251199	0.135098	1.855464	2.294538
6414	-1024.994	-1237.779	212.7849	1.920838	0.391395	0.248086	0.258172	0.102347	2.670565	0.3613306
6420	-1026.495	-1240.115	213.6203	0.8668673	0.286535	0.256012	0.376752	0.0807009	2.770528	0.3522816
6426	-1025.299	-1238.912	213.6125	0.9840633	0.186902	0.26339	0.336989	0.21272	2.683063	0.3864392
6432	-1028.71	-1241.471	212.7614	1.591245	0.332333	0.22417	0.305463	0.138034	2.897421	0.3016954
6438	-1021.436	-1233.783	212.3463	1.75689	0.59379	0.055813	0.176397	0.174	2.994602	0.2088732
6444	-1027.543	-1240.498	212.9554	1.522354	0.461834	0.195144	0.137197	0.205825	2.825987	0.3653523
6450	-1007.885	-1221.387	213.5018	1.154372	0.396274	0.167442	0.259677	0.176607	2.640037	0.4128635
6456	-1002.359	-1216.16	213.801	0.9095708	0.186013	0.431366	0.25441	0.128211	2.578385	0.4017632
6462	-1000.298	-1214.06	213.7624	0.9315647	0.0644517	0.841009	0.0170504	0.0774889	2.594509	0.4017632
6468	-1006.913	-1220.484	213.5706	1.143629	0.181363	0.466674	0.0874193	0.264543	2.590231	0.4373695
6474	-1028.395	-1242.372	213.9771	0.7374638	0.452371	0.287977	0.0964066	0.163245	2.590231	0.4215922
6480	-1005.668	-1219.901	214.2326	0.5312223	0.298368	0.18994	0.484287	0.0274059	2.561094	0.4564984
6486	-1020.376	-1234.786	214.4094	0.439395	0.165459	0.257713	0.55297	0.0238583	2.474009	0.4564984
6492	-1027.682	-1242.029	214.3474	0.3924544	0.332752	0.289246	0.343775	0.034228	2.57908	0.469263
6498	-1033.766	-1247.919	214.1535	0.4644633	0.377147	0.267105	0.318318	0.0374297	2.674274	0.3772584
6504	-1012.887	-1226.64	213.753	1.185301	0.240572	0.357191	0.0411886	0.361049	1.993524	1.073663
6510	-1008.759	-1221.9	213.1408	1.781541	0.342108	0.130835	0.40197	0.125087	2.152665	1.011378
6516	-1013.373	-1227.442	214.0686	0.922038	0.363842	0.139147	0.377331	0.11968	2.152665	0.847813
6522	-1023.894	-1237.728	213.8339	0.8323474	0.0736857	0.585524	0.340294	0.000495587	2.613887	0.3812294
6528	-1047.101	-1261.314	214.2135	0.4026927	0.262086	0.206623	0.527385	0.00390462	2.671645	0.3794109
6534	-1015.328	-1229.568	214.2408	0.7324918	0.38133	0.146499	0.366609	0.105562	2.275598	0.710988
6540	-1004.13	-1218.294	214.1644	0.7825857	0.361002	0.204144	0.287754	0.147099	2.21168	0.8352384
6546	-1016.887	-1230.909	214.0214	0.7825857	0.123399	0.377435	0.357371	0.141794	2.453892	0.6904284
6552	-1038.965	-1252.791	213.826	0.8173436	0.103602	0.588005	0.20656	0.101833	2.453892	0.9055526
6558	-1007.254	-1221.329	214.0749	0.795749	0.245181	0.189078	0.488839	0.0769017	2.371876	0.7160021
6564	-1028.825	-1242.17	213.3452	1.695682	0.25532	0.102352	0.509055	0.133273	2.242296	0.748496
6570	-1006.8	-1220.908	214.1073	0.8367899	0.248026	0.211902	0.428016	0.112057	2.22293	0.8215943
6576	-1006.708	-1220.046	213.3374	0.8367899	0.38251	0.0618873	0.491608	0.0639946	1.989515	1.68128
6582	-1016.843	-1230.261	213.4172	0.6908166	0.452781	0.194538	0.294289	0.0583917	2.06334	1.68128
6588	-1008.361	-1221.025	212.6634	1.65687	0.185178	0.222766	0.336992	0.255065	2.197643	1.462548
6594	-1020.946	-1233.665	212.7186	0.8323214	0.0796199	0.394164	0.299516	0.2267	1.703567	2.290588
6600	-1026.696	-1237.607	210.9111	1.925162	0.0509959	0.195159	0.53865	0.215195	1.86071	2.708757
6606	-1041.291	-1251.763	210.4723	1.071998	0.178743	0.159721	0.245203	0.416333	1.368184	3.699902
6612	-1024.726	-1235.852	211.1266	1.324392	0.31321	0.251853	0.151346	0.28359	1.382683	3.168915
6618	-1023.674	-1235.946	212.2727	0.8206717	0.255265	0.244756	0.147081	0.352898	1.494487	2.70784
6624	-1035.357	-1249.072	213.7148	0.9672544	0.282609	0.317496	0.273392	0.126504	2.161008	1.150079
6630	-1011.66	-1225.595	213.9352	0.6938294	0.199426	0.238859	0.267048	0.294667	2.016541	1.32505
6636	-1010.75	-1224.659	213.9095	0.8147139	0.231779	0.116739	0.510452	0.14103	2.018013	1.240502
6642	-1017.645	-1231.104	213.4587	1.384009	0.123573	0.186101	0.615135	0.0751905	2.239184	0.9402836
6648	-1015.513	-1229.636	214.1233	0.870335	0.162204	0.380555	0.396598	0.0606436	2.140414	0.8606586
6654	-1016.332	-1228.666	212.3341	2.850256	0.393742	0.336885	0.0414529	0.22792	2.140414	1.080803
6660	-1019.497	-1232.857	213.3597	1.484246	0.336275	0.249933	0.219138	0.194655	1.861625	1.294179
6666	-992.6506	-1205.586	212.9357	2.083365	0.124226	0.378881	0.167352	0.32954	2.152745	0.9855775
6672	-993.3114	-1206.752	213.4404	1.378962	0.126257	0.49243	0.128425	0.252888	2.293652	0.9057509
6678	-1003.127	-1217.137	214.0092	0.8198559	0.318756	0.0981031	0.455864	0.127276	2.236822	0.9396732
6684	-1029.474	-1242.848	213.3748	1.524788	0.306212	0.0942423	0.437924	0.161622	1.956453	1.172306
6690	-1036.454	-1249.802	213.3478	0.8208043	0.312807	0.227929	0.354996	0.104269	2.036825	1.651965
6696	-1010.129	-1223.678	213.5486	0.6432657	0.0876234	0.299987	0.475157	0.137232	1.835997	1.784159
6702	-1021.84	-1235.421	213.5805	0.6233073	0.273885	0.184425	0.348521	0.193169	1.723899	1.853935
6708	-1005.201	-1218.32	213.1186	0.9185649	0.208191	0.257228	0.343947	0.190634	1.93719	1.812167
6714	-1010.558	-1223.744	213.1857	1.10168	0.199451	0.333271	0.284649	0.18263	1.852764	1.69655
6720	-1042.826	-1255.389	212.5625	1.276907	0.19584	0.383076	0.16383	0.257254	1.962912	1.936227
6726	-1038.405	-1250.499	212.0938	2.831566	0.174756	0.21481	0.309204	0.30123	1.884456	1.497852
6732	-1025.395	-1238.031	212.6366	1.652619	0.234547	0.177786	0.182186	0.40548	2.083649	1.570181
6738	-1014.714	-1227.94	213.226	1.020602	0.264232	0.127768	0.335393	0.272607	2.051035	1.582242
6744	-1032.89	-1246.355	213.4655	0.6404411	0.315539	0.208035	0.262812	0.213614	2.043563	1.698952
6750	-1016.41	-1229.678	213.2675	1.092192	0.236511	0.239805	0.363569	0.160114	2.014002	1.527035
6756	-1015.649	-1229.104	213.4553	0.8941437	0.379951	0.0604229	0.429148	0.130478	2.024589	1.527035
6762	-1024.216	-1237.019	212.8031	0.9772264	0.384769	0.061189	0.42191	0.132132	2.159945	1.835049
6768	-1003.546	-1216.72	213.1736	0.8846061	0.237366	0.34502	0.341602	0.0760114	1.883791	1.835049
6774	-1000.299	-1213.608	213.3089	0.8846061	0.239109	0.322968	0.390279	0.0476439	1.883791	1.741141
6780	-1006.041	-1220.221	214.1795	0.5215196	0.141081	0.19056	0.607568	0.0607906	2.376292	0.9432106
6786	-1011.68	-1225.739	214.0592	0.5436499	0.124355	0.261594	0.492642	0.121408	2.249789	1.157889
6792	-1021.791	-1235.795	214.0031	0.9016392	0.119863	0.308088	0.458946	0.113104	2.270882	0.8076793
6798	-1018.294	-1232.295	214.0012	0.7759043	0.09849	0.237918	0.37711	0.286481	2.451759	0.7393363
6804	-1012.382	-1226.25	213.8679	0.8093862	0.123521	0.385677	0.131511	0.35929	2.32118	1.009377
6810	-1017.557	-1231.206	213.6484	0.9653528	0.159582	0.430798	0.192995	0.216626	2.376336	1.013265
6816	-1021.466	-1235.175	213.7095	0.9639041	0.251153	0.34969	0.120181	0.278975	2.188237	1.13362
6822	-1031.287	-1245.173	213.8853	0.9639041	0.189475	0.241513	0.462136	0.106876	2.171567	0.9825436
6828	-1021.418	-1235.076	213.6586	1.172457	0.247706	0.0452288	0.307706	0.399359	2.19369	0.9825436
6834	-1029.417	-1242.095	212.6781	1.950729	0.285652	0.0289185	0.270223	0.415207	2.269648	1.206742
6840	-1013.087	-1226.452	213.3642	1.188155	0.293512	0.0466104	0.518722	0.141155	2.257438	1.183422
6846	-1008.274	-1221.717	213.4431	1.144824	0.196068	0.0853776	0.459996	0.258558	2.032209	1.339021
6852	-1021.474	-1234.802	213.3286	1.090526	0.295287	0.22576	0.089554	0.389399	1.940662	1.537342
6858	-1030.811	-1244.122	213.3104	1.088187	0.232293	0.281023	0.351899	0.134784	2.2281	1.332292
6864	-1021.168	-1233.774	212.6058	0.7398755	0.16708	0.26812	0.455659	0.109141	2.118615	2.158255
6870	-1019.149	-1231.958	212.8086	1.286923	0.187853	0.225571	0.233318	0.353258	2.484263	1.377798
6876	-1014.045	-1226.791	212.7451	1.631832	0.282173	0.117406	0.235959	0.364463	2.650226	1.030903
6882	-1015.911	-1229.014	213.1033	0.922639	0.174568	0.0848377	0.536912	0.203682	2.016757	1.764657
6888	-1013.425	-1226.086	212.6611	0.9211955	0.144202	0.434744	0.328637	0.092416	1.914303	2.132373
6894	-1011.167	-1224.577	213.4094	0.7276388	0.181554	0.125102	0.57699	0.116354	1.831899	1.82147
6900	-1013.416	-1225.35	211.9341	0.4880613	0.316479	0.08145	0.584286	0.017786	1.674984	3.014224
6906	-1014.755	-1226.749	211.9946	0.6638104	0.214115	0.118964	0.651613	0.0153079	1.63053	2.895011
6912	-1008.117	-1219.974	211.8572	0.5436402	0.121602	0.209066	0.640422	0.0289101	1.628877	3.054297
6918	-1002.973	-1214.67	211.6976	0.5225178	0.302491	0.168412	0.515888	0.0132086	1.515006	3.229751
6924	-1001.088	-1212.872	211.784	1.080061	0.296383	0.165011	0.52508	0.0135252	1.855495	2.624818
6930	-998.8647	-1209.865	211.0003	1.080061	0.281872	0.117164	0.54458	0.0563844	1.888298	3.080257
6936	-1014.551	-1226.552	212.0011	0.9346088	0.255326	0.126376	0.457674	0.160623	2.15199	2.394694
6942	-1041.043	-1253.161	212.118	1.378046	0.233802	0.308764	0.192248	0.265186	1.694368	2.341995
6948	-1023.191	-1235.363	212.1724	1.114628	0.296477	0.109575	0.257675	0.336273	1.885103	2.341995
6954	-1018.025	-1230.323	212.298	1.218717	0.222028	0.197989	0.573128	0.00685417	1.604632	2.377297
6960	-1013.649	-1226.276	212.6267	0.7181152	0.06301	0.38023	0.486061	0.0706991	1.634767	2.468377
6966	-1029.021	-1242.091	213.0699	0.8269162	0.237799	0.188958	0.542152	0.031091	1.638784	2.1088
6972	-1025.85	-1238.911	213.0612	1.067259	0.185138	0.200763	0.559184	0.0549151	1.868258	1.79647
6978	-1021.588	-1234.171	212.5834	0.940477	0.106671	0.481099	0.334372	0.0778577	1.870744	2.198428
6984	-1020.75	-1232.874	212.1239	0.933466	0.154261	0.357475	0.341035	0.147228	1.718633	2.589688
6990	-1023.543	-1234.782	211.2389	0.83426	0.16581	0.335967	0.229025	0.269198	1.562017	3.279711
6996	-1029.239	-1239.575	210.3364	1.307246	0.162444	0.301281	0.294869	0.241406	1.610852	3.50865
7002	-1010.293	-1223.059	212.766	0.8017865	0.175064	0.324688	0.380682	0.119566	2.133549	2.000083
7008	-1010.139	-1223.011	212.8712	1.266964	0.359742	0.108554	0.469783	0.0619214	2.179137	1.575212
7014	-1016.337	-1228.703	212.3655	1.454144	0.32297	0.15096	0.421763	0.104307	2.17812	1.815353
7020	-1013.128	-1226.363	213.2349	1.260538	0.380184	0.11022	0.408556	0.101041	2.384032	1.126063
7026	-1014.394	-1228.067	213.6732	0.9227478	0.308171	0.357752	0.280389	0.0536884	2.532202	0.8660456
7032	-1004.944	-1217.142	212.1986	1.801985	0.396958	0.102804	0.431082	0.0691566	2.221348	1.699545
7038	-1000.292	-1212.704	212.4116	1.233455	0.437842	0.0274858	0.460755	0.0739169	1.977096	2.054395
7044	-1013.949	-1226.807	212.8582	0.9603937	0.26314	0.155426	0.520995	0.060439	1.796009	2.054395
7050	-1004.759	-1218.398	213.6385	0.5178956	0.175311	0.360302	0.407989	0.0563979	1.819847	1.82337
7056	-998.528	-1212.38	213.8517	0.5718494	0.18244	0.462732	0.347218	0.00761074	1.936646	1.549179
7062	-1012.064	-1223.431	211.367	3.525833	0.0874689	0.438187	0.342616	0.131727	2.003826	1.648423
7068	-1031.106	-1240.593	209.487	4.779456	0.167906	0.11575	0.645353	0.0709917	1.778488	2.626235
7074	-1028.603	-1240.765	212.162	1.21709	0.343416	0.272609	0.165961	0.218013	1.848264	2.309873
7080	-1019.032	-1230.174	211.1418	2.374986	0.270505	0.400376	0.147482	0.181637	1.942873	2.309873
7086	-1024.267	-1235.951	211.6841	1.829643	0.0141169	0.560448	0.238276	0.187159	1.987536	2.189488
7092	-1036.726	-1248.142	211.4158	0.9979834	0.00967956	0.57778	0.0440157	0.368525	1.488545	3.119235
7098	-1027.763	-1238.847	211.0838	1.094207	0.00745226	0.730326	0.0455679	0.216654	1.725596	3.119235
7104	-1017.95	-1229.719	211.7686	1.080429	0.155999	0.338392	0.275823	0.229786	1.659334	2.754514
7110	-1021.143	-1234.255	213.1121	1.3359	0.200329	0.448251	0.0478103	0.30361	2.19547	1.33069
7116	-1012.156	-1225.333	213.1773	1.232266	0.205922	0.26055	0.156423	0.377105	2.460489	1.132673
7122	-1012.412	-1225.748	213.3362	1.333659	0.382687	0.234051	0.276009	0.107254	2.146566	1.186996
7128	-1023.096	-1234.252	211.1562	2.116913	0.457529	0.0665477	0.311327	0.164596	1.867623	2.463685
7134	-1013.928	-1226.062	212.1345	1.591047	0.405616	0.0627172	0.398656	0.13301	1.910071	2.07245
7140	-1016.433	-1228.3	211.8664	1.244403	0.203516	0.13126	0.527982	0.137242	1.793284	2.514933
7146	-1020.931	-1232.478	211.5471	1.298038	0.391796	0.0987447	0.38261	0.12685	1.438878	2.897864
7152	-1041.043	-1253.686	212.6438	1.338201	0.329694	0.277061	0.102841	0.290404	1.781117	1.966141
7158	-1025.011	-1237.462	212.4511	1.136742	0.429995	0.133328	0.0545628	0.382114	1.851304	2.170913
7164	-1013.499	-1226.519	213.0196	0.566886	0.110524	0.148412	0.684261	0.0568028	1.729003	2.260545
7170	-1024.634	-1236.95	212.316	0.8189017	0.20878	0.426287	0.182563	0.18237	1.900142	2.430234
7176	-1033.277	-1246.191	212.9135	1.295786	0.199131	0.534816	0.044265	0.221788	1.780877	1.809135
7182	-1042.893	-1256.643	213.7493	0.4789875	0.0933054	0.139152	0.756227	0.0113162	1.768319	1.809135
7188	-1037.386	-1250.952	213.5656	0.7093396	0.155614	0.188397	0.59446	0.0615293	1.642852	1.857329
7194	-1035.021	-1249.078	214.0568	0.5844542	0.227667	0.208191	0.513358	0.0507847	1.79673	1.490841
7200	-1026.361	-1240.796	214.4347	0.6308988	0.208795	0.309102	0.286291	0.195812	2.182686	0.7218621
7206	-1030.891	-1244.93	214.0388	0.8444283	0.145123	0.459294	0.103619	0.291963	2.401147	0.6299449
7212	-1027.384	-1241.415	214.0305	0.7607527	0.0837073	0.448635	0.215327	0.252331	2.474054	0.6788218
7218	-1023.526	-1237.119	213.5928	1.289195	0.102021	0.546791	0.265905	0.0852821	2.401228	0.6522218
7224	-1020.031	-1234.018	213.9877	0.8084767	0.102021	0.546791	0.265905	0.0852821	2.400174	0.7843833
7230	-1005.541	-1219.022	213.4803	1.314189	0.148216	0.242317	0.439753	0.169714	2.187211	1.034862
7236	-1021.404	-1235.678	214.2739	0.5314249	0.119373	0.301831	0.230675	0.348121	2.216727	0.9999776
7242	-1026.837	-1240.218	213.3815	1.283108	0.158987	0.26138	0.285622	0.294011	2.169697	1.167575
7248	-1015.574	-1229.819	214.2452	0.5926792	0.120674	0.439372	0.216793	0.22316	2.46903	0.6064521
7254	-1032.875	-1247.004	214.1292	0.5926792	0.116222	0.355854	0.271223	0.256701	2.582858	0.6123499
7260	-1019.789	-1233.587	213.7984	0.8353588	0.0742599	0.302601	0.353036	0.270102	2.677265	0.5369549
7266	-1019.438	-1233.28	213.8423	0.7262093	0.200891	0.256639	0.394097	0.148373	2.75054	0.5064169
7272	-1009.547	-1223.152	213.6048	0.9545608	0.217383	0.251342	0.385964	0.145311	2.75054	0.4849857
7278	-1015.987	-1229.529	213.542	1.213262	0.189368	0.133278	0.591133	0.0862203	2.560787	0.4849857
7284	-1021.573	-1235.943	214.3696	0.616868	0.361142	0.173266	0.404914	0.0606787	2.279639	0.6927394
7290	-1017.446	-1229.167	211.7207	4.157422	0.408196	0.12369	0.0999184	0.368196	2.327866	0.7597809
7296	-1001.718	-1215.479	213.7614	1.01598	0.27354	0.154293	0.433728	0.138439	2.340756	0.8768244
7302	-992.7625	-1206.135	213.3726	1.464021	0.104075	0.362838	0.32168	0.211408	2.407764	0.752041
7308	-1003.619	-1216.097	212.4775	2.916306	0.274929	0.361654	0.0789762	0.284441	2.276813	0.7118914
7314	-1006.435	-1219.747	213.3115	1.601512	0.15719	0.600777	0.0500256	0.192008	2.390207	0.6885665
7320	-1000.936	-1215.171	214.2348	0.7545353	0.0755973	0.389218	0.343728	0.191457	2.20112	0.7960619
7326	-1007.165	-1221.376	214.2112	0.7545353	0.295585	0.229567	0.377657	0.0971914	2.037335	1.007631
7332	-1028.051	-1241.707	213.6567	1.207609	0.304648	0.249893	0.0565956	0.388864	2.409514	0.6598826
7338	-1009.616	-1223.283	213.6678	1.088357	0.391511	0.115306	0.191329	0.301854	2.547876	0.5621639
7344	-998.1236	-1212.077	213.9534	0.9942444	0.212721	0.301155	0.388661	0.0974631	2.291462	0.7127493
7350	-1011.132	-1224.266	213.1338	1.820374	0.326951	0.0867118	0.343952	0.242385	2.383097	0.7011579
7356	-1000.073	-1214.024	213.9511	0.8854861	0.180477	0.299832	0.222515	0.297176	2.41169	0.7001556
7362	-1012.548	-1226.361	213.8129	1.032068	0.204057	0.241012	0.335008	0.219924	2.41169	0.6820372
7368	-1008.988	-1222.351	213.3634	1.446525	0.212975	0.444702	0.112787	0.229535	2.366768	0.8402357
7374	-1001.827	-1216.064	214.2367	0.6230929	0.271217	0.307798	0.326786	0.0941993	2.4564	0.5701555
7380	-1001.411	-1213.723	212.3112	3.027717	0.178624	0.202717	0.491241	0.127418	2.283784	0.8418271
7386	-999.7391	-1212.183	212.4435	2.774772	0.101228	0.224071	0.275566	0.399134	2.335245	0.8045439
7392	-1014.081	-1227.72	213.6392	0.7403343	0.249988	0.154509	0.385941	0.209561	2.832661	0.3035627
7398	-1013.861	-1226.986	213.1259	0.8715645	0.372695	0.117572	0.380631	0.129102	3.08624	0.2334424
7404	-1020.181	-1233.397	213.2159	1.014719	0.181568	0.146817	0.480933	0.190683	2.987951	0.3154004
7410	-1021.235	-1235.367	214.1316	0.842092	0.227147	0.168348	0.558194	0.0463104	1.980942	1.05066
7416	-1017.206	-1229.591	212.3853	0.8389687	0.162731	0.130487	0.648248	0.0585341	1.569246	2.580556
7422	-1003.499	-1216.908	213.4086	0.9986013	0.14265	0.237786	0.568253	0.0513109	1.828707	1.627066
7428	-1021.435	-1235.01	213.5752	0.8346217	0.227899	0.26046	0.410654	0.100987	1.654777	1.751299
7434	-1036.227	-1248.094	211.8667	0.8903685	0.186287	0.209233	0.289827	0.314653	1.658991	2.811218
7440	-1023.426	-1236.077	212.6515	0.9087491	0.239591	0.300411	0.371612	0.0883855	1.804406	2.218177
7446	-1018.906	-1232.904	213.9976	0.8354021	0.238133	0.366221	0.183627	0.212019	1.935564	1.217478
7452	-1016.429	-1230.156	213.7264	0.9971826	0.21365	0.311856	0.22146	0.253033	2.366854	0.9083383
7458	-1024.357	-1237.837	213.4807	0.9971826	0.234299	0.297627	0.213602	0.254472	2.326425	1.183854
7464	-1015.795	-1229.367	213.5723	1.121813	0.154109	0.18766	0.32628	0.331951	2.398375	0.9083554
7470	-1011.269	-1225.247	213.9775	0.8775701	0.202985	0.247176	0.350368	0.199472	2.351161	0.7666488
7476	-1015.949	-1229.994	214.045	0.7612408	0.266385	0.221081	0.40733	0.105204	2.498885	0.5817591
7482	-1023.458	-1236.505	213.0464	0.7944478	0.10391	0.35322	0.468159	0.0747105	3.304524	0.262071
7488	-1005.433	-1218.69	213.2569	1.035875	0.151423	0.166896	0.552441	0.12924	2.963953	0.353668
7494	-1012.822	-1226.696	213.8737	0.4125525	0.108247	0.444808	0.39492	0.0520252	2.941335	0.3112675
7500	-1005.672	-1218.965	213.2928	0.8394888	0.315164	0.279084	0.308034	0.0977184	2.99976	0.2560073
7506	-1017.28	-1231.004	213.7244	0.4165848	0.280228	0.409012	0.300499	0.0102616	3.019188	0.26527
7512	-1011.545	-1225.041	213.4957	0.6701382	0.196803	0.171128	0.537238	0.0948311	2.989615	0.2638245
7518	-1000.476	-1213.822	213.3462	0.4940241	0.194455	0.431186	0.25657	0.117789	3.120537	0.1837875
7524	-1018.502	-1231.908	213.4068	0.7894134	0.171237	0.294614	0.466453	0.0676958	2.939976	0.257006
7530	-1004.364	-1217.603	213.2389	1.017947	0.395737	0.140085	0.346276	0.117902	2.939976	0.2981328
7536	-1013.67	-1227.386	213.7169	0.5617848	0.138937	0.450857	0.320463	0.089743	2.927065	0.2917079
7542	-1017.742	-1231.251	213.5092	0.5670265	0.161205	0.481355	0.172621	0.184819	3.05966	0.2506048
7548	-1023.319	-1236.666	213.3472	0.7719125	0.0915514	0.595579	0.207907	0.104963	3.017169	0.2566
7554	-1006.101	-1219.551	213.4499	0.5749784	0.425171	0.0910371	0.415122	0.0686704	3.172709	0.2864513
7560	-1004.09	-1216.704	212.6138	1.457038	0.214979	0.233454	0.402304	0.149262	3.13004	0.2808331
7566	-1006.424	-1219.602	213.1781	0.631654	0.251495	0.211028	0.500758	0.0367184	3.208329	0.2032583
7572	-1015.745	-1228.984	213.2392	0.672745	0.357069	0.196533	0.392463	0.0539352	3.103758	0.2032583
7578	-1020.951	-1234.175	213.224	0.6870493	0.164704	0.557407	0.25732	0.020568	3.103758	0.2032583
7584	-1021.12	-1234.088	212.9677	0.9491827	0.255144	0.360546	0.307063	0.0772471	3.078102	0.200282
7590	-1010.967	-1223.932	212.9652	0.9491827	0.316461	0.272671	0.17174	0.239128	3.117327	0.2132239
7596	-1028.665	-1240.229	211.564	3.295179	0.308902	0.235948	0.221735	0.233416	2.941077	0.3104958
7602	-1019.665	-1232.747	213.0824	1.266573	0.232841	0.166349	0.458553	0.142257	2.941077	0.3871108
7608	-1008.743	-1221.742	212.9993	1.48627	0.0937668	0.311541	0.328271	0.26642	2.780764	0.3286446
7614	-1010.332	-1223.939	213.6063	0.6452812	0.0953543	0.213758	0.500024	0.190864	2.974924	0.3105044
7620	-1021.798	-1234.851	213.053	1.161957	0.178949	0.306296	0.208327	0.306428	2.95829	0.2795313
7626	-1029.248	-1242.607	213.3589	0.9487796	0.165225	0.252539	0.299309	0.282927	2.9189	0.3221195
7632	-1009.867	-1222.682	212.8148	2.038812	0.135162	0.423607	0.046948	0.394282	2.560632	0.6517982
7638	-1014.592	-1228.785	214.1929	0.5886517	0.0349074	0.265181	0.570667	0.129244	2.355745	0.8741275
7644	-1030.18	-1242.261	212.0807	2.426302	0.279375	0.0337032	0.362282	0.32464	2.938971	0.293721
7650	-1018.766	-1231.865	213.0996	1.310169	0.454334	0.00607713	0.346652	0.192937	2.849791	0.3416838
7656	-1016.643	-1229.855	213.2123	1.736193	0.495288	0.0401012	0.254282	0.210328	2.428015	0.4399664
7662	-1006.677	-1219.382	212.7057	2.015228	0.311789	0.0349477	0.551477	0.101786	2.70517	0.4051829
7668	-1011.003	-1224.185	213.1821	1.483265	0.15178	0.247902	0.376339	0.223978	2.669085	0.43797
7674	-1027.985	-1241.732	213.7471	0.9288871	0.171795	0.280592	0.389426	0.158187	2.627615	0.5621397
7680	-1027.651	-1240.602	212.951	1.009467	0.127047	0.244075	0.368993	0.259886	3.143849	0.2438485
7686	-1016.95	-1230.633	213.6823	0.5266857	0.0507176	0.162819	0.752316	0.0341481	3.011077	0.301377
7692	-994.3432	-1207.675	213.3321	0.9742281	0.291697	0.266133	0.300446	0.141723	2.890795	0.2983544
7698	-1012.29	-1226.027	213.7363	0.9079421	0.21331	0.241997	0.472032	0.0726618	2.65373	0.4228753
7704	-1034.279	-1248.073	213.7949	0.7044682	0.188053	0.173158	0.541797	0.0969921	2.779745	0.3697722
7710	-1017.055	-1230.97	213.915	0.6981816	0.151575	0.348749	0.304328	0.195347	2.700629	0.4431122
7716	-1019.114	-1232.951	213.837	0.6848569	0.250006	0.325067	0.333143	0.0917831	2.748225	0.3561649
7722	-1018.303	-1232.192	213.8887	0.5251557	0.0903785	0.303442	0.529359	0.076821	2.82803	0.3192103
7728	-1013.46	-1227.398	213.9378	0.5251557	0.0987561	0.282636	0.578427	0.0401809	2.814979	0.3567007
7734	-1007.406	-1221.215	213.809	0.7217111	0.277143	0.130451	0.519247	0.0731586	2.758543	0.3870643
7740	-1011.996	-1225.502	213.5054	0.9383601	0.254304	0.180326	0.47125	0.0941198	2.856907	0.4328739
7746	-1012.734	-1226.706	213.9718	0.6282964	0.245921	0.241204	0.455715	0.0571595	2.708773	0.4158405
7752	-1022.483	-1236.545	214.0618	0.6889235	0.0769145	0.400312	0.382688	0.140086	2.570298	0.5136001
7758	-1022.949	-1236.658	213.7092	0.861242	0.444084	0.308332	0.0588572	0.188727	2.742184	0.4954597
7764	-1016.165	-1229.507	213.3424	1.521448	0.164197	0.270545	0.39966	0.165598	2.405755	0.7250121
7770	-1031.695	-1245.368	213.6727	1.196904	0.158541	0.157747	0.479788	0.203924	2.200443	0.9365364
7776	-1020.754	-1234.317	213.5632	1.422845	0.189412	0.299648	0.358547	0.152393	2.052062	0.9902276
7782	-1017.982	-1232.079	214.0964	0.889729	0.215118	0.215028	0.367712	0.202143	2.028419	0.9902276
7788	-1040.213	-1254.091	213.878	0.9793139	0.158254	0.264927	0.470527	0.106292	2.152762	0.9931973
7794	-1023.77	-1237.798	214.0275	0.8333435	0.0559183	0.447732	0.404886	0.0914638	2.152762	0.9931973
7800	-1008.32	-1222.585	214.2655	0.6670202	0.29222	0.23596	0.331157	0.140663	2.106653	0.9763204
7806	-1009.797	-1220.991	211.1935	1.061207	0.246477	0.296455	0.416058	0.0410103	1.620343	3.135787
7812	-1016.135	-1229.299	213.1643	1.761125	0.14675	0.365189	0.152639	0.335422	2.462999	0.5198024
7818	-1013.094	-1226.228	213.134	1.73498	0.135514	0.337226	0.217521	0.309739	2.37529	0.8129833
7824	-1013.286	-1226.401	213.1152	1.465062	0.247824	0.340489	0.160159	0.251527	2.212378	1.21985
7830	-1014.789	-1227.394	212.6045	1.465062	0.544594	0.11863	0.168853	0.167923	2.267235	1.57577
7836	-1003.968	-1216.774	212.8052	1.589231	0.515641	0.112323	0.0466509	0.325385	2.019247	1.532253
7842	-1007.785	-1220.186	212.4008	1.547567	0.493038	0.0813602	0.180439	0.245163	1.950194	1.892114
7848	-1019.643	-1231.378	211.7352	1.943916	0.504301	0.160984	0.0726758	0.262039	2.011437	2.082744
7854	-1013.509	-1225.569	212.0601	1.400704	0.446137	0.142417	0.0141424	0.397304	1.925068	2.218356
7860	-1012.135	-1224.653	212.5181	1.232238	0.424927	0.35254	0.0115556	0.210977	1.529588	2.27689
7866	-1009.269	-1220.922	211.6531	1.213861	0.373692	0.310032	0.0555005	0.260776	1.569934	2.801486
7872	-1002.681	-1214.959	212.2787	0.9193092	0.274432	0.270871	0.158969	0.295728	1.825561	2.435332
7878	-1007.007	-1218.068	211.0609	1.632185	0.320077	0.169742	0.191218	0.318964	1.781222	2.808446
7884	-1017.084	-1229.52	212.4362	1.086171	0.34201	0.150383	0.254466	0.253141	1.990399	2.121899
7890	-1025.022	-1235.239	210.2169	3.72729	0.319523	0.00540519	0.487477	0.187595	1.292164	2.788453
7896	-1024.483	-1233.556	209.0727	2.64865	0.546398	0.180565	0.0870145	0.186023	1.384363	3.778935
7902	-1015.449	-1227.052	211.6034	2.59068	0.453386	0.0658232	0.0570574	0.423734	1.667281	2.096235
7908	-1016.638	-1227.852	211.214	3.291861	0.530821	0.172527	0.0377903	0.258862	1.593842	2.120703
7914	-1017.125	-1228.282	211.1569	3.338625	0.402103	0.353157	0.0626604	0.18208	1.501634	2.200692
7920	-1019.869	-1231.025	211.1557	4.851372	0.470518	0.139476	0.054155	0.335851	1.803587	1.474863
7926	-1013.911	-1225.904	211.9929	2.369278	0.356732	0.318581	0.0454211	0.279266	2.068216	1.657684
7932	-1023.125	-1233.049	209.9237	5.572841	0.107295	0.489735	0.149941	0.253029	1.999297	1.990892
7938	-1011.038	-1223.417	212.379	2.248778	0.369526	0.189522	0.164074	0.276878	1.881496	1.574085
7944	-1029.982	-1242.402	212.4202	1.476881	0.294991	0.348411	0.187895	0.168703	1.914222	1.944345
7950	-1010.202	-1221.832	211.6303	1.246982	0.153581	0.436851	0.198042	0.211527	1.878225	2.607307
7956	-1005.212	-1216.287	211.0757	2.432133	0.179845	0.511556	0.0608996	0.247699	1.843739	2.390121
7962	-1005.023	-1216.899	211.8756	1.737283	0.278653	0.0986018	0.238958	0.383787	2.000445	2.104116
7968	-1007.054	-1220.06	213.006	1.462762	0.174134	0.0819496	0.599816	0.1441	2.341986	1.204141
7974	-1003.266	-1216.762	213.4969	1.098542	0.396099	0.0725132	0.46372	0.0676678	2.1168	1.262911
7980	-1009.529	-1223.33	213.8016	0.7269462	0.187644	0.367659	0.361462	0.0832353	2.249398	1.214234
7986	-1014.411	-1228.299	213.8871	0.6405354	0.257024	0.40755	0.220644	0.114782	2.255345	1.214234
7992	-1014.075	-1226.922	212.8463	1.157696	0.177817	0.36335	0.379423	0.0794095	2.130796	1.701828
7998	-1021.959	-1234.438	212.4786	2.153987	0.1436	0.378471	0.395214	0.0827143	2.170198	1.329207
8004	-1027.745	-1241.176	213.4318	1.155493	0.191452	0.602567	0.0849974	0.120984	2.221541	1.182848
8010	-1020.951	-1234.932	213.9815	0.9684195	0.27791	0.270239	0.132404	0.319447	2.209655	0.8267948
8016	-1009.163	-1222.541	213.378	0.9682234	0.203958	0.369817	0.256964	0.169261	2.30641	1.310613
8022	-1004.161	-1217.427	213.2653	0.8757489	0.171821	0.312396	0.381422	0.13436	1.945105	1.7351
8028	-1009.21	-1221.997	212.787	1.00531	0.117046	0.408929	0.382496	0.0915279	1.964644	1.959477
8034	-1017.292	-1230.557	213.265	0.9147894	0.312666	0.253966	0.376526	0.0568434	1.919986	1.724769
8040	-1013.198	-1226.083	212.8846	0.7507313	0.180017	0.122002	0.629479	0.0685019	1.781385	2.188749
8046	-1011.23	-1223.59	212.3602	0.588484	0.0569423	0.316953	0.577289	0.0488159	1.649208	2.709458
8052	-1006.219	-1217.841	211.6217	0.8078552	0.0703627	0.612985	0.308771	0.00788098	1.373089	3.181319
8058	-1010.19	-1221.923	211.7329	0.5082767	0.100161	0.522518	0.370194	0.00712735	1.448759	3.256559
8064	-1018.485	-1232.562	214.0767	0.8114937	0.286067	0.18019	0.391669	0.142074	2.152381	0.9666682
8070	-1016.259	-1230.285	214.0262	0.8424473	0.252595	0.285748	0.345842	0.115814	2.17065	0.9666682
8076	-1012.682	-1226.155	213.4732	1.425482	0.251738	0.311897	0.237211	0.199154	2.067918	1.060338
8082	-1018.294	-1232.018	213.724	1.140388	0.201581	0.10709	0.521065	0.170264	1.853261	1.259599
8088	-1024.728	-1238.917	214.1886	0.6749368	0.155864	0.206044	0.502899	0.135193	2.017047	1.127305
8094	-1006.04	-1219.923	213.8828	0.7510634	0.162355	0.214625	0.523843	0.0991768	2.077974	1.268443
8100	-1018.346	-1232.133	213.7875	0.8124111	0.16907	0.135548	0.598786	0.096597	1.837175	1.482064
8106	-1016.083	-1229.657	213.5744	1.103993	0.209669	0.103112	0.628905	0.0583143	1.970389	1.314874
8112	-1013.207	-1226.67	213.4627	1.114993	0.277275	0.0973489	0.593754	0.0316222	1.783013	1.53719
8118	-1002.59	-1216.273	213.683	1.029854	0.265085	0.0784221	0.569649	0.0868436	2.054277	1.215845
8124	-1014.166	-1228.016	213.8499	1.057608	0.129535	0.428298	0.400432	0.0417348	2.055486	1.039946
8130	-1005.703	-1220.042	214.3397	0.5289697	0.222401	0.305699	0.427358	0.0445412	2.051561	1.097425
8136	-1012.555	-1226.52	213.965	0.7864741	0.258994	0.405606	0.267924	0.0674754	2.127157	1.12339
8142	-1026.056	-1239.161	213.1044	1.304717	0.311196	0.270779	0.0726529	0.345372	1.899118	1.584027
8148	-1018.022	-1230.573	212.5505	1.316101	0.180892	0.325489	0.257662	0.235957	1.87904	1.976519
8154	-1022.944	-1233.274	210.3306	1.532333	0.354595	0.0906125	0.0677323	0.487061	1.699207	3.343927
8160	-1010.121	-1222.908	212.7865	1.045189	0.218907	0.436149	0.0442594	0.300684	1.998281	1.910454
8166	-1018.323	-1230.207	211.884	2.001387	0.191137	0.460781	0.046759	0.301323	1.718412	2.148753
8172	-1017.014	-1230.723	213.7084	0.8273324	0.179571	0.447671	0.0605726	0.312185	2.04927	1.367582
8178	-1019.222	-1232.886	213.6638	0.9854325	0.168913	0.519893	0.0956141	0.21558	2.010441	1.304843
8184	-1017.753	-1230.67	212.9167	1.086538	0.195837	0.457577	0.0966417	0.249944	1.972285	1.811436
8190	-1023.047	-1235.382	212.3347	1.596382	0.446634	0.20338	0.164114	0.185872	1.898322	1.944011
8196	-1023.788	-1236.545	212.7572	1.305036	0.339886	0.176558	0.211633	0.271923	2.026758	1.740899
8202	-1019.181	-1231.913	212.7314	1.251406	0.197476	0.206523	0.179403	0.416598	2.015598	1.801062
8208	-1022.833	-1235.246	212.4125	2.352083	0.12024	0.532896	0.0597178	0.287146	2.173774	1.266417
8214	-1021.179	-1234	212.8204	2.352083	0.317725	0.15041	0.222779	0.309086	1.937066	1.118867
8220	-1028.434	-1241.712	213.2779	1.765806	0.241308	0.307591	0.127219	0.323881	2.081838	0.9567641
8226	-1009.759	-1222.986	213.227	1.678496	0.0729422	0.603422	0.214618	0.109017	2.203468	0.9567641
8232	-1017.826	-1230.79	212.9633	2.112722	0.147268	0.265618	0.155641	0.431473	2.285883	0.772949
8238	-1015.371	-1227.238	211.8665	4.051787	0.2412	0.0990909	0.135673	0.524037	2.277158	0.6903676
8244	-1011.881	-1224.304	212.4223	2.957402	0.578383	0.11489	0.0865472	0.220179	2.275528	0.7610297
8250	-1015.877	-1229.2	213.3228	1.387468	0.170814	0.334109	0.166285	0.328792	2.346679	0.9669259
8256	-1013.602	-1227.794	214.1919	0.684092	0.246071	0.434161	0.120957	0.198811	2.174954	0.9631909
8262	-1018.268	-1232.209	213.9402	1.064359	0.210497	0.576264	0.103471	0.109768	2.038936	0.9594824
8268	-1030.54	-1244.312	213.7718	0.8739832	0.11952	0.088048	0.563958	0.228474	2.215839	1.135312
8274	-1007.735	-1221.752	214.0168	0.9364173	0.183357	0.340769	0.268241	0.207633	2.151981	0.8922922
8280	-1027.528	-1241.775	214.2463	0.7902161	0.0616415	0.425711	0.49716	0.0154873	2.211821	0.706566
8286	-1015.147	-1229.784	214.6374	0.3558557	0.0302077	0.416719	0.536365	0.0167086	2.29685	0.613323
8292	-1015.764	-1230.278	214.5143	0.4752132	0.0886195	0.574246	0.318866	0.0182686	2.326727	0.5832379
8298	-1009.853	-1224.065	214.2119	0.7261374	0.156909	0.608875	0.214845	0.0193702	2.357293	0.6172464
8304	-1005.162	-1218.944	213.7824	1.051467	0.275811	0.107482	0.610954	0.00575307	2.357293	0.785593
8310	-1010.945	-1224.542	213.5971	1.320876	0.193565	0.167606	0.506125	0.132704	2.331207	0.720214
8316	-1018.622	-1232.583	213.9614	0.9296614	0.287925	0.0506925	0.599229	0.0621537	2.344196	0.720214
8322	-1023.558	-1237.561	214.003	0.8589672	0.206757	0.358626	0.427209	0.00740808	2.437111	0.5871596
8328	-1026.861	-1240.752	213.8911	0.9278392	0.195223	0.181329	0.523117	0.100331	2.478283	0.5871596
8334	-1036.388	-1249.805	213.4176	1.481433	0.327416	0.181617	0.322697	0.16827	2.439582	0.545526
8340	-1027.049	-1240.179	213.1299	1.817493	0.327416	0.181617	0.322697	0.16827	2.303812	0.8255502
8346	-1030.624	-1243.653	213.0298	2.038262	0.280612	0.275281	0.299891	0.144216	2.160962	0.9126566
8352	-1053.107	-1262.472	209.3654	1.485471	0.380637	0.0268142	0.175234	0.417315	0.9693407	4.342236
8358	-1021.691	-1232.926	211.2359	1.770711	0.330033	0.0321922	0.120895	0.51688	1.141371	3.020971
8364	-1016.037	-1227.564	211.5271	0.9102198	0.438192	0.0429366	0.303504	0.215367	1.262417	3.240079
8370	-1022.262	-1233.673	211.411	1.261184	0.37969	0.0474077	0.335109	0.237794	1.463501	2.985487
8376	-1036.092	-1247.792	211.7004	2.146808	0.336655	0.0133042	0.306504	0.343537	1.522519	2.324139
8382	-1035.789	-1249.105	213.3162	0.9696777	0.455477	0.0549569	0.404023	0.0855428	1.858532	1.692644
8388	-1023.058	-1236.457	213.3982	1.027153	0.434656	0.071469	0.41003	0.083845	1.724963	1.688432
8394	-1030.472	-1243.687	213.2146	1.623081	0.481709	0.0308205	0.106046	0.381425	2.004581	1.197535
8400	-1018.892	-1231.752	212.8605	1.616172	0.510147	0.0580188	0.0806619	0.351173	2.004581	1.485027
8406	-1019.587	-1232.525	212.938	0.9927813	0.301151	0.095627	0.410265	0.192957	1.97127	1.861229
8412	-1037.658	-1250.946	213.2878	1.439468	0.239997	0.435754	0.143499	0.180749	2.009727	1.263751
8418	-1025.233	-1238.172	212.9389	1.767309	0.0688424	0.476129	0.164721	0.290308	1.99363	1.337144
8424	-1021.864	-1234.958	213.0934	1.255065	0.11692	0.31723	0.204838	0.361011	1.781016	1.70959
8430	-1024.096	-1236.691	212.5945	1.215403	0.188352	0.214128	0.184371	0.413149	1.725968	2.110423
8436	-1019.799	-1233.363	213.5639	1.058174	0.161138	0.415949	0.157732	0.265181	2.0459	1.2985
8442	-1027.528	-1240.184	212.6557	1.520602	0.290644	0.398289	0.150042	0.161024	1.707682	1.89934
8448	-1021.442	-1234.536	213.0949	1.006538	0.122643	0.138625	0.134252	0.60448	1.820883	1.847332
8454	-1017.124	-1230.41	213.2854	1.11299	0.135818	0.469193	0.0752367	0.319752	1.875317	1.60098
8460	-1020.932	-1233.921	212.9892	1.268821	0.33896	0.191741	0.15639	0.312908	1.813847	1.750827
8466	-1014.287	-1227.796	213.5098	0.8401476	0.433636	0.245297	0.200072	0.120994	2.198593	1.39572
8472	-1012.797	-1226.068	213.2707	1.595789	0.159754	0.0903691	0.692538	0.0573384	2.122173	1.062003
8478	-1022.511	-1236.455	213.9444	1.063059	0.435101	0.246126	0.162609	0.156165	2.142181	0.839776
8484	-1021.455	-1233.633	212.1778	0.9389031	0.236532	0.332708	0.23993	0.190831	1.677836	2.578144
8490	-1024.443	-1236.497	212.0545	0.9433704	0.215435	0.261147	0.285219	0.238198	1.796641	2.578144
8496	-1017.155	-1228.932	211.7774	0.9289026	0.191023	0.231555	0.416526	0.160896	1.669707	2.834954
8502	-1031.511	-1243.936	212.4247	1.026816	0.419464	0.141596	0.269939	0.169001	1.773716	2.307023
8508	-1040.98	-1253.508	212.5288	1.317748	0.423987	0.051715	0.27285	0.251448	1.672286	2.126592
8514	-1032.798	-1244.903	212.1051	1.405334	0.136068	0.35278	0.451405	0.0597471	1.573804	2.411074
8520	-1026.611	-1239.113	212.5026	1.457597	0.236508	0.217849	0.390372	0.155272	1.463109	2.198578
8526	-1022.128	-1233.107	210.9785	3.360982	0.363121	0.109139	0.289344	0.238395	1.743727	2.151264
8532	-1035.169	-1247.63	212.4612	1.407976	0.354606	0.144008	0.282559	0.218827	1.891076	1.972966
8538	-1029.509	-1242.745	213.2366	1.39793	0.357487	0.125837	0.224707	0.291969	2.118077	1.246724
8544	-1039.441	-1252.661	213.2208	1.055132	0.305322	0.233993	0.211319	0.249365	2.158437	1.481023
8550	-1025.936	-1239.818	213.882	0.9066443	0.202476	0.221282	0.210758	0.365484	1.967107	1.226369
8556	-1037.343	-1250.892	213.5485	0.8348644	0.113094	0.325209	0.511971	0.049725	2.267779	1.314559
8562	-1011.591	-1225.43	213.839	0.8348644	0.143784	0.41346	0.22815	0.214606	1.977358	1.314559
8568	-1022.385	-1236.094	213.7091	1.095896	0.104574	0.586928	0.0583396	0.250158	2.023386	1.164031
8574	-1020.367	-1234.045	213.6786	1.127394	0.135821	0.557865	0.07614	0.230174	2.023386	1.164031
8580	-1015.624	-1228.723	213.0992	1.147855	0.191307	0.441797	0.166621	0.200275	1.921649	1.677457
8586	-1011.991	-1225.777	213.7861	0.9636887	0.119692	0.155938	0.601556	0.122813	2.083404	1.15884
8592	-1010.987	-1224.567	213.5795	1.175905	0.135191	0.120559	0.331707	0.412543	2.207343	1.043942
8598	-998.9138	-1212.602	213.6886	1.134283	0.134292	0.380177	0.353631	0.131899	2.12598	1.055424
8604	-1007.192	-1221.31	214.118	0.6993352	0.170141	0.214721	0.44803	0.167108	2.219617	0.9766793
8610	-1017.816	-1232.01	214.1941	0.6042739	0.200707	0.253297	0.52852	0.0174766	2.256697	0.9635633
8616	-1037.637	-1251.213	213.576	1.206186	0.145754	0.174077	0.666128	0.014041	2.256697	0.9699238
8622	-1013.959	-1228.277	214.3177	0.5891649	0.0606675	0.18846	0.721165	0.0297077	2.162825	0.9489998
8628	-1014.724	-1227.658	212.9348	2.024754	0.199804	0.0618161	0.342414	0.395966	1.880448	1.271016
8634	-1039.549	-1253.99	214.4404	0.5525664	0.337256	0.024366	0.503861	0.134517	1.874321	1.144679
8640	-1028.862	-1243.08	214.2181	0.5525664	0.397977	0.101589	0.433545	0.0668885	2.218553	1.031803
8646	-1017.87	-1232.046	214.1763	0.6889091	0.294074	0.147112	0.462128	0.0966865	2.3012	0.8322448
8652	-1019.376	-1232.557	213.1807	1.69169	0.42741	0.0194833	0.188142	0.364965	2.206312	0.9903012
8658	-1039.484	-1253.448	213.964	0.7979115	0.168185	0.00921706	0.718097	0.104501	2.143686	1.09829
8664	-1026.463	-1240.149	213.6854	0.8431348	0.145446	0.0297072	0.621009	0.203838	2.218376	1.235528
8670	-1023.719	-1237.984	214.2654	0.5426495	0.303216	0.284514	0.306349	0.105921	1.856599	1.315793
8676	-1016.015	-1228.929	212.9138	1.043015	0.308137	0.303319	0.290922	0.0976214	1.701181	2.025722
8682	-1018.67	-1230.458	211.7878	1.926563	0.141402	0.486363	0.0588859	0.313349	1.602015	2.322214
8688	-1023.568	-1235.579	212.011	1.229794	0.105181	0.537484	0.203318	0.154017	1.493596	2.619675
8694	-1012.625	-1226.83	214.2056	0.7607185	0.437515	0.0374816	0.320294	0.204709	2.103293	0.9387903
8700	-1016.068	-1230.363	214.295	0.6032466	0.230246	0.128409	0.515398	0.125948	2.180428	0.9387903
8706	-1019.611	-1233.83	214.2191	0.5990723	0.152904	0.293455	0.169797	0.383845	2.21117	0.9902405
8712	-1019.378	-1233.448	214.0701	0.9173003	0.258507	0.28735	0.217473	0.236669	2.004987	1.011731
8718	-1011.464	-1225.097	213.6322	1.41446	0.135077	0.269767	0.249245	0.345911	1.985901	0.9948065
8724	-1012.313	-1225.915	213.6025	1.354222	0.279046	0.226683	0.177631	0.316641	2.069401	0.9948065
8730	-1008.348	-1221.591	213.2435	1.853498	0.278556	0.407889	0.103677	0.209879	2.218064	0.7484668
8736	-1019.452	-1233.254	213.8019	1.079995	0.301539	0.261861	0.33086	0.10574	2.319215	0.7724261
8742	-1022.536	-1235.914	213.3784	1.301734	0.251399	0.2002	0.444078	0.104322	2.10932	1.207627
8748	-1022.884	-1236.225	213.3408	1.111569	0.257756	0.27966	0.381206	0.081379	1.752942	1.650308
8754	-1012.588	-1224.779	212.191	1.095782	0.167974	0.153066	0.480724	0.198236	1.679133	2.471761
8760	-1019.101	-1231.151	212.0499	1.589212	0.256293	0.357958	0.295932	0.0898182	1.896397	2.137896
8766	-1020.522	-1231.152	210.6308	2.048462	0.25729	0.421985	0.033757	0.286967	1.47475	3.055685
8772	-1033.979	-1244.431	210.4519	1.724202	0.273321	0.314225	0.0889751	0.323479	1.413082	3.347044
8778	-1031.66	-1244.001	212.341	1.385489	0.415863	0.326931	0.0110022	0.246204	1.710428	2.184238
8784	-1035.496	-1248.156	212.6606	1.385489	0.24708	0.420623	0.191237	0.14106	1.727809	1.962161
8790	-1010.033	-1223.617	213.5846	0.8211617	0.206225	0.234084	0.471618	0.0880724	1.798821	1.652584
8796	-1019.309	-1231.779	212.47	0.9579001	0.183979	0.211673	0.420742	0.183605	1.84063	2.279424
8802	-1022.749	-1233.951	211.2022	1.95482	0.0780541	0.665548	0.178502	0.0778956	1.717025	2.604003
8808	-1029.677	-1239.829	210.1522	0.6316647	0.076266	0.510611	0.358728	0.0543945	1.55351	4.038103
8814	-1013.918	-1225.751	211.8325	0.7409486	0.129746	0.428941	0.437799	0.00351393	1.521315	3.009152
8820	-1001.634	-1212.182	210.5479	0.7432068	0.104581	0.327438	0.466058	0.101922	1.5516	3.744449
8826	-1013.8	-1225.949	212.1491	0.6459574	0.060813	0.554455	0.271008	0.113724	1.945134	2.619982
8832	-1018.476	-1230.827	212.3507	1.053455	0.0847845	0.471278	0.367908	0.0760293	1.880193	2.26941
8838	-1020.845	-1233.751	212.9055	1.145785	0.0752108	0.446137	0.396677	0.0819745	2.095339	1.693093
8844	-1019.292	-1230.899	211.6069	1.256569	0.362493	0.113271	0.339223	0.185012	1.854471	2.630998
8850	-1008.276	-1220.311	212.0354	1.110222	0.317382	0.235748	0.151451	0.29542	1.794868	2.48797
8856	-1015.586	-1229.362	213.7766	0.7629394	0.150066	0.320336	0.108185	0.421414	2.111826	1.317201
8862	-1018.268	-1230.759	212.4915	1.654085	0.102138	0.49796	0.113079	0.286823	2.268045	1.54033
8868	-1009.464	-1222.508	213.0438	0.9782482	0.172863	0.44032	0.235929	0.150887	1.922285	1.832293
8874	-1013.488	-1225.902	212.4134	1.197981	0.193778	0.259745	0.258072	0.288405	2.021193	2.046067
8880	-1027.212	-1240.376	213.164	1.499835	0.223572	0.587983	0.0772917	0.111154	2.131696	1.221289
8886	-1023.901	-1237.621	213.72	1.188675	0.180926	0.475827	0.181528	0.161718	2.193517	0.9008192
8892	-1006.665	-1220.732	214.0665	0.7641172	0.14733	0.315494	0.377014	0.160163	2.131523	1.046925
8898	-1013.392	-1226.562	213.1697	1.156057	0.183504	0.270005	0.222789	0.323702	1.833224	1.68461
8904	-1009.985	-1223.371	213.3861	1.4573	0.281742	0.181123	0.277632	0.259503	2.000921	1.174633
8910	-1015.868	-1229.707	213.839	0.8686365	0.163341	0.466856	0.275812	0.0939914	2.250951	1.045891
8916	-1006.646	-1220.165	213.519	1.051446	0.0712642	0.250756	0.603013	0.0749675	2.105974	1.291527
8922	-1021.067	-1232.763	211.6964	1.019303	0.0260381	0.496944	0.102628	0.37439	1.63936	2.847316
8928	-1027.901	-1239.071	211.1702	0.7074446	0.187166	0.432087	0.0892338	0.291513	1.525331	3.420049
8934	-1011.238	-1222.511	211.2725	0.7436192	0.323807	0.327191	0.186501	0.162501	1.384784	3.420049
8940	-1022.102	-1232.453	210.3507	1.695481	0.314231	0.213259	0.0277582	0.444752	1.413173	3.420049
8946	-1022.809	-1234.789	211.9803	0.7576502	0.376146	0.340272	0.0198253	0.263756	1.723828	2.786821
8952	-1027.23	-1240.736	213.506	0.7624559	0.405452	0.177525	0.0213699	0.395654	1.693691	1.824778
8958	-1006.347	-1219.052	212.7046	0.6444994	0.304812	0.253055	0.304567	0.137566	1.687159	2.435524
8964	-1009.095	-1220.87	211.7749	1.1156	0.481492	0.231245	0.128053	0.15921	1.874972	2.596991
8970	-1024.514	-1237.568	213.0535	0.6925659	0.197088	0.254023	0.405488	0.143401	1.738614	2.146803
8976	-1005.911	-1219.052	213.141	0.7417961	0.208339	0.334293	0.310455	0.146913	1.658192	2.108119
8982	-1017.713	-1230.898	213.1851	0.7417961	0.275517	0.207434	0.248599	0.268449	1.832776	1.963145
8988	-1021.619	-1233.887	212.2681	0.6978311	0.137306	0.247288	0.448763	0.166642	1.600003	2.72532
8994	-1020.042	-1233.016	212.9738	0.8873285	0.0952108	0.186393	0.368995	0.349401	1.830523	2.004279
9000	-1022.978	-1232.759	209.7813	2.512026	0.173874	0.0735183	0.312136	0.440471	1.425611	3.395128
9006	-1017.694	-1228.584	210.8902	1.838077	0.185042	0.112526	0.342494	0.359938	1.871937	2.755933
9012	-1021.689	-1233.751	212.0621	2.742166	0.0859713	0.0274886	0.65652	0.23002	1.619334	1.752846
9018	-1026.18	-1238.083	211.9027	3.005711	0.056817	0.050568	0.587845	0.30477	1.707634	1.688836
9024	-1016.386	-1228.904	212.5185	1.421734	0.145082	0.213083	0.328295	0.313539	2.001952	1.850857
9030	-1023.521	-1237.081	213.5591	0.7274536	0.0258318	0.64573	0.251223	0.0772145	1.545762	1.914721
9036	-1029.245	-1242.115	212.8708	1.479721	0.132743	0.198208	0.494223	0.174825	1.857024	1.670578
9042	-1033.415	-1246.399	212.9836	0.8463471	0.319688	0.192626	0.330933	0.156753	2.141378	1.815757
9048	-1010.325	-1224.08	213.7547	0.8744883	0.368348	0.161536	0.369459	0.100656	2.280856	1.091399
9054	-1021.35	-1234.599	213.2494	0.9912616	0.223813	0.199563	0.456432	0.120192	2.294278	1.403686
9060	-1034.779	-1248.651	213.8722	0.4214605	0.286629	0.194125	0.371356	0.14789	2.136015	1.495588
9066	-1035.521	-1249.23	213.7086	0.8393107	0.269747	0.117819	0.522677	0.0897578	2.013067	1.386082
9072	-1021.139	-1235.023	213.8839	0.7703738	0.376099	0.10066	0.446556	0.0766857	2.027855	1.291903
9078	-1027.724	-1241.835	214.1109	0.6338726	0.160499	0.425392	0.367727	0.0463828	2.067283	1.189686
9084	-1037.937	-1251.389	213.4511	0.9306617	0.338701	0.1736	0.254847	0.232852	1.602028	1.805463
9090	-1035.908	-1249.871	213.963	0.5980171	0.268419	0.288597	0.369509	0.0734759	1.690418	1.627647
9096	-1021.523	-1234.663	213.1399	0.6980617	0.488012	0.179017	0.277742	0.0552284	1.645041	2.147691
9102	-1026.426	-1239.007	212.5819	1.049656	0.295421	0.108369	0.481116	0.115094	1.675671	2.254675
9108	-1015.332	-1228.68	213.3472	0.5255699	0.179284	0.163201	0.638004	0.0195106	2.081465	1.838438
9114	-1010.852	-1225.024	214.1718	0.5228005	0.241371	0.128391	0.607656	0.0225821	1.967293	1.318321
9120	-1007.053	-1221.471	214.4175	0.3470353	0.285234	0.238083	0.425259	0.0514247	1.954646	1.255695
9126	-1015.131	-1229.17	214.0397	0.5544252	0.151395	0.346619	0.447199	0.0547869	2.146867	1.253008
9132	-1017.013	-1230.847	213.8333	0.4980256	0.20049	0.220265	0.516025	0.0632189	1.924228	1.626658
9138	-1005.798	-1219.809	214.0113	0.3962536	0.115705	0.402692	0.429041	0.0525623	1.809801	1.648661
9144	-1013.171	-1227.288	214.117	0.708493	0.0705166	0.296211	0.564157	0.0691155	1.713285	1.408595
9150	-1015.689	-1229.825	214.1359	0.5663842	0.087181	0.161453	0.697478	0.0538883	1.868811	1.389375
9156	-1008.123	-1222.72	214.5967	0.5663842	0.148211	0.195593	0.573864	0.0823325	2.002694	0.8411439
9162	-1007.394	-1221.593	214.1993	0.8837647	0.136036	0.460816	0.109745	0.293404	2.102789	0.794767
9168	-1012.002	-1226.349	214.347	0.7023687	0.184054	0.623475	0.0682732	0.124197	2.006267	0.9570707
9174	-1009.632	-1223.258	213.6262	0.9810336	0.170119	0.349872	0.38663	0.093379	1.824831	1.482488
9180	-1035.125	-1249.068	213.943	0.6810778	0.302858	0.219484	0.303309	0.174349	2.178323	1.195576
9186	-1026.823	-1240.848	214.0248	0.7877039	0.164532	0.154842	0.445816	0.23481	2.371545	0.8022972
9192	-1016.246	-1229.231	212.9853	1.590571	0.325579	0.106031	0.207128	0.361261	1.585573	1.714793
9198	-1020.049	-1233.367	213.3175	0.5751316	0.22522	0.43052	0.134009	0.210251	1.593936	2.149738
9204	-1027.932	-1242.147	214.2152	0.5468415	0.170324	0.207881	0.578931	0.042864	2.257348	1.002325
9210	-1014.162	-1228.105	213.9431	0.8599937	0.199107	0.164443	0.597476	0.0389729	2.31387	0.8812182
9216	-1014.764	-1228.479	213.7155	0.6879244	0.24447	0.267972	0.433382	0.0541756	1.975266	1.530828
9222	-1013.996	-1227.432	213.4361	0.9815309	0.186075	0.314436	0.313074	0.186415	1.967334	1.517823
9228	-1007.901	-1220.671	212.7697	0.7437153	0.0895908	0.358073	0.332103	0.220233	1.910594	2.184304
9234	-1016.88	-1230.319	213.4396	0.7750486	0.184664	0.121829	0.416984	0.276522	2.116081	1.562643
9240	-1001.622	-1215.574	213.9522	0.516125	0.104746	0.287333	0.508145	0.0997758	1.875086	1.562643
9246	-1007.039	-1220.876	213.8379	0.593979	0.342676	0.213113	0.391407	0.0528046	1.934626	1.543769
9252	-1018.714	-1232.404	213.6909	0.6035496	0.175281	0.265465	0.499369	0.0598849	2.071613	1.543769
9258	-1004.435	-1218.524	214.0896	0.4080383	0.339193	0.212705	0.40012	0.0479828	1.857974	1.549442
9264	-1005.048	-1218.709	213.661	0.7193727	0.309904	0.334414	0.303783	0.0518983	1.957562	1.559583
9270	-1008.194	-1221.439	213.2443	0.7583421	0.204723	0.126581	0.648293	0.0204029	2.229204	1.635176
9276	-1011.16	-1224.347	213.1865	0.8906176	0.223781	0.0564325	0.708642	0.011144	2.207539	1.592833
9282	-1015.116	-1229.348	214.2326	0.528483	0.200491	0.311438	0.426892	0.0611785	2.110506	1.141355
9288	-1016.281	-1230.468	214.1872	0.6937197	0.350926	0.115421	0.296787	0.236867	2.227736	0.9002462
9294	-1010.416	-1224.464	214.0485	0.8765735	0.201621	0.319725	0.227272	0.251383	2.227736	0.8376946
9300	-1019.32	-1233.31	213.9897	0.8765735	0.106265	0.118717	0.642526	0.132492	2.286471	0.8376946
9306	-1033.28	-1247.364	214.0843	0.7355813	0.428987	0.0675433	0.48938	0.0140902	2.339384	0.8376946
9312	-1022.919	-1236.897	213.978	0.7355813	0.427325	0.0672817	0.487484	0.017909	2.116482	1.168888
9318	-1026.215	-1240.613	214.3981	0.5485747	0.258765	0.0604503	0.657902	0.0228822	2.293933	0.7399747
9324	-1018.644	-1232.594	213.9494	0.9056762	0.244679	0.0965868	0.622088	0.0366465	2.440759	0.5931033
9330	-1003.015	-1217.198	214.1824	0.5680305	0.258829	0.236908	0.454624	0.0496388	2.577349	0.4974408
9336	-1015.043	-1228.872	213.8288	0.8924754	0.364713	0.228399	0.349755	0.0571327	2.577349	0.5850724
9342	-992.4424	-1206.376	213.9333	0.7674726	0.084519	0.265663	0.528689	0.121129	2.615964	0.4920765
9348	-1015.649	-1229.331	213.6816	1.013679	0.217185	0.169058	0.456994	0.156764	2.612463	0.5353104
9354	-1024.803	-1238.647	213.8438	1.190875	0.216266	0.36227	0.0891468	0.332317	2.008888	0.9641092
9360	-1029.676	-1243.822	214.1454	0.774871	0.315009	0.534784	0.0558521	0.0943555	1.991585	1.093652
9366	-1026.959	-1240.259	213.2993	1.372226	0.29067	0.468193	0.0584815	0.182655	1.976887	1.329661
9372	-1027.774	-1241.273	213.4985	1.261202	0.191697	0.544838	0.103895	0.15957	1.9113	1.303415
9378	-1017.148	-1230.918	213.7697	1.043273	0.159291	0.631062	0.0869421	0.122706	1.901643	1.259989
9384	-1022.944	-1236.784	213.8404	0.9216699	0.118402	0.455875	0.112396	0.313327	1.921411	1.286145
9390	-1020.507	-1234.358	213.8511	0.6763303	0.295665	0.120952	0.501088	0.0822944	2.788053	0.4445591
9396	-1030.901	-1244.712	213.8115	0.4295189	0.279981	0.153839	0.46151	0.10467	2.902912	0.2556964
9402	-1029.228	-1242.971	213.7434	0.4295189	0.21015	0.152555	0.517481	0.119813	3.009905	0.2778702
9408	-1007.972	-1221.278	213.306	0.8115277	0.180338	0.179819	0.489343	0.1505	3.038019	0.2682731
9414	-1006.189	-1219.612	213.423	0.6266853	0.161956	0.16149	0.491785	0.184769	3.116164	0.2682731
9420	-1009.458	-1223.261	213.8025	0.5107432	0.0913486	0.390723	0.428239	0.0896897	2.893423	0.2914969
9426	-1027.935	-1241.703	213.7681	0.6308645	0.0838928	0.30186	0.531878	0.0823693	2.893423	0.3834199
9432	-1025.644	-1239.255	213.6113	0.9048075	0.138527	0.248119	0.576166	0.0371888	2.788777	0.4452233
9438	-1009.404	-1223.258	213.8544	0.7766499	0.157842	0.327052	0.483205	0.0318998	2.678872	0.4452233
9444	-1005.093	-1219.06	213.9667	0.676008	0.139649	0.488733	0.234082	0.137537	2.666583	0.4240969
9450	-1019.521	-1233.579	214.0584	0.600267	0.35507	0.143759	0.342334	0.158837	2.654903	0.4240969
9456	-1031.914	-1245.313	213.3991	1.014045	0.225413	0.180331	0.310409	0.283848	2.857345	0.372124
9462	-1043.301	-1257.231	213.9298	0.9422259	0.142111	0.181698	0.407962	0.268229	2.387537	0.6770594
9468	-1032.012	-1245.772	213.7599	0.8080788	0.405449	0.113939	0.31241	0.168201	2.702199	0.6646652
9474	-1012.824	-1226.297	213.4728	0.6382914	0.271565	0.207807	0.466813	0.0538156	3.070375	0.2780606
9480	-1006.693	-1220.19	213.4968	0.954126	0.175467	0.307704	0.364864	0.151965	2.788336	0.3343757
9486	-1014.283	-1228.317	214.034	0.4305002	0.14219	0.509072	0.308034	0.040704	2.79051	0.3343757
9492	-1020.677	-1234.515	213.8372	0.6261721	0.199708	0.321808	0.341176	0.137307	2.79051	0.3343757
9498	-1011.805	-1225.316	213.5103	0.9744679	0.211349	0.108168	0.433263	0.247221	2.745508	0.32583
9504	-1016.001	-1229.863	213.8618	0.8655649	0.50749	0.0790615	0.312732	0.100717	2.576804	0.5671728
9510	-1020.794	-1234.586	213.7919	0.7762305	0.353001	0.0549939	0.532915	0.0590893	2.704731	0.662298
9516	-1015.63	-1227.859	212.2284	3.057272	0.171105	0.446861	0.0640924	0.317942	2.454878	0.6881671
9522	-1006.274	-1220.05	213.7762	0.9219017	0.122491	0.490153	0.159746	0.22761	2.609772	0.4617098
9528	-1017.093	-1230.316	213.2223	1.368104	0.276488	0.402475	0.0921777	0.228859	2.737017	0.4710912
9534	-1011.827	-1224.986	213.1592	1.421441	0.252223	0.454916	0.0840879	0.208774	2.737017	0.4123777
9540	-1015.486	-1228.92	213.4348	1.052486	0.284336	0.164137	0.316171	0.235356	2.805885	0.4125469
9546	-1018.868	-1232.599	213.7309	0.6987305	0.0876362	0.19312	0.372002	0.347242	2.873766	0.4125469
9552	-1021.347	-1234.707	213.3605	1.165454	0.299795	0.265406	0.222938	0.211861	2.767895	0.4062349
9558	-1022.021	-1235.549	213.5272	0.932188	0.323777	0.286638	0.240771	0.148814	2.820123	0.3852379
9564	-1025.04	-1238.835	213.7954	0.7564685	0.327552	0.289979	0.23192	0.150549	2.753371	0.4258646
9570	-1036.626	-1250.077	213.4514	1.041483	0.182454	0.233461	0.209228	0.374857	2.775431	0.3686678
9576	-1033.025	-1246.413	213.388	0.9950355	0.270804	0.154115	0.248781	0.326299	2.885	0.3686678
9582	-1029.663	-1242.498	212.8346	1.623932	0.328151	0.0619455	0.314115	0.295788	2.875939	0.3880415
9588	-1006.429	-1219.097	212.6676	1.623932	0.315316	0.0313868	0.301829	0.351469	2.973537	0.309283
9594	-1019.86	-1233.47	213.61	0.4458033	0.206612	0.372071	0.3335	0.0878172	3.080869	0.2512571
9600	-1022.431	-1236.056	213.6249	0.4126142	0.0219179	0.159868	0.665625	0.152589	3.093397	0.2499845
9606	-1023.878	-1237.375	213.4972	0.5929232	0.288513	0.183186	0.390185	0.138116	3.059206	0.2581329
9612	-1012.206	-1225.248	213.0421	1.189446	0.169033	0.107324	0.610256	0.113387	2.975097	0.3017378
9618	-998.9028	-1211.659	212.7559	1.422193	0.194207	0.238171	0.52133	0.0462921	2.984203	0.2605611
9624	-991.2897	-1204.541	213.2514	0.9083281	0.173243	0.0862309	0.696162	0.0443646	3.003845	0.2751039
9630	-993.8083	-1207.418	213.6095	0.8899346	0.213587	0.238428	0.493289	0.054696	2.78452	0.3912201
9636	-1002.341	-1216.233	213.892	0.6703336	0.177624	0.325796	0.418568	0.0780114	2.732325	0.3912201
9642	-1008.02	-1221.99	213.9697	0.6703336	0.197405	0.0785955	0.671464	0.0525359	2.674596	0.4400507
9648	-1029.916	-1243.776	213.8602	0.8487485	0.327979	0.122328	0.124539	0.425154	2.596344	0.4400507
9654	-1010.82	-1224.948	214.128	0.7461104	0.123693	0.576953	0.167655	0.131699	2.098795	1.03755
9660	-1017.599	-1230.893	213.2937	1.239222	0.277409	0.30195	0.137942	0.282698	2.776068	0.4353661
9666	-1009.797	-1223.882	214.0852	0.604469	0.258513	0.296463	0.320908	0.124117	2.620299	0.4153924
9672	-1011.645	-1224.21	212.5648	1.61253	0.181134	0.399165	0.172824	0.246877	1.902626	1.774406
9678	-1011.248	-1224.815	213.5667	0.8729835	0.471276	0.121989	0.173295	0.23344	1.950098	1.515787
9684	-1039.157	-1252.168	213.0111	1.054628	0.155202	0.397898	0.290882	0.156018	2.002326	1.746641
9690	-1029.174	-1242.91	213.7357	0.7982702	0.154006	0.226471	0.347771	0.271752	2.758277	0.4001405
9696	-1020.085	-1233.986	213.9011	0.6416744	0.132333	0.194599	0.43956	0.233508	2.758277	0.4001405
9702	-1009.127	-1222.986	213.8595	0.627007	0.230621	0.187969	0.379701	0.201709	2.812014	0.3937042
9708	-1009.33	-1223.359	214.0296	0.641669	0.245285	0.294246	0.386199	0.074271	2.637369	0.4169519
9714	-1017.368	-1230.849	213.4806	0.9772632	0.414942	0.150147	0.402923	0.0319877	2.846333	0.4471917
9720	-1008.229	-1222.025	213.7966	0.8692232	0.272931	0.30703	0.309851	0.110188	2.64542	0.4765543
9726	-1019.003	-1233.009	214.0052	0.8389922	0.275376	0.246621	0.305275	0.172728	2.464377	0.5512716
9732	-1008.431	-1222.135	213.7042	1.129102	0.418729	0.232623	0.185723	0.162925	2.463189	0.5946016
9738	-1001.871	-1216.006	214.1358	0.6851802	0.192051	0.233683	0.390363	0.183903	2.484689	0.5946016
9744	-995.5308	-1209.735	214.2046	0.6293722	0.264366	0.244169	0.344517	0.146947	2.474946	0.5946016
9750	-1001.763	-1215.88	214.1174	0.6971613	0.274939	0.184967	0.38727	0.152824	2.482189	0.6179956
9756	-1023.803	-1238.23	214.4276	0.383857	0.319597	0.350566	0.271232	0.0586059	2.487907	0.6067214
9762	-1003.405	-1217.534	214.1289	0.6984088	0.0596723	0.328009	0.503521	0.108797	2.470752	0.6142722
9768	-1012.116	-1226.31	214.1933	0.688139	0.0634651	0.326483	0.214894	0.395158	2.408168	0.6369661
9774	-1022.735	-1236.585	213.8491	0.9272455	0.0658152	0.371949	0.441772	0.120464	2.528794	0.5552389
9780	-1005.602	-1219.58	213.9786	0.7977287	0.309873	0.161552	0.456359	0.0722153	2.526674	0.5826968
9786	-1023.637	-1237.138	213.5009	1.347353	0.332893	0.156658	0.249067	0.261381	2.467715	0.5785194
9792	-1015.331	-1229.03	213.6983	1.160463	0.213564	0.0143643	0.635088	0.136984	2.443357	0.5801798
9798	-1018.704	-1231.413	212.7087	2.335914	0.253664	0.0170615	0.385764	0.343511	2.428531	0.7002532
9804	-1029.356	-1242.694	213.3377	1.357493	0.374668	0.0231643	0.395974	0.206193	2.476256	0.8343432
9810	-1021.081	-1235.058	213.9776	0.7834576	0.187677	0.277029	0.461369	0.0739252	2.548042	0.5612612
9816	-1019.517	-1233.286	213.7686	0.8828952	0.160247	0.236539	0.393937	0.209277	2.660371	0.4953171
9822	-1010.526	-1223.777	213.2509	1.441926	0.396958	0.05272	0.483777	0.0665456	2.629729	0.4185033
9828	-1022.407	-1236.451	214.0437	0.6881623	0.301501	0.213291	0.20665	0.278559	2.588943	0.482728
9834	-1011.049	-1225.315	214.2657	0.7224099	0.229478	0.300494	0.279351	0.190677	2.308047	0.6156788
9840	-1016.631	-1230.901	214.2699	0.6275218	0.0799521	0.436367	0.350315	0.133365	2.417908	0.5726849
9846	-1022.725	-1236.897	214.1722	0.7119577	0.268834	0.164036	0.420643	0.146488	2.427008	0.569323
9852	-1026.568	-1240.646	214.078	0.8029419	0.340012	0.12906	0.401743	0.129185	2.396888	0.6491466
9858	-1008.754	-1222.478	213.7236	0.8653601	0.209907	0.155302	0.480333	0.154457	2.723362	0.4911351
9864	-1018.037	-1231.774	213.7368	0.6232465	0.191525	0.29197	0.464578	0.0519267	2.878647	0.3197982
9870	-1019.161	-1232.927	213.7656	0.6232465	0.193913	0.283146	0.470368	0.0525739	2.918847	0.412302
9876	-1011.19	-1225.142	213.9521	0.6965411	0.309283	0.061243	0.56619	0.0632841	2.667885	0.5483115
9882	-1035.443	-1249.483	214.04	0.7343207	0.275933	0.0722534	0.516694	0.13512	2.185586	1.050647
9888	-1030.809	-1244.595	213.7862	0.7669914	0.358718	0.0480953	0.398168	0.195019	2.152299	1.272903
9894	-1002.187	-1215.909	213.7228	1.09069	0.377385	0.10782	0.36786	0.146935	2.4759	0.612029
9900	-1015.283	-1229.282	213.9984	0.8162701	0.0612562	0.171025	0.643446	0.124272	2.463601	0.6469027
9906	-1031.912	-1245.937	214.0253	0.8262647	0.330358	0.143765	0.47915	0.0467267	2.452008	0.5756953
9912	-1021.481	-1235.733	214.2524	0.5157766	0.212374	0.294473	0.45243	0.0407235	2.482027	0.725897
9918	-1021.735	-1235.832	214.0969	0.6406244	0.299855	0.323797	0.350912	0.0254365	2.507694	0.725897
9924	-1013.827	-1228.097	214.2692	0.6406244	0.284366	0.15483	0.536682	0.0241226	2.350482	0.7006994
9930	-1012.441	-1226.663	214.2225	0.6031409	0.40773	0.0283591	0.552541	0.0113703	2.429401	0.7131397
9936	-1018.97	-1233.212	214.2419	0.6045959	0.274755	0.114284	0.598514	0.0124476	2.429401	0.6756531
9942	-1024.039	-1237.757	213.7174	1.15761	0.231496	0.0795725	0.416727	0.272205	2.405311	0.6402915
9948	-1005.519	-1219.762	214.243	0.6074602	0.175998	0.106658	0.502137	0.215207	2.454966	0.6083557
9954	-1017.283	-1231.47	214.1872	0.5346836	0.0453086	0.0805517	0.824657	0.049483	2.586394	0.6083557
9960	-1005.937	-1219.934	213.9973	0.7340829	0.14041	0.186912	0.504393	0.168284	2.586394	0.478813
9966	-998.6252	-1212.749	214.1237	0.6399187	0.232414	0.275382	0.382571	0.109634	2.560611	0.5026361
9972	-1005.157	-1219.118	213.9612	0.7936965	0.275772	0.159506	0.501017	0.0637053	2.560611	0.5003687
9978	-1003.774	-1217.964	214.1902	0.5746427	0.216242	0.214558	0.401628	0.167572	2.562356	0.514419
9984	-998.1629	-1212.068	213.9051	0.9229129	0.24098	0.204563	0.386418	0.16804	2.468225	0.5904864
9990	-1013.353	-1227.437	214.0836	0.6891789	0.22846	0.193935	0.366342	0.211263	2.548533	0.5033654
9996	-1011.195	-1224.861	213.6654	0.7685897	0.177749	0.175801	0.518057	0.128394	2.841794	0.3700998
10002	-992.3595	-1206.512	214.1523	0.5673265	0.0983908	0.406128	0.397072	0.0984096	2.608223	0.5044899
10008	-1000.794	-1213.994	213.1995	1.466005	0.0187252	0.0331496	0.924182	0.0239435	2.674979	0.5044899
10014	-1032.849	-1245.66	212.8103	1.556321	0.290052	0.450283	0.0936479	0.166017	1.715522	1.766667
10020	-1018.504	-1229.71	211.2058	5.389141	0.171596	0.0315416	0.360312	0.43655	2.298103	0.7491756
10026	-1020.33	-1232.204	211.8736	3.925701	0.312185	0.0573836	0.36501	0.265421	2.247062	0.8187709
10032	-1013.452	-1225.784	212.3325	3.209342	0.176117	0.0721017	0.418283	0.333498	2.031993	0.9799189
10038	-1012.022	-1225.545	213.5231	1.315085	0.198936	0.297753	0.268219	0.235093	2.259113	0.9162085
10044	-1019.316	-1233.456	214.1406	0.6797814	0.400794	0.121619	0.340543	0.137045	2.374371	0.7961878
10050	-1031.141	-1244.898	213.7568	1.028269	0.180316	0.129688	0.481156	0.20884	2.336174	0.8733111
10056	-1028.614	-1242.673	214.059	0.650456	0.203628	0.315203	0.391006	0.0901634	2.425245	0.8733111
10062	-1009.532	-1223.617	214.0851	0.6954167	0.170332	0.263663	0.46911	0.0968959	2.413042	0.7965481
10068	-1012.03	-1226.119	214.0885	0.7153996	0.172106	0.26641	0.473998	0.0874858	2.484317	0.63637
10074	-1016.197	-1229.416	213.2193	1.751779	0.202069	0.0555285	0.556518	0.185884	2.340833	0.720177
10080	-1031.677	-1244.599	212.9217	2.048427	0.340553	0.112593	0.124685	0.422169	2.409628	0.720177
10086	-1028.604	-1240.519	211.9143	3.689209	0.231072	0.127887	0.0526008	0.588441	2.359682	0.7773133
10092	-1016.554	-1229.802	213.2485	1.887707	0.148231	0.449291	0.0249975	0.377481	2.166633	0.7773133
10098	-1020.176	-1232.679	212.5031	2.376432	0.15323	0.410401	0.0731297	0.363239	2.074221	1.260036
10104	-1044.951	-1256.041	211.09	4.602857	0.115973	0.0803215	0.444205	0.3595	2.133077	1.357308
10110	-1027.613	-1241.085	213.4715	1.093628	0.1168	0.353965	0.167169	0.362065	1.901445	1.457233
10116	-1038.085	-1251.059	212.9743	1.606125	0.232823	0.448249	0.245096	0.0738321	1.927355	1.463664
10122	-1015.106	-1228.617	213.5102	0.8361647	0.29465	0.326317	0.178425	0.200609	2.113946	1.463664
10128	-1020.373	-1233.755	213.3819	1.172796	0.302673	0.290403	0.112314	0.294611	2.252829	1.18474
10134	-1026.946	-1241.359	214.413	0.5464838	0.236912	0.202367	0.461115	0.0996057	2.30037	0.7089477
10140	-1023.361	-1236.91	213.5492	0.8677107	0.350479	0.0773407	0.514725	0.0574552	2.290895	1.267298
10146	-1024.546	-1238.462	213.9153	0.6782704	0.419211	0.0553784	0.462993	0.0624171	2.268752	1.143447
10152	-1000.804	-1214.042	213.2376	0.6288113	0.224958	0.246465	0.409798	0.118779	1.911053	1.955597
10158	-1008.304	-1221.114	212.8098	1.593541	0.249003	0.23263	0.205714	0.312652	1.915788	1.602213
10164	-1023.36	-1236.849	213.4891	0.7088548	0.118011	0.147956	0.568582	0.165452	2.075864	1.606868
10170	-1016.949	-1230.528	213.5789	0.8611932	0.255142	0.165236	0.394847	0.184775	1.960932	1.507627
10176	-1002.535	-1216.178	213.6423	0.8611932	0.237049	0.178636	0.426869	0.157445	1.83833	1.551669
10182	-1000.394	-1213.04	212.6454	0.7354045	0.268866	0.08888	0.463676	0.178578	1.78006	2.353362
10188	-1014.894	-1227.03	212.1356	1.147014	0.412524	0.0616156	0.402062	0.123798	1.715704	2.452526
10194	-1015.599	-1228.59	212.9909	0.9824825	0.281175	0.114029	0.451579	0.153217	1.89883	1.881633
10200	-1009.199	-1220.868	211.6689	1.88398	0.285425	0.100636	0.458406	0.155533	1.859252	2.254694
10206	-1003.768	-1216.171	212.4024	1.748861	0.160151	0.0594794	0.772461	0.00790875	1.874692	1.82885
10212	-1004.048	-1216.934	212.8854	0.9457908	0.391408	0.0638106	0.498346	0.0464358	2.028802	1.890136
10218	-1012.495	-1225.975	213.4796	0.7125979	0.295353	0.311984	0.376047	0.0166157	2.112771	1.584024
10224	-1013.66	-1227.399	213.7393	0.8004294	0.29529	0.311918	0.375966	0.0168266	1.9961	1.406965
10230	-1004.286	-1217.642	213.3561	0.9567467	0.26048	0.246488	0.490476	0.00255578	2.078553	1.513159
10236	-1005.023	-1219.156	214.133	0.467717	0.16537	0.208286	0.622921	0.00342244	2.36437	1.055153
10242	-1003.421	-1216.667	213.2464	0.7569598	0.259893	0.321515	0.393709	0.0248826	2.230471	1.633842
10248	-1038.38	-1251.906	213.5268	0.6329434	0.34356	0.0901142	0.520455	0.0458715	2.17605	1.564907
10254	-1046.917	-1258.781	211.864	2.381651	0.132906	0.164801	0.250142	0.452151	2.314581	1.56639
10260	-1035.013	-1247.382	212.3691	1.156448	0.268076	0.538327	0.0273579	0.16624	1.651127	2.340128
10266	-1020.929	-1232.599	211.6702	0.9330137	0.121172	0.638837	0.0324658	0.207525	1.493493	3.00345
10272	-1036.98	-1250.152	213.1712	0.9419151	0.189408	0.493426	0.0569888	0.260177	1.870646	1.805371
10278	-1032.236	-1244.102	211.8658	1.669532	0.307796	0.291295	0.0542508	0.346658	1.866473	2.233422
10284	-1033.341	-1246.551	213.21	1.120833	0.165261	0.475914	0.0515744	0.307251	1.886786	1.641703
10290	-1043.918	-1257.523	213.6045	0.6916072	0.0725988	0.26189	0.619482	0.0460297	1.718131	1.791572
10296	-1041.821	-1255.172	213.3506	0.7732183	0.139406	0.206557	0.505868	0.148168	1.60661	1.981561
10302	-1039.006	-1251.103	212.0965	1.241045	0.141851	0.0275137	0.625993	0.204642	1.838015	2.343824
10308	-1036.514	-1247.916	211.4022	2.039791	0.155039	0.0261666	0.704109	0.114686	1.966577	2.28111
10314	-1016.996	-1229.683	212.6877	0.8695286	0.128639	0.0495428	0.625255	0.196563	1.967413	2.114929
10320	-1033.015	-1246.232	213.2174	1.217974	0.407193	0.119601	0.403698	0.0695074	1.753777	1.665437
10326	-1029.449	-1242.7	213.2507	0.7154305	0.329544	0.161807	0.393385	0.115264	2.061556	1.781269
10332	-1013.812	-1226.403	212.5912	1.285355	0.410723	0.0342312	0.467445	0.0876005	1.733174	2.06512
10338	-1027.75	-1240.546	212.796	0.6589111	0.193944	0.196687	0.515042	0.0943265	1.700453	2.359762
10344	-1036.552	-1248.845	212.2928	1.536831	0.483323	0.0643722	0.180938	0.271366	2.003247	1.93548
10350	-1026.192	-1237.52	211.3282	1.226529	0.312511	0.0717991	0.537663	0.0780266	1.931849	2.771689
10356	-1021.628	-1233.901	212.2737	0.9379639	0.426233	0.135384	0.418526	0.0198571	1.689425	2.511851
10362	-1026.594	-1239.32	212.7262	1.471972	0.394557	0.0747882	0.512274	0.0183814	1.932756	1.724151
10368	-1018.478	-1231.266	212.7887	1.014242	0.281228	0.216998	0.365133	0.136641	2.045735	1.897585
10374	-1022.682	-1235.85	213.1671	0.7575163	0.26896	0.14961	0.476617	0.104813	1.931285	1.897585
10380	-1029.942	-1242.646	212.704	1.103656	0.204296	0.335814	0.0651053	0.394785	2.068748	1.879737
10386	-1020.127	-1232.507	212.3807	1.535502	0.0706583	0.298644	0.151516	0.479182	2.192043	1.746239
10392	-1021.969	-1234.872	212.9029	1.479472	0.0647846	0.3244	0.171467	0.439348	2.274818	1.332755
10398	-1015.038	-1228.54	213.5019	0.7602195	0.315239	0.289241	0.324176	0.071345	2.29336	1.393295
10404	-1023.774	-1236.72	212.9462	1.805101	0.341324	0.032351	0.351	0.275325	2.449583	0.8829956
10410	-1014.006	-1227.294	213.288	0.9600783	0.475385	0.0685298	0.230102	0.225983	2.419091	1.29894
10416	-1015.918	-1228.733	212.8153	1.424169	0.451747	0.0651222	0.218661	0.26447	2.456654	1.295711
10422	-1024.081	-1237.101	213.0204	1.052914	0.500741	0.0721851	0.242376	0.184698	2.270301	1.548753
10428	-1017.502	-1231.099	213.5965	1.14273	0.400531	0.121562	0.28419	0.193716	2.098531	1.157163
10434	-1014.966	-1227.829	212.8629	1.237512	0.334079	0.112119	0.375136	0.178667	2.281239	1.526137
10440	-1009.868	-1222.651	212.7829	1.808368	0.43218	0.0947483	0.336477	0.136595	2.21438	1.257937
10446	-1011.517	-1225.25	213.7329	0.8943956	0.303184	0.126339	0.448662	0.121815	2.106513	1.24506
10452	-1021.946	-1236.06	214.114	0.7880628	0.272982	0.369187	0.14954	0.20829	2.339399	0.7183088
10458	-1034.461	-1248.461	213.9993	0.8503933	0.263919	0.374718	0.151016	0.210346	2.163494	0.9929236
10464	-1015.455	-1229.232	213.777	0.8392979	0.164867	0.0836128	0.703503	0.0480172	2.407594	0.9825262
10470	-1008.188	-1221.466	213.2781	0.660722	0.238746	0.384786	0.289855	0.0866136	1.887198	1.921649
10476	-1012.005	-1225.733	213.728	0.743003	0.157279	0.234662	0.385827	0.222232	2.054878	1.417027
10482	-1004.277	-1217.703	213.426	0.9247794	0.220832	0.162422	0.522134	0.0946116	2.027716	1.52316
10488	-1015.899	-1229.27	213.3714	0.8575286	0.169598	0.175683	0.564765	0.089953	2.105755	1.556993
10494	-1026.4	-1240.12	213.7197	0.73829	0.274662	0.303173	0.237955	0.18421	1.957089	1.501483
10500	-1012.43	-1225.595	213.1656	1.173219	0.415078	0.12237	0.344596	0.117957	2.352407	1.282541
10506	-1009.68	-1223.676	213.9963	0.6717072	0.194361	0.164468	0.463144	0.178027	2.123806	1.205118
10512	-1002.075	-1215.861	213.786	0.821352	0.284006	0.240326	0.332263	0.143406	2.176363	1.205118
10518	-1001.159	-1215.08	213.9211	0.6914996	0.284006	0.240326	0.332263	0.143406	2.08976	1.279024
10524	-1021.131	-1234.21	213.0794	0.7263071	0.445215	0.220796	0.096035	0.237954	1.896184	2.002347
10530	-1004.814	-1218.28	213.4657	0.8830587	0.478074	0.161408	0.121475	0.239043	1.960188	1.575257
10536	-1014.276	-1226.992	212.7164	0.8507407	0.423079	0.286824	0.131189	0.158908	2.009732	2.081078
10542	-1032.593	-1246.538	213.9451	0.5117357	0.168626	0.205453	0.464355	0.161565	2.116145	1.388944
10548	-1030.458	-1243.936	213.478	0.890016	0.112608	0.257672	0.521827	0.107893	2.111682	1.447528
10554	-1025.964	-1237.94	211.9764	1.229225	0.321434	0.124037	0.412621	0.141908	1.75861	2.476686
10560	-1008.78	-1222.852	214.0716	0.8244864	0.189397	0.254945	0.451155	0.104503	2.131099	0.9798392
10566	-1016.421	-1230.426	214.0049	0.8358432	0.246916	0.268037	0.33781	0.147238	2.103599	1.060658
10572	-1008.087	-1222.181	214.0942	0.7171414	0.301726	0.226429	0.402698	0.0691466	2.233072	0.9679078
10578	-1000.812	-1214.58	213.7681	0.989081	0.217932	0.189205	0.348813	0.244049	2.353387	0.8856026
10584	-1003.282	-1216.385	213.1034	1.781768	0.308798	0.0900209	0.314572	0.28661	2.178805	1.022296
10590	-1006.997	-1220.711	213.7136	0.4249364	0.189793	0.189909	0.587418	0.0328803	2.044077	1.676362
10596	-1011.639	-1225.24	213.6009	0.620306	0.157064	0.134511	0.466393	0.242032	1.894338	1.723703
10602	-1024.141	-1237.325	213.1834	1.906151	0.544789	0.081879	0.211918	0.161414	2.139401	0.8762478
10608	-1017.293	-1230.685	213.3915	1.660382	0.341063	0.0701093	0.420759	0.168069	2.205865	0.7761477
10614	-1015.324	-1228.596	213.2713	1.732559	0.331923	0.0330366	0.551605	0.0834354	2.33286	0.6692548
10620	-1018.378	-1228.714	210.3365	4.090665	0.296425	0.237127	0.0287327	0.437715	2.02444	2.137066
10626	-1029.146	-1239.835	210.6891	3.760258	0.301106	0.278068	0.0336935	0.387132	1.839453	2.137066
10632	-1004.866	-1217.989	213.1232	1.786095	0.295811	0.012121	0.586445	0.105623	2.393265	0.7457039
10638	-1024.659	-1238.125	213.4665	1.426202	0.444374	0.0979464	0.308077	0.149602	2.27836	0.8440829
10644	-1036.216	-1249.894	213.6777	1.168438	0.275038	0.0606223	0.569647	0.0946926	2.247775	0.9088615
10650	-1024.207	-1238.23	214.0234	0.8154311	0.363446	0.0532295	0.500179	0.083145	2.433255	0.6600234
10656	-1022.712	-1236.717	214.0052	0.7271337	0.385125	0.0564046	0.475702	0.0827683	2.317658	0.9615347
10662	-1009.61	-1223.676	214.0654	0.8110271	0.0270426	0.686673	0.177367	0.108917	2.114912	1.016329
10668	-1015.24	-1228.806	213.5663	0.7845623	0.0566226	0.350859	0.309414	0.283104	1.945188	1.587682
10674	-1008.9	-1221.81	212.9092	1.478701	0.25854	0.139525	0.278122	0.323812	1.856644	1.643955
10680	-993.3752	-1205.777	212.4014	1.758612	0.240415	0.168174	0.258624	0.332786	1.892211	1.812039
10686	-985.1537	-1197.312	212.1582	1.370374	0.184127	0.1303	0.299802	0.385772	1.622584	2.366375
10692	-992.7936	-1206.403	213.6098	0.5817169	0.242428	0.237742	0.401428	0.118402	1.874074	1.760109
10698	-992.563	-1204.464	211.9014	0.5581851	0.252557	0.316748	0.350085	0.0806096	1.46981	3.113935
10704	-1001.432	-1214.699	213.2662	0.6635224	0.279941	0.342312	0.290632	0.0871153	1.52531	2.167224
10710	-1010.33	-1223.449	213.1192	0.8451611	0.124976	0.661028	0.132916	0.0810802	1.558527	2.116661
10716	-1012.543	-1224.57	212.0269	0.8900942	0.372489	0.0845094	0.418004	0.124998	1.628591	2.732192
10722	-997.985	-1209.852	211.8673	0.9991311	0.34069	0.00458507	0.610263	0.044462	1.677512	2.732192
10728	-1017.87	-1228.836	210.9659	0.9143346	0.350372	0.00471537	0.355538	0.289375	1.382616	3.496578
10734	-1015.797	-1226.266	210.4689	1.398694	0.499277	0.0411389	0.221031	0.238553	1.6243	3.375072
10740	-1027.252	-1237.371	210.119	3.437775	0.253691	0.0504255	0.600719	0.0951643	1.810037	2.626279
10746	-1019.716	-1229.056	209.3396	3.598287	0.413961	0.0792959	0.152284	0.354459	1.496021	3.23337
10752	-1037.332	-1248.675	211.343	1.873085	0.433355	0.0480713	0.0529953	0.465578	1.496021	2.692135
10758	-1015.847	-1227.74	211.8929	1.101672	0.281566	0.168159	0.418114	0.132161	1.616181	2.692135
10764	-1008.172	-1219.852	211.6796	1.453815	0.362311	0.117189	0.390984	0.129516	1.598675	2.634375
10770	-1027.285	-1235.618	208.333	3.384176	0.351176	0.0579431	0.378968	0.211912	1.456182	3.910058
10776	-1020.119	-1231.115	210.9956	1.895986	0.441536	0.0812928	0.219067	0.258105	1.52518	2.875331
10782	-1027.316	-1239.192	211.8754	0.7528688	0.273061	0.0810769	0.357482	0.28838	1.420445	3.036395
10788	-1012.925	-1223.031	210.1065	2.663623	0.289646	0.199385	0.223186	0.287783	1.682759	2.991149
10794	-1018.107	-1227.893	209.7861	3.169608	0.345646	0.170364	0.298768	0.185221	1.899982	2.867453
10800	-1023.12	-1234.17	211.0494	1.126039	0.382439	0.099429	0.330571	0.187561	1.817105	3.066752
10806	-1031.671	-1243.179	211.5079	1.126039	0.39509	0.102331	0.301494	0.201085	1.791166	2.806076
10812	-1028.072	-1241.521	213.4492	0.626435	0.10013	0.459318	0.336237	0.104316	1.806905	1.884664
10818	-1030.161	-1241.461	211.3005	0.8329428	0.139711	0.16626	0.335732	0.358297	1.858564	3.067932
10824	-1028.567	-1240.106	211.5391	0.9511805	0.228625	0.272072	0.367077	0.132226	1.732365	2.927571
10830	-1024.047	-1236.014	211.9672	0.6667939	0.0354928	0.309762	0.598587	0.0561586	1.573547	2.944029
10836	-1023.845	-1236.781	212.9357	0.5703403	0.264497	0.370473	0.351602	0.0134285	1.99925	2.137629
10842	-1019.648	-1233.838	214.1903	0.553698	0.302971	0.215455	0.471362	0.0102124	2.027031	1.22786
10848	-1016.943	-1229.617	212.6743	1.003064	0.305528	0.133542	0.47534	0.0855901	1.981877	2.024741
10854	-1020.72	-1233.492	212.7712	0.9185264	0.300278	0.134551	0.478934	0.0862371	1.888824	2.078628
10860	-1025.557	-1238.875	213.3182	0.5451863	0.250812	0.108004	0.58813	0.0530536	2.049269	1.866607
10866	-1015.8	-1228.889	213.0892	0.8188519	0.172078	0.312643	0.472642	0.0426358	1.989483	1.86719
10872	-1026.214	-1238.795	212.5815	1.00488	0.469432	0.0947505	0.391446	0.044371	2.112618	1.998295
10878	-1018.927	-1231.165	212.238	0.9139918	0.317719	0.194231	0.29219	0.19586	2.047111	2.324252
10884	-1016.823	-1229.337	212.5141	0.9560883	0.334153	0.244438	0.21542	0.20599	2.180477	2.030564
10890	-1031.132	-1241.776	210.6432	6.104568	0.401555	0.0429858	0.176805	0.378654	1.692064	1.558586
10896	-1027.481	-1239.832	212.351	1.977133	0.218806	0.0474187	0.316072	0.417703	1.833786	1.769633
10902	-1025.697	-1238.496	212.799	1.136899	0.185528	0.279786	0.0758543	0.458831	1.547951	2.141853
10908	-1032.717	-1242.946	210.2282	1.25215	0.368457	0.216947	0.0588176	0.355779	1.430659	3.705529
10914	-1026.702	-1236.721	210.0194	2.132601	0.232866	0.374144	0.0189584	0.374031	1.277427	3.496503
10920	-1019.465	-1231.584	212.1186	1.900874	0.232866	0.374144	0.0189584	0.374031	1.695809	2.059853
10926	-1024.258	-1237.348	213.0906	1.704327	0.17255	0.277234	0.380763	0.169453	1.654485	1.520567
10932	-1028.625	-1242.454	213.8287	0.8752789	0.255205	0.267942	0.155794	0.321059	1.929476	1.327599
10938	-1037.049	-1250.402	213.3533	0.9869789	0.135678	0.366028	0.164488	0.333806	1.972184	1.571407
10944	-1035.046	-1248.457	213.4107	0.5936099	0.093576	0.370009	0.398419	0.137996	1.799669	1.939007
10950	-1035.427	-1249.855	214.4277	0.6043391	0.107519	0.444588	0.225467	0.222427	2.15958	0.8060733
10956	-1041.345	-1255.605	214.2598	0.6142659	0.582378	0.0765275	0.26781	0.0732849	2.078756	1.064022
10962	-1024.543	-1238.363	213.8201	0.9799893	0.323352	0.0500932	0.580882	0.045672	2.156429	1.045783
10968	-1017.057	-1231.074	214.0177	0.8366835	0.317989	0.0515708	0.598016	0.0324247	2.25201	0.8943391
10974	-1022.641	-1236.987	214.346	0.5467509	0.237007	0.367285	0.282106	0.113602	2.228645	0.8943391
10980	-1013.586	-1227.519	213.9332	0.8364617	0.0906512	0.209198	0.597496	0.102656	2.279973	0.9560746
10986	-1012.198	-1225.621	213.423	1.486147	0.145778	0.382607	0.215006	0.256609	2.413659	0.6078654
10992	-1017.929	-1231.706	213.7766	1.06197	0.224521	0.547486	0.0671795	0.160813	2.419138	0.6807484
10998	-1007.161	-1220.723	213.5614	1.080352	0.191228	0.409495	0.0648873	0.33439	2.230363	1.124856
11004	-1015.885	-1229.164	213.2788	1.576937	0.142225	0.631235	0.0236631	0.202877	2.180892	1.012859
11010	-1018.155	-1230.611	212.4564	1.702669	0.270926	0.0792866	0.390544	0.259243	1.946986	1.767231
11016	-1013.209	-1224.909	211.6997	1.775113	0.255048	0.0553996	0.272883	0.416669	2.013799	2.190319
11022	-1006.925	-1218.799	211.8742	1.650926	0.195647	0.465299	0.0623466	0.276707	1.595454	2.410513
11028	-1018.998	-1231.709	212.7109	1.300182	0.177616	0.386644	0.0832467	0.352494	1.664864	2.022051
11034	-1032.235	-1244.569	212.3338	1.838973	0.314171	0.322442	0.0694237	0.293963	1.548851	2.046549
11040	-1042.282	-1253.509	211.2267	2.844684	0.389927	0.19987	0.0783678	0.331835	1.624916	2.263611
11046	-1029.358	-1242.024	212.6658	1.191412	0.245588	0.158766	0.315795	0.279851	2.048515	1.862231
11052	-1024.649	-1237.015	212.3657	1.351136	0.13967	0.30278	0.468717	0.0888331	1.658006	2.222124
11058	-1021.973	-1234.184	212.2112	1.586542	0.216381	0.184965	0.461031	0.137623	1.753972	2.127026
11064	-1000.304	-1213.453	213.1487	0.7037215	0.183519	0.194624	0.485106	0.136751	1.909007	1.963467
11070	-1003.223	-1217.165	213.943	0.6672486	0.28601	0.170461	0.50028	0.0432492	1.904552	1.428982
11076	-1010.304	-1224.007	213.7025	1.077003	0.181764	0.337756	0.322958	0.157522	2.080821	1.135336
11082	-1001.485	-1214.89	213.4049	1.056689	0.481681	0.0780871	0.150957	0.289276	2.025284	1.441117
11088	-1019.665	-1232.353	212.6881	1.510625	0.354653	0.0905308	0.241355	0.313461	1.909474	1.743794
11094	-1006.246	-1219.776	213.5301	1.183789	0.290738	0.0270428	0.446074	0.236145	2.101569	1.1783
11100	-1000.206	-1213.781	213.5753	1.248411	0.254766	0.0539623	0.231741	0.459531	1.933177	1.231748
11106	-1011.343	-1224.963	213.6197	1.038365	0.242016	0.320962	0.304393	0.132628	2.043302	1.270873
11112	-1005.305	-1219.343	214.0382	0.6135531	0.358962	0.185537	0.417422	0.0380789	2.076299	1.261594
11118	-1005.649	-1219.263	213.6142	1.007652	0.412863	0.0632433	0.480102	0.0437917	2.185799	1.180928
11124	-1004.872	-1218.916	214.044	0.615595	0.320786	0.121715	0.493288	0.0642112	2.317025	1.041244
11130	-988.9174	-1202.696	213.7788	0.9754958	0.288795	0.147144	0.523012	0.0410479	2.375039	0.8637288
11136	-1001.694	-1215.307	213.613	1.174462	0.266552	0.149767	0.48273	0.100951	2.37343	0.8303301
11142	-995.0844	-1209.221	214.1367	0.6609165	0.069495	0.260974	0.561201	0.10833	2.371928	0.8303301
11148	-1010.331	-1224.601	214.2698	0.5991467	0.216871	0.420989	0.230382	0.131758	2.371928	0.7362687
11154	-1044.683	-1256.236	211.5529	0.6782237	0.265631	0.259104	0.387918	0.0873465	1.748415	3.080291
11160	-1027.597	-1240.724	213.1276	0.6782237	0.280689	0.116631	0.512185	0.0904946	2.075292	1.883609
11166	-1020.324	-1233.247	212.9227	0.6118364	0.280689	0.116631	0.512185	0.0904946	1.914769	2.172833
11172	-1017.052	-1229.188	212.1361	1.162343	0.41627	0.145103	0.325289	0.113338	2.138924	2.172833
11178	-1022.021	-1233.262	211.2408	1.676885	0.404749	0.0313258	0.274604	0.289321	2.072268	2.495449
11184	-1017.315	-1230.894	213.5794	1.369356	0.448455	0.0411927	0.387746	0.122607	2.234878	0.8204671
11190	-1005.166	-1218.97	213.8033	1.129627	0.409286	0.124937	0.353879	0.111898	2.253455	0.7946763
11196	-1042.383	-1255.439	213.056	1.779176	0.0598596	0.332667	0.309524	0.297949	2.403996	0.8307078
11202	-1035.742	-1249.187	213.4449	1.356788	0.0983538	0.322381	0.478877	0.100388	2.455093	0.7131913
11208	-1024.065	-1238.391	214.326	0.574343	0.243154	0.115788	0.517276	0.123782	2.387469	0.6545232
11214	-1014.716	-1228.81	214.0936	0.7203838	0.244613	0.241785	0.402664	0.110938	2.434029	0.7135108
11220	-1015.256	-1229.145	213.8886	0.9179643	0.217191	0.412134	0.220481	0.150194	2.471896	0.6385227
11226	-1000.932	-1214.89	213.9584	0.8492981	0.19801	0.391532	0.267983	0.142475	2.462152	0.6617732
11232	-996.0471	-1209.862	213.8153	1.12335	0.238618	0.471828	0.151185	0.13837	2.266354	0.7686025
11238	-1008.145	-1221.881	213.7362	1.12335	0.239306	0.0798174	0.427631	0.253245	2.256986	0.8811645
11244	-1018.226	-1232.552	214.3266	0.5823148	0.285267	0.0654503	0.509761	0.139522	2.256986	0.8402008
11250	-1013.34	-1227.209	213.8688	1.06464	0.468313	0.0231247	0.273632	0.23493	2.215862	0.8402008
11256	-1026.461	-1240.328	213.8666	1.06464	0.48288	0.0218585	0.383603	0.111659	2.36238	0.5980941
11262	-1014.429	-1228.668	214.2395	0.604377	0.222918	0.068277	0.549973	0.158832	2.465251	0.5980941
11268	-1021.975	-1236.254	214.2785	0.6455935	0.170853	0.222789	0.42152	0.184838	2.305477	0.749736
11274	-1014.012	-1228.391	214.3793	0.5929913	0.12139	0.498714	0.276942	0.102954	2.253343	0.7597545
11280	-1014.105	-1228.397	214.2923	0.5925026	0.108142	0.348839	0.41562	0.1274	2.434771	0.5624215
11286	-1001.046	-1215.477	214.4305	0.5846894	0.121169	0.0926863	0.673217	0.112928	2.291593	0.6078667
11292	-1018.897	-1233.046	214.1491	0.5846894	0.218542	0.0625084	0.672705	0.046244	2.407329	0.8698932
11298	-1014.564	-1228.709	214.1447	0.6344216	0.211387	0.0931034	0.650681	0.0448288	2.215196	1.023111
11304	-1015.601	-1230.026	214.4248	0.5441392	0.168524	0.259252	0.518577	0.0536471	2.189872	0.8505163
11310	-1018.291	-1232.533	214.2423	0.7502548	0.235678	0.134936	0.567823	0.0615629	2.155468	0.8505163
11316	-1019.381	-1233.707	214.3255	0.7432242	0.11139	0.401098	0.304517	0.182996	2.191169	0.6906819
11322	-1003.451	-1217.733	214.2816	0.7541787	0.0982997	0.471478	0.268732	0.161491	2.212178	0.7104251
11328	-1013.328	-1227.113	213.7853	1.029939	0.207022	0.326911	0.343991	0.122076	2.48387	0.5781271
11334	-1012.872	-1226.644	213.7716	0.9797291	0.290306	0.10937	0.460005	0.14032	2.548061	0.5769973
11340	-995.2788	-1209.21	213.9317	0.9379437	0.348356	0.109749	0.463257	0.0786382	2.430243	0.5769973
11346	-1003.699	-1218.036	214.3373	0.6291225	0.161498	0.362352	0.430454	0.0456951	2.27435	0.7339509
11352	-1008.389	-1222.373	213.984	0.956311	0.0953679	0.391235	0.411913	0.101485	2.286015	0.7339509
11358	-1034.166	-1247.537	213.3712	1.544286	0.0372286	0.202435	0.620765	0.139571	2.339778	0.7524671
11364	-1025.737	-1239.344	213.6066	1.400394	0.0316315	0.423376	0.416812	0.128181	2.175059	0.8267088
11370	-1024.406	-1238.52	214.1139	0.8003653	0.0606606	0.416848	0.209969	0.312522	1.971731	1.116068
11376	-1019.726	-1233.176	213.4499	1.128426	0.126088	0.34011	0.203377	0.330426	2.125445	1.270649
11382	-1021.64	-1235.36	213.7193	1.049031	0.190312	0.239452	0.356053	0.214182	2.523269	0.6035564
11388	-1033.923	-1247.973	214.0494	0.644347	0.0746172	0.410798	0.402908	0.111676	2.630084	0.4920883
11394	-1023.73	-1236.856	213.1262	1.579347	0.0946151	0.432193	0.0799023	0.39329	2.258979	1.082206
11400	-1027.754	-1241.028	213.274	1.565454	0.0205775	0.40652	0.202975	0.369928	2.172997	1.034729
11406	-1027.042	-1239.812	212.7698	1.565454	0.0909361	0.450998	0.11211	0.345956	2.174795	1.4571
11412	-1024.848	-1238.445	213.5967	1.27611	0.228449	0.436583	0.184622	0.150346	2.434728	0.5860805
11418	-1015.784	-1229.818	214.0337	0.7680141	0.415532	0.151659	0.30423	0.12858	2.501767	0.5860805
11424	-1020.444	-1234.467	214.0232	0.7680141	0.23068	0.0993564	0.517017	0.152946	2.512323	0.5860805
11430	-1032.089	-1245.559	213.4707	1.113318	0.177837	0.516341	0.206475	0.0993475	1.804752	1.516279
11436	-1020.127	-1233.978	213.8513	0.6985019	0.455548	0.313363	0.150833	0.080256	1.899776	1.477297
11442	-1000.128	-1213.244	213.116	0.8584581	0.32669	0.234733	0.36585	0.0727266	2.001829	1.812037
11448	-1022.154	-1234.673	212.5191	0.8779165	0.25926	0.26847	0.422945	0.0493255	1.840417	2.300432
11454	-1031.726	-1245.486	213.7607	1.110942	0.787552	0.0594416	0.149311	0.00369611	2.073988	1.057734
11460	-1012.66	-1226.184	213.5244	1.308628	0.460864	0.220039	0.266245	0.0528519	2.328869	0.8405252
11466	-1024.811	-1238.831	214.0207	0.8827272	0.451799	0.224114	0.271175	0.0529119	2.2255	0.8663
11472	-1019.3	-1233.132	213.8318	0.8660028	0.346568	0.0234566	0.589387	0.040588	2.431716	0.8663
11478	-1028.264	-1242.594	214.3299	0.5388295	0.424126	0.243341	0.259694	0.0728401	2.361374	0.7561166
11484	-1035.507	-1249.678	214.1716	0.6788915	0.356198	0.301819	0.280808	0.0611741	2.369454	0.7610438
11490	-1039.838	-1253.222	213.3843	0.6896107	0.220528	0.191243	0.100447	0.487782	2.072995	1.698708
11496	-1036.701	-1249.452	212.7511	0.7653925	0.211269	0.233736	0.163961	0.391034	2.165287	2.014293
11502	-1034.519	-1248.006	213.4865	0.6525401	0.308725	0.203488	0.265666	0.222122	2.26764	1.511581
11508	-1028.115	-1241.219	213.1036	1.072661	0.273069	0.126065	0.305803	0.295063	2.179184	1.540201
11514	-1033.062	-1245.987	212.9256	0.7678286	0.24522	0.113208	0.376602	0.26497	2.162834	1.896983
11520	-1028.509	-1242.412	213.9029	0.9642323	0.260624	0.235062	0.413648	0.0906656	2.041006	1.091312
11526	-1024.107	-1237.669	213.5622	0.938198	0.366383	0.281698	0.218369	0.13355	2.000231	1.43059
11532	-1007.516	-1221.468	213.9524	1.002798	0.23448	0.184	0.423984	0.157537	2.042897	1.00512
11538	-1028.174	-1242.466	214.2924	0.7511544	0.31892	0.155002	0.393368	0.13271	2.066393	0.8950558
11544	-1034.349	-1248.363	214.0142	0.9343151	0.159232	0.427773	0.265452	0.147543	2.068786	0.9864495
11550	-1016.268	-1230.377	214.1089	0.9227682	0.252677	0.268729	0.435742	0.0428511	2.16838	0.7737671
11556	-1006.876	-1220.758	213.882	1.078312	0.245437	0.441667	0.275971	0.0369248	2.258054	0.7471304
11562	-1009.961	-1222.339	212.3772	0.949835	0.307321	0.226456	0.323765	0.142458	1.901503	2.305057
11568	-1019.047	-1231.97	212.9234	1.182569	0.308041	0.402032	0.212094	0.0778336	1.923069	1.776856
11574	-1021.537	-1235.3	213.7639	0.6633463	0.095457	0.464806	0.352112	0.0876256	2.181132	1.356164
11580	-1014.182	-1228.054	213.8717	0.5676896	0.216978	0.44086	0.288187	0.0539745	2.421526	1.14981
11586	-1021.83	-1235.852	214.0228	0.6317755	0.181146	0.368057	0.433973	0.0168236	2.544173	0.7946393
11592	-1026.657	-1240.861	214.2036	0.6317755	0.319015	0.294567	0.347322	0.0390957	2.375223	0.7783609
11598	-1009.13	-1223.096	213.9654	0.6975143	0.21796	0.246623	0.489606	0.0458107	2.572507	0.7360849
11604	-1021.309	-1235.094	213.7851	0.6872804	0.25933	0.293434	0.394351	0.0528849	2.603934	0.9361169
11610	-1011.514	-1225.159	213.645	0.7977745	0.20711	0.234346	0.516309	0.0422357	2.290697	1.248422
11616	-1012.579	-1226.137	213.5583	0.7977745	0.225813	0.214958	0.520488	0.0387414	2.319244	1.296318
11622	-1019.457	-1232.684	213.2268	0.7467589	0.391201	0.169037	0.409297	0.0304652	2.120225	1.733865
11628	-1038.385	-1251.24	212.8556	1.1334	0.215684	0.20357	0.451496	0.12925	1.980466	1.81663
11634	-1034.848	-1247.84	212.9918	0.6926723	0.332134	0.0945437	0.512532	0.0607905	1.99269	2.020133
11640	-1049.666	-1263.772	214.1051	0.6210031	0.287332	0.218269	0.311666	0.182734	2.598666	0.5167214
11646	-1029.856	-1243.477	213.6212	1.163866	0.311284	0.428262	0.19188	0.0685746	2.528196	0.5180529
11652	-1020.555	-1234.925	214.3702	0.5715161	0.0959282	0.115418	0.60366	0.184994	2.377899	0.5662227
11658	-1032.29	-1246.303	214.0131	0.7842638	0.240689	0.174698	0.426211	0.158402	2.517662	0.4788718
11664	-1021.179	-1235.428	214.2493	0.5613981	0.110351	0.193791	0.504551	0.191307	2.515375	0.4689927
11670	-1026.11	-1238.641	212.5311	1.260103	0.31801	0.374116	0.117746	0.190128	1.654927	2.170892
11676	-1031.774	-1242.187	210.4137	0.9988114	0.40503	0.171575	0.147903	0.275492	1.505629	3.696189
11682	-1033.111	-1246.812	213.7009	1.26705	0.145436	0.231806	0.472044	0.150714	2.281636	0.7120484
11688	-1018.9	-1232.917	214.0175	0.9289276	0.278779	0.167005	0.419102	0.135114	2.281636	0.731903
11694	-1023.998	-1238.412	214.4145	0.5848477	0.248201	0.0970751	0.266464	0.38826	2.116941	0.8984554
11700	-1034.858	-1247.021	212.1626	1.484998	0.230541	0.336089	0.0358608	0.397509	1.832605	2.163946
11706	-1021.624	-1234.26	212.6358	0.8551315	0.199262	0.28078	0.30571	0.214248	1.97071	2.156414
11712	-1001.51	-1214.283	212.7729	0.8474316	0.358599	0.194577	0.166511	0.280312	1.845193	2.154051
11718	-1019.409	-1229.631	210.2216	4.038622	0.356194	0.0284047	0.336969	0.278432	1.664437	2.457194
11724	-1038.169	-1250.07	211.9012	1.53908	0.369366	0.013288	0.380318	0.237028	1.788185	2.330788
11730	-1021.791	-1234.676	212.885	1.237134	0.346046	0.0120804	0.329167	0.312707	1.874706	1.801458
11736	-1033.051	-1244.909	211.8576	1.872048	0.359216	0.0100896	0.13651	0.494184	1.875182	2.128118
11742	-1026.111	-1240.211	214.1003	0.6397873	0.146379	0.0496254	0.481917	0.322079	2.565423	0.6030761
11748	-1031.351	-1245.628	214.2771	0.5903326	0.575927	0.0813344	0.326472	0.0162665	2.42113	0.6514982
11754	-1034.035	-1248.032	213.9972	0.7429639	0.229394	0.146249	0.594725	0.0296321	2.512907	0.7027155
11760	-1016.872	-1231.042	214.1704	0.6393287	0.286036	0.168571	0.519508	0.0258845	2.459854	0.6839924
11766	-1015.329	-1228.747	213.4183	1.484192	0.332672	0.288286	0.267641	0.111402	2.417003	0.6161356
11772	-1010.94	-1224.704	213.7638	1.037083	0.351829	0.0886654	0.322542	0.236964	2.344697	0.8442658
11778	-1021.537	-1235.571	214.0335	0.9823599	0.304896	0.294543	0.279516	0.121046	2.014342	0.9727022
11784	-1014.487	-1226.713	212.2267	1.187015	0.373649	0.135463	0.342546	0.148342	2.029803	2.169621
11790	-1012.366	-1224.863	212.4969	1.187015	0.366927	0.133026	0.194219	0.305828	1.72828	2.189904
11796	-1006.614	-1218.648	212.0333	1.187015	0.27573	0.176379	0.142393	0.405498	2.170636	2.203645
11802	-1012.718	-1225.353	212.635	1.224706	0.441807	0.210005	0.191235	0.156953	1.823064	2.013826
11808	-1030.316	-1243.045	212.7282	1.411416	0.401544	0.111203	0.311304	0.175949	2.004886	1.709296
11814	-1022.542	-1235.815	213.2734	0.8946935	0.378993	0.166821	0.288118	0.166067	1.968031	1.699428
11820	-1008.097	-1220.418	212.3206	1.02288	0.294562	0.189502	0.32729	0.188646	1.941831	2.268555
11826	-1016.792	-1229.645	212.8527	0.5507841	0.279765	0.0959499	0.502089	0.122196	2.036979	2.180279
11832	-1018.172	-1229.725	211.5535	0.9120949	0.221805	0.182257	0.446288	0.14965	1.831464	2.883034
11838	-1027.089	-1239.339	212.2497	1.098347	0.44925	0.0583869	0.297552	0.194811	2.12459	2.148299
11844	-1022.91	-1236.044	213.1339	1.2524	0.447573	0.0390072	0.214582	0.298838	1.965958	1.548676
11850	-1017.864	-1230.414	212.5503	1.089153	0.231346	0.114105	0.273567	0.380983	1.915889	2.094068
11856	-1021.743	-1235.106	213.3635	0.9273617	0.369275	0.257581	0.134661	0.238483	2.051427	1.549944
11862	-1021.823	-1235.036	213.213	0.7166933	0.388052	0.161795	0.311648	0.138505	1.75019	2.017362
11868	-1028.234	-1239.55	211.3157	1.18116	0.356536	0.156515	0.334785	0.152163	1.563462	3.027643
11874	-1023.071	-1235.579	212.5086	0.9022431	0.101541	0.631199	0.190409	0.0768511	1.884108	2.263186
11880	-1014.811	-1227.042	212.2313	0.2667335	0.258701	0.24496	0.364066	0.132274	1.856235	2.82081
11886	-1024.172	-1236.763	212.5911	1.217462	0.263314	0.243435	0.361801	0.13145	1.742332	2.100618
11892	-1030.333	-1243.39	213.0574	0.9859082	0.260225	0.41238	0.126816	0.200579	1.882284	1.845077
11898	-995.2718	-1207.834	212.5621	1.433515	0.290025	0.345087	0.141339	0.223549	1.842954	1.922273
11904	-1010.334	-1221.867	211.5338	1.525724	0.239267	0.275817	0.250471	0.234444	1.901444	2.498209
11910	-1023.438	-1236.162	212.7241	1.535713	0.0709952	0.521202	0.111154	0.296648	1.69713	1.851045
11916	-1028.571	-1240.356	211.7844	2.071483	0.311203	0.298447	0.118779	0.271571	1.797289	2.128208
11922	-1038.716	-1251.699	212.9826	1.664542	0.209713	0.205928	0.0550451	0.529314	2.693706	0.3870847
11928	-1014.472	-1227.199	212.7275	1.622665	0.270317	0.398059	0.0792258	0.252398	2.963679	0.3581086
11934	-1019.375	-1232.906	213.5313	0.88717	0.295255	0.463421	0.066598	0.174726	2.85353	0.3718179
11940	-1026.538	-1239.892	213.3544	0.9875629	0.31133	0.134949	0.369482	0.184239	2.93759	0.386378
11946	-1017.819	-1231.646	213.8266	0.6062107	0.1958	0.254318	0.420152	0.129731	2.861116	0.3836797
11952	-1009.438	-1221.719	212.2802	2.039849	0.493487	0.0285796	0.143467	0.334467	1.693739	1.882468
11958	-1016.407	-1227.928	211.5214	2.273311	0.625644	0.0362332	0.0520779	0.286045	1.704544	2.264541
11964	-1032.081	-1242.676	210.5953	5.973568	0.131518	0.357902	0.246254	0.264326	1.836764	1.523915
11970	-1009.43	-1220.071	210.6406	5.973568	0.301713	0.552706	0.0967895	0.0487911	1.938499	1.412389
11976	-1006.64	-1220.007	213.3667	0.8877988	0.19718	0.485393	0.241639	0.0757881	2.096095	1.544522
11982	-1015.494	-1228.945	213.4511	0.8753486	0.190958	0.501631	0.234014	0.0733966	2.024485	1.544522
11988	-1023.492	-1236.693	213.2012	1.347537	0.361563	0.059731	0.469197	0.109509	2.186562	1.256776
11994	-1017.45	-1231.596	214.1464	0.7158058	0.172498	0.230932	0.521735	0.0748353	2.391843	0.7038708
12000	-1026.888	-1240.487	213.5987	0.9043351	0.130625	0.314756	0.486453	0.0681665	2.619376	0.8732288
12006	-1023.167	-1236.873	213.7054	1.07652	0.234277	0.334964	0.276613	0.154146	2.314577	0.9024937
12012	-1018.077	-1231.492	213.4154	0.9760404	0.173206	0.314398	0.367715	0.144681	2.186859	1.369864
12018	-1019.885	-1232.896	213.0111	1.048839	0.401982	0.174695	0.212889	0.210434	1.924757	1.804642
12024	-1013.499	-1227.016	213.5164	1.205385	0.155296	0.284615	0.300376	0.259713	1.823026	1.40068
12030	-1029.878	-1243.505	213.6268	0.8485098	0.0732271	0.473969	0.372843	0.0799615	2.078612	1.391266
12036	-1025.05	-1238.547	213.4974	0.8485098	0.0401794	0.49087	0.386138	0.0828128	2.095872	1.47737
12042	-1016.551	-1229.69	213.1384	0.8485098	0.0366355	0.452853	0.439355	0.071157	1.776727	1.957007
12048	-1028.269	-1241.019	212.7506	1.809458	0.0187898	0.462003	0.500653	0.0185544	1.822397	1.585311
12054	-1047.159	-1260.613	213.4548	0.8588882	0.0759245	0.455666	0.396785	0.0716241	2.127854	1.477289
12060	-1037.21	-1250.024	212.814	1.078292	0.354137	0.312477	0.232206	0.101181	2.037637	1.842673
12066	-1025.309	-1238.308	212.9991	0.8837444	0.205644	0.306591	0.341709	0.146056	2.048084	1.842673
12072	-1042.025	-1254.921	212.8968	1.591264	0.205992	0.534566	0.143374	0.116068	2.031483	1.452902
12078	-1033.677	-1247.247	213.5697	1.042858	0.425068	0.111746	0.303909	0.159276	2.066824	1.289009
12084	-1040.436	-1253.857	213.4217	1.024413	0.208061	0.450691	0.145112	0.196136	2.283435	1.247423
12090	-1024.457	-1237.914	213.4573	1.264616	0.307221	0.304018	0.256456	0.132306	2.32852	0.961976
12096	-1037.315	-1250.508	213.1935	0.7565769	0.229915	0.370877	0.237806	0.161402	2.059945	1.791944
12102	-1042.34	-1255.536	213.1954	1.166387	0.350707	0.120482	0.282613	0.246198	2.08691	1.472828
12108	-1046.757	-1260.085	213.3273	0.7875063	0.288619	0.247997	0.135556	0.327828	1.914121	1.777664
12114	-1032.735	-1247.087	214.3518	0.5233275	0.290251	0.186954	0.437873	0.084922	2.387772	0.7046076
12120	-1018.13	-1232.475	214.3445	0.4860568	0.20275	0.40541	0.258225	0.133615	2.49568	0.5384231
12126	-1011.597	-1225.887	214.2903	0.4549507	0.215385	0.326121	0.391548	0.0669462	2.581566	0.5239873
12132	-1020.255	-1233.644	213.389	1.214127	0.342576	0.21418	0.257149	0.186095	2.712211	0.5256303
12138	-1024.122	-1238.398	214.2764	0.5918513	0.069101	0.284364	0.407175	0.23936	2.454888	0.5437436
12144	-1031.044	-1244.448	213.4034	1.624967	0.110248	0.424035	0.108737	0.35698	2.294745	0.6573173
12150	-1026.589	-1240.243	213.6545	1.083861	0.153465	0.393108	0.122482	0.330944	2.492428	0.727986
12156	-1022.283	-1236.276	213.9932	0.7215127	0.179134	0.275032	0.433373	0.112461	2.58858	0.5951692
12162	-1013.28	-1227.231	213.9512	0.6097761	0.233815	0.159303	0.406828	0.200054	2.757627	0.4418538
12168	-1020.682	-1234.549	213.8668	0.7530257	0.177161	0.380878	0.384224	0.0577373	2.637475	0.6944265
12174	-1022.882	-1237.208	214.3262	0.4610056	0.172089	0.398604	0.373223	0.0560842	2.480598	0.6944265
12180	-1015.524	-1229.887	214.3634	0.4828448	0.339978	0.303548	0.309905	0.0465693	2.480598	0.5329837
12186	-1027.5	-1241.568	214.0681	0.6169766	0.359251	0.250784	0.244514	0.145451	2.600807	0.654265
12192	-1014.557	-1228.898	214.3405	0.5405936	0.179345	0.131884	0.660935	0.0278352	2.393434	0.6830576
12198	-1011.634	-1225.931	214.2974	0.5549794	0.224611	0.491378	0.26999	0.0140209	2.474039	0.5314059
12204	-1005.356	-1219.397	214.0412	0.5767389	0.373316	0.0950448	0.508335	0.0233036	2.701369	0.4386703
12210	-1019.138	-1233.367	214.2291	0.4666551	0.25346	0.116609	0.602318	0.027612	2.627072	0.5549113
12216	-1010.853	-1224.803	213.9509	0.7776856	0.268243	0.213089	0.495933	0.022735	2.5821	0.5549113
12222	-1005.014	-1218.633	213.6187	0.7268514	0.352706	0.150385	0.475127	0.0217812	2.875297	0.3097831
12228	-997.3412	-1210.99	213.6489	0.6930285	0.170283	0.488115	0.195845	0.145758	2.922136	0.3495904
12234	-1014.694	-1228.02	213.3265	1.006433	0.189706	0.393587	0.251322	0.165385	2.905471	0.333735
12240	-1022.002	-1235.093	213.0913	1.204097	0.0521094	0.557048	0.0322898	0.358553	1.616468	1.85854
12246	-1021.753	-1234.81	213.0569	1.193646	0.408796	0.268029	0.0155365	0.307639	1.678559	1.846332
12252	-1019.665	-1232.67	213.0052	1.871928	0.41852	0.239097	0.0274262	0.314956	1.888587	1.301995
12258	-1018.308	-1231.547	213.2391	1.003776	0.453467	0.320465	0.161633	0.0644345	1.898717	1.694504
12264	-1029.605	-1243.039	213.4344	0.9113409	0.0821879	0.328078	0.393106	0.196628	2.908738	0.3499797
12270	-1017.017	-1230.435	213.4181	0.7399675	0.0738452	0.21647	0.550748	0.158936	3.024335	0.282479
12276	-1008.438	-1222.161	213.7228	0.6101455	0.127433	0.304059	0.284214	0.284294	2.85698	0.282479
12282	-1007.973	-1221.017	213.0438	0.9418331	0.314005	0.0279996	0.462316	0.195679	3.159596	0.2647491
12288	-998.2858	-1211.568	213.2822	0.7127726	0.180794	0.15825	0.537447	0.123509	3.159596	0.2647491
12294	-1012.202	-1225.026	212.824	1.281349	0.247069	0.15397	0.478793	0.120169	3.075714	0.2797426
12300	-1005.592	-1219.049	213.457	0.6676351	0.152347	0.153311	0.476743	0.2176	3.066147	0.2851999
12306	-1010.06	-1222.016	211.9565	2.670842	0.0675117	0.218041	0.275321	0.439127	2.914752	0.3030056
12312	-1021.389	-1234.799	213.4096	0.9561177	0.0951412	0.516208	0.367146	0.0215048	2.868336	0.3292048
12318	-1019.313	-1232.484	213.1718	1.172734	0.254248	0.410453	0.332725	0.00257471	2.855314	0.297304
12324	-1005.921	-1219.733	213.812	0.5326647	0.183974	0.21142	0.602455	0.00215069	2.893353	0.3160206
12330	-1003.94	-1217.058	213.1176	1.120464	0.255257	0.192831	0.549482	0.00243056	2.972676	0.307284
12336	-998.3713	-1211.97	213.5989	0.6221575	0.290447	0.219414	0.482294	0.00784537	2.972676	0.2854162
12342	-990.1134	-1203.835	213.7214	0.5997041	0.285329	0.180549	0.473796	0.0603267	2.884949	0.2930332
12348	-1011.387	-1225.333	213.9453	0.5950523	0.0986928	0.167347	0.538639	0.195321	2.785875	0.4862716
12354	-1013.432	-1227.339	213.9065	0.6616778	0.35118	0.103725	0.486363	0.0587319	2.75102	0.4576083
12360	-1018.337	-1232.174	213.8367	0.9752853	0.368734	0.0406874	0.501353	0.0892255	2.45526	0.6612306
12366	-1001.343	-1215.627	214.2833	0.5231202	0.257978	0.188428	0.429339	0.124254	2.341599	0.8640069
12372	-1015.083	-1229.492	214.4099	0.5231202	0.138645	0.198548	0.51404	0.148767	2.234616	0.8403208
12378	-1003.272	-1217.418	214.1461	0.8400986	0.145535	0.268599	0.517604	0.0682623	2.276515	0.676553
12384	-1008.673	-1222.875	214.2024	0.7646307	0.1412	0.2606	0.502188	0.0960117	2.276515	0.7168933
12390	-1011.715	-1225.928	214.2124	0.7646307	0.140375	0.185747	0.628203	0.0456753	2.221733	0.7839868
12396	-1004.182	-1218.358	214.1757	0.7646307	0.16718	0.102174	0.452104	0.278542	2.059923	1.009826
12402	-999.2837	-1213.78	214.4962	0.4653168	0.104672	0.154889	0.566044	0.174396	2.117492	0.9407065
12408	-1008.434	-1222.556	214.1217	0.6770365	0.135224	0.267309	0.521859	0.0756082	2.000301	1.198738
12414	-988.4515	-1202.148	213.6964	0.7373265	0.148062	0.10651	0.675852	0.0695764	2.094753	1.415215
12420	-1015.922	-1230.265	214.3437	0.5280131	0.171904	0.32159	0.283822	0.222684	1.992643	1.147861
12426	-1003.144	-1216.899	213.7551	0.7157523	0.165744	0.310066	0.331244	0.192946	1.736502	1.654566
12432	-1013.865	-1226.322	212.4565	1.16755	0.182911	0.311028	0.193948	0.312114	1.841796	2.154445
12438	-1018.263	-1230.766	212.5027	0.7865476	0.233715	0.211005	0.331269	0.224012	1.674642	2.475875
12444	-1004.144	-1215.749	211.6052	1.010677	0.215116	0.235939	0.219327	0.329618	1.549843	2.961636
12450	-1003.614	-1216.178	212.5638	1.301654	0.239739	0.0411859	0.511172	0.207903	1.772693	2.047186
12456	-1016.756	-1229.378	212.6217	1.371203	0.351419	0.0400492	0.396956	0.211576	1.651837	2.047186
12462	-1015.192	-1228.02	212.8285	0.7107642	0.22492	0.0636469	0.599206	0.112228	1.96925	2.130553
12468	-1032.165	-1245.634	213.4684	1.282192	0.176549	0.260109	0.470342	0.0930007	1.900702	1.32066
12474	-1016.831	-1228.629	211.7986	0.9700998	0.337901	0.0591547	0.552948	0.0499964	1.500613	2.899256
12480	-1022.952	-1235.358	212.4069	0.9087105	0.529764	0.0991912	0.273705	0.09734	1.557031	2.529944
12486	-1011.813	-1224.207	212.3937	1.815757	0.402504	0.181087	0.221574	0.194835	1.691355	1.923451
12492	-1036.882	-1248.923	212.0407	1.180268	0.200061	0.228315	0.474784	0.096841	1.691355	2.507378
12498	-1036.96	-1250.53	213.5698	0.405645	0.190156	0.266435	0.451278	0.09213	1.729349	2.003029
12504	-1012.603	-1224.961	212.3581	0.5834688	0.0971696	0.398542	0.365048	0.13924	1.670383	2.700966
12510	-1009.43	-1222.376	212.9456	0.8235349	0.155738	0.323243	0.297851	0.223167	1.739963	2.126296
12516	-1015.96	-1229.32	213.3601	0.7755731	0.233972	0.288897	0.265139	0.211991	1.887776	1.781877
12522	-1022.056	-1235.269	213.2133	0.752865	0.101489	0.479517	0.277251	0.141743	1.888443	1.898669
12528	-1028.529	-1241.502	212.9727	1.25006	0.213097	0.275127	0.372113	0.139663	1.82921	1.763789
12534	-1022.524	-1235.655	213.1308	1.567319	0.0780882	0.646749	0.156554	0.118609	1.969441	1.334553
12540	-1024.89	-1237.662	212.7723	1.825408	0.0537458	0.445138	0.170928	0.330188	2.117454	1.334553
12546	-1015.829	-1229.503	213.6737	0.7979876	0.00367404	0.52521	0.0354301	0.435686	1.782954	1.617241
12552	-1012.353	-1225.734	213.3814	0.7979876	0.0206385	0.658378	0.208708	0.112275	2.029602	1.650197
12558	-1018.414	-1230.992	212.5782	0.5487133	0.0852602	0.273122	0.595041	0.0465764	1.691537	2.574431
12564	-1023.696	-1235.601	211.905	1.282209	0.0496964	0.232883	0.507374	0.210047	1.822245	2.450731
12570	-1020.509	-1232.479	211.9703	2.725812	0.115501	0.358695	0.247708	0.278097	1.781727	1.710505
12576	-1031.644	-1242.975	211.331	3.632109	0.157063	0.133673	0.313423	0.395841	1.842818	1.747587
12582	-1023.66	-1235.109	211.4488	3.097604	0.212826	0.217024	0.4247	0.145449	2.023508	1.747797
12588	-1027.106	-1240.103	212.9969	1.503707	0.195525	0.0795631	0.583166	0.141746	2.098714	1.381174
12594	-1018.69	-1231.845	213.1546	1.435798	0.251173	0.138601	0.445592	0.164634	2.000127	1.381174
12600	-1015.544	-1229.42	213.8755	0.7381775	0.392797	0.0547445	0.414331	0.138128	2.088808	1.276703
12606	-1022.325	-1236.301	213.9757	0.8686949	0.416831	0.187041	0.299653	0.0964741	1.934098	1.208008
12612	-1015.233	-1228.357	213.1239	1.50002	0.360349	0.106305	0.43392	0.0994257	2.240783	1.161709
12618	-999.4474	-1212.415	212.9674	2.146921	0.358292	0.299839	0.190879	0.15099	2.224003	0.8172266
12624	-1009.158	-1222.509	213.3506	1.703398	0.293194	0.288207	0.245489	0.17311	2.145772	0.860789
12630	-1007.604	-1221.981	214.3772	0.5240299	0.251364	0.146357	0.542576	0.0597033	2.409989	0.6005212
12636	-1011.075	-1225.272	214.1972	0.6305083	0.24169	0.394139	0.328071	0.0360999	2.485623	0.5793025
12642	-1010.987	-1224.876	213.8889	0.8444264	0.295946	0.445489	0.233546	0.0250183	2.574654	0.4502607
12648	-1000.603	-1214.587	213.984	0.8287555	0.175706	0.167852	0.460832	0.195609	2.495809	0.4502607
12654	-1007.26	-1220.648	213.3879	1.310722	0.128253	0.411262	0.268312	0.192173	2.619772	0.4502607
12660	-1013.217	-1227.357	214.1393	0.6219364	0.202681	0.223585	0.481997	0.0917365	2.563582	0.5152468
12666	-1022.903	-1236.702	213.799	0.9466368	0.432808	0.182158	0.201956	0.183078	2.563582	0.5254437
12672	-1021.57	-1235.543	213.9737	0.8734277	0.140743	0.178449	0.501458	0.17935	2.463852	0.5254437
12678	-1014.887	-1228.912	214.0248	0.7235212	0.148359	0.341365	0.405114	0.105162	2.545777	0.6207838
12684	-1014.549	-1228.651	214.1019	0.7235212	0.155642	0.057113	0.676921	0.110324	2.481716	0.5821976
12690	-1012.455	-1226.077	213.6222	1.099601	0.277169	0.0887581	0.46262	0.171452	2.577939	0.5805048
12696	-1015.568	-1229.193	213.6246	1.105939	0.22865	0.433595	0.278692	0.059063	2.578341	0.5379474
12702	-1015.474	-1228.726	213.2525	1.456186	0.0405621	0.644176	0.2383	0.0769621	2.587423	0.3671288
12708	-1015.72	-1229.344	213.6239	0.998596	0.0782142	0.508828	0.183452	0.229505	2.650783	0.3763033
12714	-1013.276	-1226.931	213.6547	0.8683525	0.0655055	0.34985	0.39243	0.192214	2.781283	0.4390771
12720	-1007.194	-1220.7	213.5059	0.9922361	0.0420024	0.402511	0.432238	0.123248	2.781283	0.3862124
12726	-1016.192	-1230.096	213.9038	0.6332445	0.16982	0.300963	0.350225	0.178992	2.756898	0.3862124
12732	-1005.661	-1219.154	213.4926	1.036277	0.189454	0.304549	0.354397	0.1516	2.750782	0.3862124
12738	-1019.538	-1232.413	212.8752	1.431068	0.15842	0.351188	0.317324	0.173067	2.965746	0.3416011
12744	-1013.546	-1226.828	213.2821	1.078453	0.179131	0.460534	0.225086	0.135249	2.911233	0.3728435
12750	-1025.178	-1238.372	213.1938	0.9979134	0.226844	0.286331	0.262591	0.224234	2.962485	0.2701619
12756	-1019.102	-1232.604	213.5021	0.6901526	0.260271	0.370214	0.12444	0.245074	2.968427	0.2674206
12762	-1028.001	-1241.314	213.3136	0.8631149	0.319384	0.34735	0.0673097	0.265956	2.975226	0.2674206
12768	-1018.059	-1230.927	212.8681	1.665083	0.20429	0.439741	0.0852131	0.270756	2.767352	0.3349096
12774	-1035.609	-1248.206	212.5977	1.794151	0.209508	0.450972	0.0618484	0.277672	2.922016	0.3237848
12780	-1021.561	-1235.076	213.5152	0.6884255	0.175425	0.251279	0.314882	0.258415	2.995088	0.2914504
12786	-1029.93	-1242.737	212.807	1.134437	0.165123	0.485919	0.045907	0.303052	3.2222	0.2743095
12792	-1024.787	-1237.685	212.8981	1.250121	0.199379	0.396636	0.288213	0.115772	3.056314	0.2973401
12798	-1016.764	-1230.051	213.287	0.8284985	0.277388	0.299416	0.223104	0.200093	3.083999	0.2973401
12804	-1017.164	-1231.164	214.0002	0.6446591	0.314715	0.230575	0.300623	0.154088	2.665985	0.4233684
12810	-1023.439	-1237.404	213.9657	0.625957	0.327731	0.269202	0.313056	0.0900103	2.731855	0.4726323
12816	-1010.869	-1224.876	214.0071	0.5879624	0.242576	0.309507	0.344431	0.103486	2.731855	0.4950251
12822	-1014.199	-1227.889	213.6892	0.9163252	0.144082	0.190756	0.594187	0.0709747	2.680295	0.6207592
12828	-1017.691	-1231.472	213.7808	0.8406444	0.130689	0.26598	0.538954	0.0643772	2.680295	0.5803733
12834	-1012.381	-1226.122	213.7413	0.9645851	0.254699	0.436888	0.16141	0.147003	2.60298	0.4736375
12840	-1007.469	-1221.53	214.0606	0.6033849	0.195589	0.335497	0.356027	0.112887	2.660295	0.5315915
12846	-1017.938	-1231.722	213.7843	0.809526	0.285263	0.146308	0.336251	0.232178	2.718969	0.5315915
12852	-1036.144	-1249.827	213.6824	0.7404259	0.297098	0.159009	0.326955	0.216938	2.873097	0.4015027
12858	-1026.503	-1240.11	213.6064	0.8504835	0.200878	0.359316	0.378528	0.0612789	2.816171	0.3716129
12864	-1018.14	-1232.094	213.9541	0.5423452	0.226406	0.466592	0.251909	0.0550928	2.809443	0.4007122
12870	-1015.782	-1229.447	213.6656	0.8076944	0.211397	0.170646	0.491215	0.126743	2.809443	0.3837474
12876	-1022.93	-1236.534	213.6035	0.8781114	0.350804	0.283179	0.266013	0.100003	2.809541	0.404546
12882	-1025.44	-1239.402	213.9621	0.5354621	0.217942	0.341134	0.320455	0.12047	2.809541	0.4027664
12888	-1038.378	-1252.488	214.1099	0.531958	0.162632	0.254561	0.49291	0.0898969	2.665315	0.4027664
12894	-1039.926	-1253.932	214.0059	0.6520956	0.225858	0.436365	0.271352	0.0664251	2.665315	0.4888119
12900	-1034.408	-1248.623	214.2149	0.6520956	0.0731936	0.369332	0.468481	0.0889936	2.455535	0.5230325
12906	-1032.197	-1246.192	213.9952	0.7927124	0.0828011	0.20161	0.529974	0.185614	2.519026	0.4373427
12912	-1026.152	-1240.158	214.0056	0.571624	0.0902001	0.215005	0.655896	0.0388987	2.686331	0.341638
12918	-1024.075	-1237.907	213.8319	0.6450873	0.228295	0.272586	0.458015	0.041104	2.782819	0.341638
12924	-1018.828	-1232.795	213.9664	0.5157831	0.415509	0.174211	0.320541	0.0897387	2.782819	0.341638
12930	-1003.752	-1217.41	213.6581	0.6983645	0.108827	0.408913	0.33435	0.147909	2.900152	0.341638
12936	-999.7177	-1213.186	213.4679	0.5365126	0.0770895	0.371454	0.417097	0.13436	3.096694	0.2338051
12942	-1002.267	-1215.197	212.9294	0.6872429	0.231227	0.238314	0.386386	0.144073	3.290428	0.1711375
12948	-1000.483	-1213.475	212.9919	0.6872429	0.211826	0.396783	0.261064	0.130327	3.290428	0.1887066
12954	-994.5112	-1207.703	213.1916	0.6088548	0.160214	0.357842	0.264931	0.217014	3.223347	0.2048063
12960	-1008.003	-1221.138	213.1345	0.5759312	0.257475	0.370612	0.274385	0.0975282	3.286271	0.1952419
12966	-992.5055	-1205.091	212.5855	0.7707412	0.138792	0.417216	0.308888	0.135104	3.493328	0.1582162
12972	-998.4312	-1211.124	212.6924	0.7406856	0.23472	0.377311	0.279345	0.108624	3.35931	0.1453979
12978	-994.8775	-1207.645	212.7676	0.6188861	0.260276	0.35795	0.336967	0.044807	3.465881	0.1568457
12984	-998.1615	-1210.816	212.6548	0.6188861	0.179173	0.386866	0.158711	0.275249	3.47627	0.1357188
12990	-1013.258	-1225.878	212.6191	0.4834064	0.288584	0.191106	0.34399	0.17632	3.615648	0.1293438
12996	-1021.833	-1234.4	212.5666	0.4834064	0.32796	0.115274	0.533762	0.023004	3.657724	0.1275329
13002	-1007.702	-1221.676	213.9734	0.8078772	0.102328	0.26976	0.384416	0.243497	2.399242	0.8056843
13008	-1019.414	-1233.143	213.7289	1.05191	0.0894634	0.451399	0.226874	0.232263	2.464484	0.7029586
13014	-1021.61	-1234.328	212.718	0.5166644	0.392439	0.217034	0.217931	0.172596	3.567134	0.1451069
13020	-1019.7	-1231.824	212.1234	1.065745	0.411944	0.227821	0.228763	0.131472	3.567134	0.1397169
13026	-1029.507	-1241.839	212.3315	0.8869159	0.327681	0.104546	0.466579	0.101193	3.536862	0.13931
13032	-1003.976	-1217.901	213.9251	0.766286	0.18762	0.281016	0.442625	0.0887397	2.619426	0.5572018
13038	-1005.273	-1218.821	213.548	0.9322606	0.194997	0.26365	0.362656	0.178697	2.822192	0.4384374
13044	-1006.979	-1221.062	214.0831	0.6868742	0.175344	0.562484	0.149073	0.113099	2.550797	0.4820709
13050	-1007.528	-1221.46	213.932	0.7944296	0.17734	0.614009	0.162728	0.0459232	2.5885	0.4842457
13056	-1006.407	-1220.458	214.0514	0.7945045	0.298237	0.24395	0.415989	0.041823	2.459306	0.5750267
13062	-1001.985	-1216.08	214.0954	0.7293321	0.231428	0.0656705	0.605785	0.0971166	2.487378	0.5606631
13068	-997.6722	-1211.872	214.1997	0.6953919	0.382212	0.108457	0.308756	0.200575	2.416153	0.5731466
13074	-1002.489	-1216.704	214.2151	0.699288	0.0753417	0.276723	0.588344	0.059591	2.393713	0.5837017
13080	-1004.753	-1218.908	214.1547	0.8048751	0.117795	0.43265	0.356386	0.0931692	2.342747	0.5837017
13086	-1003.012	-1217.18	214.168	0.7512963	0.106548	0.28431	0.451431	0.157711	2.321073	0.7232131
13092	-1000.048	-1213.286	213.2378	1.780226	0.0212425	0.298594	0.474111	0.206052	2.321073	0.6827181
13098	-1010.093	-1222.696	212.6035	2.733464	0.0798776	0.114311	0.667069	0.138743	2.158777	0.8579636
13104	-1008.414	-1222.48	214.0656	0.8780855	0.187616	0.329964	0.387822	0.0945977	2.177886	0.8751606
13110	-1011.088	-1224.76	213.6717	1.113964	0.0780119	0.474816	0.407533	0.0396394	2.151577	1.065761
13116	-1015.448	-1229.978	214.5297	0.5612756	0.0596345	0.406056	0.465154	0.0691553	2.168734	0.7083098
13122	-1020.702	-1234.825	214.1236	0.7595807	0.0785723	0.206598	0.440829	0.274001	2.306919	0.7962323
13128	-1034.916	-1248.771	213.8551	1.152801	0.361873	0.132675	0.329492	0.175961	2.185819	0.7860288
13134	-1009.793	-1221.529	211.7365	1.581289	0.338727	0.127475	0.14662	0.387178	1.609707	2.524365
13140	-1008.966	-1220.907	211.9403	2.513682	0.257498	0.163041	0.211698	0.367762	2.274062	1.473499
13146	-1019.391	-1232.772	213.3814	1.046917	0.275304	0.331824	0.038766	0.354105	2.125357	1.389367
13152	-1024.965	-1238.144	213.1795	0.9349818	0.407688	0.226366	0.0996543	0.266292	2.457262	1.375398
13158	-1024.087	-1237.242	213.1543	0.8391415	0.209598	0.135621	0.370106	0.284675	2.651233	1.319692
13164	-1029.641	-1242.369	212.7275	0.8391415	0.350597	0.175782	0.267995	0.205625	2.486568	1.7591
13170	-1035.449	-1248.399	212.9494	1.329627	0.217395	0.261117	0.0712144	0.450274	2.452849	1.258164
13176	-1027.784	-1239.89	212.1056	1.024912	0.120085	0.406065	0.102892	0.370958	1.871039	2.448654
13182	-1022.287	-1233.392	211.1045	1.687692	0.108725	0.448552	0.0329514	0.409772	1.971484	2.637166
13188	-1041.631	-1249.552	207.9211	7.296746	0.094343	0.485991	0.038668	0.380998	1.875214	2.932186
13194	-1038.007	-1248.361	210.3533	4.255707	0.0743227	0.38286	0.25373	0.289088	2.113351	2.014378
13200	-1031.232	-1241.604	210.3717	3.670642	0.204037	0.4751	0.0881745	0.232688	1.988275	2.276483
13206	-1029.39	-1241.148	211.7577	2.308188	0.352954	0.0530053	0.152528	0.441513	1.993306	1.902855
13212	-1029.654	-1242.131	212.4775	1.183721	0.573838	0.130197	0.146364	0.149601	2.170091	1.912537
13218	-1024.176	-1235.739	211.5628	1.418583	0.466367	0.105813	0.26539	0.16243	2.124971	2.39808
13224	-1017.002	-1228.936	211.9339	1.373041	0.464234	0.105329	0.264176	0.166262	1.97779	2.281456
13230	-1037.745	-1250.516	212.7704	1.480981	0.141532	0.35366	0.399152	0.105657	1.946144	1.677803
13236	-1033.802	-1247.244	213.4417	0.5698648	0.232635	0.191725	0.472544	0.103097	2.061697	1.755093
13242	-1016.018	-1228.166	212.148	1.21744	0.217019	0.169081	0.416734	0.197166	1.684796	2.422179
13248	-1018.455	-1230.754	212.2992	1.240043	0.093284	0.245255	0.408991	0.25247	2.066487	2.065486
13254	-1024.659	-1237.416	212.7569	1.988806	0.0445285	0.24766	0.333689	0.374123	1.899232	1.419206
13260	-1022.117	-1235.438	213.3216	0.807711	0.142266	0.200841	0.270607	0.386287	1.794091	1.849832
13266	-1016.03	-1228.849	212.8188	1.383272	0.0801703	0.599119	0.210684	0.110026	1.959407	1.695121
13272	-1021.352	-1233.913	212.5616	2.558298	0.0753177	0.172494	0.39219	0.359998	2.003493	1.166639
13278	-1025.266	-1239.264	213.9975	0.9133982	0.0976755	0.205887	0.229575	0.466863	2.14351	0.9484209
13284	-1032.846	-1246.069	213.2223	1.74695	0.177848	0.0678484	0.199212	0.555092	2.129903	0.9802293
13290	-1019.461	-1232.814	213.3534	1.783617	0.281578	0.146184	0.388691	0.183547	2.146268	0.773287
13296	-1024.709	-1238.116	213.4072	1.744606	0.271182	0.263435	0.293677	0.171706	2.044114	0.8745742
13302	-1022.178	-1236.474	214.2961	0.6046599	0.136299	0.244387	0.409618	0.209695	2.347173	0.7247319
13308	-1025.056	-1239.486	214.4302	0.6046599	0.114343	0.186324	0.468529	0.230804	2.129696	0.8404925
13314	-1021.256	-1234.632	213.3759	1.447276	0.121985	0.302683	0.294471	0.280861	2.36453	0.8265794
13320	-1009.9	-1223.381	213.4808	1.447276	0.0982718	0.144378	0.686471	0.07088	2.365484	0.6645473
13326	-1001.133	-1214.731	213.598	1.36177	0.112338	0.0821999	0.749012	0.0564504	2.211651	0.8349823
13332	-993.0822	-1205.78	212.698	2.586933	0.252928	0.331019	0.267539	0.148514	2.30462	0.6320677
13338	-990.7857	-1201.794	211.0082	5.597564	0.413761	0.100891	0.19815	0.287198	2.464155	0.6567546
13344	-1009.206	-1220.239	211.0331	5.458762	0.112005	0.12689	0.399895	0.361209	2.531874	0.5479099
13350	-1001.136	-1212.963	211.8267	3.725465	0.187688	0.139895	0.579977	0.0924408	2.541347	0.4901733
13356	-1004.397	-1216.332	211.9348	3.595262	0.322943	0.170583	0.0765627	0.429911	2.502403	0.5063197
13362	-1009.892	-1222.039	212.1465	3.211962	0.581132	0.0374215	0.0576626	0.323784	2.502403	0.5235359
13368	-1007.14	-1219.806	212.6662	2.179661	0.334772	0.208969	0.0887726	0.367486	2.63193	0.4239867
13374	-1001.698	-1213.763	212.0649	3.306188	0.271423	0.119719	0.155068	0.453789	2.525644	0.4485306
13380	-1007.631	-1219.627	211.9962	3.306188	0.373304	0.0886121	0.0590218	0.479062	2.598318	0.5303027
13386	-993.3364	-1206.827	213.4905	1.231809	0.0509198	0.447825	0.289614	0.211642	2.458658	0.8088894
13392	-983.9675	-1197.831	213.8632	1.093332	0.0451573	0.0909417	0.648488	0.215413	2.3012	0.6820114
13398	-993.591	-1207.296	213.7052	1.093332	0.363452	0.0967951	0.408491	0.131262	2.346366	0.8464063
13404	-989.1895	-1203.129	213.9399	0.8612064	0.145661	0.131314	0.554164	0.168861	2.345118	0.8464063
13410	-1002.149	-1216.021	213.872	0.8612064	0.2194	0.161007	0.335977	0.283617	2.407444	0.8531362
13416	-1023.511	-1237.533	214.0223	0.8649466	0.265793	0.25206	0.309668	0.172479	2.22389	0.8877062
13422	-1026.413	-1240.05	213.6375	1.151908	0.229368	0.217517	0.26723	0.285885	2.245441	0.9712141
13428	-1018.849	-1231.333	212.4834	2.689543	0.469294	0.266382	0.0414192	0.222904	2.322838	0.8383541
13434	-1028.356	-1242.151	213.7951	0.9022464	0.169186	0.371111	0.308271	0.151432	1.906954	1.350239
13440	-1013.065	-1226.038	212.9728	2.193675	0.0863972	0.501864	0.375491	0.0362471	2.287006	0.6574997
13446	-1008.818	-1222.423	213.6048	1.360463	0.0828469	0.481241	0.176794	0.259118	2.332642	0.6337727
13452	-1007.825	-1221.269	213.4448	1.5892	0.331033	0.437877	0.120757	0.110332	2.236788	0.739357
13458	-1001.507	-1215.302	213.7945	1.050725	0.322338	0.221034	0.38598	0.0706475	2.375765	0.7423235
13464	-992.9346	-1206.884	213.9498	0.844156	0.164863	0.267701	0.48936	0.0780758	2.498722	0.6085658
13470	-996.5437	-1210.749	214.2051	0.826556	0.239516	0.173895	0.473427	0.113162	2.23427	0.6715225
13476	-1014.717	-1229.008	214.291	0.7475965	0.278866	0.201503	0.497469	0.022162	2.261818	0.5994604
13482	-1007.888	-1222.198	214.3102	0.5736428	0.187417	0.135424	0.662265	0.0148944	2.241441	0.8888122
13488	-1003.981	-1218.161	214.1804	0.7331819	0.31431	0.156874	0.480765	0.0480511	2.225885	0.8619049
13494	-1016.124	-1228.558	212.4344	2.814441	0.152557	0.0336817	0.710034	0.103727	2.023375	1.116551
13500	-1026.643	-1239.824	213.1815	2.043557	0.128892	0.17005	0.530052	0.171006	2.005671	0.9122494
13506	-1023.227	-1237.062	213.8358	1.045191	0.219646	0.289783	0.19916	0.291412	1.861408	1.236819
13512	-1008.3	-1222.532	214.232	0.5530789	0.265957	0.286347	0.408148	0.0395482	2.026708	1.19318
13518	-1019.84	-1233.078	213.2377	1.560922	0.156402	0.196902	0.589569	0.0571273	2.026708	1.203472
13524	-1010.622	-1223.32	212.6986	2.013567	0.258689	0.343164	0.150672	0.247475	2.075742	1.311254
13530	-1026.94	-1239.397	212.4568	3.032348	0.183239	0.156603	0.518989	0.141169	1.852544	1.130823
13536	-1020.688	-1233.588	212.8999	1.008507	0.265459	0.0525166	0.540313	0.141711	1.664536	2.081746
13542	-1031.315	-1244.751	213.4354	1.062265	0.30304	0.134113	0.386378	0.176468	1.703834	1.652189
13548	-1026.32	-1240.373	214.0536	0.5716025	0.250857	0.247677	0.348881	0.152585	1.755449	1.534024
13554	-1010.63	-1224.891	214.2602	0.5418364	0.0719651	0.556897	0.291196	0.0799417	1.825614	1.345489
13560	-1041.708	-1254.335	212.6265	1.338834	0.0888836	0.372624	0.0515016	0.486991	1.561292	2.122772
13566	-1033.78	-1246.325	212.5448	1.726315	0.406919	0.226344	0.145629	0.221109	1.698109	1.864708
13572	-1026.036	-1239.35	213.314	1.561877	0.482901	0.130076	0.178807	0.208216	1.859223	1.279166
13578	-1011.447	-1225.281	213.8337	0.8901621	0.14808	0.131177	0.510764	0.209979	2.247708	1.032764
13584	-1017.388	-1231.254	213.8656	0.7055686	0.179116	0.249762	0.443532	0.12759	2.313437	1.122055
13590	-1020.521	-1234.537	214.016	0.729415	0.184181	0.490155	0.194465	0.131198	2.123639	1.134684
13596	-1017.306	-1230.75	213.4437	0.9869536	0.169996	0.452405	0.256505	0.121094	2.129985	1.383706
13602	-1012.001	-1225.761	213.7596	0.8517937	0.197368	0.173545	0.458378	0.170709	2.270073	1.1182
13608	-1006.875	-1220.73	213.8551	0.9467416	0.175939	0.167622	0.442733	0.213707	2.134465	1.065257
13614	-1013.152	-1226.558	213.4064	0.8282246	0.277541	0.121227	0.5091	0.0921318	2.192771	1.488845
13620	-1042.035	-1255.222	213.1862	1.671084	0.274224	0.117394	0.503016	0.105366	1.919613	1.259664
13626	-1027.477	-1241.491	214.0139	0.7946896	0.224067	0.168276	0.563263	0.044394	2.054909	1.136588
13632	-1028.857	-1242.786	213.9295	1.013799	0.186571	0.190981	0.469004	0.153444	2.088848	0.970679
13638	-1027.336	-1241.295	213.9591	1.013799	0.224036	0.265134	0.226562	0.284268	2.189402	0.8232092
13644	-1019.59	-1233.728	214.1382	0.8183445	0.128965	0.243486	0.515745	0.111804	2.196671	0.8399195
13650	-1000.697	-1214.913	214.2159	0.7165715	0.100795	0.216405	0.382423	0.300377	2.231384	0.8333084
13656	-1007.643	-1220.841	213.1985	1.889071	0.0698782	0.4933	0.228579	0.208242	2.237085	0.7459642
13662	-1026.211	-1239.678	213.467	1.451648	0.217026	0.160308	0.374969	0.247697	2.126229	0.9869213
13668	-1008.853	-1221.546	212.693	1.218019	0.198843	0.146877	0.427336	0.226944	1.945987	1.896444
13674	-1012.342	-1224.633	212.2909	1.873967	0.262301	0.31461	0.325826	0.0972632	1.748485	1.923545
13680	-1001.629	-1212.638	211.0088	1.772002	0.519133	0.15999	0.229796	0.091081	1.501271	2.940514
13686	-1017.702	-1229.467	211.7649	1.792584	0.38331	0.128856	0.352012	0.135821	1.509223	2.461385
13692	-1012.793	-1226.422	213.6297	0.792025	0.17431	0.531697	0.107276	0.186717	1.829963	1.61961
13698	-1016.789	-1230.222	213.433	0.9175835	0.304194	0.140694	0.377156	0.177956	1.593881	1.832789
13704	-1017.852	-1229.779	211.9266	1.176214	0.344854	0.0652139	0.420688	0.169244	1.648181	2.607502
13710	-1017.588	-1229.461	211.8725	1.296897	0.240761	0.0847405	0.534591	0.139907	1.577579	2.614976
13716	-1012.719	-1224.728	212.0091	0.7355117	0.25669	0.0939655	0.592788	0.0565561	1.638788	2.835236
13722	-1026.128	-1237.876	211.7482	0.5914248	0.270652	0.366549	0.354226	0.00857311	1.593036	3.111165
13728	-1016.423	-1227.687	211.2644	0.5782226	0.489024	0.213496	0.293856	0.00362381	1.677903	3.355273
13734	-1019.353	-1232.221	212.8676	0.6358403	0.457305	0.103416	0.349855	0.0894239	2.134467	2.048383
13740	-1032.162	-1246.373	214.211	0.6453221	0.217612	0.328303	0.312127	0.141958	2.095704	1.06318
13746	-1034.101	-1248.113	214.0122	0.828823	0.152978	0.306324	0.322797	0.217902	2.124099	1.041128
13752	-1031.759	-1246.038	214.2788	0.7212555	0.0473803	0.376894	0.307623	0.268102	2.20272	0.7819177
13758	-1022.392	-1236.583	214.1911	0.676189	0.174092	0.338102	0.277417	0.210389	2.348877	0.7667316
13764	-1006.051	-1218.743	212.6923	0.7854795	0.349343	0.0828288	0.488297	0.0795314	1.88059	2.225298
13770	-1016.588	-1230.761	214.1729	0.7383162	0.281134	0.485038	0.142775	0.0910527	2.204401	0.8894274
13776	-1017.469	-1231.397	213.9278	0.7383162	0.271261	0.339293	0.276423	0.113023	2.591929	0.6944038
13782	-1022.774	-1236.859	214.085	0.8253914	0.223737	0.305928	0.24924	0.221096	2.308156	0.7515051
13788	-1028.596	-1242.765	214.1688	0.7812971	0.215806	0.214846	0.342063	0.227284	2.271777	0.7495862
13794	-1022.245	-1235.972	213.7269	0.9766433	0.156391	0.445576	0.144213	0.25382	2.470868	0.8076143
13800	-1017.12	-1230.693	213.5727	1.373946	0.210373	0.236325	0.32652	0.226781	2.363841	0.6047301
13806	-1011.865	-1225.503	213.6372	1.016588	0.192207	0.213206	0.298324	0.296264	2.645961	0.5757319
13812	-1024.236	-1237.924	213.6881	1.065855	0.187077	0.476559	0.0120062	0.324358	2.555727	0.5226545
13818	-1028.793	-1242.204	213.4114	1.131782	0.207131	0.328805	0.104936	0.359128	2.751304	0.4108393
13824	-1028.036	-1241.671	213.6352	0.9094147	0.197138	0.366978	0.123949	0.311935	2.751304	0.4176651
13830	-1026.377	-1239.294	212.9169	1.640919	0.0236311	0.417406	0.150131	0.408832	2.800005	0.4354712
13836	-1021.326	-1234.203	212.877	1.68944	0.0300021	0.479249	0.232035	0.258713	2.800005	0.4354712
13842	-1020.16	-1233.796	213.6354	0.8909171	0.0266426	0.425584	0.203774	0.344	2.778918	0.4454358
13848	-1019.969	-1232.014	212.0445	2.722062	0.0739195	0.402958	0.187784	0.335339	2.87312	0.3911697
13854	-1008.472	-1221.678	213.2065	1.436387	0.177589	0.332257	0.188942	0.301212	2.686384	0.4410426
13860	-1007.671	-1220.236	212.5643	2.534381	0.180939	0.205761	0.204151	0.409149	2.502086	0.5147807
13866	-1005.386	-1218.239	212.853	2.110257	0.128009	0.315146	0.18231	0.374535	2.507358	0.521804
13872	-1008.073	-1221.244	213.171	1.623451	0.070753	0.456501	0.330972	0.141775	2.568538	0.521804
13878	-1012.532	-1225.333	212.8007	2.058385	0.042288	0.443505	0.464395	0.0498118	2.592283	0.4455322
13884	-993.3108	-1207.293	213.9822	0.7429408	0.118004	0.217935	0.573951	0.09011	2.592283	0.519372
13890	-1000.008	-1214.145	214.1373	0.5461865	0.124473	0.152148	0.674112	0.0492675	2.639803	0.4502026
13896	-996.0538	-1210.203	214.1494	0.521453	0.294338	0.165516	0.503357	0.0367879	2.642686	0.4170013
13902	-1005.973	-1219.375	213.4024	1.201891	0.342962	0.187429	0.371476	0.0981326	2.676803	0.3795156
13908	-1021.323	-1234.711	213.3874	1.30043	0.240166	0.131251	0.558149	0.070435	2.634707	0.4879549
13914	-1004.315	-1218.093	213.7774	0.8949314	0.181319	0.279598	0.426428	0.112655	2.638932	0.4879549
13920	-992.2478	-1206.409	214.1616	0.5487578	0.165492	0.186244	0.534364	0.1139	2.61681	0.4747997
13926	-1009.253	-1222.751	213.4979	1.219195	0.0860605	0.278409	0.503803	0.131728	2.585588	0.589036
13932	-1007.5	-1221.476	213.9762	0.8287888	0.136963	0.480959	0.326108	0.0559696	2.506085	0.5388216
13938	-1013.457	-1227.55	214.0931	0.5897908	0.0469092	0.398411	0.401203	0.153476	2.642904	0.5239747
13944	-997.6254	-1211.436	213.8108	0.8803723	0.247189	0.122681	0.611374	0.0187568	2.61859	0.4671393
13950	-990.5501	-1204.408	213.8577	0.8803723	0.0957453	0.152092	0.603114	0.149048	2.566719	0.5622887
13956	-1006.954	-1219.108	212.1545	3.042824	0.135756	0.235603	0.471794	0.156847	2.586745	0.5634086
13962	-1018.417	-1230.533	212.1161	3.171194	0.27081	0.0748349	0.135335	0.51902	2.479959	0.7233025
13968	-1021.186	-1231.73	210.5433	7.035982	0.272449	0.478918	0.0903655	0.158268	2.315898	0.7875967
13974	-1052.763	-1265.938	213.1749	1.220288	0.552712	0.0373518	0.393659	0.0162773	1.886792	1.59863
13980	-1019.131	-1232.904	213.7725	1.030647	0.138818	0.244018	0.351424	0.26574	2.367348	0.8127686
13986	-1029.271	-1243.157	213.8857	0.8144959	0.269723	0.228042	0.253892	0.248342	2.443308	0.8519717
13992	-1038.512	-1250.02	211.5083	1.587205	0.301367	0.0429242	0.579884	0.0758248	1.617343	2.657951
13998	-1029.164	-1241.628	212.4633	1.587205	0.101991	0.0382628	0.829578	0.0301684	1.835295	1.904894
14004	-1026.421	-1240.497	214.0759	0.6769013	0.306734	0.15009	0.264902	0.278274	2.464824	0.7646099
14010	-1032.69	-1246.499	213.8092	0.9983721	0.361662	0.0620824	0.296911	0.279344	2.066789	1.121996
14016	-1032.036	-1245.158	213.1221	1.111945	0.422572	0.0594692	0.19302	0.324939	2.429868	1.302819
14022	-1034.636	-1247.869	213.2328	1.111945	0.229089	0.425028	0.142839	0.203043	2.319101	1.302819
14028	-1041.888	-1255.85	213.9617	0.7763623	0.18025	0.224848	0.395535	0.199367	2.468703	0.7720123
14034	-1036.053	-1248.755	212.7025	2.115547	0.417039	0.0256937	0.30063	0.256638	2.650475	0.5484039
14040	-1029.101	-1241.15	212.0492	2.724939	0.389968	0.0209474	0.245095	0.34399	2.883794	0.4306559
14046	-1013.96	-1226.626	212.6657	1.938289	0.514399	0.00691612	0.320135	0.158549	2.823844	0.4944526
14052	-1030.905	-1244.044	213.1392	1.502377	0.265191	0.441141	0.041088	0.25258	2.32169	1.072766
14058	-1030.055	-1243.524	213.469	1.233029	0.265191	0.441141	0.041088	0.25258	2.350981	0.9568934
14064	-1015.171	-1229.016	213.8449	0.9778087	0.269061	0.447578	0.0270956	0.256265	2.350981	0.8085715
14070	-1013.832	-1227.368	213.5361	1.332725	0.323205	0.226442	0.283479	0.166874	2.359382	0.754393
14076	-999.6243	-1213.411	213.7871	1.005006	0.305444	0.102951	0.433901	0.157704	2.420538	0.754393
14082	-1007.501	-1220.972	213.4713	1.322751	0.317373	0.148319	0.23335	0.300958	2.473646	0.6885773
14088	-1017.812	-1232.164	214.3513	0.589258	0.31204	0.411323	0.195724	0.0809131	2.329194	0.6885773
14094	-1013.8	-1227.51	213.7102	1.053007	0.120054	0.42609	0.32287	0.130986	2.301988	0.9363303
14100	-1026.44	-1240.888	214.4477	0.4203932	0.155101	0.322892	0.420194	0.101813	2.185867	0.9635563
14106	-1036.693	-1250.447	213.7535	0.9629874	0.155101	0.322892	0.420194	0.101813	2.533246	0.694751
14112	-1009.44	-1221.876	212.4356	2.999206	0.113429	0.151571	0.563358	0.171643	2.145746	0.8784675
14118	-1013.6	-1226.837	213.2375	1.838646	0.162115	0.216628	0.375942	0.245315	2.1402	0.873422
14124	-998.9019	-1212.858	213.9563	0.9669529	0.18514	0.105363	0.429339	0.280158	2.216322	0.8516333
14130	-995.8412	-1209.731	213.8897	1.044163	0.197976	0.139839	0.529547	0.132638	2.185315	0.8759503
14136	-1010.63	-1224.765	214.135	0.7179	0.233784	0.100559	0.571696	0.0939605	2.24474	0.9109427
14142	-1004.417	-1218.619	214.202	0.7179	0.282991	0.23019	0.412284	0.0745344	2.271949	0.7969754
14148	-1005.104	-1219.076	213.9715	0.7821036	0.239092	0.194482	0.517251	0.0491749	2.338723	0.9128764
14154	-1001.989	-1215.648	213.6597	1.227319	0.373044	0.145555	0.446518	0.0348829	2.288775	0.815216
14160	-1024.817	-1239.24	214.4235	0.6217949	0.446568	0.174243	0.346579	0.0326105	2.151669	0.7976999
14166	-1009.835	-1224.298	214.4635	0.5186217	0.281648	0.249767	0.403429	0.0651564	2.234056	0.7767586
14172	-999.6153	-1213.683	214.0678	0.8309808	0.332367	0.385566	0.235163	0.0469037	2.351095	0.7007513
14178	-1011.182	-1225.494	214.312	0.5449655	0.264787	0.307169	0.390677	0.0373668	2.356866	0.7792108
14184	-1003.375	-1217.832	214.4569	0.4824293	0.306354	0.154535	0.520313	0.018799	2.292406	0.7540761
14190	-1018.887	-1233.362	214.475	0.4824293	0.400996	0.331391	0.159499	0.108114	2.274251	0.7540761
14196	-1023.885	-1237.649	213.7644	1.003583	0.417462	0.0909852	0.22739	0.264162	2.444898	0.7540761
14202	-1014.405	-1228.202	213.7976	0.8026099	0.31737	0.181462	0.193309	0.30786	2.157622	1.227833
14208	-1024.895	-1239.069	214.1742	0.7261266	0.209908	0.191013	0.434453	0.164626	2.064848	1.046083
14214	-1030.854	-1244.474	213.62	1.270303	0.214457	0.316222	0.21505	0.254271	2.37442	0.6859868
14220	-1030.318	-1243.736	213.4185	1.51968	0.247742	0.367842	0.0906802	0.293736	2.232258	0.8596789
14226	-1007.638	-1222.094	214.4555	0.5752138	0.229014	0.4619	0.220966	0.0881199	2.139067	0.8356803
14232	-1015.628	-1229.792	214.1642	0.9316307	0.0817598	0.629044	0.03166	0.257536	2.115484	0.7572654
14238	-1011.536	-1225.136	213.6003	1.348508	0.295182	0.328523	0.21192	0.164376	2.21891	0.8378932
14244	-1003.143	-1216.88	213.7366	1.191984	0.377788	0.0243171	0.267942	0.329952	2.349411	0.6491745
14250	-1017.227	-1231.343	214.1156	0.8021958	0.450539	0.0375442	0.366658	0.145258	2.360068	0.6491745
14256	-1016.183	-1230.229	214.0455	0.8270218	0.222426	0.110889	0.348853	0.317832	2.347435	0.7492317
14262	-1016.354	-1230.492	214.1385	0.8270218	0.43784	0.0783608	0.456991	0.0268085	2.254479	0.7492317
14268	-1039.038	-1252.998	213.9601	0.8118786	0.316927	0.0952151	0.555283	0.0325747	2.434644	0.7697286
14274	-1031.103	-1245.452	214.3481	0.5596343	0.289154	0.0330119	0.617999	0.0598349	2.312399	0.7697286
14280	-1038.81	-1253.174	214.3644	0.5771891	0.289154	0.0330119	0.617999	0.0598349	1.993054	1.082717
14286	-1040.811	-1255.178	214.3677	0.5771891	0.286624	0.0414728	0.612592	0.0593113	1.869692	1.190013
14292	-1041.476	-1254.323	212.8468	0.581265	0.355264	0.0273667	0.461203	0.156167	2.072429	2.140486
14298	-1044.168	-1256.825	212.6571	0.9476019	0.457421	0.106078	0.309753	0.126748	1.916834	2.115748
14304	-1024.79	-1238.235	213.4446	0.950217	0.1724	0.344192	0.397132	0.0862764	1.982544	1.523663
14310	-1042.312	-1255.211	212.8989	0.8598146	0.181103	0.281255	0.302278	0.235364	1.884531	2.037056
14316	-1034.044	-1247.039	212.9954	0.8598146	0.160908	0.361768	0.327477	0.149847	2.139243	1.799395
14322	-1026.114	-1239.3	213.1866	1.012679	0.210276	0.399196	0.309583	0.0809455	1.788383	1.802366
14328	-1031.669	-1245.844	214.1749	0.5946522	0.180775	0.343192	0.406443	0.0695895	1.954882	1.265333
14334	-1016.297	-1229.645	213.348	0.4699648	0.372008	0.26308	0.311567	0.0533451	1.999133	1.931459
14340	-1026.738	-1237.803	211.0659	1.116477	0.110139	0.301713	0.401601	0.186547	1.788121	3.079758
14346	-1026.69	-1238.282	211.5927	0.7001025	0.0936716	0.31964	0.523426	0.0632626	1.686341	3.079758
14352	-1024.703	-1236.032	211.3296	0.7378317	0.229328	0.265442	0.412816	0.0924144	1.67501	3.219141
14358	-1029.053	-1241.795	212.7419	0.7461622	0.274363	0.188862	0.403696	0.133079	1.638214	2.374911
14364	-1035.449	-1248.009	212.5593	0.550278	0.104419	0.316454	0.491851	0.0872755	2.027158	2.374911
14370	-1013.626	-1225.048	211.4215	0.6348248	0.206009	0.28512	0.336685	0.172186	1.80178	3.15416
14376	-1010.245	-1222.658	212.4129	0.5924925	0.315046	0.117001	0.512241	0.0557123	1.721255	2.630121
14382	-1021.222	-1232.354	211.132	1.287077	0.312042	0.22843	0.209279	0.250248	1.608337	3.051553
14388	-1020.507	-1232.236	211.7287	0.7560291	0.274022	0.12905	0.508812	0.0881152	1.787606	2.901821
14394	-1010.454	-1224.349	213.8947	0.6724682	0.462356	0.0972278	0.412976	0.0274403	1.702767	1.611303
14400	-1017.7	-1231.612	213.9123	0.4585138	0.334324	0.223937	0.290272	0.151467	2.14025	1.436032
14406	-1017.475	-1230.929	213.4535	0.6635972	0.318576	0.138168	0.398923	0.144333	1.864575	1.815266
14412	-1021.399	-1234.83	213.4309	1.20486	0.257365	0.0209383	0.464388	0.257308	2.060037	1.280143
14418	-1021.341	-1233.637	212.2968	1.20486	0.477851	0.0752618	0.381184	0.0657026	1.969163	2.15245
14424	-1015.192	-1227.593	212.4002	0.903758	0.448016	0.054796	0.435588	0.0616004	1.866069	2.342918
14430	-1018.143	-1230.391	212.2483	1.258488	0.29408	0.105835	0.452547	0.147538	1.968944	2.151564
14436	-1032.253	-1244.118	211.8658	0.5779967	0.256687	0.199175	0.395004	0.149133	1.94644	2.836436
14442	-1027.618	-1241.033	213.4155	0.5779967	0.294969	0.22888	0.453915	0.0222351	2.129037	1.720236
14448	-1027.154	-1241.353	214.1997	0.5779967	0.301375	0.0690021	0.61079	0.0188323	2.233896	1.008894
14454	-1024.088	-1236.993	212.9052	1.610558	0.330741	0.0877048	0.569162	0.0123928	2.372526	1.155694
14460	-1038.083	-1250.534	212.4514	2.637287	0.346346	0.168218	0.298804	0.186632	2.548273	0.5043244
14466	-1034.956	-1248.397	213.441	1.16661	0.270534	0.104069	0.233399	0.391999	2.699537	0.4436535
14472	-1034.8	-1246.966	212.1658	2.879541	0.249856	0.305613	0.236216	0.208315	2.666377	0.4182325
14478	-1030.985	-1243.715	212.7295	2.075496	0.275175	0.221867	0.171487	0.331471	2.65498	0.467081
14484	-1033.533	-1246.182	212.6498	1.570759	0.407659	0.0673824	0.403801	0.121158	1.957333	1.700955
14490	-1036.111	-1248.545	212.4332	2.951722	0.282027	0.129912	0.327012	0.261048	2.244198	0.7945182
14496	-1029.928	-1244.111	214.1839	0.7119795	0.283903	0.151695	0.32839	0.236012	2.311683	0.7759822
14502	-1015.839	-1229.897	214.0581	0.8012631	0.249116	0.285848	0.400128	0.0649077	2.144647	1.00425
14508	-1015.794	-1229.492	213.6977	1.005012	0.283077	0.176259	0.519436	0.0212275	2.173443	1.120357
14514	-1020.172	-1233.854	213.6814	1.005012	0.247889	0.154349	0.454867	0.142895	2.042502	1.247889
14520	-1004.881	-1218.187	213.3062	1.243143	0.344126	0.179685	0.313093	0.163096	1.885722	1.486449
14526	-1015.387	-1228.486	213.0997	1.266038	0.375883	0.196267	0.249703	0.178147	2.001643	1.538213
14532	-1018.192	-1230.825	212.6333	1.148434	0.375883	0.196267	0.249703	0.178147	1.970392	1.964809
14538	-1021.983	-1233.58	211.5976	2.285104	0.298181	0.177306	0.191627	0.332887	1.92461	2.066575
14544	-1035.051	-1247.196	212.1456	2.098864	0.286894	0.229052	0.213565	0.270489	1.884062	1.814396
14550	-1030.426	-1242.974	212.5483	1.060509	0.149553	0.586474	0.115205	0.148769	1.759686	2.215326
14556	-1017.478	-1231.016	213.5385	0.6595969	0.278734	0.427166	0.260942	0.0331584	1.757579	1.833351
14562	-1018.938	-1232.422	213.4834	0.9331176	0.148942	0.260174	0.548029	0.0428556	1.818553	1.628069
14568	-1021.745	-1234.198	212.4525	1.139938	0.117839	0.269682	0.568057	0.0444218	1.648772	2.298504
14574	-1019.513	-1232.682	213.1685	0.9371166	0.155683	0.309819	0.318586	0.215911	1.79962	1.859433
14580	-1013.96	-1227.475	213.5147	0.7502	0.0850802	0.372243	0.382776	0.159901	1.915918	1.672064
14586	-1009.555	-1223.125	213.5692	0.7816511	0.0625277	0.319057	0.500899	0.117516	2.142715	1.440267
14592	-1013.673	-1224.398	210.7245	4.54067	0.0773752	0.184825	0.61984	0.11796	1.815642	1.874505
14598	-1029.963	-1240.004	210.0409	6.822698	0.0178405	0.10424	0.603928	0.273991	1.968593	1.605568
14604	-1024.682	-1235.148	210.4661	4.938488	0.02455	0.245763	0.462024	0.267662	1.887069	1.880186
14610	-1033.541	-1246.427	212.8861	1.838502	0.178568	0.382006	0.193166	0.246261	1.915745	1.39582
14616	-1022.517	-1235.269	212.7517	1.333367	0.0212123	0.436097	0.223715	0.318976	1.837657	1.857758
14622	-1012.858	-1225.561	212.703	1.423889	0.00143628	0.45878	0.204216	0.335568	1.805505	1.857758
14628	-1024.613	-1236.868	212.2552	2.004237	0.00157653	0.503579	0.12651	0.368335	1.781513	1.857758
14634	-1022.867	-1234.708	211.8409	1.47783	0.163452	0.272108	0.270487	0.293953	1.799321	2.395363
14640	-1008.158	-1219.799	211.6411	1.448782	0.278902	0.184788	0.336687	0.199623	2.009511	2.404807
14646	-1014.057	-1226.757	212.7	1.996347	0.382764	0.16705	0.308769	0.141418	1.856476	1.490803
14652	-1011.659	-1224.453	212.7936	1.368907	0.428921	0.0666053	0.346003	0.158471	1.747706	1.868705
14658	-1009.884	-1221.975	212.091	1.78646	0.424741	0.149462	0.312113	0.113685	1.651385	2.165682
14664	-996.7909	-1208.608	211.8175	1.088114	0.257553	0.199931	0.417504	0.125013	1.688648	2.702026
14670	-1025.469	-1238.634	213.1659	1.088114	0.370542	0.104933	0.408842	0.115683	1.693948	1.830474
14676	-997.2555	-1210.914	213.6581	0.9318671	0.247063	0.254056	0.336085	0.162796	1.918269	1.424863
14682	-1006.624	-1219.485	212.8608	1.534872	0.250647	0.243237	0.34096	0.165157	1.961588	1.567805
14688	-1009.69	-1221.934	212.2435	1.528326	0.135064	0.124956	0.523215	0.216765	1.780549	2.120809
14694	-1011.767	-1225.509	213.7422	0.9832888	0.195393	0.030829	0.640366	0.133412	2.006508	1.245387
14700	-1014.703	-1228.157	213.4542	0.9500064	0.190133	0.0557114	0.5359	0.218255	2.017493	1.49047
14706	-1017.809	-1230.835	213.0262	0.967838	0.370848	0.0135025	0.400248	0.215401	1.916022	1.855854
14712	-1009.705	-1222.028	212.3234	0.967838	0.281676	0.0169392	0.502121	0.199264	1.911097	2.321699
14718	-1007.513	-1220.554	213.0406	1.236894	0.34247	0.203225	0.229302	0.225003	2.147254	1.49394
14724	-1009.105	-1222.636	213.5311	1.112793	0.274819	0.0865687	0.388175	0.250438	2.138071	1.204575
14730	-1003.359	-1217.112	213.7528	1.091302	0.277675	0.123619	0.527812	0.0708931	2.206622	0.9525102
14736	-999.4558	-1213.31	213.8546	1.059023	0.40696	0.101493	0.433343	0.0582044	2.185292	0.899409
14742	-1015.766	-1229.698	213.933	0.9996502	0.0684873	0.368268	0.338973	0.224271	2.182702	0.880127
14748	-1010.796	-1225.052	214.2567	0.7928954	0.0394869	0.40357	0.315431	0.241512	2.07113	0.880127
14754	-1007.828	-1221.927	214.0994	0.8048513	0.0770701	0.481514	0.380603	0.0608126	2.2011	0.8971024
14760	-1014.705	-1228.929	214.224	0.6243785	0.0989716	0.210193	0.661157	0.029678	2.127526	1.0415
14766	-1003.138	-1217.041	213.903	0.7315965	0.242312	0.226526	0.341879	0.189283	2.053644	1.288705
14772	-1015.466	-1229.428	213.9621	0.7315965	0.266979	0.201326	0.340665	0.191029	2.111786	1.190401
14778	-999.1075	-1213.501	214.394	0.5657831	0.276935	0.308699	0.357773	0.0565932	2.065863	0.9954237
14784	-1002.145	-1216.308	214.1627	0.6767387	0.218471	0.0276148	0.745963	0.00795107	2.050038	1.119126
14790	-1003.784	-1217.627	213.8433	0.781892	0.2116	0.22866	0.551408	0.0083322	1.938132	1.386268
14796	-999.3859	-1212.508	213.1225	0.7459577	0.326159	0.192688	0.464663	0.0164903	1.837205	1.999128
14802	-1004.25	-1216.882	212.6317	0.5439312	0.118068	0.175873	0.654768	0.0512915	1.837205	2.453138
14808	-990.9733	-1203.871	212.8976	0.9415656	0.317932	0.0715688	0.549904	0.0605949	1.758075	2.06605
14814	-994.7101	-1208.636	213.9261	0.9415656	0.259106	0.137032	0.454921	0.148942	2.137453	0.9986195
14820	-1000.396	-1214.256	213.8606	0.8130067	0.345934	0.0369947	0.427428	0.189643	2.016613	1.283562
14826	-1001.201	-1215.208	214.007	0.6841481	0.377214	0.175097	0.286662	0.161028	2.027205	1.266276
14832	-1014.688	-1228.629	213.941	0.6923736	0.248847	0.181613	0.370133	0.199408	2.105385	1.248915
14838	-1006.23	-1219.662	213.4318	0.8690583	0.390184	0.216441	0.202273	0.191102	2.143385	1.474945
14844	-1007.612	-1221.406	213.794	0.9980389	0.428744	0.237831	0.123437	0.209988	2.089367	1.11563
14850	-1026.783	-1240.501	213.7176	0.8695786	0.0920344	0.488024	0.206777	0.213165	2.325049	1.08947
14856	-1015.779	-1229.278	213.4998	1.173649	0.0817498	0.433489	0.0515771	0.433184	2.05032	1.25573
14862	-1030.352	-1244.025	213.6727	1.01211	0.0311896	0.391109	0.299239	0.278463	2.058843	1.235535
14868	-1025.857	-1238.848	212.9912	1.500368	0.00650867	0.487784	0.368987	0.13672	2.295383	1.228639
14874	-1028.942	-1241.948	213.006	1.333211	0.0148366	0.2311	0.410924	0.34314	2.156978	1.445614
14880	-1011.816	-1224.697	212.8818	1.333211	0.00303211	0.618612	0.213666	0.16469	2.190664	1.514
14886	-1024.109	-1236.816	212.7066	1.360264	0.00861174	0.394466	0.339803	0.257118	2.280822	1.558952
14892	-1013.556	-1226.37	212.814	1.340618	0.0129968	0.437463	0.264395	0.285144	2.122368	1.609146
14898	-1010.984	-1223.696	212.7115	1.23704	0.00727652	0.470887	0.400793	0.121044	2.122368	1.749948
14904	-1028.058	-1241.425	213.3668	0.9045858	0.00875542	0.231205	0.583743	0.176297	2.048587	1.566724
14910	-1009.831	-1222.128	212.2973	1.754128	0.291265	0.412895	0.0837998	0.21204	1.791104	1.954243
14916	-1037.213	-1248.602	211.3883	2.333211	0.0967101	0.540974	0.0845024	0.277814	1.763868	2.285113
14922	-1024.887	-1238.977	214.0893	0.6731292	0.331556	0.239433	0.392236	0.0367752	2.414607	0.8198992
14928	-1032.814	-1246.997	214.1832	0.4218853	0.0725986	0.338723	0.515469	0.07321	2.70632	0.4214957
14934	-1012.954	-1226.794	213.8404	0.6549489	0.0845959	0.375032	0.459315	0.0810576	2.806032	0.402381
14940	-1013.016	-1226.422	213.4052	0.7852471	0.0724608	0.299704	0.533658	0.0941774	3.021534	0.3052595
14946	-1019.824	-1232.866	213.042	0.9594884	0.20516	0.251907	0.395847	0.147086	3.198848	0.3006054
14952	-1017.936	-1231.19	213.254	1.031645	0.19424	0.143481	0.436273	0.226005	2.973167	0.3562727
14958	-1016.833	-1229.976	213.143	1.205909	0.121899	0.372848	0.395918	0.109335	2.915672	0.3562727
14964	-1026.167	-1239.775	213.6076	0.7110159	0.129501	0.367734	0.481952	0.0208128	2.91736	0.321968
14970	-1018.601	-1232.297	213.6963	0.575381	0.240324	0.405216	0.298518	0.0559414	2.957214	0.3095289
14976	-1023.62	-1237.325	213.705	0.575381	0.270382	0.225407	0.46332	0.0408907	3.011158	0.3775606
14982	-997.1112	-1210.765	213.6541	0.6655996	0.448293	0.25217	0.247843	0.0516945	3.002329	0.4814664
14988	-1000.185	-1213.828	213.6432	0.7808091	0.22582	0.308071	0.425862	0.0402477	2.890292	0.4703973
14994	-1009.846	-1223.371	213.5256	0.8941609	0.344745	0.352882	0.200675	0.101698	2.890292	0.4727029
15000	-997.0058	-1210.736	213.7306	0.6772145	0.297556	0.304579	0.310088	0.087777	2.900989	0.4228594
15006	-1018.41	-1231.637	213.2261	1.249227	0.356644	0.199513	0.348664	0.0951782	2.823822	0.4070857
15012	-1012.422	-1226.472	214.0505	0.5571153	0.322466	0.345701	0.23544	0.0963923	2.699685	0.4046339
15018	-1013.933	-1227.732	213.7985	0.7488954	0.293176	0.347323	0.259726	0.0997755	2.764327	0.446745
15024	-1010.003	-1223.46	213.4572	0.9689656	0.307677	0.221719	0.31472	0.155884	2.877935	0.446745
15030	-1019.432	-1233.052	213.6199	0.8050257	0.275097	0.299716	0.397546	0.0276404	2.88232	0.4405571
15036	-1001.356	-1215.281	213.9256	0.6431344	0.122497	0.33693	0.501687	0.0388863	2.751176	0.546993
15042	-1004.35	-1218.248	213.8977	0.7019112	0.341449	0.137991	0.452659	0.0679008	2.687094	0.6415756
15048	-1002.311	-1215.943	213.6316	0.9789406	0.397849	0.0819801	0.497785	0.0223854	2.372241	1.020321
15054	-992.7784	-1206.765	213.9864	0.5069902	0.341464	0.197682	0.44449	0.0163644	2.325727	1.187614
15060	-998.9504	-1212.852	213.9017	0.8726609	0.197024	0.301666	0.493715	0.00759426	2.212228	1.018611
15066	-998.7594	-1212.888	214.1283	0.5361988	0.169587	0.518396	0.288144	0.0238721	2.327699	1.02937
15072	-999.3687	-1213.269	213.9007	0.8609434	0.218443	0.303846	0.445118	0.0325937	2.445846	0.765629
15078	-1021.647	-1235.85	214.2028	0.5968137	0.280659	0.115343	0.571895	0.0321028	2.233644	0.9863107
15084	-1017.919	-1232.058	214.1384	0.7244698	0.362948	0.105948	0.515049	0.016055	2.034825	1.109102
15090	-1014.56	-1228.32	213.7604	0.984526	0.343769	0.193443	0.430901	0.0318871	2.143669	1.109102
15096	-1015.005	-1229.189	214.184	0.5691875	0.350697	0.32692	0.302004	0.0203791	2.1531	1.109102
15102	-1010.612	-1223.92	213.308	1.718204	0.228772	0.119391	0.596335	0.0555022	2.170176	0.8680567
15108	-1026.852	-1240.488	213.6365	1.013815	0.269116	0.199419	0.253755	0.277711	2.338693	1.014212
15114	-1032.003	-1245.425	213.4216	1.258729	0.455117	0.0243942	0.219578	0.300911	2.162454	1.158552
15120	-1029.573	-1243.191	213.6174	1.145266	0.354036	0.0204394	0.472137	0.153387	2.236576	1.006959
15126	-1012.099	-1225.975	213.876	0.8862151	0.368241	0.0199899	0.461755	0.150014	2.135015	1.102794
15132	-1019.626	-1233.664	214.0382	0.7261913	0.341078	0.0107041	0.504017	0.144201	2.14015	1.102794
15138	-1033.277	-1247.087	213.8099	0.7261913	0.29754	0.0182411	0.558426	0.125793	2.144365	1.295296
15144	-1028.976	-1242.213	213.2377	1.514522	0.329853	0.0317994	0.419053	0.219294	2.276661	1.011286
15150	-1028.009	-1242.181	214.1715	0.7464263	0.402873	0.0349652	0.357293	0.204868	2.120759	0.9721115
15156	-1020.681	-1234.941	214.2603	0.5291129	0.166164	0.245139	0.570944	0.0177523	2.085101	1.138784
15162	-1017.992	-1231.712	213.7206	0.8902181	0.317341	0.231108	0.429192	0.0223594	2.188676	1.189398
15168	-1014.947	-1228.909	213.9617	0.9319144	0.173169	0.279692	0.51942	0.0277187	2.09637	1.013838
15174	-1010.298	-1223.729	213.4313	1.106103	0.0706436	0.49374	0.338283	0.0973337	1.938844	1.450069
15180	-1009.864	-1223.53	213.6664	1.106103	0.123939	0.484053	0.16226	0.229748	2.135859	1.092407
15186	-1005.778	-1218.195	212.4168	1.978487	0.087829	0.3219	0.437486	0.152785	2.179297	1.471069
15192	-1002.517	-1215.752	213.2352	1.123139	0.209752	0.250469	0.387968	0.151811	2.109845	1.456707
15198	-998.7053	-1211.551	212.8455	1.391605	0.0974033	0.289835	0.426878	0.185883	1.957311	1.672327
15204	-1002.277	-1215.524	213.247	0.7615237	0.379559	0.141939	0.321299	0.157202	1.944082	1.831383
15210	-1015.469	-1228.502	213.0322	1.372159	0.33274	0.3437	0.281667	0.0418933	2.005372	1.513807
15216	-989.6228	-1203.679	214.0564	0.7851712	0.175609	0.253968	0.400514	0.169909	2.206257	0.9604922
15222	-991.7366	-1204.734	212.9975	2.103421	0.214396	0.214297	0.427938	0.143368	2.150405	0.9068518
15228	-999.6908	-1213.073	213.3823	1.43501	0.195443	0.461058	0.128341	0.215158	2.24383	0.9681268
15234	-1008.669	-1220.433	211.7644	3.982039	0.136978	0.323137	0.382519	0.157366	2.321246	0.8272008
15240	-1006.646	-1220.061	213.4148	1.45175	0.102145	0.770133	0.0332984	0.0944234	2.321246	0.8272008
15246	-999.1627	-1212.957	213.7939	1.062665	0.420993	0.399425	0.122734	0.0568474	2.328732	0.7937881
15252	-1005.641	-1219.763	214.1217	0.8407902	0.356923	0.215421	0.375493	0.0521625	2.311019	0.6547767
15258	-1005.941	-1219.896	213.9553	0.8838001	0.076477	0.254383	0.579036	0.0901037	2.19238	0.9731679
15264	-1017.193	-1231.279	214.0867	0.6839862	0.435642	0.0489447	0.410322	0.105091	2.264711	0.9791377
15270	-1009.304	-1223.382	214.078	0.8704494	0.245407	0.0304804	0.709211	0.0149019	2.189176	0.8563976
15276	-1010.615	-1224.745	214.1295	0.7600312	0.299829	0.0483412	0.544231	0.107599	2.189176	0.9290747
15282	-1008.182	-1222.154	213.9722	0.9123146	0.142515	0.312069	0.492719	0.052698	2.078462	1.040504
15288	-1031.803	-1246.174	214.3711	0.6740906	0.284324	0.285302	0.23733	0.193045	2.167253	0.772295
15294	-1002.939	-1217.202	214.2631	0.6521729	0.250825	0.223159	0.280302	0.245714	2.284672	0.7914094
15300	-991.8607	-1206.06	214.1988	0.6521729	0.209132	0.196179	0.507411	0.0872774	2.394666	0.7240675
15306	-1008.918	-1223.19	214.2721	0.6521729	0.129209	0.234082	0.605443	0.0312666	2.216118	0.8664382
15312	-1026.059	-1238.716	212.6569	2.241744	0.237693	0.262511	0.326114	0.173683	2.325126	0.9775895
15318	-1021.319	-1235.022	213.7031	1.005436	0.282734	0.136079	0.37922	0.201967	2.316892	0.9775895
15324	-1005.804	-1219.387	213.583	1.006641	0.321164	0.0414277	0.595432	0.0419763	2.250832	1.152212
15330	-1010.035	-1223.962	213.9273	0.9601422	0.388061	0.0528016	0.521704	0.0374333	2.127218	0.9887732
15336	-1014.706	-1228.72	214.0136	0.7292356	0.251668	0.238926	0.475464	0.0339423	2.010532	1.234818
15342	-1031.669	-1245.398	213.729	0.7462976	0.170778	0.162131	0.6542	0.0128916	1.803065	1.60201
15348	-1025.206	-1238.348	213.1424	0.6694621	0.153541	0.188772	0.642058	0.0156293	1.734703	2.107223
15354	-1017.627	-1230.993	213.3662	0.6417995	0.364533	0.116582	0.427466	0.0914182	1.671997	2.020246
15360	-1047.745	-1260.968	213.2232	1.642967	0.212541	0.382245	0.11769	0.287523	2.493911	0.5625271
15366	-1028.788	-1241.955	213.1672	1.773269	0.175342	0.226415	0.0755294	0.522713	2.444024	0.5625271
15372	-1013.061	-1226.569	213.5078	0.9799929	0.286239	0.0531194	0.259088	0.401554	1.997468	1.442059
15378	-1024.528	-1237.85	213.3224	1.38062	0.281756	0.0133134	0.311629	0.393301	2.007118	1.280331
15384	-1026.151	-1239.391	213.2393	1.745392	0.269605	0.0262315	0.328424	0.375739	1.988698	1.10106
15390	-1026.578	-1240.342	213.7644	1.047209	0.26565	0.0122065	0.378673	0.343471	2.221897	0.9695494
15396	-1012.36	-1226.47	214.1093	0.729548	0.401816	0.0168893	0.498535	0.0827595	2.081765	1.08781
15402	-1013.476	-1227.117	213.6406	1.038801	0.153136	0.108702	0.585981	0.152182	1.933107	1.342876
15408	-1015.023	-1228.26	213.2373	1.616598	0.363616	0.0508338	0.337705	0.247845	1.811077	1.342876
15414	-1010.514	-1223.582	213.0675	1.873512	0.211985	0.171233	0.365813	0.250969	1.994563	1.159098
15420	-1004.524	-1217.901	213.3766	1.271436	0.307822	0.1107	0.217048	0.364431	2.10061	1.240108
15426	-995.3463	-1209.088	213.7417	1.013886	0.220201	0.245937	0.258654	0.275208	2.169767	1.075216
15432	-1003.943	-1217.581	213.6382	1.182174	0.137617	0.200259	0.300743	0.36138	2.159343	1.027835
15438	-1006.632	-1221.022	214.3902	0.5944675	0.102152	0.562513	0.22324	0.112095	2.062364	0.9723676
15444	-1007.107	-1220.857	213.7495	1.246995	0.0282733	0.593109	0.223397	0.15522	2.104932	0.9056352
15450	-1012.221	-1226.31	214.0885	0.7570672	0.0409845	0.34042	0.456549	0.162046	2.154081	1.010809
15456	-1012.951	-1227.059	214.1079	0.7412833	0.309554	0.0569833	0.49679	0.136672	2.248564	0.9092794
15462	-1013.274	-1227.704	214.4303	0.4289141	0.281079	0.0844392	0.451092	0.183389	2.185612	0.9738831
15468	-1011.031	-1224.874	213.8429	1.011047	0.186939	0.220829	0.354981	0.237251	2.357849	0.7556379
15474	-1017.713	-1231.599	213.8867	0.9924884	0.195623	0.148388	0.42309	0.2329	2.385777	0.665601
15480	-1017.721	-1231.036	213.3157	1.687071	0.239305	0.152659	0.535703	0.0723322	2.31817	0.6830405
15486	-1008.497	-1222.12	213.6231	1.251498	0.424088	0.105552	0.259563	0.210796	2.429968	0.5899864
15492	-1028.372	-1241.763	213.3907	1.450849	0.175552	0.10628	0.465862	0.252306	2.445299	0.6786722
15498	-1017.011	-1231.116	214.1042	0.7332784	0.196056	0.32464	0.315015	0.164289	2.445299	0.646322
15504	-1023.084	-1236.993	213.9082	0.9417605	0.123444	0.194555	0.2657	0.416301	2.424675	0.646322
15510	-1008.475	-1221.852	213.3772	1.610773	0.207453	0.147655	0.328944	0.315947	2.311787	0.6973967
15516	-1010.885	-1224.825	213.9403	1.024748	0.266095	0.135419	0.199741	0.398745	2.311787	0.6404884
15522	-1017.794	-1231.048	213.2539	1.793939	0.259728	0.132256	0.218583	0.389432	2.311317	0.6481279
15528	-1013.624	-1227.287	213.6637	1.097829	0.245845	0.135626	0.240367	0.378162	2.537441	0.5831324
15534	-1023.075	-1236.35	213.2744	1.411728	0.18848	0.339196	0.18355	0.288774	2.63539	0.5831324
15540	-1018.14	-1231.887	213.747	0.8762933	0.129748	0.327229	0.264437	0.278586	2.680161	0.4371344
15546	-1023.445	-1237.098	213.6528	1.37323	0.105709	0.327966	0.0982883	0.468037	2.288884	0.5910209
15552	-1029.928	-1243.395	213.4674	1.206387	0.269571	0.371775	0.27792	0.0807335	1.882955	1.391377
15558	-1033.246	-1247.239	213.9928	0.8179397	0.373992	0.207014	0.385575	0.0334188	1.744333	1.391377
15564	-1015.913	-1229.743	213.8304	0.7810299	0.126133	0.332299	0.293019	0.248548	2.697922	0.4438389
15570	-1031.058	-1244.572	213.514	0.8557641	0.156484	0.367726	0.163758	0.312032	2.855813	0.3190999
15576	-1024.585	-1238.062	213.4777	0.8557641	0.182958	0.414897	0.0650763	0.337068	2.855813	0.2907948
15582	-1014.196	-1227.107	212.9112	1.913137	0.295135	0.279928	0.0350189	0.389919	2.597567	0.4909659
15588	-1003.481	-1216.705	213.2233	1.270752	0.140636	0.33312	0.0622313	0.464012	2.795648	0.3861177
15594	-1005.669	-1219.025	213.3557	1.197685	0.0815481	0.679812	0.0360849	0.202555	2.761656	0.5175818
15600	-1003.887	-1216.854	212.9675	1.523898	0.403187	0.424972	0.0229994	0.148842	2.820108	0.3760685
15606	-991.6188	-1202.963	211.3438	3.330008	0.271479	0.189371	0.10207	0.43708	3.113834	0.2896767
15612	-1018.987	-1229.997	211.0094	3.808696	0.188189	0.202878	0.00975332	0.59918	3.142673	0.2605568
15618	-1034.275	-1246.66	212.3845	2.243149	0.122746	0.455422	0.0186452	0.403186	2.844369	0.3760987
15624	-1018.58	-1231.368	212.7883	1.914564	0.146858	0.495773	0.0784978	0.278871	2.702657	0.4138765
15630	-1028.694	-1242.629	213.9345	0.8968701	0.232446	0.180074	0.411001	0.176479	2.475147	0.4518057
15636	-1025.394	-1239.221	213.827	0.9361795	0.187111	0.335497	0.330842	0.14655	2.543967	0.5432605
15642	-1032.329	-1246.48	214.1511	0.6417159	0.246006	0.242074	0.377225	0.134694	2.460481	0.7125096
15648	-1012.016	-1226.111	214.0949	0.7487757	0.222144	0.408973	0.232117	0.136767	2.447069	0.6256577
15654	-998.8095	-1212.844	214.0342	0.7445591	0.257092	0.390156	0.194468	0.158284	2.476868	0.6981848
15660	-1001.936	-1215.988	214.0523	0.7108842	0.239638	0.0653002	0.560268	0.134794	2.440884	0.7808588
15666	-987.7661	-1201.874	214.1078	0.7418946	0.152177	0.46049	0.342391	0.0449429	2.430968	0.6499009
15672	-1004.274	-1218.49	214.216	0.6425196	0.10201	0.649335	0.223841	0.0248144	2.453699	0.5810979
15678	-1008.303	-1222.242	213.9386	0.8013477	0.342524	0.239444	0.342889	0.0751439	2.558525	0.5970636
15684	-1013.811	-1227.261	213.4506	1.126162	0.271666	0.291791	0.351556	0.0849876	2.734181	0.5269995
15690	-1012.269	-1225.867	213.5982	0.9126384	0.271666	0.291791	0.351556	0.0849876	2.795722	0.4538774
15696	-1016.911	-1230.756	213.8447	0.7388073	0.258556	0.325968	0.33459	0.0808863	2.713876	0.4042157
15702	-1004.273	-1218.24	213.9671	0.7899056	0.326594	0.39567	0.246785	0.0309516	2.55586	0.4631551
15708	-1004.376	-1218.756	214.3795	0.518656	0.271896	0.22737	0.482948	0.0177862	2.43073	0.5110679
15714	-1006.893	-1221.398	214.5054	0.3716455	0.331419	0.219338	0.432085	0.0171579	2.262147	0.8597021
15720	-996.0866	-1210.457	214.3709	0.7031718	0.424804	0.185418	0.367785	0.0219926	2.114827	0.8021374
15726	-1027.815	-1242.165	214.3497	0.6033999	0.15636	0.322038	0.483405	0.0381971	2.241503	0.8021374
15732	-1047.247	-1261.577	214.3307	0.6033999	0.224033	0.086652	0.566174	0.123141	2.260548	0.8021374
15738	-1041.537	-1255.643	214.1057	0.716113	0.149996	0.271637	0.483855	0.0945115	2.496912	0.4782244
15744	-1021.171	-1235.27	214.0992	0.7232287	0.213726	0.094418	0.635103	0.0567532	1.946738	1.221857
15750	-1022.618	-1236.859	214.2411	0.7232287	0.270877	0.157305	0.423856	0.147961	2.165748	0.8737118
15756	-1012.036	-1226.028	213.992	0.8921054	0.277298	0.0773827	0.572846	0.0724737	2.36942	0.6903419
15762	-1003.547	-1216.8	213.2533	1.515949	0.278547	0.0777313	0.575426	0.0682958	2.188982	1.079209
15768	-1010.482	-1223.087	212.6045	1.546126	0.168593	0.101442	0.618925	0.111041	2.34597	1.465035
15774	-1015.044	-1227.989	212.9449	1.819644	0.114987	0.147497	0.573793	0.163723	2.299549	1.029855
15780	-1013.6	-1226.694	213.0941	1.582591	0.37433	0.203082	0.195688	0.2269	2.449553	0.9208768
15786	-1018.958	-1232.252	213.2944	1.367282	0.342078	0.0520245	0.259077	0.346821	2.470175	0.8829858
15792	-1011.956	-1224.35	212.394	2.236137	0.282148	0.0508708	0.327852	0.33913	2.527809	1.041276
15798	-1013.554	-1226.888	213.3334	1.346398	0.263395	0.0455229	0.58556	0.105522	2.127681	1.19572
15804	-1017.425	-1230.973	213.5472	1.17695	0.557643	0.101872	0.233866	0.106618	2.172228	1.105985
15810	-1016.342	-1229.666	213.3238	0.9631141	0.173537	0.186986	0.176166	0.46331	2.899387	0.2905293
15816	-1010.668	-1223.789	213.1208	1.251117	0.11641	0.506998	0.0327054	0.343886	2.850925	0.3115175
15822	-1012.726	-1225.364	212.6377	1.657936	0.187618	0.26882	0.050629	0.492932	2.97808	0.3115591
15828	-1007.859	-1220.003	212.1438	2.105705	0.338428	0.190093	0.0913251	0.380154	3.015604	0.2441199
15834	-1012.378	-1224.65	212.2725	1.899887	0.19549	0.313252	0.192405	0.298853	3.112069	0.2834501
15840	-1033.744	-1245.313	211.5686	2.928781	0.381865	0.0166882	0.269457	0.33199	3.044881	0.2448488
15846	-1010.895	-1222.909	212.0147	2.430888	0.282899	0.01936	0.312598	0.385143	2.931324	0.2516084
15852	-1014.663	-1227.573	212.91	1.329413	0.252073	0.0282024	0.517645	0.202079	2.931324	0.2708864
15858	-1007.192	-1219.699	212.5077	1.536035	0.284111	0.0269944	0.495472	0.193423	3.058126	0.2250611
15864	-1006.221	-1217.121	210.9	4.145341	0.429323	0.0457405	0.208088	0.316849	3.058126	0.2478645
15870	-1001.704	-1214.906	213.2029	0.7448633	0.121339	0.391331	0.397779	0.0895505	3.130175	0.2284481
15876	-1009.499	-1222.753	213.2538	1.047085	0.231317	0.2761	0.321867	0.170716	2.986421	0.4001361
15882	-1017.367	-1230.529	213.1622	1.197164	0.294349	0.215277	0.306034	0.18434	2.914375	0.368976
15888	-1014.246	-1227.738	213.492	0.8627353	0.24981	0.182703	0.399075	0.168411	2.880722	0.3284705
15894	-1026.915	-1241.091	214.1764	0.7491763	0.28939	0.0595054	0.46271	0.188395	1.993321	1.08845
15900	-1007.783	-1222.323	214.5402	0.542408	0.228084	0.371032	0.311611	0.0892729	1.980415	0.9578881
15906	-1005.319	-1219.211	213.8922	1.062378	0.231406	0.376436	0.301585	0.0905731	1.980415	1.06664
15912	-1002.262	-1216.643	214.3809	0.7045076	0.379253	0.246377	0.351159	0.0232113	2.147295	0.7396685
15918	-1001.85	-1216.318	214.4677	0.592398	0.151173	0.411122	0.424863	0.0128421	2.178873	0.7396685
15924	-992.6223	-1207.09	214.4677	0.592398	0.0930986	0.344935	0.534397	0.0275685	2.178873	0.7396685
15930	-1003.422	-1217.717	214.2947	0.6109333	0.0863775	0.36413	0.529271	0.020222	2.277721	0.8163574
15936	-1009.93	-1224.292	214.3618	0.6139047	0.181376	0.311613	0.488352	0.0186586	2.208359	0.8152938
15942	-1003.867	-1217.655	213.7874	1.068547	0.10181	0.174914	0.517091	0.206185	2.430555	0.6184632
15948	-999.9756	-1214.111	214.1352	0.7744147	0.109809	0.328121	0.436302	0.125768	2.39727	0.5725337
15954	-1006.557	-1220.293	213.7365	1.176612	0.0596897	0.103414	0.768531	0.068365	2.391773	0.5725337
15960	-1008.113	-1222.586	214.4732	0.5098821	0.317097	0.117903	0.534458	0.0305424	2.336505	0.5725337
15966	-1007.612	-1220.856	213.2436	1.753662	0.175061	0.338121	0.399229	0.0875894	2.081091	1.002574
15972	-1001.47	-1215.663	214.1931	0.7990571	0.0766763	0.504051	0.366926	0.052347	2.18025	0.8168537
15978	-1007.798	-1221.432	213.6341	1.278297	0.0517147	0.5629	0.217187	0.168198	2.267633	0.81443
15984	-1004.609	-1218.773	214.1635	0.7924319	0.0452085	0.246092	0.696032	0.0126679	2.228229	0.8018564
15990	-1002.558	-1215.582	213.0237	1.840709	0.28429	0.358859	0.334534	0.0223182	2.1916	1.042025
15996	-998.1473	-1211.655	213.508	1.534461	0.166442	0.043057	0.542962	0.247539	1.957776	1.042025
16002	-1005.802	-1217.327	211.5251	4.093291	0.484222	0.234102	0.262036	0.0196402	1.518026	1.672902
16008	-1006.499	-1218.564	212.0648	1.617152	0.19671	0.381737	0.39925	0.022303	1.645045	2.275633
16014	-1008.627	-1221.595	212.968	1.440906	0.208447	0.220314	0.36756	0.203679	1.622631	1.790843
16020	-1008.39	-1219.594	211.2041	4.17849	0.133797	0.241092	0.402224	0.222887	1.680478	1.755326
16026	-1004.321	-1215.918	211.5966	4.17849	0.126235	0.368251	0.470398	0.0351162	1.882053	1.313132
16032	-1011.694	-1225.321	213.6275	0.984516	0.518689	0.130901	0.300764	0.049646	1.73636	1.544915
16038	-1011.483	-1224.178	212.6945	2.035556	0.353714	0.112768	0.515019	0.0184994	2.199054	1.198504
16044	-1008.849	-1221.579	212.7293	2.41203	0.435513	0.0172945	0.44542	0.101773	2.209421	0.897621
16050	-1018.799	-1231.942	213.1431	2.020495	0.150745	0.046749	0.593668	0.208838	2.147018	0.8097769
16056	-1020.359	-1234.564	214.205	0.8184513	0.204673	0.0126915	0.563722	0.218913	2.160841	0.8001322
16062	-1017.262	-1229.953	212.6905	1.838973	0.271501	0.012087	0.53687	0.179542	2.182077	1.33972
16068	-1020.524	-1233.687	213.163	1.273338	0.362291	0.122138	0.27599	0.239581	2.051148	1.448357
16074	-1045.43	-1258.121	212.6913	1.242146	0.329098	0.241579	0.211693	0.217631	2.191439	1.712219
16080	-1021.904	-1235.923	214.019	0.8680373	0.348361	0.207563	0.271193	0.172883	2.022081	1.092419
16086	-1040.767	-1254.277	213.5106	0.6666014	0.172145	0.0296902	0.669593	0.128572	2.048335	1.643612
16092	-1011.96	-1225.991	214.0314	0.8279188	0.30901	0.0645498	0.341491	0.28495	2.128302	1.019302
16098	-1014.058	-1227.893	213.8349	1.029129	0.198622	0.0330733	0.603145	0.16516	2.208096	0.9285475
16104	-1025.721	-1239.897	214.1763	0.7225186	0.461991	0.0556172	0.357063	0.125329	2.049641	1.062198
16110	-1021.338	-1234.11	212.7722	1.221455	0.151809	0.247475	0.414151	0.186565	1.940911	1.84365
16116	-1030.22	-1242.458	212.238	1.248143	0.131369	0.281471	0.551245	0.0359152	1.831749	2.253227
16122	-1023.933	-1237.446	213.5136	0.7861446	0.327233	0.470598	0.174032	0.028137	2.952328	0.3419744
16128	-1028.631	-1242.587	213.9561	0.6175429	0.109888	0.297949	0.554618	0.0375442	2.748003	0.457453
16134	-1013.131	-1226.973	213.842	0.7978029	0.392572	0.153484	0.373559	0.0803848	2.255832	1.107431
16140	-1003.333	-1216.792	213.4587	0.8550141	0.25371	0.14972	0.514256	0.0823134	2.427077	1.240263
16146	-1011.365	-1224.847	213.4823	0.7725669	0.41522	0.234768	0.170045	0.179967	2.346154	1.356981
16152	-1016.036	-1229.324	213.2876	1.086005	0.271069	0.126122	0.466844	0.135966	2.38147	1.226834
16158	-1012.96	-1226.017	213.057	1.386643	0.39225	0.202425	0.116573	0.288753	2.260493	1.285772
16164	-1010.24	-1223.946	213.7055	0.8878079	0.434403	0.0465928	0.320206	0.198798	2.287341	1.117808
16170	-996.309	-1209.534	213.2248	1.445711	0.307038	0.0415691	0.468673	0.182721	2.299576	1.059336
16176	-1001.952	-1215.45	213.4979	1.121631	0.368846	0.039317	0.308137	0.283699	2.31113	1.072154
16182	-1010.56	-1224.285	213.7246	0.9570397	0.315835	0.0547052	0.428739	0.20072	2.247205	1.072154
16188	-1016.216	-1230.184	213.968	0.9086217	0.209502	0.0244218	0.637331	0.128745	2.159955	0.9672516
16194	-1030.063	-1243.841	213.7773	0.5881879	0.261116	0.26568	0.393575	0.0796289	2.880581	0.3249129
16200	-1019.439	-1233	213.5611	0.7977664	0.196353	0.203895	0.525226	0.0745263	2.889576	0.338724
16206	-1024.414	-1237.967	213.5529	0.5013667	0.186937	0.223362	0.518749	0.0709526	3.090135	0.2542646
16212	-1021.722	-1235.42	213.6973	0.4967536	0.262372	0.118376	0.580703	0.038549	3.01514	0.2933461
16218	-1027.891	-1241.55	213.6594	0.4736895	0.104027	0.326132	0.566319	0.0035217	3.019302	0.2586963
16224	-1018.338	-1231.555	213.2166	0.9738918	0.408601	0.112988	0.399959	0.0784531	3.019302	0.3080613
16230	-1023.085	-1236.605	213.5201	0.7762218	0.0951312	0.433543	0.380729	0.0905969	2.906216	0.2977424
16236	-1023.143	-1236.806	213.6631	0.793603	0.250514	0.288713	0.381362	0.0794114	2.795953	0.3430758
16242	-1002.461	-1214.499	212.038	0.6119611	0.377532	0.111434	0.404807	0.106227	1.407579	3.035935
16248	-1010.337	-1223.073	212.7359	0.4278564	0.295819	0.105219	0.515727	0.083235	1.529466	2.650192
16254	-1015.403	-1225.797	210.3941	1.022932	0.23518	0.0642005	0.626758	0.0738612	1.389187	3.760866
16260	-1024.624	-1237.774	213.1492	0.5052446	0.180967	0.35867	0.445777	0.0145855	1.440881	2.401594
16266	-1026.019	-1239.571	213.5522	1.020152	0.104099	0.41878	0.468732	0.00839008	2.059331	1.327411
16272	-1021.781	-1235.075	213.2944	0.5084715	0.10416	0.406028	0.475093	0.0147182	2.040583	1.914026
16278	-1013.56	-1226.524	212.9644	1.384942	0.39069	0.238032	0.243782	0.127496	1.764866	1.728586
16284	-1011.493	-1222.857	211.3645	1.451876	0.14366	0.459212	0.242474	0.154654	1.642098	2.801877
16290	-1031.729	-1245.81	214.081	1.021036	0.416908	0.024676	0.344495	0.213921	2.042141	0.8459157
16296	-1041.755	-1255.206	213.4513	1.148948	0.411973	0.0110712	0.340417	0.236539	2.017291	1.341165
16302	-1012.865	-1226.687	213.8215	1.093985	0.313566	0.0490529	0.321898	0.315482	2.367284	0.629304
16308	-1011.692	-1225.509	213.8175	1.095473	0.278786	0.13933	0.334259	0.247625	2.347927	0.6760531
16314	-1020.881	-1234.734	213.8526	0.7734262	0.32009	0.227901	0.259653	0.192355	2.689399	0.5244392
16320	-1013.51	-1227.499	213.9887	0.6699322	0.179592	0.176867	0.380758	0.262783	2.663556	0.4881563
16326	-1026.267	-1239.615	213.3481	1.307332	0.290109	0.145738	0.34762	0.216533	2.663556	0.4545611
16332	-1029.311	-1242.621	213.3107	1.307332	0.290109	0.145738	0.34762	0.216533	2.691138	0.4203677
16338	-1027.659	-1241.533	213.8734	0.7240552	0.230537	0.391397	0.276238	0.101829	2.70765	0.4203677
16344	-1020.012	-1233.904	213.8922	0.740852	0.215968	0.296139	0.29928	0.188613	2.684783	0.5154922
16350	-1022.95	-1236.882	213.9327	0.6919857	0.214675	0.294365	0.303477	0.187483	2.693431	0.4619242
16356	-1027.588	-1241.631	214.0434	0.5633393	0.276087	0.378575	0.240513	0.104825	2.693431	0.3910506
16362	-1009.01	-1223.104	214.0933	0.6229839	0.136274	0.207521	0.530835	0.12537	2.087481	1.197365
16368	-1016.66	-1231.016	214.3562	0.6229839	0.0786468	0.369431	0.456412	0.0955105	1.982019	1.05568
16374	-1013.076	-1227.494	214.4182	0.6468222	0.127708	0.303983	0.524374	0.0439348	2.114298	0.8189599
16380	-1018.761	-1231.044	212.2832	1.852751	0.134079	0.477049	0.111076	0.277797	1.836968	1.879914
16386	-1012.409	-1225.865	213.4566	1.094057	0.194806	0.240195	0.161383	0.403615	1.769954	1.566257
16392	-1009.188	-1222.095	212.9063	1.801561	0.0231738	0.868078	0.0243282	0.0844203	2.188793	1.179565
16398	-1001.525	-1214.088	212.5635	2.579832	0.181089	0.416703	0.0383032	0.363905	1.972697	1.179565
16404	-996.2035	-1209.917	213.713	0.9812014	0.0617106	0.194892	0.560666	0.182731	2.005271	1.272357
16410	-997.5916	-1211.857	214.2654	0.652846	0.087842	0.122372	0.560355	0.229431	1.937102	1.15094
16416	-998.4509	-1212.192	213.7415	0.9277881	0.120989	0.263702	0.484429	0.13088	1.899007	1.378266
16422	-998.6061	-1213.083	214.477	0.5657847	0.0645297	0.220228	0.566076	0.149166	1.86509	1.107777
16428	-1001.523	-1214.907	213.3839	1.1712	0.0610704	0.333769	0.322254	0.282907	2.005261	1.387112
16434	-1000.566	-1213.727	213.1611	1.186293	0.161707	0.0671544	0.528971	0.242167	1.962925	1.576491
16440	-999.2423	-1212.911	213.6683	0.7997736	0.156435	0.118097	0.69835	0.0271179	1.906074	1.529621
16446	-1011.388	-1225.42	214.0326	0.7268438	0.258758	0.124872	0.543741	0.0726284	2.029891	1.204515
16452	-1008.559	-1222.267	213.7089	0.7268438	0.195657	0.13633	0.591744	0.0762691	2.230256	1.307026
16458	-1013.105	-1226.779	213.6744	0.9785732	0.287888	0.165845	0.490007	0.0562602	2.089614	1.236515
16464	-1003.955	-1217.315	213.3598	1.24704	0.0866817	0.19315	0.570685	0.149483	2.144252	1.236515
16470	-1018.124	-1231.713	213.5897	0.7369039	0.398874	0.106594	0.311633	0.182899	1.823776	1.694279
16476	-997.3069	-1211.284	213.9767	0.943996	0.2895	0.0547575	0.539349	0.116394	2.028758	1.052829
16482	-996.6268	-1210.113	213.4859	1.248635	0.51279	0.0946968	0.191224	0.201289	2.223229	1.052829
16488	-1007.749	-1221.295	213.5459	1.248635	0.369136	0.213964	0.313919	0.10298	2.204403	1.012927
16494	-1014.235	-1227.35	213.115	1.540768	0.181141	0.409766	0.304049	0.105044	2.242528	1.137153
16500	-1003.487	-1217.56	214.0736	0.8372899	0.277358	0.327391	0.316059	0.0791918	2.208171	0.8797706
16506	-1005.48	-1219.321	213.8415	0.8133833	0.366869	0.207977	0.320404	0.104749	2.28354	1.067176
16512	-1010.983	-1224.775	213.7923	0.8995142	0.18657	0.286932	0.231896	0.294603	2.288322	1.024209
16518	-1019.786	-1232.673	212.8875	1.571638	0.148601	0.317937	0.36141	0.172052	2.19013	1.349639
16524	-1021.791	-1235.829	214.0381	0.6021292	0.134486	0.373552	0.327079	0.164883	2.298298	1.078012
16530	-1018.09	-1232.199	214.1094	0.6021292	0.0492845	0.410324	0.359277	0.181114	2.232259	1.073056
16536	-1019.667	-1233.273	213.6059	1.226422	0.157937	0.320256	0.399908	0.121899	2.222076	0.9550457
16542	-1025.489	-1239.195	213.7059	0.8863564	0.184956	0.0791327	0.625184	0.110728	1.91085	1.429636
16548	-1026.563	-1240.194	213.631	0.9347979	0.0364809	0.278319	0.416761	0.26844	1.936134	1.429636
16554	-1019.451	-1233.322	213.8703	0.9347979	0.121072	0.254802	0.530001	0.094125	2.052701	1.137334
16560	-1021.623	-1233.773	212.1497	3.363012	0.357526	0.0212464	0.212601	0.408627	1.909178	1.1836
16566	-1032.386	-1246.486	214.1004	0.7819825	0.342138	0.0264117	0.569864	0.0615868	1.987039	1.131809
16572	-1059.997	-1273.087	213.0898	0.851138	0.209857	0.177907	0.536254	0.0759815	2.100217	1.767205
16578	-1044.272	-1256.29	212.0188	0.8687495	0.214936	0.244191	0.452307	0.0885664	1.977477	2.535435
16584	-1021.843	-1235.412	213.5688	0.6288498	0.25341	0.206019	0.445882	0.0946888	1.802382	1.804008
16590	-1021.699	-1234.892	213.1933	0.9833975	0.131024	0.264825	0.53949	0.0646603	1.729043	1.858733
16596	-1023.18	-1236.096	212.9152	0.9932301	0.305641	0.509026	0.114275	0.0710588	1.876952	1.940393
16602	-1023.252	-1236.31	213.0587	0.8147853	0.182755	0.452261	0.301849	0.0631346	1.876952	1.966855
16608	-1023.194	-1236.55	213.357	0.84761	0.196195	0.48552	0.250508	0.0677774	1.698251	1.862766
16614	-1020.725	-1232.641	211.9159	0.779696	0.15219	0.155492	0.637969	0.0543483	1.498955	2.947958
16620	-1025.44	-1237.351	211.9115	0.5481595	0.352552	0.208443	0.384475	0.0545301	1.831235	2.897268
16626	-1028.792	-1240.708	211.9157	0.6644348	0.255755	0.319099	0.381219	0.0439271	1.705019	2.897268
16632	-1039.403	-1253.113	213.7105	0.5984613	0.201355	0.398194	0.380331	0.0201194	1.700855	1.79833
16638	-1018.272	-1232.096	213.8237	0.640582	0.303292	0.212411	0.459624	0.0246723	1.892477	1.549124
16644	-1040.572	-1254.361	213.7888	0.640582	0.337989	0.180609	0.453907	0.0274948	1.985647	1.5058
16650	-1058.118	-1271.591	213.4731	1.327472	0.480603	0.268521	0.105306	0.14557	1.923474	1.264467
16656	-1048.955	-1262.715	213.7592	0.8814329	0.115961	0.517744	0.0505039	0.315791	1.981779	1.336294
16662	-1038.572	-1250.79	212.219	1.346216	0.428023	0.133501	0.25866	0.179816	1.988421	2.105552
16668	-1033.105	-1245.829	212.7242	0.8142017	0.278831	0.165387	0.342279	0.213502	1.963711	2.131129
16674	-1010.437	-1223.797	213.3602	1.097648	0.176156	0.427438	0.224761	0.171645	1.952867	1.499512
16680	-1017.958	-1231.529	213.5711	0.7234761	0.182497	0.41109	0.293361	0.113052	1.923012	1.646891
16686	-1019.558	-1233.327	213.7691	0.7597792	0.16476	0.390766	0.384595	0.059879	1.890763	1.497176
16692	-1015.062	-1228.357	213.2954	1.475526	0.15352	0.0614753	0.524397	0.260608	2.436761	0.8053798
16698	-1012.739	-1226.683	213.9432	0.8281254	0.444553	0.134519	0.278963	0.141966	2.394534	0.8235049
16704	-1034.111	-1247.463	213.3525	1.293786	0.219133	0.322677	0.169337	0.288854	2.170599	1.183545
16710	-1013.834	-1227.214	213.3797	1.278004	0.381446	0.307437	0.177096	0.134021	2.167017	1.175631
16716	-1020.833	-1233.533	212.7002	1.901627	0.383518	0.0942765	0.359902	0.162304	1.97944	1.452174
16722	-1032.781	-1246.198	213.4174	1.118851	0.457998	0.181259	0.224293	0.136451	1.96312	1.432742
16728	-1020.856	-1234.274	213.4173	1.020297	0.487892	0.19309	0.173661	0.145357	2.255313	1.277716
16734	-1023.552	-1236.605	213.0536	1.422408	0.325016	0.157479	0.432391	0.0851137	2.33384	1.200709
16740	-1016.3	-1229.416	213.1165	1.422408	0.347011	0.168136	0.393979	0.0908737	2.222157	1.241953
16746	-1016.586	-1230.542	213.9563	0.8791748	0.331677	0.0572886	0.589197	0.0218368	2.347244	0.7990468
16752	-1020.001	-1232.121	212.1201	3.389528	0.537556	0.161554	0.297535	0.00335448	2.266932	0.8416452
16758	-1020.561	-1233.393	212.8315	2.118182	0.0776129	0.339662	0.579482	0.00324376	2.48461	0.653622
16764	-1021.271	-1235.066	213.7959	1.098522	0.224297	0.409703	0.349447	0.0165524	2.307237	0.7722206
16770	-1016.41	-1228.467	212.0567	3.429532	0.378505	0.207434	0.154712	0.259349	2.20192	0.9611371
16776	-1007.347	-1220.523	213.1762	1.860677	0.252589	0.376241	0.17072	0.200451	2.195449	0.860134
16782	-1014.529	-1228.109	213.5803	1.191264	0.163749	0.4564	0.207092	0.17276	2.274389	0.9616464
16788	-1018.659	-1232.417	213.759	0.9281454	0.262512	0.240785	0.0949619	0.401741	2.422573	0.8874042
16794	-1012.508	-1225.584	213.0756	1.646087	0.158123	0.145036	0.454854	0.241987	2.549701	0.7527243
16800	-1024.636	-1238.079	213.4437	1.323877	0.0862133	0.300196	0.456037	0.157553	2.395027	0.8412888
16806	-1022.149	-1236.325	214.1755	0.6439763	0.139972	0.449977	0.205989	0.204062	2.453704	0.6767183
16812	-1026.544	-1240.571	214.0273	0.668426	0.141531	0.181199	0.649846	0.0274243	2.198231	1.115596
16818	-1032.325	-1246.183	213.8578	0.8569455	0.235771	0.188546	0.550517	0.0251654	2.398839	0.8852107
16824	-1029.73	-1241.567	211.8368	3.594856	0.309289	0.285057	0.0466857	0.358968	2.560906	0.6547171
16830	-1013.567	-1226.524	212.9562	1.85284	0.225286	0.346697	0.200462	0.227555	2.598269	0.5245674
16836	-1015.169	-1227.987	212.8173	1.85284	0.307531	0.473264	0.0757355	0.14347	2.737142	0.5245674
16842	-1020.563	-1233.889	213.3262	1.190537	0.283422	0.436163	0.148192	0.132223	2.785314	0.423137
16848	-1010.6	-1224.48	213.8796	0.6496659	0.108878	0.455213	0.300609	0.1353	2.781202	0.423137
16854	-1008.999	-1221.611	212.6123	2.148825	0.184016	0.152505	0.508061	0.155418	2.702343	0.4096436
16860	-1009.293	-1222.665	213.3716	1.139511	0.245699	0.132895	0.226195	0.395211	2.796978	0.4527704
16866	-1003.683	-1216.84	213.1572	1.536882	0.210678	0.225079	0.173391	0.390852	2.646098	0.4320374
16872	-1007.325	-1220.8	213.4757	1.127451	0.257904	0.228405	0.212258	0.301433	2.708741	0.4839423
16878	-1028.398	-1242.425	214.0273	0.7405521	0.157911	0.353809	0.283042	0.205238	2.549991	0.4839423
16884	-1021.706	-1235.372	213.6661	0.9766487	0.268199	0.17506	0.317692	0.239049	2.666863	0.4839423
16890	-1033.481	-1246.704	213.2237	1.466996	0.494265	0.11154	0.0857908	0.308405	2.649414	0.4839423
16896	-1016.827	-1229.894	213.067	1.447571	0.232439	0.26683	0.267397	0.233335	2.792621	0.3855261
16902	-1015.631	-1228.363	212.7319	1.944731	0.148111	0.404193	0.303661	0.144035	2.719657	0.3820189
16908	-1011.005	-1224.334	213.3288	1.259264	0.330997	0.29107	0.163625	0.214309	2.719657	0.4267947
16914	-1026.444	-1239.758	213.3145	1.259264	0.332362	0.21553	0.11077	0.341337	2.739249	0.4450164
16920	-1022.525	-1236.498	213.9733	0.6938809	0.216267	0.140245	0.373982	0.269506	2.637772	0.4155939
16926	-1027.945	-1240.972	213.0274	2.027672	0.360068	0.193001	0.109261	0.33767	2.362162	0.6387495
16932	-1029.982	-1242.732	212.7504	0.7535484	0.154642	0.426738	0.24181	0.176811	1.662025	2.34949
16938	-1042.575	-1254.966	212.3918	0.7535484	0.18801	0.285465	0.371294	0.155231	1.690315	2.55697
16944	-1042.94	-1255.88	212.9396	0.7315265	0.187588	0.423869	0.216512	0.172031	1.853679	2.119079
16950	-1031.838	-1243.814	211.9759	0.7315265	0.23022	0.387623	0.28404	0.0981169	1.899257	2.699122
16956	-1039.541	-1252.36	212.8181	0.7315265	0.211058	0.364426	0.182642	0.241874	1.964678	2.12593
16962	-1029.374	-1242.614	213.2398	1.442708	0.242113	0.246738	0.430605	0.0805434	2.595338	0.6933495
16968	-1002.231	-1216.218	213.9871	0.7865404	0.312542	0.196714	0.437063	0.0536809	2.4643	0.7241999
16974	-1029.546	-1243.615	214.0696	0.6778529	0.186905	0.107723	0.478154	0.227218	2.376542	0.8838065
16980	-1026.03	-1239.932	213.9021	0.9083275	0.197433	0.215451	0.45466	0.132457	2.302865	0.8838065
16986	-1039.066	-1252.563	213.4972	1.231472	0.119202	0.205789	0.379997	0.295013	2.326387	0.9547122
16992	-1013.13	-1226.679	213.5489	0.9376184	0.275319	0.277182	0.278541	0.168958	2.190676	1.290967
16998	-1010.575	-1224.072	213.4972	0.8030987	0.15733	0.116263	0.370117	0.35629	1.900176	1.656114
17004	-1013.86	-1226.302	212.4415	1.004617	0.0575563	0.41602	0.212491	0.313932	1.810213	2.28712
17010	-1020.729	-1232.644	211.9151	1.090929	0.0818476	0.473923	0.0876847	0.356545	1.690874	2.638965
17016	-1004.798	-1217.501	212.7024	1.025647	0.0718048	0.304922	0.466916	0.156357	1.652238	2.207447
17022	-1004.981	-1217.974	212.9935	0.9091915	0.14689	0.00710677	0.566779	0.279225	1.888406	1.937271
17028	-1008.833	-1221.834	213.0011	1.565615	0.430662	0.00761867	0.319488	0.242231	2.183066	1.267548
17034	-1014.2	-1226.823	212.6224	0.9889339	0.0362574	0.527674	0.217501	0.218568	1.797339	2.189005
17040	-1015.123	-1227.834	212.7111	1.369409	0.0870663	0.428957	0.110738	0.373239	1.895761	1.823487
17046	-1018.852	-1232.29	213.4381	0.7640745	0.230636	0.199245	0.10582	0.464299	1.813093	1.787983
17052	-1009.6	-1222.452	212.8516	1.400063	0.452475	0.225646	0.207605	0.114274	1.863832	1.728863
17058	-1019.91	-1232.004	212.0938	2.209196	0.242154	0.370006	0.0484846	0.339355	1.5908	1.994401
17064	-1012.199	-1223.569	211.37	2.667956	0.024694	0.461051	0.265516	0.248739	1.590225	2.265262
17070	-1020.51	-1232.94	212.4301	1.143985	0.0922631	0.376894	0.292421	0.238422	1.80437	2.210473
17076	-1035.599	-1248.507	212.9079	1.008476	0.0885136	0.327732	0.355022	0.228732	1.835407	1.96297
17082	-1033.255	-1245.802	212.5467	1.008476	0.0599285	0.181845	0.66675	0.0914764	1.831113	2.20353
17088	-1020.45	-1233.888	213.4376	1.10449	0.260987	0.186806	0.262846	0.289362	1.831113	1.52766
17094	-1012.115	-1225.771	213.6559	0.7088544	0.411371	0.339657	0.139075	0.109896	1.802163	1.683691
17100	-1005.402	-1218.728	213.3265	0.9130929	0.25758	0.295206	0.3517	0.0955142	1.700719	1.835664
17106	-1013.964	-1226.913	212.9494	0.5286435	0.174537	0.325694	0.39303	0.106739	1.540404	2.449874
17112	-1013.086	-1226.031	212.9449	0.5286435	0.120511	0.313825	0.433563	0.132101	1.572258	2.432637
17118	-998.9941	-1212.662	213.6679	0.4103899	0.100131	0.260753	0.465478	0.173638	1.513804	2.078172
17124	-1000.745	-1213.617	212.8722	0.9646636	0.104604	0.279839	0.470542	0.145014	1.741688	2.078172
17130	-999.9919	-1212.955	212.9632	0.9111889	0.066048	0.117367	0.725022	0.0915627	1.734773	2.058605
17136	-1001.639	-1213.505	211.8656	1.066485	0.302249	0.351557	0.158198	0.187996	1.638253	2.716424
17142	-1019.342	-1231.882	212.5401	0.68769	0.195751	0.405215	0.182344	0.21669	1.511736	2.618905
17148	-1010.633	-1223.023	212.3901	0.6713133	0.223428	0.272284	0.25696	0.247328	1.679097	2.618905
17154	-1019.764	-1231.896	212.1323	1.10909	0.154045	0.430201	0.177163	0.238591	1.488476	2.618905
17160	-1020.508	-1232.002	211.4933	1.10909	0.077155	0.610989	0.110812	0.201044	1.460769	3.024191
17166	-1025.048	-1238.708	213.6597	0.4889764	0.222767	0.113856	0.418969	0.244408	1.810347	1.835178
17172	-1016.259	-1230.355	214.0951	0.4503386	0.150839	0.292144	0.381762	0.175255	1.92033	1.470234
17178	-1005.954	-1219.942	213.9876	0.6189751	0.134407	0.398589	0.35271	0.114294	1.856942	1.470234
17184	-1011.829	-1225.92	214.0908	0.6189751	0.042293	0.250761	0.672252	0.0346939	1.991283	1.283537
17190	-1017.636	-1231.37	213.7335	0.9970829	0.0631514	0.245824	0.629084	0.0619409	2.024147	1.226198
17196	-1012.795	-1227.147	214.3519	0.5738187	0.14548	0.450671	0.289261	0.114588	2.23121	0.8516236
17202	-1016.285	-1229.312	213.0274	1.917259	0.14826	0.459284	0.275679	0.116777	2.307586	0.8516236
17208	-1012.696	-1226.413	213.7177	0.9294825	0.339063	0.10616	0.255734	0.299044	2.270886	1.082644
17214	-1015.288	-1229.409	214.1212	0.5568035	0.377014	0.066275	0.2862	0.270511	2.540769	0.7718142
17220	-999.9457	-1214.118	214.1718	0.6414936	0.224901	0.302982	0.335492	0.136624	2.306013	0.8916125
17226	-1007.702	-1221.503	213.8011	0.9762713	0.268994	0.362384	0.1761	0.192522	2.386226	0.8216181
17232	-1014.646	-1228.761	214.1146	0.5995821	0.218284	0.243425	0.353861	0.18443	2.589122	0.6152498
17238	-1024.061	-1237.564	213.503	1.206895	0.329873	0.264117	0.205903	0.200107	2.589122	0.5981722
17244	-1002.372	-1216.147	213.775	1.173289	0.285234	0.366087	0.232357	0.116323	2.185462	0.8634883
17250	-995.4823	-1209.596	214.1142	0.7827838	0.242467	0.016645	0.615705	0.125183	2.253322	0.8456069
17256	-1002.433	-1216.612	214.179	0.8113543	0.142208	0.318652	0.495037	0.0441028	2.13994	0.867941
17262	-1037.586	-1251.724	214.1381	0.66314	0.240303	0.391335	0.321616	0.0467463	2.283919	0.9282037
17268	-1038.109	-1251.943	213.8335	0.6734233	0.200621	0.158577	0.609334	0.031468	1.97038	1.45735
17274	-1039.709	-1253.552	213.8427	0.6831981	0.191477	0.151349	0.581561	0.0756136	1.950827	1.45735
17280	-1011.356	-1224.774	213.4178	1.270385	0.242368	0.0832594	0.497186	0.177187	2.345747	0.9793874
17286	-1016.238	-1228.724	212.4855	2.588685	0.460455	0.152329	0.260947	0.126269	2.099386	1.131482
17292	-1036.607	-1249.515	212.9083	1.827541	0.374961	0.172899	0.204881	0.247259	2.662695	0.5486301
17298	-1020.631	-1234.298	213.6664	1.224642	0.32707	0.150816	0.370697	0.151417	2.339261	0.7383264
17304	-1017.579	-1228.122	210.5429	6.469762	0.212964	0.0481611	0.37122	0.367655	2.452603	0.8680569
17310	-1014.09	-1226.235	212.1441	3.431277	0.300047	0.0876509	0.36761	0.244692	2.197859	0.8680569
17316	-1007.474	-1221.258	213.7847	1.049292	0.288505	0.215611	0.409505	0.0863797	2.058551	1.105841
17322	-1021.416	-1235.217	213.8006	1.126294	0.3138	0.193069	0.366692	0.12644	2.093379	0.9851297
17328	-1010.781	-1224.699	213.9176	0.9086386	0.206836	0.32004	0.410406	0.0627185	2.192933	0.9851297
17334	-1027.369	-1241.558	214.1895	0.7838523	0.173755	0.499054	0.219786	0.107405	2.207526	0.8068369
17340	-1019.74	-1233.861	214.1206	0.7838523	0.263979	0.356818	0.306011	0.0731928	2.15062	0.9528927
17346	-1021.725	-1235.458	213.7325	0.9125761	0.473155	0.162847	0.307251	0.0567474	2.123845	1.215062
17352	-1021.529	-1234.77	213.2406	1.263502	0.436235	0.0821766	0.394946	0.0866422	1.917048	1.498006
17358	-1024.016	-1237.881	213.8649	0.8466267	0.497796	0.195619	0.117369	0.189216	1.905112	1.34185
17364	-1019.02	-1232.683	213.6627	1.099785	0.465285	0.259668	0.213296	0.0617509	2.021486	1.202602
17370	-1014.186	-1228.191	214.0049	0.81181	0.455774	0.183234	0.254471	0.10652	1.974239	1.199295
17376	-996.2272	-1210.18	213.953	0.81181	0.185562	0.357163	0.30676	0.150515	2.327827	0.9108944
17382	-1001.394	-1215.392	213.9976	0.8054139	0.267201	0.115314	0.396746	0.220739	2.327827	0.8675967
17388	-1015.728	-1229.811	214.0834	0.8054139	0.289947	0.136861	0.470882	0.102309	2.271741	0.8315759
17394	-1010.342	-1224.424	214.0821	0.8054139	0.319577	0.388839	0.174258	0.117325	2.27301	0.8315759
17400	-1011.906	-1225.965	214.0584	0.8401369	0.157462	0.327041	0.266829	0.248668	2.349278	0.7036819
17406	-1020.04	-1234.045	214.0049	0.9248346	0.278644	0.202815	0.152745	0.365796	2.315483	0.7036819
17412	-1008.533	-1222.691	214.1584	0.7433392	0.316346	0.250505	0.269092	0.164057	2.245596	0.8517742
17418	-996.2087	-1210.351	214.1424	0.7433392	0.226326	0.364538	0.266479	0.142658	2.206613	0.9151595
17424	-1010.022	-1222.684	212.6618	0.9272595	0.166055	0.37831	0.322811	0.132824	2.115202	1.995251
17430	-995.7904	-1209.064	213.2734	0.9272595	0.231485	0.302558	0.257789	0.208167	1.816194	1.78256
17436	-1004.056	-1217.968	213.9112	0.8423745	0.246798	0.300996	0.251499	0.200707	2.03749	1.198085
17442	-998.3946	-1212.086	213.6913	0.8423745	0.288022	0.435247	0.182861	0.09387	2.196281	1.249767
17448	-1011.509	-1225.573	214.0636	0.7263033	0.177157	0.316445	0.402573	0.103824	2.029585	1.178515
17454	-1011.646	-1224.879	213.2335	1.651689	0.192775	0.297957	0.323147	0.18612	1.984001	1.178515
17460	-1017.047	-1231.133	214.0859	0.6664329	0.118816	0.142626	0.513468	0.22509	2.01808	1.223595
17466	-1007.873	-1221.366	213.4927	1.502634	0.100216	0.16792	0.508814	0.22305	2.050313	0.9929119
17472	-1023.533	-1236.992	213.4584	1.079715	0.191342	0.158388	0.479929	0.170342	2.186578	1.25219
17478	-1013.243	-1226.837	213.5939	0.854073	0.0413742	0.4231	0.439733	0.0957926	1.980192	1.487502
17484	-1018.317	-1232.445	214.1285	0.5663279	0.109363	0.172022	0.590073	0.128543	2.052624	1.247283
17490	-1021.381	-1234.977	213.5962	1.188957	0.178948	0.0387616	0.612353	0.169938	1.981789	1.220174
17496	-1012.932	-1225.319	212.3875	2.761157	0.048816	0.417473	0.421784	0.111927	2.042147	1.171099
17502	-1020.192	-1234.017	213.8249	0.718882	0.312654	0.205057	0.413876	0.0684136	1.877912	1.497366
17508	-1018.561	-1231.553	212.9914	1.051443	0.324836	0.181306	0.441177	0.0526815	1.638334	2.010379
17514	-1004.095	-1217.575	213.4796	0.4787144	0.241351	0.270541	0.350913	0.137195	1.741228	2.010379
17520	-1014.42	-1226.101	211.6808	1.108401	0.147727	0.400983	0.317422	0.133867	1.703322	2.764644
17526	-1024.015	-1236.6	212.5849	1.567732	0.20101	0.29802	0.352253	0.148717	1.662289	1.950671
17532	-1031.889	-1244.399	212.5099	1.826133	0.475686	0.105984	0.29505	0.123281	1.667265	1.855236
17538	-1011.8	-1225.759	213.9592	0.5879307	0.232184	0.390643	0.315433	0.06174	1.730598	1.608996
17544	-1013.436	-1227.948	214.5125	0.5024869	0.223934	0.354807	0.401616	0.019643	1.855534	1.142553
17550	-1014.801	-1228.914	214.1136	0.8151236	0.278211	0.198425	0.498959	0.0244041	1.978242	1.096329
17556	-1038.324	-1252.019	213.6944	0.8897617	0.276318	0.197075	0.43211	0.0944968	2.176001	1.222969
17562	-1024.429	-1237.658	213.2296	1.67107	0.242577	0.283747	0.33762	0.136056	2.163576	1.001135
17568	-1004.295	-1217.107	212.8117	2.435473	0.332586	0.275572	0.327893	0.0639484	2.037316	0.9767515
17574	-1026.779	-1239.121	212.3421	3.130607	0.151729	0.279862	0.534486	0.0339234	2.052808	0.9952951
17580	-1028.551	-1242.407	213.8554	0.7239544	0.0741196	0.422515	0.336481	0.166885	2.146631	1.258005
17586	-1022.062	-1236.244	214.1819	0.5155974	0.256232	0.454946	0.237893	0.0509277	2.038291	1.258005
17592	-1003.131	-1217.218	214.0871	0.6736301	0.166963	0.354957	0.35501	0.12307	1.910889	1.304974
17598	-988.8999	-1203.134	214.2337	0.3952061	0.151284	0.37184	0.321671	0.155204	1.869281	1.440815
17604	-999.0256	-1211.67	212.6444	1.837119	0.310505	0.389256	0.100828	0.199411	1.926631	1.570833
17610	-1011.442	-1224.477	213.0347	1.478467	0.354167	0.222326	0.115005	0.308501	1.832116	1.570833
17616	-1002.339	-1214.911	212.5718	2.63747	0.296154	0.298777	0.0389966	0.366072	1.757863	1.320533
17622	-1000.039	-1210.946	210.9071	5.221293	0.401016	0.091793	0.048828	0.458363	1.846489	1.509611
17628	-1003.237	-1216.348	213.1115	1.491162	0.129616	0.0538346	0.4755	0.34105	1.826937	1.509611
17634	-993.4563	-1204.938	211.4814	3.58198	0.217112	0.216737	0.348839	0.217311	1.89769	1.620618
17640	-1007.542	-1221.027	213.4854	1.457511	0.132794	0.24008	0.38641	0.240716	1.919503	1.158786
17646	-1005.6	-1218.893	213.2932	1.449782	0.111252	0.163206	0.561903	0.163639	2.182042	1.101742
17652	-1014.714	-1228.548	213.8334	0.8305294	0.145338	0.336866	0.180037	0.33776	1.904057	1.38081
17658	-1012.2	-1226.108	213.9072	0.7515318	0.262924	0.21339	0.489895	0.0337906	2.152861	1.184169
17664	-1010.245	-1224.384	214.1386	0.8585097	0.285349	0.155548	0.542604	0.0164986	2.09428	0.9101572
17670	-1018.692	-1232.288	213.596	1.277959	0.281093	0.027584	0.668135	0.0231878	2.135773	1.00443
17676	-1019.248	-1233.448	214.1996	0.6694526	0.34832	0.119968	0.491421	0.0402916	2.100946	1.044639
17682	-1010.598	-1224.846	214.2481	0.6236874	0.390295	0.013917	0.550641	0.0451471	2.100894	1.044639
17688	-1005.644	-1219.531	213.8865	0.8933816	0.346588	0.127283	0.471365	0.0547641	2.154512	1.068114
17694	-1004.504	-1218.335	213.8303	1.043591	0.206747	0.138713	0.469725	0.184815	2.270604	0.8457032
17700	-1009.381	-1223.358	213.9774	0.9405631	0.194995	0.0614986	0.66142	0.0820865	2.304473	0.740294
17706	-1003.09	-1217.193	214.1024	0.8832667	0.274354	0.0154601	0.594691	0.115494	2.297212	0.6302319
17712	-1015.254	-1229.614	214.3602	0.5153788	0.260441	0.0127112	0.631889	0.0949584	2.424617	0.6302319
17718	-1013.538	-1226.769	213.2305	1.641068	0.338283	0.0534418	0.48252	0.125755	2.476586	0.6032006
17724	-1027.079	-1239.973	212.8939	1.899508	0.196028	0.0649307	0.586252	0.15279	2.382322	0.9339999
17730	-1010.94	-1224.396	213.4561	1.378776	0.22572	0.034679	0.586695	0.152905	2.320504	0.8566858
17736	-1007.925	-1221.576	213.6509	0.9993186	0.14614	0.025965	0.656736	0.17116	2.371468	0.9813927
17742	-1007.812	-1221.123	213.3113	1.265072	0.373038	0.0455313	0.407417	0.174014	2.360151	1.074033
17748	-1016.258	-1230.129	213.8712	0.9135593	0.363086	0.042428	0.396547	0.197939	2.362544	0.8432066
17754	-1008.1	-1221.843	213.7429	1.041107	0.379381	0.112158	0.327732	0.180728	2.362544	0.8432066
17760	-1011.086	-1225.153	214.0675	0.8239332	0.335402	0.0991564	0.534921	0.0305202	2.258909	0.8432066
17766	-1020.121	-1234.084	213.9636	0.8721577	0.321312	0.0884231	0.490658	0.0996068	2.259776	0.9050143
17772	-1041.89	-1255.63	213.7403	0.9029498	0.309454	0.209956	0.457083	0.0235063	2.666043	0.5330545
17778	-1034.4	-1248.232	213.8319	0.7376902	0.217275	0.305538	0.442979	0.0342074	2.742311	0.4448893
17784	-1025.094	-1239.295	214.2012	0.4139649	0.242329	0.34077	0.378749	0.0381519	2.708112	0.4782031
17790	-1023.677	-1236.96	213.2831	1.470354	0.315329	0.0256427	0.316254	0.342774	2.579378	0.5669594
17796	-1010.649	-1224.112	213.4629	1.323878	0.241289	0.0305945	0.577304	0.150813	2.522664	0.5932048
17802	-1004.754	-1216.669	211.9153	1.630727	0.405119	0.10051	0.160021	0.33435	1.529891	2.436503
17808	-1001.639	-1214.125	212.4851	0.740895	0.384974	0.0401379	0.441367	0.13352	1.675106	2.516617
17814	-1013.886	-1226.767	212.8812	0.6117991	0.159366	0.124023	0.634161	0.0824505	1.587493	2.408758
17820	-1009.563	-1221.312	211.7489	1.0839	0.2257	0.114236	0.584119	0.0759444	1.546533	2.833141
17826	-1013.311	-1225.529	212.2175	0.9570608	0.142915	0.0723355	0.693996	0.0907528	1.675407	2.543557
17832	-1011.373	-1223.167	211.7945	0.7416121	0.124259	0.258892	0.589121	0.0277287	1.916573	2.792924
17838	-1013.297	-1226.679	213.3819	0.7691948	0.134268	0.340883	0.433653	0.0911962	1.897288	1.764741
17844	-1014.369	-1226.994	212.6249	0.7042152	0.0773126	0.335852	0.541893	0.0449425	1.674642	2.453693
17850	-1006.084	-1219.221	213.1373	0.7042152	0.250229	0.245986	0.272048	0.231737	2.023842	1.893246
17856	-1016.331	-1229.282	212.9508	0.7011986	0.276208	0.271525	0.337307	0.114959	2.104034	1.967182
17862	-1029.459	-1242.492	213.0331	0.4903638	0.127063	0.623196	0.117256	0.132485	2.185201	2.004481
17868	-1026.765	-1240.389	213.6239	0.4049957	0.139297	0.489193	0.245246	0.126264	2.333605	1.544051
17874	-1026.591	-1239.893	213.3023	0.4780751	0.265149	0.253182	0.466824	0.0148452	2.22082	1.805982
17880	-1027.971	-1241.863	213.8917	1.011992	0.206809	0.270547	0.268236	0.254408	2.357396	0.6733295
17886	-1022.179	-1235.928	213.7494	1.027947	0.152602	0.377996	0.14104	0.328362	2.500735	0.6376385
17892	-1014.222	-1227.399	213.1771	0.6061312	0.232515	0.423983	0.333671	0.00983057	2.344277	1.715805
17898	-1003.038	-1216.494	213.4558	0.4683494	0.244828	0.446434	0.300296	0.008443	1.956289	1.888492
17904	-1018.002	-1231.408	213.406	0.7752591	0.380801	0.0230932	0.578754	0.017352	2.096991	1.60097
17910	-1029.756	-1243.136	213.3802	0.7752591	0.459912	0.0776102	0.271466	0.191012	2.01019	1.681965
17916	-1014.898	-1228.283	213.3857	0.5656487	0.331017	0.21618	0.259795	0.193007	2.080257	1.784208
17922	-999.0909	-1213.145	214.0545	0.7724807	0.353897	0.196169	0.387159	0.0627749	2.402491	0.7387126
17928	-983.4127	-1197.498	214.0854	0.7490058	0.284334	0.190864	0.451581	0.0732205	2.402491	0.728973
17934	-980.8989	-1195.13	214.2312	0.6640897	0.107477	0.245594	0.586251	0.0606793	2.395311	0.6378559
17940	-978.957	-1192.891	213.9341	0.8101462	0.143396	0.201481	0.590556	0.0645664	2.538302	0.6378559
17946	-992.7482	-1207.058	214.3094	0.5793642	0.262245	0.368471	0.22941	0.139875	2.4147	0.6173107
17952	-1008.458	-1222.707	214.2488	0.6054188	0.231422	0.258973	0.241795	0.26781	2.43716	0.6435332
17958	-1011.519	-1225.802	214.283	0.6054188	0.236108	0.302133	0.424914	0.0368449	2.432627	0.5519671
17964	-1011.462	-1225.776	214.3145	0.5544179	0.388678	0.210714	0.283519	0.117089	2.454322	0.5519671
17970	-1008.503	-1222.888	214.3858	0.4776989	0.137781	0.322481	0.424956	0.114782	2.454322	0.5780929
17976	-1009.008	-1223.682	214.6737	0.3156876	0.323869	0.206817	0.409057	0.0602578	2.291317	0.5963978
17982	-987.8474	-1201.997	214.15	0.737914	0.410724	0.290078	0.260782	0.0384156	2.404527	0.6229625
17988	-996.397	-1210.423	214.0256	0.8180682	0.225967	0.189237	0.566863	0.0179329	2.449303	0.6107127
17994	-1021.809	-1235.796	213.9867	0.8180682	0.186	0.162695	0.390988	0.260317	2.476334	0.6403272
18000	-1014.68	-1228.143	213.4632	1.355099	0.390889	0.234116	0.151577	0.223418	2.476334	0.6403272
18006	-1013.434	-1227.309	213.8746	1.0157	0.166148	0.540668	0.128845	0.16434	2.40077	0.6042097
18012	-1010.694	-1224.35	213.6566	1.312296	0.148891	0.381064	0.416127	0.0539182	2.277935	0.7227125
18018	-995.2444	-1209.203	213.9587	0.9752763	0.28109	0.208942	0.445797	0.0641715	2.312657	0.7000197
18024	-1007.015	-1221.123	214.1083	0.8142939	0.205011	0.138329	0.516772	0.139887	2.272907	0.7851753
18030	-1017.926	-1231.746	213.8198	1.0481	0.171029	0.0573951	0.390527	0.381049	2.275626	0.8469978
18036	-1005.949	-1220.203	214.2535	0.7020727	0.207943	0.146584	0.354299	0.291174	2.275626	0.7421558
18042	-1012.149	-1226.429	214.2795	0.6067279	0.290279	0.131346	0.317469	0.260906	2.365601	0.7180899
18048	-1011.235	-1224.778	213.5426	1.407923	0.211352	0.266962	0.323332	0.198354	2.325134	0.6899509
18054	-1021.722	-1234.958	213.2361	1.677626	0.223442	0.282234	0.341829	0.152494	2.282165	0.8597658
18060	-1023.602	-1235.952	212.3506	3.093632	0.193123	0.269625	0.274695	0.262557	2.264664	0.7631283
18066	-1018.981	-1231.602	212.6206	2.658145	0.210911	0.29446	0.299996	0.194633	2.289317	0.7215357
18072	-1020.769	-1232.235	211.4659	4.705625	0.236874	0.37415	0.0344085	0.354568	2.384572	0.6590081
18078	-1028.589	-1241.806	213.2166	1.799051	0.125679	0.452425	0.201682	0.220215	2.359036	0.6131782
18084	-1021.256	-1235.166	213.9093	0.8979019	0.310712	0.0366892	0.398128	0.254471	2.040414	1.147133
18090	-1022.22	-1235.327	213.1072	1.724758	0.160525	0.0195034	0.627661	0.19231	1.974755	1.243101
18096	-1036.857	-1249.743	212.8862	2.387846	0.244523	0.0297089	0.358491	0.367278	2.057875	0.9100166
18102	-1019.985	-1230.253	210.2683	8.092797	0.071769	0.0854114	0.708638	0.134182	2.221976	0.8195352
18108	-1021.574	-1234.057	212.4831	2.921032	0.126602	0.0490081	0.617706	0.206684	2.193832	0.8195352
18114	-1014.322	-1228.286	213.9639	1.031819	0.260523	0.27108	0.287698	0.180699	2.21623	0.7556381
18120	-1013.998	-1228.037	214.0386	0.91557	0.13524	0.294015	0.495903	0.074841	2.134924	0.9109402
18126	-1028.588	-1241.798	213.2095	1.553893	0.0808665	0.312304	0.511443	0.0953866	2.126842	1.146032
18132	-1018.134	-1232.008	213.8737	1.003096	0.0678253	0.423207	0.428964	0.0800038	1.835466	1.261699
18138	-1024.218	-1237.971	213.7526	1.042423	0.115477	0.494739	0.211295	0.178489	1.868018	1.302261
18144	-1008.828	-1222.103	213.2744	1.676715	0.146536	0.627805	0.141465	0.0841935	1.952296	1.152375
18150	-1009.274	-1221.953	212.6791	2.347765	0.330836	0.454978	0.0890889	0.125098	1.995873	1.194167
18156	-1002.136	-1215.991	213.8544	1.121626	0.1962	0.417722	0.0147208	0.371357	2.121449	0.9027351
18162	-1008.291	-1222.146	213.8557	1.074247	0.353176	0.406886	0.0403978	0.199541	2.001836	1.069903
18168	-1002.416	-1216.229	213.8127	0.9471585	0.241715	0.185312	0.527643	0.0453293	2.000489	1.221802
18174	-998.1672	-1211.624	213.4566	1.032277	0.3739	0.0150484	0.474319	0.136733	1.930647	1.492023
18180	-1002.219	-1215.741	213.5218	1.421085	0.319034	0.026816	0.618004	0.0361465	1.939111	1.137476
18186	-1010.717	-1222.954	212.2378	3.285273	0.235538	0.25597	0.456263	0.0522294	1.930291	1.125846
18192	-996.8092	-1208.769	211.9596	3.135256	0.105947	0.220835	0.340818	0.332401	1.870231	1.472179
18198	-999.8325	-1212.284	212.4517	2.244341	0.116564	0.242966	0.374973	0.265497	1.948778	1.472179
18204	-1014.6	-1227.657	213.0566	1.514065	0.0850733	0.523725	0.199476	0.191726	2.140782	1.292724
18210	-1004.66	-1218.512	213.852	0.9938131	0.166973	0.523307	0.128204	0.181516	2.270891	0.8785286
18216	-1005.627	-1217.982	212.3551	2.234262	0.256829	0.187239	0.284329	0.271604	2.163986	1.386451
18222	-1013.451	-1225.656	212.2051	1.794046	0.492711	0.0231873	0.307367	0.176734	2.073938	1.802632
18228	-1014.087	-1224.456	210.369	2.899775	0.242129	0.0843731	0.404775	0.268723	1.754346	2.698688
18234	-1016.386	-1229.276	212.8895	1.628504	0.315268	0.35037	0.0784096	0.255952	1.923463	1.51637
18240	-1017.015	-1230.317	213.3016	1.368881	0.195843	0.183098	0.27339	0.34767	2.030399	1.286871
18246	-1011.203	-1222.814	211.6103	3.244298	0.0569042	0.422016	0.250776	0.270304	1.927181	1.641305
18252	-1015.469	-1228.97	213.5008	0.8229848	0.135496	0.15273	0.612183	0.0995907	1.896358	1.641305
18258	-1010.246	-1223.562	213.3158	1.433272	0.326213	0.251851	0.0800935	0.341842	2.11839	1.151718
18264	-999.3645	-1213.562	214.1976	0.6254209	0.234617	0.194409	0.449507	0.121467	2.325875	0.8581558
18270	-1024.281	-1238.104	213.823	1.142012	0.266618	0.155042	0.439396	0.138943	2.219571	0.7977843
18276	-1014.117	-1228.048	213.9308	1.077231	0.224183	0.378286	0.163133	0.234397	2.150522	0.8289397
18282	-1013.89	-1227.619	213.7299	1.191809	0.0702712	0.596482	0.257228	0.0760189	2.12962	0.9561558
18288	-1009.942	-1223.649	213.7062	1.081484	0.0853058	0.462071	0.299034	0.153589	2.133547	1.079865
18294	-1014.114	-1227.881	213.7664	1.081484	0.155173	0.485809	0.237192	0.121826	2.051259	1.100284
18300	-1019.126	-1232.363	213.2364	1.619837	0.0699086	0.31682	0.338285	0.274987	2.095266	1.100284
18306	-1036.014	-1250.083	214.0687	0.7517557	0.261825	0.393137	0.167173	0.177864	2.024186	1.155257
18312	-1025.335	-1239.523	214.1872	0.6849578	0.140847	0.18069	0.580209	0.0982546	1.824033	1.284413
18318	-1009.383	-1223.498	214.1147	0.4186385	0.275102	0.189471	0.46219	0.0732368	2.048475	1.378611
18324	-1008.122	-1222.286	214.1644	0.7478974	0.244882	0.16056	0.508795	0.0857631	2.140236	0.957616
18330	-1011.752	-1225.815	214.0629	0.8599481	0.158499	0.309135	0.480313	0.0520528	2.187008	0.889325
18336	-1017.78	-1231.761	213.9809	0.8599481	0.162519	0.316975	0.469902	0.050604	1.959142	1.189787
18342	-1018.786	-1233.208	214.4213	0.3626776	0.136538	0.235892	0.595085	0.032485	2.125564	1.093822
18348	-1018.272	-1232.378	214.1059	0.7055397	0.393769	0.161816	0.370179	0.0742357	2.336222	0.854064
18354	-1013.201	-1226.888	213.6869	0.8314166	0.190358	0.14816	0.507065	0.154416	2.517228	0.9709854
18360	-1013.247	-1227.299	214.0512	0.7889578	0.203757	0.249379	0.381579	0.165285	2.389379	0.7373213
18366	-1006.988	-1221.446	214.4585	0.4661355	0.17299	0.2401	0.446583	0.140327	2.379357	0.6188387
18372	-1016.025	-1230.454	214.4289	0.5234016	0.0754685	0.150848	0.5887	0.184984	2.249867	0.7959015
18378	-1006.408	-1220.468	214.0608	0.8688151	0.0396834	0.506076	0.256982	0.197258	2.291917	0.7444554
18384	-1010.719	-1225.121	214.4021	0.5749597	0.0660362	0.358492	0.300074	0.275397	2.112758	0.9282137
18390	-1010.842	-1224.756	213.9145	1.037168	0.464146	0.154446	0.20602	0.175388	2.241224	0.7829284
18396	-1020.751	-1234.341	213.5896	1.274292	0.364343	0.245678	0.236007	0.153973	2.363783	0.7477215
18402	-1031.238	-1244.917	213.6785	1.323744	0.170935	0.178096	0.116103	0.534866	2.229976	0.7471469
18408	-1030.273	-1243.545	213.2718	1.556038	0.217946	0.280203	0.0533232	0.448528	2.279312	0.9370968
18414	-1024.487	-1237.868	213.3813	1.341313	0.200502	0.421424	0.18984	0.188234	2.554287	0.6745693
18420	-1018.986	-1232.747	213.761	0.8646409	0.178796	0.24594	0.429203	0.146062	2.663264	0.6167777
18426	-1009.241	-1222.994	213.7537	0.9032735	0.224099	0.305187	0.188408	0.282306	2.645103	0.571418
18432	-1033.246	-1244.364	211.1176	1.021292	0.296684	0.285107	0.362875	0.055333	1.429058	3.317236
18438	-1027.966	-1239.626	211.6594	1.120994	0.268464	0.156695	0.271373	0.303469	1.541605	2.868562
18444	-1030.349	-1240.358	210.0087	3.254152	0.168836	0.286126	0.107186	0.437852	1.626899	2.868562
18450	-1022.991	-1234.813	211.8218	2.145849	0.174186	0.362445	0.217844	0.245525	1.8429	2.037876
18456	-1015.361	-1227.456	212.0949	0.865836	0.162715	0.423983	0.203498	0.209804	1.74743	2.632759
18462	-1021.588	-1232.75	211.1614	2.005256	0.184993	0.433938	0.142541	0.238529	1.651947	2.645855
18468	-1021.735	-1233.789	212.0545	1.053767	0.386187	0.334808	0.202019	0.0769867	1.696562	2.571718
18474	-1027.218	-1238.411	211.1937	0.9490376	0.216185	0.488745	0.178684	0.116386	1.552181	3.242527
18480	-1020.786	-1232.049	211.2628	1.750767	0.266955	0.501731	0.112828	0.118486	1.462052	2.820869
18486	-1023.048	-1233.593	210.5447	0.8391998	0.184476	0.479636	0.222619	0.113269	1.51135	3.711383
18492	-1006.382	-1219.03	212.648	1.040723	0.185269	0.260004	0.310501	0.244226	1.8728	2.089388
18498	-1013.866	-1227.145	213.279	0.7094417	0.319691	0.151896	0.47838	0.0500327	1.861683	1.903389
18504	-1016.903	-1229.163	212.2593	0.9037397	0.242362	0.343482	0.362667	0.0514886	1.960538	2.372389
18510	-1001.121	-1214.14	213.019	0.5842851	0.278858	0.353305	0.259796	0.10804	1.934004	2.116316
18516	-1002.471	-1215.89	213.4191	0.4361337	0.145357	0.232295	0.432904	0.189444	1.971076	1.923905
18522	-1018.523	-1232.26	213.7369	0.710335	0.110384	0.471746	0.328747	0.0891228	2.065397	1.42865
18528	-1012.472	-1226.744	214.2718	0.4979902	0.438919	0.198247	0.330412	0.0324212	2.065397	1.173615
18534	-1016.923	-1230.371	213.4481	1.230231	0.408925	0.184699	0.307833	0.0985434	2.112422	1.201998
18540	-1031.212	-1243.051	211.8385	1.230231	0.351489	0.0580182	0.166342	0.424151	1.795495	2.539159
18546	-1031.81	-1244.268	212.4577	1.267717	0.46628	0.0307318	0.278319	0.22467	1.959108	2.014618
18552	-1029.94	-1241.896	211.9563	1.267717	0.338744	0.245622	0.202194	0.21344	1.987589	2.322099
18558	-1022.125	-1235.041	212.9154	0.7791553	0.338744	0.245622	0.202194	0.21344	1.942582	2.043415
18564	-1017.695	-1230.871	213.1753	0.9195045	0.381463	0.106588	0.249048	0.262901	2.226164	1.565781
18570	-1035.159	-1247.638	212.4793	0.9614989	0.270632	0.0756201	0.458776	0.194972	1.82127	2.283579
18576	-1028.617	-1240.908	212.291	1.500747	0.357259	0.031434	0.465609	0.145698	1.667761	2.178793
18582	-1014.966	-1227.01	212.0445	0.9410928	0.226843	0.33128	0.107087	0.334791	1.733821	2.624597
18588	-1008.071	-1220.18	212.1088	0.9410928	0.245026	0.277678	0.11567	0.361626	1.61879	2.655884
18594	-1014.435	-1226.529	212.0942	1.009523	0.263351	0.294926	0.202302	0.239421	1.562022	2.657448
18600	-1022.364	-1235.945	213.5812	0.927798	0.238908	0.336761	0.209045	0.215287	2.766976	0.3793562
18606	-1010.98	-1224.638	213.658	0.8413397	0.129026	0.430407	0.318197	0.122371	2.766976	0.3618932
18612	-1009.881	-1223.725	213.8442	0.7252313	0.148376	0.318754	0.392147	0.140723	2.707585	0.3685341
18618	-1001.644	-1215.566	213.9218	0.5977697	0.158808	0.406519	0.421982	0.0126916	2.76479	0.3685341
18624	-1011.452	-1225.523	214.0707	0.5136189	0.142781	0.466412	0.379396	0.0114108	2.715541	0.3885594
18630	-1021.641	-1234.646	213.0051	1.112466	0.323998	0.318183	0.0486465	0.309173	2.341649	1.463251
18636	-1031.6	-1245.001	213.4013	1.006403	0.19515	0.348422	0.208211	0.248217	2.28436	1.278397
18642	-1009.872	-1223.644	213.7717	0.8010358	0.261476	0.158294	0.403363	0.176866	2.336247	1.095041
18648	-1008.711	-1222.072	213.3609	1.032692	0.333609	0.219023	0.202648	0.24472	2.371861	1.217251
18654	-1017.594	-1230.796	213.2019	1.218895	0.299601	0.286938	0.0928583	0.320603	2.182682	1.355272
18660	-1035.609	-1247.12	211.5117	3.947648	0.150622	0.517746	0.119294	0.212338	2.098934	1.298997
18666	-1019.417	-1232.068	212.6512	1.715689	0.282957	0.0940414	0.224105	0.398896	2.060111	1.538784
18672	-1008.607	-1220.817	212.2101	1.646531	0.28372	0.0709249	0.303631	0.341724	1.780482	2.07758
18678	-1015.174	-1226.509	211.3345	1.080807	0.224062	0.476475	0.227228	0.0722349	1.625038	3.037391
18684	-1029.646	-1241.293	211.6472	1.456459	0.377195	0.435594	0.0542981	0.132914	1.911691	2.458286
18690	-1024.996	-1237.068	212.0727	1.173949	0.177448	0.601744	0.0730503	0.147758	1.686188	2.494379
18696	-1001.212	-1213.85	212.6383	1.14106	0.39756	0.303149	0.0743469	0.224944	1.698689	2.145764
18702	-1017.718	-1230.317	212.5991	1.241884	0.372637	0.264138	0.152383	0.210842	1.808034	2.036942
18708	-1019.52	-1232.823	213.3036	0.9128814	0.435834	0.308934	0.15621	0.0990224	2.02902	1.620832
18714	-1009.664	-1222.932	213.2678	0.8309152	0.270577	0.28538	0.334983	0.109059	2.241621	1.553614
18720	-1021.633	-1234.082	212.4484	1.545217	0.0695921	0.600356	0.146215	0.183836	1.789939	1.969433
18726	-1022.01	-1234.22	212.2104	1.63023	0.377021	0.317953	0.102362	0.202664	1.701432	2.138022
18732	-1022.078	-1233.85	211.7718	1.521387	0.228119	0.0642978	0.584959	0.122624	1.899016	2.352211
18738	-1024.644	-1236.342	211.6984	1.762562	0.340264	0.095907	0.380923	0.182906	1.7562	2.362671
18744	-1010.308	-1223.815	213.5064	0.7889926	0.267356	0.0841567	0.592338	0.056149	1.812817	1.72213
18750	-1010.426	-1223.919	213.4927	0.611054	0.191742	0.341498	0.424811	0.0419492	1.76959	1.891468
18756	-1022.477	-1236.451	213.9742	0.850955	0.255412	0.11998	0.551681	0.0729277	2.184515	0.9964491
18762	-1008.898	-1223.232	214.334	0.5530869	0.14536	0.282941	0.517578	0.0541205	2.097959	1.035827
18768	-1005.668	-1219.727	214.0597	0.6728962	0.17956	0.253064	0.422959	0.144418	2.097959	1.171693
18774	-1014.578	-1228.547	213.9695	0.8998075	0.16618	0.269779	0.485085	0.0789568	2.388466	0.6821745
18780	-1000.861	-1215.351	214.4897	0.4366426	0.177731	0.118225	0.598202	0.105842	2.325138	0.7196712
18786	-1008.584	-1223.002	214.4186	0.5522872	0.192906	0.155321	0.512719	0.139054	2.076576	0.9737501
18792	-1006.497	-1220.612	214.1143	0.6929552	0.327679	0.263835	0.172283	0.236203	2.463255	0.6762517
18798	-1002.339	-1216.525	214.186	0.6929552	0.313735	0.212737	0.324457	0.14907	2.388402	0.6823805
18804	-1018.394	-1232.677	214.2833	0.5950547	0.293721	0.199166	0.367553	0.13956	2.32717	0.7879846
18810	-1008.09	-1222.493	214.4037	0.5239471	0.31094	0.0722146	0.535201	0.0816442	2.305899	0.7514254
18816	-1014.601	-1229.021	214.4198	0.4855776	0.291077	0.0676014	0.553538	0.0877837	2.250706	0.8542979
18822	-1003.111	-1217.374	214.2629	0.6758934	0.234476	0.13422	0.435517	0.195787	2.210453	0.8542979
18828	-1005.736	-1220.05	214.3136	0.6758934	0.290437	0.124408	0.40368	0.181475	2.071093	0.9536066
18834	-1002.706	-1216.947	214.2413	0.6158812	0.427583	0.173216	0.256284	0.142917	2.039969	1.115401
18840	-1002.367	-1216.658	214.2908	0.5618262	0.411958	0.183176	0.246918	0.157948	2.023373	1.136683
18846	-996.413	-1210.781	214.3682	0.5618262	0.352843	0.170501	0.427693	0.048963	2.039288	1.05064
18852	-1001.003	-1215.283	214.2801	0.5618262	0.208179	0.208614	0.523299	0.059908	2.127413	1.05064
18858	-985.3127	-1199.514	214.2016	0.6313439	0.195398	0.211981	0.531746	0.0608751	2.250089	0.9324144
18864	-1001.959	-1216.244	214.2851	0.6445549	0.201904	0.185745	0.549449	0.0629018	2.286429	0.7694969
18870	-996.1312	-1210.457	214.3253	0.6445549	0.0843643	0.346459	0.480133	0.0890435	2.286429	0.7071416
18876	-1012.164	-1226.501	214.3369	0.656098	0.143009	0.440548	0.398962	0.0174814	2.204049	0.7949346
18882	-1007.022	-1221.238	214.2155	0.6799668	0.239087	0.18886	0.54804	0.0240135	2.300181	0.7949346
18888	-1010.578	-1224.954	214.3759	0.7000652	0.0175677	0.442979	0.515286	0.024168	2.118459	0.7949346
18894	-998.5636	-1213.098	214.5343	0.4210797	0.0155029	0.389057	0.45472	0.140721	2.332192	0.649743
18900	-1018.669	-1233.284	214.6149	0.4923319	0.145749	0.447967	0.36748	0.0388045	2.015798	0.8930599
18906	-1024.261	-1238.83	214.5695	0.5060583	0.308144	0.196718	0.447122	0.0480158	2.108937	0.8192789
18912	-1015.565	-1229.744	214.1789	0.7259639	0.175857	0.215259	0.529418	0.0794656	2.198081	0.9045293
18918	-1013.91	-1228.413	214.503	0.4583773	0.181733	0.263499	0.447646	0.107122	2.061623	0.998207
18924	-1017.261	-1231.559	214.2976	0.6949885	0.250859	0.27959	0.424689	0.0448623	2.094807	0.9236349
18930	-1011.227	-1225.379	214.1515	0.8619169	0.274783	0.210885	0.465191	0.0491408	1.939163	1.051887
18936	-1027.406	-1241.802	214.3964	0.5393936	0.292094	0.16152	0.494497	0.0518889	1.963535	1.116315
18942	-1022.836	-1237.177	214.341	0.5393936	0.271213	0.211694	0.467987	0.0491071	2.018944	1.116315
18948	-1024.938	-1239	214.062	0.6464859	0.303877	0.129315	0.527274	0.0395337	2.073153	1.215121
18954	-1042.497	-1255.728	213.2312	1.444745	0.299574	0.41652	0.131385	0.152521	2.659976	0.5318712
18960	-1032.887	-1246.83	213.9426	0.7195474	0.235325	0.237957	0.37403	0.152688	2.651731	0.5552069
18966	-1025.038	-1239.02	213.9823	0.7568614	0.236638	0.175711	0.474903	0.112748	2.552468	0.6221931
18972	-1021.085	-1235.033	213.9476	0.7568614	0.216004	0.247589	0.433491	0.102916	2.444594	0.8488044
18978	-1010.461	-1224.205	213.7445	0.9075066	0.286038	0.391425	0.203788	0.118749	2.451249	0.8952006
18984	-1018.6	-1231.596	212.9956	1.891331	0.334597	0.354446	0.251009	0.0599484	2.318928	0.8988352
18990	-1016.683	-1230.765	214.0823	0.5691507	0.25566	0.270826	0.427708	0.0458056	2.276355	1.089356
18996	-1016.448	-1229.21	212.7616	1.985537	0.240495	0.100433	0.435369	0.223703	2.292239	1.089356
19002	-1040.813	-1251.59	210.777	3.512314	0.25344	0.0510907	0.521896	0.173574	1.788678	2.198678
19008	-1029.921	-1239.003	209.0826	10.36297	0.408845	0.132538	0.0640091	0.394608	1.838213	1.624281
19014	-1030.166	-1243.727	213.5605	1.097242	0.227962	0.10709	0.583573	0.0813751	2.244555	1.097779
19020	-1049.132	-1259.697	210.5654	2.47215	0.20181	0.366846	0.110864	0.32048	1.555502	2.866851
19026	-1035.778	-1243.713	207.9354	3.092647	0.356471	0.0881196	0.0718878	0.483521	1.427741	4.247845
19032	-1035.223	-1246.483	211.2607	1.329651	0.046202	0.509223	0.186767	0.257808	1.513314	3.008099
19038	-1029.031	-1239.858	210.8263	1.267835	0.15654	0.330593	0.459574	0.0532932	1.454391	3.334592
19044	-1025.606	-1236.613	211.0078	1.249879	0.201101	0.45625	0.271464	0.0711852	1.448131	3.241095
19050	-1014.553	-1225.797	211.2439	1.394348	0.0721139	0.506133	0.332682	0.0890717	1.393151	3.055326
19056	-1008.372	-1220.236	211.8638	1.133052	0.102045	0.256439	0.47076	0.170756	1.659164	2.664935
19062	-1010.16	-1223.474	213.3144	0.7810463	0.190927	0.121703	0.499363	0.188007	1.721892	1.922859
19068	-1011.748	-1223.97	212.2216	1.249488	0.353964	0.136904	0.340917	0.168214	1.6577	2.373856
19074	-1017.091	-1229.321	212.2301	0.8479526	0.27302	0.102193	0.575577	0.0492091	1.756548	2.554826
19080	-1010.52	-1222.164	211.6441	1.272219	0.317798	0.118954	0.518475	0.0447724	1.662559	2.717239
19086	-1006.611	-1219.186	212.5748	0.8882644	0.329576	0.0487171	0.486841	0.134865	1.707912	2.342599
19092	-1012.444	-1226.332	213.8872	0.8100754	0.252256	0.0539152	0.555627	0.138202	1.863465	1.387201
19098	-1008.853	-1221.597	212.7439	0.5739143	0.272125	0.106564	0.348153	0.273158	1.592246	2.516849
19104	-1015.148	-1227.15	212.0018	0.9265483	0.325084	0.168746	0.299839	0.20633	1.749561	2.650413
19110	-1023.381	-1236.311	212.9295	1.363094	0.32162	0.0654553	0.452638	0.160286	1.987062	1.608851
19116	-1027.654	-1241.393	213.7387	1.028632	0.288664	0.236307	0.377541	0.0974878	2.005853	1.210717
19122	-1013.791	-1227.556	213.765	0.7717857	0.349183	0.140308	0.456694	0.0538154	1.911658	1.475008
19128	-1010.32	-1224.128	213.8079	0.9432502	0.37016	0.132291	0.294023	0.203526	1.985126	1.242114
19134	-1016.27	-1229.918	213.6476	0.9432502	0.313985	0.238579	0.266675	0.18076	1.925656	1.418311
19140	-1018.652	-1232.203	213.5511	1.349377	0.076254	0.463043	0.298155	0.162548	2.063695	1.054853
19146	-1025.971	-1238.952	212.9804	2.066028	0.116109	0.705058	0.135135	0.043698	2.050187	1.054853
19152	-1023.63	-1236.679	213.0487	2.149169	0.401997	0.0803708	0.283857	0.233775	2.243285	0.6571333
19158	-1009.432	-1221.725	212.293	2.977233	0.274741	0.0955062	0.163256	0.466497	2.476766	0.6014071
19164	-1008.584	-1221.754	213.1702	1.689326	0.161207	0.486138	0.166141	0.186514	2.476996	0.6528625
19170	-1018.892	-1233.175	214.2835	0.5608354	0.0911296	0.544798	0.171519	0.192553	2.476996	0.5603647
19176	-998.2498	-1211.979	213.7291	1.070869	0.231592	0.201552	0.462083	0.104773	2.503999	0.5609589
19182	-997.0242	-1210.959	213.9347	0.7655176	0.195553	0.102835	0.651598	0.0500136	2.613349	0.5423134
19188	-1008.223	-1221.505	213.2828	1.538455	0.304011	0.342933	0.320896	0.0321606	2.528989	0.5116719
19194	-1005.428	-1219.41	213.9816	0.636868	0.226104	0.190895	0.418829	0.164171	2.688956	0.4134959
19200	-1002.628	-1216.251	213.6234	1.024346	0.14868	0.104929	0.649429	0.0969618	2.631958	0.3864753
19206	-1003.632	-1217.829	214.1974	0.4619069	0.159926	0.122302	0.698553	0.019219	2.631958	0.3760808
19212	-997.3762	-1211.237	213.8611	0.811876	0.202985	0.128947	0.624784	0.0432837	2.631958	0.4335828
19218	-998.9922	-1212.596	213.6037	1.413878	0.187602	0.19267	0.359413	0.260315	2.283005	0.6410558
19224	-1016.77	-1227.628	210.8579	6.16207	0.294516	0.111913	0.310389	0.283182	2.418866	0.5980306
19230	-1009.531	-1221.136	211.6058	4.336336	0.256065	0.277727	0.0480039	0.418204	2.456916	0.4815214
19236	-1011.445	-1225.623	214.1774	0.6883666	0.283363	0.307335	0.242652	0.166651	2.419914	0.6457726
19242	-1007.357	-1220.484	213.1266	1.767505	0.0922506	0.231849	0.465681	0.21022	2.350206	0.8211348
19248	-1016.184	-1228.397	212.2126	3.412761	0.279538	0.272161	0.171648	0.276653	2.315798	0.5671062
19254	-1012.888	-1226.772	213.8839	0.7656625	0.211744	0.247142	0.523932	0.0171822	2.657123	0.5751558
19260	-1022.913	-1236.783	213.8704	0.9960098	0.218286	0.224261	0.371647	0.185806	2.103751	1.032542
19266	-1007.442	-1219.841	212.3985	2.409551	0.342824	0.128458	0.295284	0.233434	2.410972	1.033637
19272	-1003.755	-1214.947	211.1921	4.591884	0.410065	0.139907	0.17081	0.279219	2.410972	1.033637
19278	-1014.333	-1225.682	211.3487	4.591884	0.0978295	0.208728	0.0914271	0.602016	2.262545	1.02564
19284	-1008.433	-1221.774	213.3406	1.156363	0.154246	0.329097	0.337793	0.178864	2.119205	1.342512
19290	-1013.683	-1226.618	212.935	1.106091	0.0920997	0.525877	0.0848093	0.297214	1.795856	1.906573
19296	-1015.987	-1228.491	212.504	1.546527	0.0704569	0.677059	0.0251137	0.227371	1.785846	1.934097
19302	-1015.696	-1227.691	211.9943	2.509552	0.458179	0.0754525	0.277101	0.189267	1.848971	1.744949
19308	-1006.004	-1218.263	212.2583	2.434914	0.36233	0.0320159	0.525345	0.0803097	1.985104	1.491325
19314	-1023.859	-1236.693	212.8343	1.731404	0.311204	0.0177528	0.638331	0.032713	1.927878	1.491325
19320	-1016.084	-1228.481	212.3973	2.211541	0.159066	0.0357067	0.718128	0.0870993	1.918389	1.552895
19326	-1013.78	-1226.505	212.7252	2.31026	0.313117	0.388833	0.126597	0.171452	2.129092	1.05607
19332	-1016.352	-1229.432	213.0805	1.018217	0.469813	0.221655	0.216261	0.0922715	2.004963	1.721377
19338	-1015.787	-1228.141	212.3537	2.552529	0.268684	0.126763	0.327175	0.277378	1.795103	1.50353
19344	-1004.685	-1217.852	213.1665	1.093901	0.215936	0.259976	0.243163	0.280925	1.803187	1.750327
19350	-1006.519	-1219.086	212.5668	1.191906	0.255826	0.417087	0.115514	0.211572	2.048188	1.929358
19356	-1002.444	-1215.667	213.2231	1.128525	0.164274	0.518892	0.163625	0.153209	2.227326	1.371122
19362	-1006.462	-1219.636	213.1736	1.165117	0.203392	0.29233	0.375961	0.128317	2.287483	1.334824
19368	-1018.576	-1231.596	213.0202	1.47267	0.185044	0.481212	0.224854	0.10889	2.253645	1.259335
19374	-1003.51	-1215.899	212.3894	1.600677	0.182235	0.265361	0.29052	0.261885	2.259349	1.653358
19380	-1010.623	-1223.494	212.871	1.16502	0.289066	0.164355	0.208531	0.338048	2.383474	1.494804
19386	-1012.944	-1226.115	213.1713	0.7201195	0.258814	0.147154	0.365767	0.228265	1.776088	2.025482
19392	-999.2162	-1211.793	212.5767	0.6247929	0.294327	0.09333	0.328942	0.283401	1.881649	2.406671
19398	-1017.017	-1230.668	213.6512	0.9683674	0.493129	0.048573	0.325456	0.132842	2.056269	1.291754
19404	-1014.386	-1226.433	212.0469	1.870494	0.313185	0.027955	0.518342	0.140518	1.660901	2.145241
19410	-1003.632	-1216.687	213.0548	1.20966	0.272843	0.125441	0.451574	0.150142	2.055813	1.570157
19416	-1004.853	-1217.561	212.7081	1.372405	0.371593	0.170842	0.289872	0.167693	1.878282	1.835692
19422	-1017.086	-1229.651	212.5652	1.432325	0.278239	0.18119	0.149258	0.391313	2.02639	1.79542
19428	-1022.869	-1234.455	211.5862	2.419333	0.296163	0.317951	0.10502	0.280865	1.814508	2.085692
19434	-1022.557	-1234.979	212.4216	1.941574	0.213032	0.228704	0.0755413	0.482723	1.604116	1.897549
19440	-1017.186	-1227.257	210.0706	5.42207	0.248864	0.477308	0.121399	0.152429	1.613562	2.188224
19446	-1026.312	-1234.61	208.2976	7.977091	0.402144	0.0202998	0.301367	0.27619	1.583736	2.746823
19452	-1016.233	-1222.661	206.4286	14.94946	0.242346	0.187156	0.0571247	0.513374	1.805477	2.704654
19458	-1021.892	-1233.575	211.683	2.11459	0.250058	0.172057	0.00989262	0.567992	1.990553	2.04703
19464	-1022.204	-1235.253	213.0488	1.377681	0.321998	0.286007	0.0171655	0.374829	1.950673	1.538472
19470	-1029.809	-1240.627	210.8185	2.088741	0.401839	0.237391	0.0095398	0.351231	1.976732	2.618804
19476	-1015.141	-1228.356	213.214	0.8959729	0.237475	0.220548	0.370127	0.17185	2.138708	1.618842
19482	-1017.928	-1230.965	213.0372	0.8100016	0.274601	0.19733	0.374311	0.153759	1.836482	2.011577
19488	-1030.802	-1243.518	212.716	0.9945548	0.171727	0.351384	0.271462	0.205427	1.782641	2.134004
19494	-1029.764	-1243.065	213.3011	0.828979	0.102718	0.681434	0.162373	0.0534749	1.750378	1.878521
19500	-1031.929	-1244.78	212.8508	0.9895782	0.376175	0.198967	0.187579	0.237279	1.904312	1.9677
19506	-1034.357	-1246.921	212.5641	1.040233	0.222221	0.336969	0.11081	0.33	1.835867	2.168726
19512	-1039.332	-1252.749	213.4171	0.6943591	0.0153905	0.449965	0.290021	0.244623	1.921833	1.778254
19518	-1040.952	-1254.313	213.3605	0.6884984	0.0136264	0.52244	0.440902	0.023032	2.26238	1.580381
19524	-1040.275	-1253.031	212.756	1.438578	0.0188264	0.509884	0.386799	0.0844905	2.077239	1.620602
19530	-1027.413	-1239.757	212.3443	1.758014	0.0178038	0.482188	0.159264	0.340744	1.887334	1.854971
19536	-1038.127	-1250.79	212.6628	2.31431	0.0104986	0.447732	0.250242	0.291528	2.444313	0.7707615
19542	-1032.076	-1245.47	213.3942	0.7578571	0.307265	0.321143	0.2531	0.118492	2.282127	1.486285
19548	-1017.752	-1231.651	213.8997	0.8160606	0.36249	0.123423	0.371389	0.142698	2.265069	1.026447
19554	-1038.808	-1252.332	213.5235	1.343777	0.0381294	0.270962	0.443421	0.247488	2.187226	0.9647774
19560	-1018.122	-1231.331	213.2091	0.8669982	0.201124	0.17082	0.457467	0.170589	1.809349	1.874169
19566	-1027.887	-1241.631	213.7441	1.013057	0.130267	0.36392	0.296298	0.209514	1.856696	1.341654
19572	-1025.173	-1238.57	213.3977	1.10924	0.206535	0.072035	0.579806	0.141624	2.10853	1.341654
19578	-1013.324	-1227.13	213.8061	1.057462	0.340795	0.171413	0.150787	0.337005	2.190635	0.9480918
19584	-1009.283	-1222.054	212.7712	1.13611	0.322971	0.129695	0.291258	0.256077	2.16321	1.746488
19590	-1010.822	-1223.021	212.1993	1.13611	0.277378	0.257739	0.22435	0.240533	2.015776	2.227839
19596	-1002.629	-1215.643	213.0147	0.9875997	0.371842	0.176891	0.220441	0.230826	1.980951	1.805433
19602	-988.7108	-1201.47	212.7596	1.137995	0.313361	0.120838	0.371278	0.194523	2.092202	1.802673
19608	-1006.683	-1219.637	212.9537	1.329706	0.328904	0.372724	0.128057	0.170315	2.648957	1.082937
19614	-1017.114	-1230.709	213.595	0.8052169	0.249586	0.214285	0.254528	0.281601	2.217944	1.342106
19620	-1032.735	-1246.281	213.5454	1.207595	0.286619	0.422061	0.0127341	0.278585	2.074958	1.168559
19626	-1021.331	-1233.88	212.5484	2.745974	0.329105	0.250451	0.00517065	0.415273	2.351564	0.6334709
19632	-1027.458	-1239.556	212.0983	0.6799898	0.217979	0.435188	0.1851	0.161733	1.580373	2.852206
19638	-1019.332	-1231.072	211.7397	0.5978733	0.164667	0.366266	0.2797	0.189367	1.52435	3.153027
19644	-1009.286	-1221.465	212.1787	1.201237	0.241872	0.0911923	0.277091	0.389845	1.713864	2.394064
19650	-1007.19	-1219.259	212.0695	1.359598	0.354626	0.0348283	0.520257	0.0902888	1.729908	2.360692
19656	-1018.967	-1232.17	213.2036	0.7753973	0.466742	0.126319	0.34676	0.060179	2.027557	1.793633
19662	-1016.701	-1228.365	211.6644	1.950527	0.418621	0.113296	0.286468	0.181615	1.837787	2.23855
19668	-1009.356	-1222.886	213.5296	1.077201	0.336572	0.1083	0.510265	0.0448631	2.039068	1.316682
19674	-1003.554	-1216.465	212.9115	0.8803389	0.347445	0.168387	0.338931	0.145236	1.842192	2.042725
19680	-999.6717	-1213.347	213.6749	0.737683	0.118158	0.171792	0.539335	0.170715	1.823606	1.632933
19686	-1010.295	-1223.755	213.46	0.737683	0.203372	0.383512	0.13237	0.280747	2.05983	1.617473
19692	-1013.798	-1226.366	212.5686	0.5176452	0.365996	0.36777	0.238218	0.0280161	1.678382	2.608169
19698	-1024.329	-1237.891	213.5626	0.5176452	0.312548	0.391232	0.25335	0.0428698	1.886975	1.829603
19704	-1013.532	-1226.669	213.1374	0.747982	0.261833	0.425499	0.261085	0.051583	1.990396	1.884447
19710	-1029.191	-1242.261	213.0701	0.747982	0.391146	0.240235	0.307806	0.0608137	1.706334	2.118756
19716	-1021.504	-1233.968	212.4646	0.946541	0.244176	0.16862	0.492391	0.0948135	1.642248	2.416239
19722	-1019.494	-1233.08	213.5864	0.7550513	0.245035	0.30715	0.312083	0.135731	1.893541	1.633102
19728	-1019.108	-1231.518	212.4104	1.078793	0.2142	0.40391	0.248368	0.133522	1.84744	2.236126
19734	-1041.055	-1251.527	210.4716	7.016098	0.256714	0.0612873	0.616934	0.0650646	2.299958	0.9035234
19740	-1041.129	-1252.626	211.4965	4.579959	0.322551	0.0351455	0.329743	0.312561	2.37026	0.7318989
19746	-1032.941	-1247	214.0593	0.8272081	0.459853	0.042559	0.399299	0.098289	2.331079	0.7527616
19752	-1036.396	-1250.61	214.2132	0.5779855	0.182768	0.356243	0.421369	0.0396199	2.484856	0.6777615
19758	-1018.523	-1232.869	214.3461	0.4957309	0.12327	0.348388	0.496612	0.0317298	2.346911	0.8136588
19764	-1022.559	-1235.275	212.7164	1.208057	0.340747	0.305713	0.0278851	0.325655	2.073932	1.79914
19770	-1017.084	-1228.02	210.9359	3.382036	0.217584	0.259481	0.191542	0.331393	2.139395	1.909125
19776	-1016.482	-1228.265	211.7827	1.515844	0.280908	0.353322	0.229433	0.136337	1.908728	2.342113
19782	-999.5314	-1213.492	213.9608	0.7957865	0.276304	0.0536128	0.598803	0.0712802	2.529536	0.6310086
19788	-1008.134	-1221.81	213.6751	1.092029	0.0364909	0.243044	0.395959	0.324506	2.529536	0.5904577
19794	-1015.361	-1229.359	213.9979	0.7575371	0.0253082	0.459691	0.420836	0.0941653	2.559285	0.5374417
19800	-1009.428	-1223.568	214.1407	0.6248507	0.0770748	0.273867	0.47143	0.177628	2.559285	0.4893048
19806	-1001.406	-1215.353	213.9463	0.8089797	0.153726	0.210694	0.430293	0.205288	2.559285	0.4893048
19812	-1028.628	-1241.869	213.241	1.617339	0.156807	0.146189	0.432643	0.264361	2.502462	0.4679769
19818	-1013.588	-1226.873	213.2844	1.556299	0.122313	0.099105	0.627073	0.151509	2.501744	0.5769026
19824	-1011.904	-1225.905	214.0011	0.7235367	0.277779	0.0818754	0.621064	0.0192809	2.546899	0.6708986
19830	-1009.851	-1224.057	214.2057	0.6946173	0.2289	0.249459	0.506187	0.0154549	2.394421	0.6236152
19836	-1019.815	-1234.031	214.2163	0.6275385	0.182931	0.131372	0.681671	0.00402586	2.452511	0.6293401
19842	-1008.047	-1222.099	214.0514	0.776948	0.262713	0.164542	0.290263	0.282482	2.419184	0.709074
19848	-995.9849	-1209.993	214.0084	0.7911258	0.156323	0.176958	0.544993	0.121726	2.377393	0.8114847
19854	-1018.382	-1232.148	213.7664	1.016954	0.192793	0.0584732	0.710283	0.0384503	2.467548	0.6924208
19860	-1012.152	-1225.491	213.3391	1.543464	0.291692	0.142919	0.487991	0.0773988	2.456189	0.5834741
19866	-1025.342	-1239.457	214.1147	0.7056663	0.428368	0.0835777	0.374389	0.113665	2.4972	0.5385837
19872	-1025.134	-1238.687	213.5533	1.191598	0.173588	0.116397	0.3694	0.340615	2.57028	0.5074538
19878	-1018.547	-1231.77	213.2236	1.587493	0.238931	0.264548	0.172763	0.323758	2.54689	0.5036961
19884	-1014.042	-1227.341	213.2987	1.588548	0.278351	0.0606134	0.491102	0.169933	2.45554	0.5931187
19890	-1013.532	-1225.729	212.1979	3.174394	0.189203	0.110706	0.573263	0.126828	2.412628	0.6956319
19896	-1004.952	-1218.174	213.2218	1.668909	0.283137	0.356937	0.0206519	0.339275	2.467765	0.5859877
19902	-1000.147	-1213.672	213.5248	1.193422	0.12361	0.574575	0.00610578	0.295709	2.594456	0.5375556
19908	-1009.711	-1223.153	213.4422	1.193422	0.190046	0.486571	0.0222534	0.30113	2.67799	0.4709891
19914	-998.5006	-1212.313	213.8125	0.8024716	0.111307	0.735663	0.046927	0.106103	2.681587	0.409869
19920	-1006.223	-1219.928	213.7053	0.8024716	0.204815	0.144247	0.510279	0.140659	2.797384	0.4327117
19926	-999.5035	-1213.303	213.7996	0.7527563	0.264573	0.10069	0.483709	0.151029	2.740099	0.3959528
19932	-1000.222	-1213.914	213.692	0.7527563	0.207361	0.0789164	0.547249	0.166474	2.848431	0.3973511
19938	-1004.786	-1218.535	213.749	0.8430044	0.181576	0.193451	0.4792	0.145773	2.700917	0.4057414
19944	-1010.648	-1224.279	213.6315	0.9517935	0.227801	0.31567	0.237035	0.219494	2.698799	0.3901765
19950	-1020.942	-1234.513	213.5718	0.9557745	0.202456	0.385086	0.386707	0.0257505	2.755807	0.3927354
19956	-1012.716	-1226.492	213.7761	0.597864	0.180288	0.535176	0.255132	0.0294044	2.905445	0.3618685
19962	-1001.071	-1214.472	213.4012	0.8960513	0.270583	0.273876	0.41141	0.0441312	2.905445	0.3014584
19968	-1014.298	-1228.207	213.9091	0.413849	0.355826	0.132477	0.453663	0.0580341	2.905445	0.311855
19974	-1014.372	-1227.345	212.9732	1.271781	0.357756	0.182346	0.340821	0.119077	2.931573	0.277364
19980	-1012.726	-1226.18	213.4547	0.8113998	0.279282	0.363708	0.273034	0.0839759	2.950862	0.3102775
19986	-1016.553	-1229.842	213.2886	0.8113998	0.100998	0.402486	0.388217	0.108299	3.032506	0.2556113
19992	-1012.834	-1226.719	213.8857	0.5006151	0.158396	0.263273	0.408485	0.169846	2.859114	0.3222988
19998	-1009.451	-1222.914	213.4626	0.8296526	0.221081	0.318377	0.369145	0.0913962	2.954514	0.3384988
20004	-996.1356	-1209.774	213.6385	0.6161551	0.27082	0.226193	0.399337	0.10365	3.007287	0.342191
20010	-994.1243	-1207.719	213.595	0.7365162	0.315804	0.24744	0.334733	0.102024	2.933751	0.3540266
20016	-1004.647	-1218.107	213.4605	0.7477198	0.0719082	0.155564	0.701898	0.0706292	2.995487	0.2974879
20022	-1003.676	-1217.337	213.6612	0.645732	0.102823	0.0582428	0.762233	0.0767005	2.956839	0.3460978
20028	-1005.598	-1219.137	213.5391	0.6341601	0.249816	0.109858	0.535675	0.10465	3.002992	0.2746916
20034	-1007.166	-1220.765	213.5988	0.6070695	0.310679	0.173049	0.453882	0.0623899	2.971843	0.2746916
20040	-1015.78	-1229.428	213.6476	0.6348413	0.432446	0.148573	0.310228	0.108754	2.940341	0.3069834
20046	-1010.774	-1223.79	213.0153	1.262383	0.439341	0.150942	0.262547	0.147171	2.940341	0.3069834
20052	-1007.914	-1221.694	213.7807	0.60213	0.217665	0.260765	0.411278	0.110293	2.87021	0.3322081
20058	-1004.572	-1217.957	213.3858	0.60213	0.0919897	0.34086	0.486903	0.0802467	3.089015	0.2246629
20064	-997.7156	-1210.952	213.2364	0.60213	0.0666761	0.32369	0.395635	0.213999	3.228001	0.2204872
20070	-998.3111	-1210.996	212.6846	1.355993	0.0909074	0.366077	0.300993	0.242023	3.159983	0.2881662
20076	-1008.335	-1221.054	212.7192	1.185895	0.0649077	0.125898	0.448536	0.360659	3.159983	0.2244507
20082	-1004.253	-1217.267	213.0146	0.8632845	0.328823	0.165694	0.494385	0.0110979	3.151034	0.2113856
20088	-1003.117	-1216.059	212.9418	0.9781187	0.302648	0.303044	0.388756	0.00555178	3.173745	0.2388518
20094	-1017.709	-1231.251	213.5424	0.497793	0.312078	0.0652129	0.551542	0.0711664	3.132493	0.2698115
20100	-1027.487	-1240.898	213.4117	0.6185905	0.270931	0.0690848	0.558521	0.101463	3.132493	0.2662944
20106	-1022.593	-1235.684	213.0912	0.7292876	0.295855	0.232307	0.361041	0.110797	3.269684	0.2333392
20112	-1014.507	-1227.812	213.3044	0.7292876	0.270525	0.36601	0.33013	0.0333342	3.056475	0.2333392
20118	-1006.519	-1219.752	213.2332	0.9462952	0.245297	0.226297	0.299344	0.229062	3.041271	0.3169916
20124	-1010.796	-1224.343	213.5465	0.6878987	0.197799	0.272553	0.275748	0.253899	2.973891	0.2982759
20130	-1000.22	-1213.169	212.9488	1.004981	0.177973	0.373091	0.0763876	0.372548	3.200602	0.2702686
20136	-1003.546	-1216.522	212.9761	1.050529	0.180192	0.365277	0.0773399	0.377192	3.07586	0.2428193
20142	-999.3966	-1212.909	213.5125	1.0281	0.399163	0.242428	0.116055	0.242354	2.737504	0.3837235
20148	-1004.762	-1218.165	213.4032	1.0281	0.410679	0.283054	0.0501418	0.256125	2.872891	0.4469619
20154	-1006.818	-1220.425	213.6068	1.0281	0.300718	0.355145	0.0367161	0.307421	2.670935	0.4546955
20160	-1004.756	-1218.368	213.6119	0.9566162	0.374297	0.277602	0.111368	0.236733	2.738411	0.5425319
20166	-1008.811	-1221.371	212.5602	2.211265	0.457774	0.0715948	0.1811	0.289531	2.726247	0.4693558
20172	-1009.173	-1222.284	213.1107	1.637268	0.313792	0.0391216	0.213704	0.433383	2.614079	0.5474284
20178	-1009.745	-1222.859	213.1148	1.748617	0.361115	0.138277	0.137715	0.362893	2.42073	0.7619601
20184	-1003.118	-1216.875	213.7566	1.053985	0.347963	0.313364	0.224292	0.114381	2.397327	0.7619601
20190	-1029.989	-1243.923	213.9343	0.8208409	0.272011	0.184596	0.244186	0.299207	2.550586	0.5682535
20196	-1014.183	-1227.949	213.7664	1.15031	0.191632	0.369917	0.371877	0.0665739	2.390164	0.5585885
20202	-1017.06	-1231.089	214.0298	0.8083368	0.22799	0.291885	0.382141	0.0979843	2.470331	0.5585885
20208	-1013.181	-1227.206	214.0248	0.8083368	0.182326	0.239199	0.498177	0.0802979	2.470331	0.579258
20214	-1033.014	-1245.584	212.5692	2.565971	0.21292	0.279336	0.413972	0.0937718	2.470331	0.5594989
20220	-1033.999	-1247.994	213.9946	0.8262691	0.279762	0.0667492	0.517129	0.13636	2.4884	0.5502421
20226	-1006.288	-1219.853	213.5652	1.328335	0.141681	0.527371	0.261891	0.0690571	2.431712	0.4935846
20232	-1012.3	-1226.559	214.259	0.6071047	0.397336	0.155717	0.425742	0.0212061	2.459436	0.5159634
20238	-1034.388	-1248.057	213.6689	1.080776	0.143256	0.267315	0.579359	0.0100709	2.560802	0.5159634
20244	-1021.957	-1235.901	213.944	0.8958577	0.229143	0.321097	0.344095	0.105665	2.437181	0.6430888
20250	-1004.008	-1218.07	214.0617	0.7941074	0.274088	0.143982	0.511388	0.0705418	2.394565	0.7028296
20256	-1015.86	-1229.723	213.8636	0.8585757	0.287615	0.0731457	0.535528	0.103711	2.582102	0.5677955
20262	-1030.281	-1244.193	213.9118	0.8136265	0.323987	0.145925	0.490373	0.0397143	1.956837	1.290071
20268	-1004.445	-1218.003	213.5581	0.8381499	0.297541	0.169715	0.450345	0.0823992	2.099365	1.436672
20274	-1025.938	-1239.316	213.3778	1.157697	0.179256	0.102246	0.499907	0.21859	2.27541	1.181129
20280	-1010.963	-1223.975	213.0121	1.225238	0.374346	0.138647	0.301352	0.185655	2.475527	1.267179
20286	-1008.203	-1222	213.7974	1.225238	0.387282	0.134465	0.253707	0.224546	2.097388	0.8828991
20292	-1003.538	-1217.385	213.8473	0.9689789	0.28717	0.374325	0.234339	0.104166	2.214531	0.9722052
20298	-1007.423	-1220.634	213.2108	0.9580497	0.297467	0.451523	0.143108	0.107901	2.21313	1.520136
20304	-1017.843	-1229.189	211.3465	1.113927	0.090321	0.529507	0.217836	0.162336	1.60789	3.021204
20310	-1027.844	-1241.968	214.1242	0.7175368	0.28989	0.0232722	0.681637	0.00520054	2.121484	1.04845
20316	-1013.281	-1227.457	214.1762	0.6696909	0.323733	0.0541144	0.610059	0.0120927	2.160457	1.009294
20322	-1022.289	-1236.247	213.9572	0.8304211	0.373208	0.0622296	0.533737	0.0308252	2.209976	1.009294
20328	-1024.324	-1238.229	213.9046	0.9103029	0.116015	0.303228	0.555089	0.0256682	2.07084	1.112696
20334	-1033.139	-1245.826	212.6868	1.685654	0.227286	0.0728228	0.544005	0.155886	1.905656	1.643261
20340	-1019.004	-1231.241	212.2373	1.637794	0.290611	0.0518911	0.317798	0.339699	1.729052	2.098263
20346	-1022.73	-1234.794	212.0645	1.157546	0.128571	0.0679887	0.306268	0.497173	1.646549	2.533978
20352	-1021.099	-1234.931	213.8318	0.9675341	0.181095	0.180504	0.450916	0.187485	2.510911	0.4990118
20358	-1023.384	-1237.544	214.1593	0.839237	0.256514	0.035061	0.487903	0.220522	2.297933	0.5977994
20364	-1015.234	-1229.407	214.1729	0.839237	0.305178	0.0366005	0.583481	0.0747404	2.294579	0.5606087
20370	-1016.533	-1230.862	214.3293	0.7039415	0.267457	0.0569871	0.48044	0.195116	2.212036	0.7196805
20376	-1027.756	-1242.041	214.285	0.7152583	0.220366	0.20217	0.406464	0.171	2.272332	0.6697124
20382	-1024.98	-1239.321	214.3404	0.5844933	0.119075	0.435608	0.328849	0.116468	2.389309	0.5849216
20388	-1007.874	-1222.083	214.2095	0.6965954	0.121657	0.449106	0.309159	0.120077	2.328461	0.7374742
20394	-1020.651	-1234.828	214.177	0.6942927	0.330555	0.207573	0.437211	0.0246621	2.363423	0.7374742
20400	-1021.845	-1235.41	213.5648	0.7557868	0.41964	0.263513	0.224365	0.0924823	2.076299	1.514387
20406	-1024.377	-1238.222	213.8445	0.5798351	0.203069	0.335583	0.393659	0.0676889	2.153685	1.383528
20412	-1018.184	-1231.948	213.7642	1.105034	0.0806557	0.386565	0.437973	0.0948064	2.344972	0.7543722
20418	-1010.683	-1224.453	213.7699	1.313383	0.142441	0.266005	0.45506	0.136493	2.14573	0.7506138
20424	-1020.117	-1234.149	214.032	0.6536986	0.0435415	0.49208	0.333982	0.130396	2.117662	1.196218
20430	-1022.95	-1236.133	213.1826	1.782391	0.129836	0.295973	0.229601	0.34459	2.071896	1.048677
20436	-1013.817	-1227.786	213.9688	0.8587898	0.177646	0.443238	0.225007	0.154109	2.308686	0.8585365
20442	-993.7445	-1207.783	214.0388	0.9196518	0.0739219	0.495652	0.25546	0.174966	2.277198	0.719883
20448	-999.9292	-1213.72	213.791	1.149483	0.100444	0.477647	0.287353	0.134556	2.367683	0.5522381
20454	-1008.545	-1222.67	214.1255	0.6367926	0.241407	0.161109	0.333808	0.263676	2.26654	0.9887016
20460	-1009.155	-1223.051	213.8959	1.016253	0.323676	0.223411	0.349452	0.103462	2.355823	0.6595542
20466	-1004.37	-1218.275	213.9056	0.9550129	0.289585	0.22042	0.397431	0.0925646	2.434593	0.5923757
20472	-1001.211	-1215.601	214.389	0.4346199	0.295763	0.211943	0.466739	0.0255544	2.493142	0.5728697
20478	-998.6634	-1213.062	214.3986	0.4346199	0.189596	0.420507	0.369657	0.0202391	2.493142	0.4948167
20484	-1000.322	-1214.347	214.025	0.7325509	0.155233	0.501049	0.306425	0.037292	2.561205	0.4948167
20490	-1009.101	-1223.23	214.1287	0.7325509	0.300788	0.189067	0.445904	0.0642408	2.452699	0.5507765
20496	-1013.267	-1226.823	213.5566	1.1448	0.0912299	0.43174	0.294437	0.182593	2.595604	0.4156066
20502	-1004.836	-1218.683	213.8475	0.6981943	0.0669075	0.295531	0.54642	0.0911418	2.768741	0.445624
20508	-1017.034	-1230.82	213.7858	0.7570211	0.073585	0.325025	0.569259	0.0321307	2.768741	0.4478197
20514	-1009.485	-1223.748	214.2623	0.3905541	0.398268	0.17747	0.412573	0.011688	2.655388	0.4254719
20520	-1016.207	-1230.578	214.3709	0.365385	0.17388	0.252531	0.564075	0.0095135	2.57874	0.4933675
20526	-1014.775	-1229.253	214.4774	0.4039467	0.145879	0.306596	0.539544	0.00798146	2.437346	0.5468272
20532	-1010.159	-1224.486	214.3268	0.4039467	0.219623	0.177721	0.592687	0.00996962	2.584337	0.4401974
20538	-1010.508	-1224.569	214.061	0.6766799	0.0513705	0.358787	0.566835	0.0230072	2.584337	0.504684
20544	-1011.884	-1225.665	213.7813	0.8708572	0.2494	0.3708	0.296916	0.082883	2.651739	0.4380792
20550	-1002.93	-1216.78	213.8506	0.8553575	0.325027	0.316174	0.297547	0.0612526	2.601194	0.4484575
20556	-1006.051	-1220.007	213.9568	0.6956253	0.403281	0.326207	0.261088	0.0094235	2.668193	0.513868
20562	-1007.315	-1221.309	213.9946	0.7399135	0.207396	0.240559	0.539472	0.0125724	2.581814	0.5329454
20568	-998.3526	-1212.573	214.2201	0.5249999	0.172163	0.231022	0.585171	0.0116437	2.581814	0.5329454
20574	-994.4298	-1208.651	214.221	0.5249999	0.169657	0.242219	0.57665	0.0114742	2.580966	0.5329454
20580	-1003.318	-1217.668	214.3508	0.4715196	0.121707	0.305983	0.519853	0.0524568	2.483336	0.615068
20586	-1017.896	-1231.964	214.0675	0.7311765	0.141058	0.140919	0.602506	0.115517	2.516858	0.5421036
20592	-999.441	-1213.401	213.9598	0.772196	0.338671	0.226091	0.277721	0.157517	2.5812	0.5421036
20598	-1017.879	-1232.107	214.2274	0.5511973	0.360699	0.240797	0.365113	0.0333908	2.498023	0.6786022
20604	-1032.462	-1246.739	214.2773	0.5722117	0.417596	0.0991112	0.444634	0.038658	2.424111	0.6829205
20610	-1018.739	-1232.909	214.1695	0.6585494	0.208427	0.133572	0.490008	0.167992	2.454682	0.6559676
20616	-1017.836	-1232.099	214.2629	0.5569569	0.450044	0.0625902	0.426868	0.0604973	2.454682	0.6822307
20622	-1015.3	-1229.375	214.0754	0.8473859	0.26781	0.238686	0.426377	0.0671271	2.13551	0.9464851
20628	-1031.027	-1245.55	214.5222	0.5116331	0.245752	0.246754	0.438097	0.0693961	2.194698	0.7591128
20634	-1020.969	-1234.734	213.765	0.9102443	0.2282	0.22913	0.435581	0.107089	2.171709	1.147424
20640	-1035.779	-1248.91	213.1306	1.616064	0.121907	0.108747	0.445508	0.323838	2.308031	1.001119
20646	-1015.185	-1229.254	214.0691	0.6753314	0.35094	0.190782	0.349993	0.108285	2.308031	0.9620634
20652	-1005.952	-1220.048	214.0957	0.5151085	0.223523	0.268183	0.448913	0.059381	2.109629	1.270747
20658	-1001.123	-1215.098	213.9744	0.8099149	0.168015	0.449916	0.337434	0.0446348	2.055515	1.156884
20664	-1011.987	-1225.526	213.5394	1.241786	0.212297	0.304939	0.426366	0.0563985	2.199891	1.030013
20670	-1009.993	-1223.939	213.9466	0.911482	0.170323	0.344905	0.387439	0.0973328	2.364615	0.7407459
20676	-1020.397	-1234.119	213.7219	1.066081	0.12278	0.22902	0.634649	0.0135502	2.364615	0.8362215
20682	-1004.284	-1218.294	214.0103	0.7504746	0.17542	0.0550998	0.741065	0.0284147	2.364615	0.8773758
20688	-1022.064	-1236.351	214.2873	0.6225662	0.275731	0.162328	0.360231	0.20171	2.272458	0.8168383
20694	-1020.872	-1234.725	213.8534	0.9078966	0.106656	0.250342	0.52565	0.117352	2.294815	0.9468591
20700	-1035.36	-1249.422	214.0621	0.4775197	0.35	0.236976	0.314015	0.09901	2.379936	1.097954
20706	-1011.382	-1225.443	214.0604	0.6562913	0.0411552	0.262339	0.57593	0.120575	2.197297	1.097954
20712	-1018.455	-1231.903	213.4482	1.255076	0.153883	0.588748	0.131259	0.12611	2.23377	1.072849
20718	-1025.493	-1239.835	214.3415	0.5922575	0.279748	0.2937	0.238618	0.187935	2.239784	0.8300955
20724	-1025.924	-1239.288	213.3648	1.033974	0.300076	0.394083	0.213758	0.0920834	2.563838	1.03999
20730	-1019.691	-1233.101	213.4103	0.8063582	0.495427	0.0529189	0.374327	0.077327	2.44807	1.304625
20736	-1027.256	-1240.986	213.7295	0.8063582	0.49632	0.0333602	0.33451	0.13581	2.317313	1.145259
20742	-1035.466	-1249.346	213.8795	0.8063582	0.364048	0.115688	0.370032	0.150232	2.565352	0.7002818
20748	-1029.106	-1243.072	213.9659	0.8063582	0.234997	0.2608	0.297757	0.206445	2.402002	0.813937
20754	-1019.252	-1232.891	213.6389	1.217283	0.256887	0.285093	0.391458	0.0665619	2.310381	0.8261671
20760	-1027.712	-1241.864	214.1523	0.7073744	0.260725	0.289353	0.397306	0.0526165	2.310381	0.8261671
20766	-1030.833	-1244.919	214.0858	0.8813526	0.158584	0.310136	0.507345	0.0239352	2.196159	0.8242255
20772	-1025.598	-1239.18	213.5824	1.231565	0.397159	0.244648	0.221032	0.137161	2.29375	0.8974734
20778	-1010.446	-1223.925	213.4787	1.32545	0.463213	0.112006	0.264809	0.159973	2.4142	0.7677676
20784	-1022.333	-1235.408	213.0751	1.925722	0.347457	0.146683	0.419208	0.0866523	2.235032	0.873502
20790	-1020.836	-1234.827	213.9911	0.9404332	0.160982	0.18835	0.592221	0.0584464	2.353247	0.6223195
20796	-1005.21	-1219.632	214.4225	0.4636291	0.0690991	0.319369	0.574544	0.0369879	2.441932	0.511664
20802	-1010.357	-1224.374	214.0166	0.6751208	0.193714	0.338548	0.412888	0.0548499	2.62039	0.4323434
20808	-1008.304	-1222.198	213.8947	0.7997701	0.24924	0.0319111	0.66986	0.048989	2.62039	0.5129193
20814	-1016.292	-1230.27	213.9775	0.7997701	0.248683	0.0459018	0.668363	0.0370521	2.507373	0.6339464
20820	-1008.125	-1222.344	214.2183	0.726436	0.26947	0.307563	0.379335	0.0436324	2.37269	0.5298449
20826	-1020.716	-1235.261	214.5455	0.3783153	0.192886	0.275513	0.528843	0.00275784	2.380305	0.588363
20832	-1028.77	-1243.264	214.494	0.393064	0.425259	0.197532	0.375231	0.00197727	2.426144	0.5652064
20838	-1037.159	-1251.814	214.6556	0.3525514	0.342578	0.353552	0.302277	0.00159284	2.233018	0.7115987
20844	-1014.883	-1229.074	214.1912	0.6472413	0.256948	0.352349	0.388655	0.00204801	2.138365	1.039422
20850	-1022.213	-1235.993	213.7797	0.8923236	0.109279	0.442981	0.358676	0.0890637	2.075609	1.23353
20856	-1031.75	-1245.998	214.2486	0.4853337	0.333465	0.263511	0.183296	0.219728	2.20794	1.077471
20862	-1027.298	-1241.597	214.2992	0.6594821	0.246005	0.256058	0.355118	0.142819	1.977191	1.077471
20868	-1024.128	-1237.115	212.9877	1.661194	0.1671	0.189513	0.589559	0.0538277	1.95113	1.40001
20874	-1015.774	-1229.168	213.394	0.7272804	0.172654	0.193622	0.62326	0.0104643	1.748814	1.889098
20880	-1035.618	-1249.705	214.0871	0.6898809	0.121706	0.433742	0.349925	0.0946273	1.986	1.22872
20886	-1021.156	-1235.035	213.8786	0.8415095	0.335245	0.187855	0.312507	0.164393	1.921088	1.322395
20892	-1014.479	-1227.928	213.4485	0.7124264	0.325049	0.20626	0.343124	0.125568	2.12747	1.596116
20898	-1029.525	-1243.188	213.6627	0.7124264	0.246752	0.147784	0.403234	0.20223	1.98618	1.542676
20904	-1010.88	-1223.632	212.7519	0.9433604	0.156255	0.349334	0.371114	0.123297	2.0266	1.983305
20910	-1005.424	-1218.09	212.666	0.725105	0.345621	0.155633	0.226026	0.272719	1.796466	2.336755
20916	-1001.299	-1213.72	212.4213	1.65555	0.230128	0.102685	0.4856	0.181587	1.987603	1.790245
20922	-1009.632	-1221.847	212.2149	1.212387	0.445259	0.0778489	0.271476	0.205415	2.046802	2.150615
20928	-1024.741	-1237.421	212.6794	1.179632	0.474167	0.112116	0.194964	0.218752	2.156129	1.786391
20934	-1023.231	-1234.281	211.0504	1.650952	0.24709	0.0895653	0.488593	0.174752	1.593586	2.91903
20940	-1014.5	-1226.325	211.8249	1.85599	0.334418	0.0449378	0.245143	0.375501	1.745476	2.241556
20946	-1012.47	-1224.255	211.7847	1.85599	0.43595	0.0246452	0.422789	0.116616	1.805648	2.228695
20952	-1015.684	-1227.719	212.0347	1.329367	0.555845	0.037692	0.215477	0.190986	1.985573	2.237041
20958	-1017.258	-1229.85	212.5921	1.236615	0.388232	0.0577055	0.420668	0.133395	2.048089	1.883839
20964	-1022.852	-1235.162	212.309	1.240403	0.306178	0.0679833	0.318178	0.30766	1.714211	2.287626
20970	-1032.858	-1247.197	214.3385	0.5512487	0.153918	0.16225	0.661793	0.0220391	2.312064	0.7954212
20976	-1014.94	-1229.107	214.167	0.6603611	0.239675	0.144286	0.588518	0.0275215	2.220207	0.9681405
20982	-1004.469	-1217.496	213.0271	0.8996336	0.309993	0.235816	0.402864	0.051327	1.896561	1.915704
20988	-1006.696	-1218.822	212.1261	2.884573	0.260377	0.0711456	0.240073	0.428405	2.047797	1.320866
20994	-1016.275	-1230.442	214.1671	0.7099163	0.214	0.101019	0.510043	0.174939	2.071866	1.062483
21000	-1008.001	-1221.488	213.4865	1.161843	0.392256	0.0411917	0.396396	0.170156	2.288048	1.068311
21006	-1002.479	-1216.029	213.5505	1.161843	0.265299	0.131422	0.394437	0.208842	2.224052	1.068311
21012	-1013.078	-1225.924	212.8458	1.551905	0.429587	0.245922	0.125075	0.199416	2.21513	1.376048
21018	-993.7298	-1206.926	213.1965	1.358672	0.306536	0.151042	0.314761	0.227661	2.033316	1.376048
21024	-1004.729	-1218.214	213.485	1.263656	0.216192	0.291125	0.348021	0.144662	2.298369	0.9654174
21030	-1015.243	-1228.683	213.44	1.172829	0.329549	0.112502	0.180353	0.377596	2.428615	0.9654174
21036	-1001.705	-1215.667	213.962	0.9477531	0.318411	0.275597	0.296733	0.109259	2.296944	0.7636274
21042	-1004.431	-1218.631	214.2001	0.681427	0.205551	0.206286	0.529287	0.058877	2.40981	0.6336547
21048	-1002.138	-1216.325	214.1872	0.6051597	0.212641	0.178908	0.547544	0.0609079	2.465121	0.7087952
21054	-1033.436	-1247.802	214.366	0.6232716	0.139368	0.31742	0.36326	0.179953	2.272249	0.7002506
21060	-1008.781	-1222.953	214.1722	0.63535	0.304074	0.181264	0.351849	0.162813	2.510648	0.5581685
21066	-1017.082	-1231.094	214.0127	0.9347474	0.307208	0.247233	0.281068	0.164491	2.319913	0.6620133
21072	-1006.094	-1220.124	214.0306	0.5783797	0.303184	0.344254	0.277386	0.0751749	2.703885	0.5900401
21078	-1015.101	-1228.431	213.3296	1.331649	0.299846	0.201895	0.305542	0.192716	2.660337	0.4565989
21084	-1017.268	-1230.057	212.7885	1.622284	0.33241	0.163098	0.209626	0.294866	2.926665	0.3939123
21090	-998.4681	-1211.174	212.7056	1.891617	0.371155	0.0942753	0.305584	0.228986	2.778621	0.3697622
21096	-1016.103	-1229.474	213.3708	1.312835	0.136014	0.236657	0.0164537	0.610875	2.639494	0.4804553
21102	-1022.959	-1236.578	213.6183	1.051156	0.19263	0.580504	0.153988	0.0728774	2.640602	0.5140395
21108	-1026.58	-1240.759	214.18	0.4924008	0.251674	0.287425	0.340011	0.120891	2.640602	0.4153998
21114	-1024.753	-1236.474	211.7219	1.168969	0.180636	0.579419	0.092814	0.147131	1.611536	2.760057
21120	-1035.7	-1248.055	212.3547	1.408885	0.385925	0.269226	0.198295	0.146554	1.514532	2.288215
21126	-1030.876	-1243.288	212.4118	1.156289	0.214735	0.221643	0.220163	0.343458	1.689924	2.288215
21132	-1020.899	-1233.213	212.3149	1.224015	0.263502	0.147904	0.305625	0.282969	1.712296	2.294918
21138	-1034.046	-1246.995	212.9492	0.7719226	0.20157	0.251363	0.267944	0.279123	1.854128	2.084505
21144	-1041.524	-1254.399	212.8741	1.640236	0.403535	0.0982203	0.153108	0.345136	2.067951	1.410924
21150	-1028.28	-1240.739	212.4588	1.814085	0.294459	0.0309381	0.198743	0.47586	1.75805	1.83455
21156	-1041.845	-1255.005	213.1603	1.509557	0.240185	0.108777	0.249811	0.401227	1.739553	1.526551
21162	-1031.384	-1244.898	213.5133	1.025072	0.0960339	0.326844	0.336376	0.240746	2.769761	0.5327593
21168	-1002.482	-1216.405	213.9233	0.843494	0.131624	0.418326	0.141921	0.308129	2.367439	0.8616476
21174	-1007.222	-1220.725	213.5033	1.131317	0.182896	0.293491	0.407648	0.115966	2.295375	1.073102
21180	-1028.251	-1242.234	213.9822	0.7469367	0.267451	0.193138	0.288067	0.251344	2.328918	0.9518176
21186	-1020.16	-1234.338	214.1775	0.7047814	0.170273	0.122962	0.546747	0.160019	2.176447	0.9537319
21192	-1016.644	-1230.606	213.9621	0.9516728	0.399391	0.0765519	0.405405	0.118652	2.331409	0.7030116
21198	-1012.926	-1226.83	213.9043	0.8769722	0.148928	0.108475	0.574465	0.168131	2.049755	1.16236
21204	-1011.029	-1224.447	213.4184	0.745031	0.183788	0.108968	0.577076	0.130167	1.945089	1.723564
21210	-1047.31	-1261.362	214.0515	0.7229645	0.165384	0.222658	0.425916	0.186041	2.540758	0.4558042
21216	-1058.686	-1272.626	213.9399	0.9009719	0.0762982	0.319505	0.518368	0.0858282	2.463473	0.5620379
21222	-1027.534	-1238.867	211.3331	0.4028948	0.37431	0.107259	0.514137	0.00429456	1.519822	3.507464
21228	-1002.658	-1215.683	213.025	0.6336342	0.400899	0.0786867	0.515814	0.00459963	1.661383	2.25553
21234	-1012.562	-1225.587	213.0254	0.5508473	0.217402	0.0910164	0.685469	0.00611248	1.670718	2.30478
21240	-1012.852	-1225.045	212.1927	1.461473	0.274397	0.141034	0.579402	0.00516666	1.621643	2.293754
21246	-1018.4	-1231.271	212.8707	1.308335	0.172839	0.377069	0.443845	0.00624696	2.15474	1.565578
21252	-1012.958	-1226.595	213.6374	0.9322596	0.32462	0.0592968	0.608923	0.0071606	2.114715	1.285175
21258	-1012.749	-1226.098	213.3489	0.9386332	0.215334	0.0619643	0.715219	0.00748272	2.222872	1.42308
21264	-1027.201	-1240.879	213.6783	1.043314	0.433108	0.124631	0.427211	0.0150502	2.059345	1.204207
21270	-1027.964	-1242.12	214.1551	0.6707639	0.219836	0.162895	0.558376	0.0588925	2.327201	0.8499319
21276	-1018.613	-1232.708	214.0951	0.7367656	0.173569	0.0991217	0.655414	0.0718949	2.422134	0.7016912
21282	-1001.537	-1215.706	214.1688	0.7029623	0.244825	0.0906871	0.599643	0.064845	2.26872	0.862764
21288	-1007.493	-1221.881	214.3881	0.7029623	0.301631	0.213212	0.257966	0.227192	2.173772	0.68582
21294	-1020.45	-1234.655	214.2053	0.665685	0.170433	0.199354	0.335094	0.295119	2.173772	0.9706546
21300	-1021.3	-1233.872	212.5721	1.259783	0.335536	0.0945586	0.212375	0.35753	2.400989	1.636127
21306	-1029.287	-1242.314	213.0269	1.427544	0.538789	0.0382192	0.0833823	0.33961	2.469607	1.100218
21312	-1012.516	-1226.541	214.0252	0.7907463	0.15223	0.252794	0.55221	0.042765	1.981669	1.194453
21318	-1017.81	-1232.016	214.2057	0.634246	0.169707	0.158674	0.59124	0.0803792	1.981669	1.181392
21324	-1025.204	-1239.727	214.5236	0.4702514	0.186616	0.140193	0.65015	0.0230412	1.907654	1.114179
21330	-1019.503	-1233.456	213.9531	0.8896043	0.148618	0.315263	0.517769	0.0183497	1.880603	1.253905
21336	-1031.976	-1245.918	213.9423	0.9563332	0.0805537	0.182275	0.649917	0.0872541	1.900212	1.188844
21342	-1036.931	-1248.591	211.6605	1.394035	0.365719	0.130391	0.248036	0.255854	1.721255	2.602956
21348	-1026.369	-1238.528	212.1593	1.275649	0.392739	0.140025	0.14513	0.322106	1.803901	2.30514
21354	-1025.762	-1238.024	212.2618	1.013609	0.436324	0.204244	0.211691	0.14774	1.629274	2.509317
21360	-1034.056	-1247.349	213.293	1.362692	0.323969	0.0667451	0.218318	0.390968	2.327224	1.038139
21366	-1035.591	-1248.319	212.7285	2.097164	0.290822	0.059916	0.429646	0.219616	2.249536	1.082729
21372	-1027.354	-1240.922	213.5688	1.378769	0.350205	0.0440561	0.388309	0.21743	2.267784	0.7794778
21378	-1035.06	-1248.608	213.5481	1.440747	0.420295	0.00840684	0.297718	0.27358	2.203001	0.8202502
21384	-1029.783	-1241.908	212.1252	1.297422	0.147443	0.505484	0.00347917	0.343594	1.699934	2.380148
21390	-1023.397	-1236.01	212.6137	1.575214	0.234502	0.204603	0.0183456	0.54255	1.636723	1.94423
21396	-1012.499	-1225.243	212.7436	1.599712	0.283252	0.14699	0.113772	0.455987	1.76405	1.753785
21402	-1011.184	-1223.301	212.117	1.746926	0.211845	0.36203	0.0850905	0.341034	1.862766	2.03062
21408	-1020.43	-1233.334	212.9036	1.174629	0.280729	0.47975	0.0479617	0.191559	1.887963	1.820124
21414	-1007.589	-1220.236	212.6472	1.66578	0.255312	0.45759	0.0778425	0.209256	1.710073	1.820124
21420	-1004.971	-1217.441	212.47	0.9957102	0.326122	0.294972	0.242717	0.13619	1.632435	2.387695
21426	-1019.726	-1232.505	212.7785	0.5769871	0.439999	0.138165	0.261615	0.160221	1.527554	2.533624
21432	-1016.131	-1228.893	212.7621	0.5949593	0.328101	0.299621	0.23088	0.141398	1.525088	2.533624
21438	-1019.279	-1230.274	210.9951	2.182516	0.281091	0.08645	0.116277	0.516182	1.410484	2.815878
21444	-1020.596	-1233.135	212.5388	1.331465	0.389102	0.0186477	0.395012	0.197239	1.590389	2.165331
21450	-1005.906	-1217.852	211.9453	0.8672631	0.329359	0.283205	0.183993	0.203444	1.889609	2.636384
21456	-1010.944	-1224.23	213.2863	0.8588531	0.108595	0.287601	0.385916	0.217888	2.081652	1.635509
21462	-1004.991	-1218.754	213.7631	1.021776	0.158829	0.259588	0.262901	0.318681	2.055094	1.152713
21468	-1006.008	-1219.649	213.6418	0.7651358	0.0960536	0.406641	0.421465	0.0758414	2.086817	1.440802
21474	-1009.223	-1223.059	213.8356	0.9936597	0.21696	0.159175	0.533233	0.0906319	2.305625	0.8570293
21480	-1025.393	-1239.651	214.2576	0.5662691	0.335468	0.0850141	0.501785	0.0777338	2.339537	0.8440078
21486	-1005.609	-1219.815	214.2059	0.5514661	0.198938	0.245184	0.482909	0.0729692	2.220349	1.042948
21492	-1007.586	-1221.711	214.1256	0.675396	0.216547	0.357126	0.416158	0.0101688	1.988748	1.206715
21498	-1007.044	-1221.103	214.059	0.5384587	0.222005	0.366127	0.381445	0.0304235	1.91338	1.43676
21504	-1017.671	-1231.66	213.9888	0.7256425	0.223168	0.362806	0.383443	0.0305829	1.813243	1.4164
21510	-1008.095	-1222.089	213.994	0.4605664	0.226315	0.39087	0.327218	0.0555975	2.079659	1.418328
21516	-1000.458	-1212.955	212.497	2.029803	0.383725	0.0111288	0.55481	0.0503356	1.654807	1.765095
21522	-1013.241	-1225.519	212.2775	1.422074	0.298437	0.00865524	0.616421	0.0764859	1.680724	2.223553
21528	-1025.818	-1238.358	212.54	2.212866	0.460693	0.0171428	0.335081	0.187083	1.707886	1.601864
21534	-1022.224	-1235.352	213.1272	0.8587764	0.109112	0.201469	0.537091	0.152329	1.83329	1.919271
21540	-1013.718	-1227.055	213.3368	0.8967324	0.158979	0.194699	0.491524	0.154799	1.761395	1.798263
21546	-1021.96	-1234.398	212.4386	1.606764	0.191487	0.161188	0.406925	0.240401	1.784027	1.945135
21552	-1019.603	-1232.482	212.8786	1.268452	0.236706	0.325035	0.236418	0.201841	1.782724	1.849196
21558	-1008.993	-1221.859	212.8659	1.210782	0.12247	0.487713	0.285386	0.104431	1.816066	1.871818
21564	-1009.266	-1222.616	213.3497	0.7730065	0.274216	0.335836	0.316441	0.0735075	1.799006	1.852162
21570	-1002.669	-1215.656	212.9871	1.078306	0.220854	0.164764	0.407005	0.207377	1.901285	1.817439
21576	-1007.043	-1221.132	214.0894	0.7507099	0.306087	0.202406	0.397812	0.0936944	2.222535	0.9467426
21582	-1027.296	-1240.589	213.2927	0.9600165	0.380621	0.233145	0.0765579	0.309676	1.875552	1.704102
21588	-1029.53	-1243.579	214.0488	0.7872499	0.233546	0.213274	0.330751	0.22243	1.869176	1.272299
21594	-1022.138	-1236.33	214.1919	0.7229334	0.191339	0.296607	0.459764	0.0522901	2.401017	0.5430242
21600	-1019.895	-1234.074	214.1789	0.5527984	0.358306	0.203888	0.36029	0.077515	2.57958	0.4131278
21606	-1027.219	-1241.225	214.0052	0.6248991	0.315419	0.361068	0.271248	0.0522655	2.665213	0.3876855
21612	-1025.202	-1238.934	213.7322	1.044299	0.136504	0.375682	0.218521	0.269293	2.504587	0.6308707
21618	-1015.782	-1229.7	213.9178	0.9775586	0.153723	0.368836	0.174179	0.303262	2.392137	0.6142301
21624	-1007.515	-1221.385	213.8702	1.017465	0.151504	0.435068	0.1426	0.270828	2.29513	0.7964796
21630	-1003.388	-1217.29	213.9028	0.6912937	0.166536	0.349485	0.355972	0.128008	2.687695	0.3724989
21636	-1017.202	-1231.083	213.8816	0.7732689	0.181236	0.350687	0.338539	0.129539	2.648575	0.423399
21642	-1021.387	-1235.132	213.7445	0.9197213	0.262965	0.211895	0.484983	0.040158	2.216683	1.116861
21648	-1010.19	-1223.802	213.6122	1.288662	0.383712	0.309191	0.118378	0.188719	2.091331	1.022515
21654	-1012.448	-1226.769	214.3214	0.646421	0.200582	0.3418	0.394306	0.0633131	2.091331	0.9569284
21660	-1011.165	-1225.363	214.1982	0.7093645	0.179899	0.419549	0.335104	0.0654476	2.183728	0.9184358
21666	-1008.221	-1222.295	214.0739	0.8381425	0.251969	0.292705	0.0657186	0.389608	2.346881	0.6839069
21672	-1019.443	-1232.545	213.1019	1.56518	0.276739	0.202719	0.130833	0.389709	2.687331	0.4921515
21678	-1007.045	-1220.288	213.2427	1.124402	0.135015	0.346824	0.328031	0.190131	2.918088	0.3924283
21684	-1006.793	-1220.306	213.5132	0.784803	0.280264	0.0594353	0.503158	0.157142	2.918088	0.3085336
21690	-1011.997	-1225.337	213.3409	0.8141401	0.200887	0.23858	0.427134	0.133399	3.044925	0.2972496
21696	-1016.315	-1229.864	213.5484	0.5399399	0.263155	0.339825	0.207012	0.190009	3.042258	0.2475134
21702	-1022.023	-1235.66	213.637	0.8787631	0.106948	0.352343	0.48409	0.0566187	2.774677	0.4030729
21708	-1022.77	-1236.365	213.5955	0.9965242	0.185357	0.56407	0.152444	0.0981288	2.709258	0.4364585
21714	-1024.296	-1238.101	213.8049	0.7965794	0.205342	0.327116	0.421021	0.046522	2.709258	0.4535042
21720	-1033.435	-1247.432	213.9969	0.7502779	0.478568	0.0170938	0.408342	0.0959964	2.503404	0.7064357
21726	-1020.216	-1234.289	214.0732	0.7502779	0.342479	0.0220163	0.457781	0.177724	2.488514	0.555646
21732	-1022.544	-1236.38	213.8364	0.9824841	0.488683	0.0283684	0.253949	0.229	2.488514	0.5382061
21738	-1028.396	-1242.122	213.726	0.8659843	0.264226	0.0583157	0.338093	0.339365	2.716514	0.5457805
21744	-1014.576	-1227.507	212.9312	1.712171	0.301427	0.0665261	0.385694	0.246353	2.732292	0.4562848
21750	-1023.414	-1236.31	212.8964	1.862553	0.265981	0.0881115	0.428524	0.217383	2.643969	0.4407518
21756	-1030.915	-1244.588	213.6731	0.899915	0.31785	0.104703	0.291454	0.285994	2.724226	0.4205304
21762	-1021.977	-1236	214.023	0.6179689	0.208686	0.110946	0.492597	0.187771	2.666107	0.6019548
21768	-1039.489	-1253.545	214.0567	0.8208409	0.156395	0.0388365	0.558138	0.246631	2.323294	0.7773059
21774	-1035.223	-1249.59	214.3671	0.6599169	0.276714	0.187035	0.506494	0.029757	2.106235	0.8742999
21780	-1032.742	-1247.034	214.2917	0.6347907	0.305767	0.206673	0.454679	0.0328813	2.208257	0.8742999
21786	-1033.991	-1248.212	214.2213	0.7812443	0.159039	0.319451	0.273868	0.247642	2.191757	0.7890001
21792	-1046.339	-1260.501	214.1623	0.6904523	0.157898	0.233195	0.318052	0.290855	2.336499	0.8026145
21798	-1025.88	-1240.048	214.1677	0.7189282	0.258688	0.453923	0.150364	0.137025	2.358253	0.7189177
21804	-1022.129	-1234.616	212.4865	1.15213	0.149364	0.541523	0.198167	0.110946	1.906666	2.102031
21810	-1019.411	-1232.229	212.8174	0.7532437	0.0815781	0.594192	0.187361	0.136869	1.930376	2.133829
21816	-1029.405	-1242.142	212.7366	1.063622	0.311213	0.237504	0.236851	0.214432	2.072994	1.881237
21822	-1026.277	-1239.335	213.0583	0.8156886	0.177107	0.401841	0.224038	0.197014	1.928503	1.931814
21828	-1023.8	-1236.777	212.9771	0.8011424	0.21441	0.330654	0.271225	0.183711	2.059414	1.908449
21834	-1033.684	-1246.586	212.9019	1.663186	0.126128	0.388905	0.361026	0.12394	2.053793	1.385619
21840	-1032.794	-1246.527	213.7328	0.8098779	0.391307	0.18171	0.330901	0.0960829	1.736699	1.598893
21846	-1034.701	-1248.451	213.7501	0.7453173	0.223855	0.357792	0.286875	0.131479	1.886131	1.5262
21852	-1018.175	-1232.359	214.1837	0.5458974	0.242754	0.0712743	0.557694	0.128277	2.500902	0.7553449
21858	-1010.166	-1224.053	213.8878	0.8173437	0.336203	0.240063	0.24229	0.181443	2.60671	0.5363245
21864	-1016.508	-1230.58	214.0722	0.7791972	0.363134	0.17919	0.261699	0.195978	2.422335	0.6602815
21870	-1019.531	-1233.395	213.8642	0.8793657	0.134399	0.125571	0.540057	0.199972	2.525926	0.6602815
21876	-1016.055	-1229.988	213.9331	0.7717746	0.33865	0.208677	0.282702	0.169971	2.468096	0.8178493
21882	-1032.5	-1246.831	214.3305	0.5111747	0.150341	0.215463	0.35837	0.275826	2.4687	0.6033564
21888	-1017.746	-1231.595	213.8491	0.8690467	0.222529	0.345093	0.195907	0.236471	2.593171	0.5237653
21894	-1029.966	-1243.796	213.8299	0.9330798	0.0760055	0.48086	0.187657	0.255477	2.53185	0.5943836
21900	-1037.18	-1250.273	213.0925	1.727255	0.250616	0.266162	0.227298	0.255924	2.45983	0.7625702
21906	-1021.613	-1234.371	212.7584	2.277783	0.0803144	0.0945759	0.643141	0.181968	2.45983	0.6155798
21912	-1008.269	-1222.196	213.9268	0.8055079	0.208776	0.191423	0.229077	0.370724	2.559393	0.6155798
21918	-1018.991	-1232.019	213.0287	1.737988	0.106365	0.265186	0.237923	0.390525	2.566553	0.6780238
21924	-1020.62	-1234.694	214.0741	0.7320463	0.159156	0.172592	0.512185	0.156067	2.410829	0.7608023
21930	-1032.448	-1246.168	213.72	0.9543338	0.180466	0.262833	0.463768	0.0929328	2.587111	0.6731058
21936	-1003.301	-1217.379	214.0782	0.6634681	0.189868	0.276527	0.48793	0.0456756	2.562082	0.6042884
21942	-1013.772	-1228.064	214.2922	0.6634681	0.0708011	0.563293	0.272864	0.0930425	2.304717	0.6982241
21948	-1001.709	-1215.999	214.2903	0.6158631	0.126136	0.235884	0.562876	0.0751045	2.341904	0.7235341
21954	-1008.937	-1222.264	213.3263	1.470714	0.08003	0.574182	0.298136	0.0476518	2.466592	0.7235341
21960	-997.8544	-1211.801	213.9468	0.8374933	0.0802874	0.57603	0.211046	0.132637	2.451684	0.7235341
21966	-1006.996	-1220.927	213.9311	0.940563	0.0609864	0.302399	0.527551	0.109064	2.361424	0.7234329
21972	-1012.182	-1225.622	213.44	1.491194	0.341842	0.177116	0.379608	0.101435	2.370201	0.660205
21978	-1008.157	-1222.423	214.2665	0.6395976	0.339696	0.205346	0.29381	0.161148	2.362575	0.6857997
21984	-1019.463	-1232.874	213.4107	1.380603	0.318779	0.240305	0.275718	0.165198	2.386472	0.8293985
21990	-1005.049	-1219.016	213.9676	0.880504	0.207729	0.211492	0.306497	0.274282	2.304286	0.8379873
21996	-1006.963	-1220.585	213.6223	1.234064	0.247713	0.248001	0.253263	0.251023	2.301932	0.8379873
22002	-994.9941	-1208.978	213.9834	0.8871329	0.247713	0.248001	0.253263	0.251023	2.23159	0.8971405
22008	-1005.565	-1219.57	214.005	0.753856	0.213387	0.0406124	0.547749	0.198251	2.300039	0.9505568
22014	-1022.066	-1236.254	214.1876	0.753856	0.241086	0.042766	0.618851	0.0972971	2.178434	0.8835096
22020	-1011.487	-1225.477	213.9899	0.9247631	0.328719	0.0378278	0.547392	0.0860621	2.321424	0.7189744
22026	-1014.531	-1228.42	213.889	0.8601144	0.357652	0.044807	0.495142	0.102399	2.551086	0.5833338
22032	-996.4503	-1210.571	214.1205	0.6743633	0.299233	0.0374882	0.599559	0.0637197	2.50158	0.622144
22038	-1001.156	-1214.715	213.5589	1.029279	0.295043	0.0655136	0.591165	0.0482785	2.719374	0.4643335
22044	-997.9329	-1211.743	213.8102	0.8420124	0.303878	0.0562681	0.507738	0.132115	2.646903	0.5890756
22050	-1005.136	-1219.093	213.9574	0.7486951	0.300011	0.0555519	0.514004	0.130434	2.544712	0.7061496
22056	-1003.59	-1217.397	213.8067	0.9257805	0.364855	0.153612	0.333851	0.147682	2.563749	0.5905344
22062	-989.9219	-1203.367	213.4451	1.199403	0.180072	0.327317	0.253403	0.239208	2.655788	0.4173287
22068	-994.9578	-1208.583	213.625	0.9599961	0.134482	0.289919	0.509048	0.0665514	2.723144	0.4675796
22074	-1004.04	-1216.927	212.8864	1.848371	0.297964	0.0646601	0.436799	0.200578	2.670508	0.4675796
22080	-1016.216	-1230.167	213.9507	0.8045982	0.297964	0.0646601	0.436799	0.200578	2.540877	0.6034384
22086	-1022.055	-1236.272	214.2169	0.6467378	0.293025	0.133506	0.454401	0.119068	2.380648	0.7268725
22092	-1022.354	-1236.454	214.1003	0.6596314	0.323881	0.202802	0.340737	0.132581	2.562281	0.4790782
22098	-1028.386	-1242.443	214.0568	0.6596314	0.200807	0.337794	0.304773	0.156626	2.593005	0.587358
22104	-1013.443	-1226.788	213.3444	1.344054	0.186462	0.224085	0.482472	0.106981	2.114217	1.199631
22110	-1011.186	-1223.956	212.7695	1.99553	0.190492	0.17453	0.458166	0.176813	2.152671	1.199631
22116	-995.3415	-1208.109	212.7674	2.009488	0.186708	0.336477	0.112457	0.364357	1.906129	1.393657
22122	-1006.471	-1219.907	213.4362	0.7515993	0.139598	0.251577	0.414353	0.194472	2.054084	1.628217
22128	-1021.036	-1231.923	210.8866	2.258325	0.184813	0.196951	0.473251	0.144984	1.669106	2.691277
22134	-1039.273	-1251.264	211.9912	1.127508	0.190143	0.101241	0.569267	0.139349	1.698672	2.565088
22140	-1029.719	-1241.48	211.7613	1.401579	0.202518	0.250516	0.202155	0.344811	1.637158	2.58848
22146	-1027.821	-1239.45	211.6292	2.384226	0.194847	0.177948	0.267166	0.360039	1.928128	1.997809
22152	-1028.819	-1238.573	209.7545	5.560132	0.0332584	0.277005	0.248197	0.44154	1.728242	2.281745
22158	-1017.508	-1225.842	208.3347	8.57964	0.168038	0.167115	0.278965	0.385882	1.665899	2.559735
22164	-1037.154	-1242.682	205.5276	27.93673	0.528722	0.162782	0.127167	0.181329	1.855773	1.977321
22170	-1041.95	-1255.447	213.4978	0.9440007	0.297975	0.211708	0.328253	0.162064	2.811511	0.3493713
22176	-1037.01	-1250.568	213.5584	0.9229034	0.364092	0.0588865	0.34803	0.228992	2.811511	0.4108259
22182	-1018.647	-1230.667	212.0205	2.887635	0.340694	0.147596	0.073331	0.438378	1.942597	1.483323
22188	-1022.271	-1234.348	212.0763	2.914819	0.346728	0.0577384	0.106291	0.489243	2.003152	1.381159
22194	-1021.837	-1235.657	213.8198	0.6806232	0.100565	0.278192	0.465276	0.155968	2.790534	0.3858294
22200	-1023.644	-1237.687	214.0431	0.7030454	0.0584346	0.291777	0.428057	0.221731	2.574043	0.5136275
22206	-1007.498	-1221.572	214.0741	0.6737811	0.139622	0.0981185	0.548482	0.213778	2.574043	0.5136275
22212	-1006.123	-1219.885	213.7622	0.8935161	0.179205	0.343202	0.399966	0.077627	2.655522	0.5136275
22218	-1000.275	-1214.249	213.9748	0.7474284	0.204819	0.335597	0.374472	0.0851122	2.592372	0.4604702
22224	-1016.7	-1230.605	213.9058	0.9417806	0.140494	0.400845	0.447279	0.0113828	2.451785	0.5785063
22230	-997.2918	-1210.838	213.546	1.199148	0.236072	0.33171	0.430762	0.00145579	2.493057	0.7234836
22236	-998.8325	-1212.919	214.0862	0.7467433	0.436342	0.115045	0.445804	0.00280964	2.396111	0.7414704
22242	-1005.196	-1219.369	214.1731	0.6742451	0.0536637	0.374932	0.569558	0.00184645	2.396111	0.7255733
22248	-1008.012	-1221.585	213.5729	1.29385	0.260666	0.572129	0.135833	0.0313728	2.441867	0.5873933
22254	-998.2418	-1210.792	212.5497	2.734596	0.3727	0.449814	0.105898	0.071589	2.311621	0.7212681
22260	-999.8773	-1212.149	212.2717	2.924955	0.306591	0.178137	0.245691	0.269581	2.494232	0.6819086
22266	-1001.776	-1213.28	211.5035	4.496449	0.247246	0.143919	0.391038	0.217797	2.459108	0.6216304
22272	-1009.224	-1222.993	213.7687	0.9860366	0.1287	0.660494	0.0471419	0.163665	2.537521	0.6005439
22278	-1010.675	-1224.195	213.5208	1.421941	0.0725121	0.529568	0.239229	0.158691	2.155428	0.9273743
22284	-1019.688	-1233.273	213.5845	1.421941	0.205887	0.378796	0.35415	0.0611665	2.082897	0.9368715
22290	-1018.151	-1232.046	213.8951	0.8573709	0.166648	0.306603	0.47724	0.049509	2.167051	1.083097
22296	-1020.844	-1234.866	214.0222	0.8573709	0.409911	0.229711	0.238598	0.12178	2.137599	0.9886663
22302	-1022.368	-1236.029	213.6606	0.9165573	0.232558	0.234533	0.476471	0.0564377	2.079821	1.307801
22308	-1053.292	-1266.831	213.5383	0.7740523	0.12115	0.454562	0.334733	0.0895543	2.222733	1.408599
22314	-1045.584	-1259.67	214.0858	0.7949267	0.0206794	0.609392	0.137543	0.232385	2.097125	1.030295
22320	-1026.157	-1239.636	213.4792	1.423814	0.0756002	0.315264	0.226078	0.383057	2.097125	1.02801
22326	-1027.038	-1239.829	212.791	1.497169	0.0284102	0.479917	0.376351	0.115322	1.756269	1.786957
22332	-1032.05	-1245.012	212.9622	1.401694	0.00908665	0.751389	0.0581744	0.18135	1.668675	1.786957
22338	-1034.764	-1247.287	212.5228	1.631898	0.00550393	0.613792	0.168223	0.212481	1.72082	1.916867
22344	-1017.561	-1230.945	213.3844	1.164173	0.139561	0.461223	0.100703	0.298513	2.758993	0.4457884
22350	-1013.522	-1226.874	213.3527	1.274856	0.339709	0.241975	0.129871	0.288445	2.6712	0.4024134
22356	-1017.504	-1230.783	213.2785	1.274856	0.165091	0.5843	0.0778046	0.172804	2.745473	0.4024134
22362	-1023.826	-1237.049	213.2237	1.255914	0.138386	0.489785	0.226977	0.144852	2.80356	0.3773269
22368	-1019.203	-1233.188	213.9844	0.5389722	0.290038	0.336108	0.215225	0.158629	2.758738	0.3623952
22374	-1034.733	-1247.975	213.2421	1.272211	0.223931	0.241416	0.168161	0.366492	2.75961	0.3623952
22380	-1031.129	-1244.52	213.3906	1.200793	0.179808	0.443105	0.166699	0.210389	2.705938	0.4101042
22386	-1033.234	-1246.3	213.0656	1.479081	0.337832	0.315131	0.0724543	0.274582	2.785784	0.4270898
22392	-1025.698	-1238.639	212.941	1.479081	0.423263	0.268751	0.0909864	0.216999	2.892438	0.3878341
22398	-1038.7	-1251.544	212.8433	1.518722	0.343225	0.212899	0.235295	0.208581	2.919964	0.3399313
22404	-1029.986	-1241.417	211.4312	0.732812	0.357796	0.159706	0.300593	0.181905	1.551494	3.235252
22410	-1038.637	-1250.786	212.1493	0.8504423	0.116542	0.175543	0.332546	0.375369	2.110516	2.381908
22416	-1012.475	-1225.138	212.6626	0.7805587	0.166129	0.325194	0.248959	0.259718	1.896113	2.237762
22422	-1009.838	-1222.753	212.9151	0.523842	0.174436	0.208134	0.336291	0.281139	2.051061	2.148501
22428	-1010.028	-1222.635	212.6065	0.8717238	0.340394	0.23709	0.181273	0.241243	2.271667	1.965673
22434	-1015.342	-1228.746	213.4046	0.9235216	0.197077	0.22404	0.454922	0.123961	2.190794	1.41672
22440	-1012.002	-1225.701	213.6986	0.8095586	0.219353	0.102443	0.257071	0.421133	2.163499	1.298874
22446	-1022.235	-1235.436	213.201	0.7001811	0.404781	0.100091	0.474384	0.0207434	1.965158	1.892756
22452	-1016.148	-1229.532	213.3841	0.9687508	0.303345	0.0750087	0.379251	0.242395	2.438781	1.194891
22458	-1026.706	-1240.835	214.1292	0.6441033	0.289685	0.155916	0.362173	0.192225	2.23956	1.004251
22464	-1006.201	-1219.798	213.5968	0.8074904	0.315783	0.0895244	0.388496	0.206197	2.277384	1.290751
22470	-1000.939	-1214.651	213.7121	0.8301418	0.283938	0.207315	0.395726	0.113021	2.170452	1.264514
22476	-1015.362	-1229.351	213.9891	0.8301418	0.261847	0.0894189	0.448082	0.200652	2.342956	0.8280478
22482	-1014.882	-1228.463	213.5807	1.160643	0.306457	0.140966	0.14481	0.407767	2.420769	0.8280478
22488	-1021.14	-1234.433	213.293	1.643526	0.393608	0.0865561	0.0622681	0.457567	2.279234	0.8280478
22494	-1027.977	-1240.765	212.7886	1.7475	0.372332	0.0492392	0.305816	0.272613	2.341938	1.186223
22500	-1011.185	-1224.744	213.5587	1.037144	0.296907	0.134675	0.457561	0.110857	2.177063	1.210978
22506	-1019.713	-1233.656	213.943	0.8487415	0.372545	0.143567	0.365711	0.118177	2.060986	1.144066
22512	-1015.911	-1229.55	213.6391	0.7712349	0.43273	0.166761	0.263242	0.137268	2.008872	1.497052
22518	-1027.884	-1241.38	213.4961	0.8618371	0.550395	0.0584352	0.216577	0.174593	2.123209	1.447053
22524	-1023.967	-1236.396	212.4286	2.369726	0.250617	0.211216	0.275407	0.26276	2.374194	1.065907
22530	-1023.685	-1237.306	213.6211	1.050492	0.262665	0.0512724	0.41067	0.275392	2.50294	0.8078934
22536	-1032.142	-1246.078	213.9366	0.5870722	0.14445	0.384776	0.36787	0.102905	2.219278	1.250315
22542	-1019.908	-1232.289	212.381	0.9098162	0.264788	0.092277	0.450362	0.192573	1.980357	2.278277
22548	-1010.703	-1224.184	213.4813	0.9098162	0.17736	0.203528	0.310269	0.308842	2.112009	1.429125
22554	-1013.134	-1225.365	212.2308	0.8474397	0.219778	0.178523	0.31356	0.288138	2.051446	2.369687
22560	-1023.482	-1236.829	213.3472	0.9634105	0.206312	0.112365	0.513729	0.167594	2.07646	1.516312
22566	-1021.528	-1234.808	213.2797	0.902658	0.354229	0.0563147	0.419137	0.170319	2.302501	1.443314
22572	-1030.957	-1244.898	213.9414	0.8951346	0.226382	0.00736089	0.617704	0.148553	2.118738	1.048294
22578	-1038.19	-1251.321	213.1311	1.497589	0.543876	0.0634112	0.176131	0.216582	2.118738	1.261279
22584	-1041.94	-1254.533	212.5934	2.031654	0.428066	0.0499088	0.309506	0.212519	2.065383	1.392224
22590	-1055.996	-1269.748	213.7525	1.12209	0.119477	0.433375	0.0867403	0.360407	2.201379	0.9265222
22596	-1055.05	-1268.234	213.1848	1.911314	0.0447945	0.457736	0.0363223	0.461147	1.998389	1.020002
22602	-1027.839	-1241.136	213.2971	1.180482	0.109716	0.244699	0.36328	0.282305	2.146068	1.33745
22608	-1016.653	-1230.101	213.4474	1.265184	0.14041	0.36953	0.128775	0.361284	1.996289	1.272749
22614	-1036.829	-1250.085	213.2557	0.6602837	0.141522	0.365956	0.233158	0.259364	1.748218	2.030005
22620	-1022.102	-1234.205	212.1025	0.8634965	0.244142	0.390213	0.248612	0.117033	1.748067	2.629134
22626	-1014.398	-1225.662	211.2646	1.879593	0.292151	0.292744	0.248481	0.166625	1.671758	2.629134
22632	-1014.825	-1227.069	212.2445	1.362239	0.545232	0.24476	0.16841	0.0415986	1.680293	2.279281
22638	-1013.392	-1224.397	211.0051	1.656177	0.270417	0.168013	0.459136	0.102434	1.571384	2.957135
22644	-1017.381	-1228.958	211.5766	0.8446818	0.358994	0.112742	0.431905	0.0963591	1.814082	2.921574
22650	-1010.895	-1223.98	213.0843	0.753258	0.296253	0.0930383	0.53119	0.0795185	2.12927	1.821946
22656	-1016.902	-1230.164	213.2618	0.5978173	0.427393	0.162528	0.311416	0.0986624	2.066864	1.855689
22662	-1025.541	-1238.645	213.1032	1.082589	0.283576	0.365429	0.240983	0.110013	1.870743	1.755112
22668	-1019.418	-1232.514	213.0958	0.9689947	0.195197	0.193645	0.515169	0.0959889	2.01451	1.738564
22674	-1030.095	-1243.518	213.4226	0.6722507	0.195197	0.193645	0.515169	0.0959889	1.996617	1.738564
22680	-1028.891	-1241.652	212.7606	1.107026	0.336367	0.253589	0.345643	0.0644019	2.252699	1.710748
22686	-1020.552	-1232.756	212.2039	0.9374544	0.231168	0.293788	0.400434	0.0746109	1.828518	2.468817
22692	-1018.506	-1230.359	211.8538	1.157628	0.342276	0.0319579	0.52164	0.104127	1.961448	2.468817
22698	-1013.937	-1226.727	212.7899	0.5560522	0.319445	0.0630383	0.515114	0.102403	2.212042	2.1035
22704	-1023.356	-1236.48	213.1236	0.8589664	0.220325	0.0637786	0.521163	0.194733	2.212499	1.658311
22710	-1022.564	-1235.859	213.2948	0.8641621	0.38691	0.0300101	0.489154	0.0939258	2.34762	1.427519
22716	-1038.551	-1252.343	213.792	1.056062	0.465948	0.105519	0.266277	0.162255	2.097527	1.056584
22722	-1017.82	-1231.604	213.7837	1.056062	0.26694	0.307447	0.150395	0.275218	2.238436	0.9223495
22728	-1011.789	-1225.74	213.9515	0.6581509	0.347456	0.352967	0.172661	0.126916	2.245705	1.150687
22734	-1021.915	-1234.887	212.972	1.02142	0.182364	0.114178	0.618372	0.0850869	2.178292	1.673137
22740	-1027.073	-1240.149	213.0757	1.084156	0.175676	0.109991	0.582534	0.131799	2.012792	1.673137
22746	-1021.805	-1234.895	213.0898	1.388072	0.452558	0.215191	0.250203	0.0820478	1.98172	1.477659
22752	-1020.583	-1233.84	213.257	0.7334142	0.337613	0.299839	0.284838	0.0777111	1.989875	1.813372
22758	-1015.722	-1229.63	213.9077	1.017364	0.118594	0.658069	0.0527814	0.170556	2.157925	0.9165804
22764	-1029.589	-1243.347	213.7578	1.059012	0.319326	0.261903	0.124774	0.293998	2.441371	0.6798421
22770	-1024.024	-1238.25	214.2259	0.6730117	0.260785	0.26396	0.235156	0.2401	2.092333	1.023939
22776	-1031.423	-1243.825	212.4017	1.01376	0.299714	0.173685	0.35055	0.176051	1.873642	2.266093
22782	-1028.065	-1241.251	213.1864	0.9782987	0.161687	0.163722	0.484179	0.190411	2.043062	1.647381
22788	-1023.49	-1236.437	212.9464	0.7089383	0.148039	0.321748	0.390478	0.139734	1.92229	2.085276
22794	-1012.495	-1225.147	212.6523	0.712883	0.260835	0.204548	0.516968	0.0176493	1.975942	2.239002
22800	-1014.652	-1227.362	212.7105	0.5046995	0.235508	0.378233	0.373389	0.01287	2.114388	2.252348
22806	-1015.7	-1228.45	212.7502	0.845853	0.363753	0.051218	0.489169	0.0958598	2.094737	2.005836
22812	-1028.987	-1242.824	213.8364	0.5560025	0.065881	0.260931	0.513611	0.159577	2.867173	0.3368503
22818	-1015.226	-1229.01	213.7845	0.6080283	0.210685	0.322701	0.356005	0.110609	2.864757	0.3368503
22824	-1013.296	-1227.044	213.7483	0.583891	0.235899	0.361321	0.39861	0.00417017	2.89694	0.3100289
22830	-1006.849	-1220.836	213.9862	0.4904961	0.327511	0.289413	0.37911	0.00396615	2.79234	0.3460655
22836	-1021.206	-1235.093	213.8866	0.4979126	0.154458	0.455216	0.388456	0.00187048	2.885105	0.3466842
22842	-1005.908	-1219.961	214.0524	0.5295271	0.207693	0.384403	0.402926	0.00497738	2.736914	0.4321038
22848	-993.7869	-1208.139	214.3522	0.5390062	0.127415	0.271771	0.592738	0.00807705	2.348878	0.7411726
22854	-1000.427	-1214.538	214.1113	0.6769173	0.142276	0.50206	0.270085	0.0855786	2.520549	0.5859912
22860	-997.4934	-1211.504	214.0104	0.9238053	0.443185	0.272771	0.215474	0.0685695	2.316608	0.6938997
22866	-1001.964	-1214.194	212.2307	3.241112	0.411249	0.309874	0.211555	0.0673222	2.369024	0.6409527
22872	-1007.98	-1220.569	212.5887	2.602091	0.260465	0.173559	0.317498	0.248479	2.369024	0.7021231
22878	-1006.965	-1220.14	213.1747	1.83367	0.27115	0.139654	0.330523	0.258673	2.293774	0.7612857
22884	-1000.036	-1213.544	213.5077	1.434415	0.290965	0.0767834	0.354676	0.277576	2.329217	0.7031172
22890	-1007.588	-1221.407	213.8184	1.005803	0.276561	0.080613	0.501505	0.141321	2.462558	0.6160364
22896	-1015.943	-1230.277	214.3339	0.6037658	0.195322	0.303302	0.388927	0.112448	2.351918	0.6477294
22902	-1015.951	-1230.192	214.2408	0.6997375	0.203708	0.322918	0.285529	0.187845	2.320635	0.692927
22908	-1019.478	-1233.602	214.1244	0.6721618	0.19967	0.302607	0.300216	0.197507	2.483281	0.6602761
22914	-1025.593	-1239.702	214.1095	0.7235333	0.21433	0.324825	0.248837	0.212009	2.483281	0.5398388
22920	-1021.841	-1236.059	214.2178	0.5395713	0.348325	0.269111	0.363076	0.0194879	2.571029	0.4876196
22926	-1009.172	-1223.188	214.0165	0.7302802	0.0823913	0.385223	0.42115	0.111236	2.571029	0.5240849
22932	-998.0084	-1211.748	213.74	1.011522	0.164928	0.348852	0.460584	0.0256358	2.557497	0.5240849
22938	-1005.058	-1219.261	214.2024	0.6003507	0.0780998	0.390561	0.48185	0.0494888	2.51988	0.5444818
22944	-1021.559	-1235.764	214.2054	0.6003507	0.303912	0.129761	0.504865	0.0614616	2.513812	0.5605741
22950	-1028.381	-1242.501	214.1201	0.6003507	0.187913	0.194485	0.537703	0.0798985	2.514895	0.7446841
22956	-1015.539	-1229.985	214.446	0.439874	0.365892	0.297629	0.292949	0.04353	2.393592	0.6701859
22962	-1020.622	-1235	214.3778	0.5609351	0.169203	0.57329	0.236246	0.0212608	2.293318	0.7523004
22968	-1030.583	-1244.375	213.7924	1.150355	0.180118	0.545765	0.251485	0.0226322	2.362448	0.5663059
22974	-1005.907	-1219.196	213.289	0.8224799	0.166916	0.278758	0.473956	0.0803697	1.779627	1.87148
22980	-1019.841	-1233.832	213.9905	0.767264	0.430982	0.252173	0.180474	0.136371	2.443755	0.7800362
22986	-1029.987	-1243.928	213.9409	0.6910094	0.0486477	0.336474	0.347165	0.267714	1.951633	1.374423
22992	-1019.041	-1231.513	212.4717	1.430582	0.291117	0.107721	0.129002	0.47216	1.715678	2.069242
22998	-1021.055	-1233.807	212.752	2.289615	0.281675	0.344114	0.0952016	0.27901	1.958089	1.198722
23004	-1016.551	-1230.016	213.4645	1.112226	0.340481	0.264676	0.107644	0.2872	2.032308	1.346867
23010	-1016.423	-1230.22	213.7969	0.9990366	0.218541	0.51072	0.0459961	0.224743	2.140925	1.064431
23016	-1011.605	-1224.739	213.1331	1.813048	0.4433	0.0908095	0.205097	0.260794	2.080431	1.064431
23022	-1014.12	-1227.676	213.5554	1.134486	0.220732	0.182045	0.396334	0.20089	2.330122	0.9857221
23028	-1024.714	-1238.644	213.9297	0.8634878	0.319712	0.0207465	0.411215	0.248327	1.773316	1.380983
23034	-1030.421	-1244.612	214.1905	0.8634878	0.397388	0.218443	0.110737	0.273432	2.004012	0.9462114
23040	-1024.802	-1238.201	213.3989	1.542936	0.273128	0.436282	0.0993414	0.191249	2.004012	1.094359
23046	-1023.883	-1237.536	213.6535	1.246544	0.168421	0.370272	0.182046	0.279262	2.115069	0.996703
23052	-1021.632	-1233.398	211.7663	4.288961	0.262063	0.269765	0.132631	0.335542	2.016152	0.996703
23058	-1019.257	-1231.898	212.6406	2.57658	0.234333	0.308366	0.157264	0.300037	1.955824	1.128234
23064	-1018.984	-1231.615	212.6304	2.670357	0.164725	0.37387	0.0591951	0.402209	1.854979	1.172787
23070	-1025.63	-1239.707	214.0776	0.8269045	0.22292	0.337711	0.175783	0.263586	1.807993	1.26478
23076	-1019.6	-1232.569	212.9684	2.122076	0.149861	0.48778	0.224389	0.13797	2.052196	1.024857
23082	-1007.898	-1221.771	213.8724	1.253172	0.117794	0.445069	0.192618	0.244519	2.098304	0.7510295
23088	-1009.748	-1223.657	213.909	1.026285	0.0330197	0.143078	0.720555	0.103348	2.092584	0.9751309
23094	-1002.171	-1214.903	212.7314	2.347516	0.109428	0.200791	0.549877	0.139905	2.392583	0.7093951
23100	-1019.499	-1232.724	213.2246	1.712051	0.022632	0.538637	0.247378	0.191353	2.37406	0.7093951
23106	-1012.487	-1226.331	213.8446	1.077063	0.0777821	0.349313	0.211163	0.361742	2.319618	0.7104767
23112	-1009.062	-1223.445	214.3823	0.639917	0.240323	0.1589	0.536683	0.0640936	2.232359	0.7104767
23118	-1005.904	-1219.518	213.614	1.31031	0.177036	0.0439855	0.723402	0.0555762	2.305773	0.7485239
23124	-1010.894	-1225.249	214.355	0.6169116	0.350182	0.0945215	0.448298	0.106998	2.125352	0.9178261
23130	-998.2598	-1212.625	214.3652	0.5189819	0.404571	0.167272	0.388016	0.0401416	2.369821	0.7196635
23136	-988.1268	-1201.972	213.8452	0.9420014	0.234334	0.259567	0.414975	0.0911243	2.448165	0.7196635
23142	-1005.936	-1217.354	211.4183	4.740863	0.287761	0.318746	0.281593	0.1119	2.448165	0.5741617
23148	-1001.774	-1213.626	211.8515	4.032365	0.300987	0.3516	0.0674451	0.279967	2.279179	0.7287436
23154	-1001.062	-1212.567	211.5045	4.743741	0.285835	0.406174	0.0597921	0.248199	2.332654	0.6510547
23160	-1016.612	-1230.573	213.961	0.8510868	0.371735	0.192945	0.158255	0.277065	2.303265	0.8833812
23166	-1026.342	-1239.907	213.565	0.9981266	0.371735	0.192945	0.158255	0.277065	2.423511	1.016449
23172	-1009.265	-1222.642	213.3777	1.631277	0.20084	0.254215	0.189238	0.355707	2.312612	0.6626792
23178	-1011.621	-1225.632	214.0115	0.982086	0.0949259	0.236252	0.404076	0.264746	2.210007	0.7675936
23184	-1016.46	-1229.921	213.4606	1.233399	0.16062	0.44792	0.192959	0.1985	2.120007	1.182078
23190	-1007.799	-1221.625	213.8256	0.7969461	0.130768	0.517349	0.122615	0.229268	2.120007	1.240866
23196	-1002.884	-1216.148	213.2646	1.480175	0.195728	0.328401	0.194779	0.281092	2.024812	1.240866
23202	-1026.115	-1239.41	213.2949	1.198107	0.124697	0.209221	0.487002	0.179081	1.860533	1.545202
23208	-1030.703	-1244.273	213.5703	1.224192	0.197756	0.393155	0.235913	0.173176	2.124111	1.088107
23214	-1029.866	-1243.472	213.6055	0.8032669	0.161687	0.367827	0.440569	0.0299166	1.995697	1.506871
23220	-1016.009	-1228.716	212.707	1.925845	0.143889	0.327337	0.488149	0.0406244	1.790574	1.574248
23226	-1021.47	-1233.869	212.399	1.597886	0.130292	0.492834	0.369774	0.00710001	1.768539	1.987059
23232	-1022.601	-1233.866	211.2657	3.800043	0.456421	0.217934	0.3168	0.00884497	1.706538	1.826301
23238	-1035.778	-1250.018	214.2406	0.4131052	0.33803	0.235638	0.414952	0.0113802	1.775453	1.495213
23244	-1033.71	-1247.597	213.8869	0.48219	0.0905369	0.443402	0.444646	0.0214143	2.025376	1.524746
23250	-1020.387	-1234.267	213.8807	0.8366888	0.224022	0.294273	0.448511	0.033194	1.999622	1.260686
23256	-1009.065	-1223.011	213.9454	0.9249908	0.20055	0.290869	0.119387	0.389193	1.914419	1.201262
23262	-1012.734	-1227.067	214.3332	0.5163701	0.209813	0.151708	0.468554	0.169924	2.175577	0.9971922
23268	-1006.811	-1220.496	213.6853	1.0756	0.187237	0.266337	0.394785	0.15164	2.108663	1.127034
23274	-1022.252	-1235.499	213.2475	0.9247934	0.336123	0.281587	0.18883	0.193459	1.875617	1.760994
23280	-1031.027	-1244.344	213.3165	0.9524926	0.559292	0.0924093	0.24187	0.106429	1.735141	1.791169
23286	-1037.288	-1250.202	212.9141	1.067732	0.472094	0.0566252	0.25454	0.21674	1.746709	1.978942
23292	-1029.084	-1241.397	212.3132	1.254994	0.23904	0.427533	0.111179	0.222248	1.521149	2.399111
23298	-1021.619	-1235.416	213.7975	1.02746	0.262552	0.469585	0.122115	0.145748	1.878536	1.269077
23304	-1004.508	-1218.668	214.1604	0.8650353	0.242356	0.299076	0.303977	0.154591	2.149893	0.8094474
23310	-1009.598	-1224.09	214.492	0.5666172	0.243897	0.211592	0.388938	0.155574	2.124617	0.8191185
23316	-1010.695	-1223.793	213.0981	0.9912845	0.325847	0.282687	0.29634	0.0951263	2.047695	1.69772
23322	-1017.708	-1230.698	212.9899	0.6986893	0.194226	0.241555	0.472166	0.0920537	1.828537	2.125355
23328	-1022.618	-1235.487	212.8686	1.001472	0.204086	0.153752	0.497176	0.144986	1.822405	2.002631
23334	-1020.553	-1231.558	211.0043	3.477749	0.310107	0.0937388	0.303116	0.293038	1.968933	1.942388
23340	-999.0194	-1212.361	213.3415	1.068626	0.351747	0.209383	0.115244	0.323627	2.174168	1.365567
23346	-1007.835	-1220.561	212.7253	1.356915	0.392592	0.318376	0.0758976	0.213135	2.205433	1.602581
23352	-1022.12	-1234.908	212.7881	1.439087	0.263323	0.439563	0.0664425	0.230672	1.93877	1.696441
23358	-1024.023	-1235.95	211.9268	2.978331	0.0866692	0.619245	0.00742989	0.286655	1.787954	1.625852
23364	-1030.071	-1239.335	209.2644	7.596623	0.299383	0.342874	0.00916152	0.348582	1.87518	2.026348
23370	-1011.738	-1222.942	211.2038	5.461317	0.0611513	0.44604	0.342198	0.150611	1.955659	1.097501
23376	-1006.792	-1217.704	210.9113	5.246789	0.0646542	0.230039	0.220532	0.484774	1.831126	1.509957
23382	-1018.542	-1229.857	211.3148	4.946172	0.116818	0.32262	0.140172	0.42039	1.888764	1.248666
23388	-1040.037	-1251.23	211.1932	4.756114	0.188616	0.24483	0.162655	0.4039	1.764312	1.508057
23394	-1015.276	-1227.776	212.5001	1.677778	0.102491	0.341521	0.355364	0.200624	1.805673	1.848763
23400	-1007.7	-1220.91	213.2097	1.165382	0.49223	0.145571	0.273467	0.0887318	1.916009	1.589802
23406	-998.6806	-1212.241	213.5607	1.15232	0.242166	0.19168	0.454196	0.111958	2.056592	1.216418
23412	-1001.783	-1215.129	213.3462	1.251769	0.337292	0.299287	0.0927098	0.270711	2.177263	1.216418
23418	-1018.519	-1232.649	214.1295	0.724176	0.178671	0.486547	0.118654	0.216128	2.235429	0.9199104
23424	-1010.472	-1224.398	213.9264	0.8151107	0.239692	0.391646	0.202038	0.166624	2.14175	1.117965
23430	-1007.802	-1220.633	212.8305	1.757404	0.117418	0.298049	0.398098	0.186434	2.077129	1.363242
23436	-1019.57	-1232.015	212.4455	2.261285	0.0603798	0.782298	0.0888821	0.0684399	2.084928	1.362501
23442	-1014.293	-1226.954	212.6607	1.436955	0.311191	0.000129088	0.193139	0.49554	2.028267	1.724551
23448	-1025.624	-1238.438	212.8138	1.68229	0.545364	0.00255423	0.126786	0.325296	2.279006	1.262772
23454	-1025.585	-1237.282	211.6975	1.834179	0.345635	0.00325618	0.236415	0.414694	2.375158	1.922012
23460	-1013.547	-1226.435	212.8886	1.544051	0.0881114	0.50594	0.0495864	0.356362	2.201053	1.358654
23466	-1009.158	-1222.064	212.9064	1.76977	0.368138	0.217366	0.195986	0.218511	1.997111	1.358654
23472	-1013.454	-1225.487	212.0328	3.559007	0.271475	0.412679	0.196676	0.11917	2.034873	1.079308
23478	-1019.762	-1231.371	211.609	3.682017	0.353561	0.298973	0.216366	0.1311	2.011844	1.399944
23484	-1025.662	-1239.166	213.5043	1.399902	0.29388	0.194712	0.210308	0.301099	2.066698	1.053501
23490	-1025.967	-1239.545	213.5782	1.320517	0.14377	0.334162	0.177573	0.344495	2.208899	0.905292
23496	-1025.292	-1239.341	214.0493	0.9279344	0.136941	0.318288	0.169137	0.375634	2.004744	1.021693
23502	-1063.024	-1274.871	211.8473	1.359753	0.40145	0.231933	0.0232469	0.34337	3.48732	0.125384
23508	-1052.271	-1263.648	211.377	1.776516	0.288128	0.448744	0.0166847	0.246443	3.565507	0.1190314
23514	-1030.338	-1243.375	213.0372	1.220994	0.301351	0.179207	0.138265	0.381177	2.039572	1.587124
23520	-1032.898	-1246.297	213.3998	1.407054	0.19335	0.150824	0.291892	0.363934	1.80076	1.36509
23526	-1023.16	-1236.707	213.5473	1.407054	0.357894	0.0536646	0.49079	0.097651	1.784179	1.259242
23532	-1017.85	-1231.99	214.1402	0.6399572	0.310991	0.0681879	0.426471	0.19435	1.949224	1.259242
23538	-1012.754	-1226.277	213.5235	1.199469	0.194299	0.297765	0.38651	0.121425	1.997953	1.259242
23544	-1007.049	-1220.733	213.6841	0.9418467	0.185976	0.444033	0.129839	0.240152	1.941907	1.378404
23550	-1008.133	-1221.791	213.6574	1.027641	0.238764	0.331692	0.250151	0.179393	1.896377	1.367441
23556	-1011.793	-1225.263	213.4703	1.069428	0.155596	0.498156	0.0880206	0.258228	2.042293	1.367441
23562	-1005.801	-1219.936	214.1346	0.7536924	0.174456	0.270371	0.354865	0.200308	1.94263	1.167188
23568	-1011.623	-1225.712	214.0892	0.7082686	0.19864	0.099958	0.523101	0.1783	2.036122	1.167188
23574	-1015.548	-1228.964	213.4159	1.583566	0.316835	0.0335503	0.366341	0.283274	2.230565	0.7965396
23580	-1023.422	-1235.689	212.2663	3.277978	0.288563	0.0145119	0.333652	0.363272	2.118844	0.9165256
23586	-999.5231	-1213.375	213.8518	1.090942	0.387871	0.0227622	0.296409	0.292958	2.121693	0.9379522
23592	-1007.485	-1220.383	212.8977	2.177404	0.290687	0.017059	0.573629	0.118625	2.168087	0.9379522
23598	-996.0689	-1210.436	214.3667	0.6668317	0.218403	0.186811	0.485258	0.109528	2.145174	0.8182442
23604	-992.8777	-1206.971	214.0935	0.7708656	0.137437	0.212247	0.587732	0.0625844	2.356145	0.7524003
23610	-1030.382	-1240.879	210.4968	1.031528	0.231668	0.159406	0.564056	0.0448691	1.499293	3.632904
23616	-1019.122	-1231.763	212.6407	0.9315797	0.0628605	0.355642	0.387857	0.193641	1.58009	2.353749
23622	-1016.305	-1230.487	214.1812	0.5419635	0.28439	0.0979756	0.513875	0.103759	2.593792	0.5806967
23628	-1026.874	-1241.189	214.3152	0.5419635	0.344579	0.118711	0.410991	0.125719	2.458633	0.5847183
23634	-1008.12	-1221.622	213.5021	0.8710114	0.214759	0.432795	0.210482	0.141964	1.891159	1.608113
23640	-1000.649	-1213.924	213.2754	1.074737	0.274904	0.302831	0.152005	0.27026	1.897649	1.619003
23646	-1005.368	-1218.738	213.3703	0.8416022	0.185583	0.138517	0.535516	0.140385	1.860043	1.745935
23652	-1004.865	-1217.93	213.0651	0.8481215	0.196363	0.0884765	0.566622	0.148539	1.829376	1.971151
23658	-1009.846	-1222.412	212.5659	1.412666	0.389635	0.050849	0.460801	0.0987153	1.784927	1.971151
23664	-1017.281	-1228.799	211.5179	1.216324	0.355577	0.10747	0.420522	0.116432	1.570197	2.88197
23670	-1007.325	-1220.475	213.1503	1.160744	0.260027	0.209959	0.242458	0.287556	1.915422	1.636487
23676	-1013.433	-1226.63	213.1974	1.061125	0.24232	0.0874737	0.523678	0.146528	1.964858	1.636487
23682	-1015.506	-1228.926	213.4203	0.7962507	0.199598	0.06214	0.617567	0.120694	1.712374	1.846445
23688	-999.0306	-1212.375	213.3439	1.152752	0.0296156	0.283746	0.267094	0.419544	2.207933	1.270785
23694	-1006.862	-1220.498	213.6357	1.167538	0.0397513	0.501294	0.289034	0.16992	2.168711	1.034644
23700	-1003.176	-1217.183	214.0073	0.9233152	0.0300867	0.407205	0.412738	0.14997	2.129419	0.942323
23706	-1006.377	-1218.853	212.476	2.506289	0.144247	0.489549	0.0991314	0.267072	2.243692	1.057293
23712	-1013.78	-1226.463	212.6834	2.19634	0.234232	0.12131	0.232254	0.412204	2.615162	0.4847869
23718	-998.0013	-1211.295	213.2941	1.304489	0.192313	0.258198	0.257437	0.292052	2.687425	0.3757239
23724	-1017.044	-1230.353	213.3093	0.8072069	0.0886987	0.26256	0.210466	0.438275	3.040192	0.2688587
23730	-1027.048	-1240.026	212.9782	1.07859	0.210522	0.225508	0.151312	0.412658	3.040192	0.2400009
23736	-1016.972	-1229.539	212.5677	1.12988	0.262884	0.225097	0.253875	0.258145	3.288608	0.1967157
23742	-1023.297	-1235.985	212.6879	0.9960722	0.307817	0.223418	0.2459	0.222865	3.288608	0.193135
23748	-1013.106	-1225.992	212.8859	0.7703324	0.185968	0.174934	0.464596	0.174502	3.323012	0.193135
23754	-1019.025	-1232.176	213.151	0.7703324	0.168031	0.364073	0.230145	0.23775	3.16689	0.2334906
23760	-1019.203	-1232.351	213.1476	0.7763698	0.248498	0.291546	0.150237	0.309719	3.16689	0.234771
23766	-1016.244	-1229.518	213.2743	0.6468527	0.14983	0.290715	0.182737	0.376718	3.16689	0.2302953
23772	-1016.464	-1229.812	213.3482	0.5636221	0.194526	0.128452	0.237249	0.439773	3.142006	0.214935
23778	-1022.133	-1235.311	213.1777	0.6182889	0.178359	0.303813	0.369503	0.148324	3.229906	0.2057079
23784	-1015.199	-1228.164	212.965	0.8519517	0.263724	0.166369	0.321821	0.248086	3.245078	0.2239924
23790	-1026.138	-1239.48	213.3427	0.8008395	0.212427	0.181592	0.351269	0.254712	2.985107	0.2533385
23796	-1015.26	-1228.316	213.056	0.9576761	0.211295	0.184972	0.349397	0.254337	3.130701	0.2644096
23802	-1002.014	-1215.283	213.2688	0.8285596	0.25959	0.197421	0.372912	0.170077	3.062669	0.2713813
23808	-1011.746	-1224.526	212.7797	1.396126	0.283076	0.0495678	0.356015	0.311341	2.999793	0.2698046
23814	-1025.06	-1238.199	213.139	0.9642473	0.311801	0.176119	0.273072	0.239007	2.950739	0.2218535
23820	-1009.85	-1221.973	212.1229	1.424276	0.348424	0.269649	0.231704	0.150223	3.459251	0.1958374
23826	-1006.186	-1218.017	211.8306	2.041295	0.384358	0.297459	0.255601	0.0625816	3.252459	0.1958374
23832	-1020.923	-1232.519	211.5965	2.166148	0.357061	0.397962	0.00776018	0.237216	3.300762	0.1688168
23838	-1041.511	-1253.349	211.8388	1.935949	0.322695	0.575073	0.00701328	0.0952187	3.275184	0.1811872
23844	-1036.803	-1249.549	212.7461	1.413711	0.0394826	0.595492	0.0284044	0.336621	1.856949	1.798861
23850	-1029.712	-1239.768	210.056	5.37155	0.358084	0.277576	0.0787314	0.285608	3.190939	0.186774
23856	-1026.375	-1237.795	211.4196	3.354304	0.180002	0.391731	0.11479	0.313477	2.907478	0.2276234
23862	-1020.742	-1232.952	212.2099	2.101718	0.207953	0.0561899	0.45722	0.278637	2.9348	0.235998
23868	-1020.454	-1232.906	212.4518	2.011187	0.334277	0.0422862	0.423341	0.200096	2.818644	0.2654556
23874	-1021.993	-1235.453	213.4596	0.9323358	0.298778	0.020039	0.624654	0.056529	2.834394	0.3217374
23880	-1012.171	-1224.139	211.9673	2.932535	0.536094	0.108103	0.254827	0.100976	2.763296	0.3217374
23886	-1010.99	-1222.078	211.0884	4.84306	0.413906	0.191655	0.060505	0.333934	2.700512	0.3686786
23892	-1015.614	-1227.285	211.6718	3.757683	0.503042	0.180416	0.00218995	0.314352	2.64792	0.3844644
23898	-1020.639	-1232.99	212.3508	2.756407	0.0984612	0.47749	0.00113391	0.422915	2.570533	0.5354016
23904	-1011.796	-1223.919	212.1234	3.430979	0.31112	0.481192	0.00300237	0.204686	2.401383	0.4704247
23910	-1018.635	-1228.755	210.1208	7.49148	0.32611	0.26167	0.11731	0.294911	2.704588	0.4704247
23916	-1006.98	-1218.654	211.6736	4.108332	0.369276	0.0865556	0.0764236	0.467745	2.499369	0.5199375
23922	-1018.801	-1232.022	213.2209	1.492616	0.419217	0.115568	0.221212	0.244003	2.630428	0.4925087
23928	-1008.958	-1222.76	213.8023	0.8786554	0.248319	0.476114	0.131033	0.144533	2.630428	0.5184253
23934	-1008.858	-1222.852	213.9936	0.6780771	0.411278	0.197199	0.382791	0.00873191	2.630428	0.4067643
23940	-1000.882	-1214.958	214.0757	0.455506	0.393111	0.177812	0.340253	0.0888229	2.784604	0.4261869
23946	-1019.073	-1232.739	213.6659	0.9969961	0.395202	0.165588	0.343291	0.0959192	2.621425	0.3949687
23952	-1005.642	-1218.76	213.1189	1.563059	0.464811	0.20546	0.0555173	0.274211	2.650319	0.4023622
23958	-1015.796	-1228.521	212.7252	2.035808	0.280847	0.219246	0.136152	0.363755	2.668938	0.4023622
23964	-1009.937	-1222.447	212.5102	2.413798	0.390584	0.155976	0.189352	0.264088	2.615423	0.4023622
23970	-1006.303	-1219.491	213.1875	1.414088	0.384379	0.18652	0.242365	0.186737	2.694137	0.3737971
23976	-1019.771	-1233.238	213.4663	0.8308628	0.475529	0.124148	0.299838	0.100485	2.892554	0.290449
23982	-1010.65	-1224.334	213.6835	0.725445	0.222569	0.0908401	0.596151	0.0904392	2.823006	0.3191411
23988	-1009.864	-1223.972	214.1079	0.4253714	0.0767533	0.429578	0.398874	0.0947946	2.786095	0.446265
23994	-1019.877	-1233.884	214.0072	0.844635	0.1324	0.214552	0.527649	0.125399	2.461203	0.4907398
24000	-1024.983	-1237.898	212.915	2.014031	0.245219	0.210222	0.486923	0.0576356	2.461157	0.6869557
24006	-1018.695	-1232.513	213.8176	0.8867871	0.235019	0.242517	0.466669	0.0557946	2.461157	0.8211928
24012	-1024.887	-1239.039	214.1518	0.5663551	0.145593	0.33156	0.429043	0.0938044	2.46351	0.8211928
24018	-1016.276	-1229.963	213.687	1.181737	0.157691	0.35911	0.283988	0.199211	2.30751	0.8111518
24024	-1003.649	-1217.605	213.956	0.854075	0.250857	0.325469	0.212569	0.211105	2.160699	1.034645
24030	-1015.041	-1228.644	213.6033	1.089456	0.311288	0.201905	0.225525	0.261282	2.02011	1.262158
24036	-1033.033	-1246.96	213.9274	0.6401962	0.183069	0.0883551	0.394219	0.334356	2.02011	1.37354
24042	-1032.918	-1246.299	213.3808	0.9681424	0.219174	0.26234	0.278517	0.23997	1.980074	1.55932
24048	-1002.257	-1215.194	212.9368	0.8170506	0.101443	0.236168	0.53105	0.131338	2.016086	1.953677
24054	-1005.525	-1218.934	213.409	0.6700949	0.209983	0.0343797	0.703344	0.0522932	2.0308	1.725668
24060	-1012.564	-1226.411	213.8468	0.6327725	0.123531	0.239408	0.551023	0.086039	1.696436	1.680441
24066	-1013.521	-1226.226	212.705	0.8419218	0.288266	0.231614	0.396881	0.0832382	1.799902	2.2311
24072	-1016.722	-1229.882	213.1601	1.107006	0.221621	0.197993	0.479765	0.100622	1.849002	1.713701
24078	-1005.235	-1217.866	212.6308	0.9648812	0.22556	0.201512	0.488293	0.0846351	1.849002	2.165777
24084	-1015.711	-1228.227	212.516	0.9341308	0.0562294	0.460142	0.403479	0.0801496	1.711797	2.347649
24090	-1030.818	-1242.922	212.1036	0.5106756	0.0190946	0.517827	0.392678	0.0704003	1.598561	2.94474
24096	-1027.981	-1239.261	211.2801	1.1243	0.0311586	0.387112	0.58036	0.00136917	1.798837	2.940323
24102	-1010.16	-1223.462	213.3022	0.5749996	0.193887	0.32438	0.476334	0.00539917	1.879092	1.971624
24108	-1019.03	-1232.782	213.7514	0.5103855	0.200916	0.336142	0.457347	0.00559493	1.809901	1.757197
24114	-1017.735	-1228.386	210.6511	5.963727	0.244399	0.13458	0.531288	0.0897338	1.86335	1.464806
24120	-1015.305	-1225.693	210.388	6.305162	0.344261	0.160659	0.285347	0.209734	2.073589	1.406542
24126	-1010.806	-1224.64	213.8344	0.9202255	0.18985	0.111516	0.515703	0.182931	2.122191	1.120527
24132	-1013.617	-1226.988	213.3711	0.5253163	0.393571	0.0453531	0.515877	0.0451995	2.196563	1.742135
24138	-1017.834	-1230.91	213.0766	0.640138	0.294239	0.134929	0.498342	0.072491	1.816524	2.117054
24144	-1026.467	-1238.458	211.9904	1.857075	0.274865	0.107259	0.323655	0.294221	1.913792	2.022871
24150	-1028.706	-1240.877	212.1706	1.326583	0.244277	0.396227	0.120953	0.238544	1.756971	2.298098
24156	-1006.771	-1219.659	212.8875	1.306912	0.214559	0.348023	0.184225	0.253193	1.880948	1.75058
24162	-1033.894	-1247.702	213.8077	0.884485	0.280137	0.25216	0.175025	0.292678	2.215397	1.093347
24168	-1036.593	-1250.298	213.7048	0.884485	0.348885	0.278539	0.0732531	0.299323	2.174026	1.220435
24174	-1041.174	-1254.684	213.5106	0.9444595	0.40005	0.0699185	0.468951	0.0610808	2.335016	1.196513
24180	-1018.741	-1232.581	213.8404	0.8007064	0.362883	0.189335	0.425383	0.0224002	2.393406	0.9734797
24186	-1016.957	-1230.498	213.5419	1.057295	0.224329	0.426172	0.306084	0.0434154	2.43067	0.9734797
24192	-1023.104	-1237.054	213.95	0.7201024	0.438937	0.257917	0.236612	0.0665337	2.248134	1.090514
24198	-1012.721	-1225.964	213.2435	1.06008	0.249116	0.178101	0.47595	0.0968329	2.356531	1.304883
24204	-1021.699	-1235.162	213.4631	1.148649	0.280737	0.265774	0.403265	0.0502232	2.341332	1.051953
24210	-1026.151	-1239.218	213.0677	1.014056	0.110826	0.229529	0.641598	0.0180461	2.293097	1.525337
24216	-1019.015	-1232.107	213.092	0.987493	0.227821	0.244575	0.459058	0.0685455	2.19454	1.599437
24222	-1019.701	-1232.526	212.8251	1.386303	0.391043	0.0462622	0.51089	0.0518054	2.311692	1.429074
24228	-1016.999	-1231.215	214.2162	0.6925967	0.349484	0.179846	0.447541	0.0231297	2.374808	0.6497514
24234	-1018.548	-1232.408	213.8597	1.022595	0.348524	0.179352	0.414404	0.0577204	2.295232	0.8035638
24240	-1015.998	-1229.884	213.8861	0.9831873	0.266218	0.351413	0.342197	0.0401721	2.169779	0.9635501
24246	-1015.956	-1229.885	213.9289	0.9273181	0.31516	0.166742	0.212578	0.305521	2.183546	0.9635501
24252	-1024.99	-1239.21	214.2199	0.8095381	0.480671	0.142686	0.1152	0.261443	2.107705	0.85987
24258	-1026.979	-1239.277	212.2982	3.031797	0.474914	0.140977	0.0973383	0.286771	2.098063	1.050932
24264	-1034.746	-1247.917	213.1715	1.752682	0.247082	0.153647	0.432834	0.166437	2.305628	0.8356956
24270	-1039.52	-1253.345	213.8247	1.047738	0.0539536	0.626642	0.255161	0.0642435	2.426752	0.5786868
24276	-1043.983	-1257.676	213.6934	1.088716	0.126454	0.258478	0.537099	0.0779687	2.443186	0.736805
24282	-1030.428	-1242.848	212.4208	3.130246	0.140916	0.288038	0.484161	0.0868855	2.12136	0.8324417
24288	-1020.358	-1233.854	213.4967	1.391254	0.252867	0.518384	0.165936	0.0628127	2.279112	0.8441636
24294	-1004.862	-1218.998	214.1359	0.7336805	0.112627	0.360003	0.407771	0.119599	2.014516	1.12095
24300	-1015.293	-1228.946	213.6528	0.9534817	0.0459931	0.500905	0.235687	0.217414	1.940507	1.39471
24306	-1028.028	-1241.833	213.8045	0.6309318	0.0993877	0.601688	0.239384	0.0595397	2.125755	1.39471
24312	-1025.151	-1237.973	212.8212	2.173473	0.0407494	0.557365	0.22175	0.180135	2.309638	0.868195
24318	-1013.773	-1227.945	214.1722	0.7496811	0.0325657	0.44543	0.378045	0.143959	2.119472	0.9691357
24324	-1004.336	-1218.399	214.0633	0.7094996	0.271582	0.196929	0.384914	0.146575	2.203302	1.036542
24330	-1016.088	-1230.493	214.4047	0.4542955	0.2613	0.311069	0.389058	0.0385729	2.241052	0.9173364
24336	-1030.396	-1244.656	214.2602	0.612587	0.348113	0.11264	0.518318	0.0209289	2.213591	0.9299047
24342	-1027.17	-1240.894	213.7243	0.9810081	0.215273	0.104794	0.529066	0.150867	2.466029	0.8115606
24348	-1026.964	-1239.253	212.2887	2.59626	0.445874	0.220776	0.0953713	0.237979	2.249741	1.168192
24354	-1023.158	-1235.628	212.4693	2.085463	0.148697	0.419153	0.258498	0.173652	2.065178	1.457366
24360	-1027.191	-1240.387	213.1965	1.514327	0.314925	0.375299	0.0925822	0.217194	2.393166	0.93395
24366	-1020.018	-1232.858	212.8395	1.503802	0.379449	0.121989	0.349992	0.14857	2.084841	1.512046
24372	-1016.791	-1228.958	212.1669	2.280725	0.329042	0.106795	0.303499	0.260664	2.10612	1.548285
24378	-1026.298	-1239.093	212.7954	1.866679	0.255578	0.363632	0.169783	0.211007	1.978261	1.400631
24384	-1029.148	-1241.739	212.5906	2.16855	0.201239	0.397576	0.33627	0.0649157	1.957194	1.400631
24390	-1016.834	-1230.748	213.9138	0.9506947	0.259434	0.157024	0.394784	0.188758	2.041446	1.09354
24396	-1015.627	-1229.693	214.0665	0.7752716	0.16562	0.278467	0.494227	0.0616859	2.142546	1.025005
24402	-1017.357	-1231.3	213.943	0.8040916	0.260584	0.475922	0.224613	0.0388811	2.18935	1.069371
24408	-1020.699	-1234.691	213.992	0.9639896	0.105259	0.273912	0.504262	0.116567	2.147552	0.8938412
24414	-1034.058	-1247.92	213.8621	0.9639896	0.332577	0.137747	0.420087	0.10959	2.143179	1.03365
24420	-1023.883	-1237.304	213.4215	1.567328	0.300288	0.122554	0.373754	0.203404	2.09711	0.9613451
24426	-1031.493	-1245.112	213.6187	1.31597	0.120443	0.0565803	0.710641	0.112336	2.103746	0.9786448
24432	-1035.385	-1249.503	214.1174	0.6217098	0.246429	0.122767	0.543131	0.0876736	2.068683	1.19389
24438	-1037.257	-1251.46	214.2034	0.6762275	0.177099	0.232668	0.543323	0.0469101	1.947849	1.174168
24444	-1030.427	-1244.457	214.0295	0.9067024	0.0835932	0.258922	0.466951	0.190534	1.880425	1.174168
24450	-1016.935	-1230.006	213.0705	1.966756	0.130714	0.169115	0.57144	0.128731	2.157187	0.9309829
24456	-1022.96	-1237.283	214.323	0.6770967	0.0317195	0.364388	0.399452	0.20444	2.137774	0.8677456
24462	-1016.855	-1230.92	214.0643	0.8214991	0.0363293	0.417345	0.512489	0.0338368	2.352328	0.7212231
24468	-1003.755	-1217.559	213.804	1.086056	0.136517	0.233831	0.54214	0.0875111	2.383235	0.6504013
24474	-1011.505	-1225.662	214.1576	0.764578	0.236978	0.0921444	0.36679	0.304088	2.357014	0.6504013
24480	-1028.927	-1242.641	213.7136	1.207789	0.278253	0.0104864	0.592783	0.118477	2.357014	0.6504013
24486	-1032.149	-1246.018	213.8689	1.062153	0.26391	0.0099459	0.562228	0.163916	2.063983	1.00869
24492	-1015.303	-1229.053	213.75	1.062153	0.419238	0.0807289	0.27625	0.223784	2.307078	0.8762369
24498	-1024.9	-1238.451	213.5505	1.000572	0.443264	0.0249127	0.393554	0.13827	2.109455	1.304087
24504	-1027.25	-1240.525	213.2746	1.222431	0.34014	0.251765	0.301994	0.106102	2.109455	1.353079
24510	-1006.661	-1219.727	213.0663	1.130143	0.340834	0.177075	0.356751	0.12534	2.335584	1.40784
24516	-1025.035	-1238.601	213.5658	0.9053055	0.250931	0.289173	0.328728	0.131167	1.924131	1.510968
24522	-1018.684	-1231.125	212.4407	0.992931	0.0569778	0.407477	0.393154	0.142391	2.072059	2.125854
24528	-1029.16	-1241.113	211.9524	0.806875	0.316051	0.379264	0.266547	0.0381381	2.039476	2.578184
24534	-1041.712	-1254.29	212.5777	0.7194058	0.197667	0.214664	0.492263	0.0954059	1.723006	2.442898
24540	-1026.01	-1238.759	212.749	0.8993283	0.189678	0.339	0.167971	0.30335	1.958565	2.060292
24546	-1030.147	-1243.003	212.8553	0.5584355	0.277613	0.375228	0.156029	0.19113	2.013733	2.18855
24552	-1030.904	-1244.298	213.3933	0.9412145	0.12526	0.439869	0.333101	0.10177	2.116398	1.468542
24558	-1032.93	-1246.851	213.9208	0.9412145	0.390621	0.197363	0.358848	0.0531672	2.312999	0.8073433
24564	-1021.03	-1234.79	213.7601	1.133498	0.216156	0.416408	0.141589	0.225847	2.267009	0.8285538
24570	-1024.848	-1238.121	213.2733	1.468178	0.150811	0.133959	0.569248	0.145982	2.318439	0.9737555
24576	-1044.567	-1257.753	213.1856	1.769567	0.237228	0.0440965	0.571991	0.146685	2.154841	0.9737555
24582	-1041.992	-1253.802	211.8106	1.359943	0.403163	0.0297381	0.394689	0.172409	1.581908	2.615214
24588	-1041.69	-1254.738	213.048	0.5950703	0.351635	0.177596	0.395668	0.0751009	1.868894	2.132584
24594	-1039.022	-1251.788	212.7658	0.8468117	0.224259	0.195827	0.487402	0.0925126	1.987856	2.065651
24600	-1036.212	-1250.087	213.8748	0.8014834	0.294964	0.105677	0.574217	0.0251421	2.329098	1.002866
24606	-1021.632	-1235.593	213.9603	0.8024731	0.245518	0.056253	0.64231	0.0559188	2.228112	1.017224
24612	-1027.266	-1240.878	213.6119	0.8024731	0.268327	0.0150035	0.659274	0.0573956	2.243385	1.310367
24618	-1020.692	-1233.564	212.8723	1.413884	0.457384	0.00162997	0.151796	0.38919	1.805039	1.747008
24624	-1014.932	-1228.17	213.2385	1.16038	0.525129	0.00153998	0.25152	0.221812	2.065398	1.46076
24630	-1030.848	-1244.076	213.228	1.233669	0.60955	0.00114688	0.206546	0.182757	2.06577	1.415473
24636	-1029.872	-1241.963	212.0918	1.768995	0.283255	0.202983	0.403741	0.110021	1.988952	1.951387
24642	-1029.324	-1240.261	210.9371	1.734669	0.295016	0.0448329	0.462994	0.197158	1.815535	2.811872
24648	-1017.206	-1228.427	211.2212	1.734669	0.221701	0.0477285	0.492897	0.237673	1.726641	2.692589
24654	-1008.004	-1218.98	210.9767	2.629083	0.474356	0.0767225	0.033583	0.415339	1.63459	2.501965
24660	-1035.466	-1249.592	214.1264	0.3918352	0.170395	0.365794	0.453942	0.00986896	2.764888	0.3750063
24666	-1037.195	-1251.401	214.2061	0.4424232	0.142175	0.260804	0.575373	0.0216477	2.627492	0.3566992
24672	-1027.179	-1240.947	213.7684	0.665662	0.143996	0.229023	0.51951	0.10747	2.810278	0.327276
24678	-1003.466	-1217.267	213.8006	0.665662	0.2847	0.318996	0.302877	0.0934265	2.77813	0.327276
24684	-1016.799	-1230.87	214.0708	0.3939392	0.194429	0.21303	0.485338	0.107202	2.77813	0.327276
24690	-1024.033	-1238.171	214.1374	0.4038786	0.249863	0.198371	0.45194	0.0998254	2.749033	0.3830912
24696	-1026.189	-1239.928	213.7389	0.6293637	0.181445	0.344502	0.322614	0.151439	2.880387	0.3293399
24702	-1017.733	-1231.656	213.9232	0.527693	0.124189	0.328229	0.443931	0.103652	2.835342	0.3676097
24708	-996.8907	-1210.342	213.4516	0.5991172	0.150301	0.457737	0.317768	0.0741946	3.086258	0.2518693
24714	-1023.126	-1236.555	213.4291	0.6205076	0.104565	0.382073	0.461744	0.0516175	3.086258	0.2518693
24720	-1022.264	-1235.855	213.5911	0.6222284	0.0488648	0.419326	0.478337	0.0534724	3.010839	0.3075428
24726	-1027.764	-1241.412	213.6488	0.4908624	0.0843993	0.409548	0.467183	0.03887	3.033738	0.2702528
24732	-1023.56	-1237.275	213.7151	0.4908624	0.110034	0.409754	0.439681	0.0405316	2.964386	0.2685087
24738	-1026.93	-1240.466	213.5361	0.870421	0.0877327	0.382361	0.36875	0.161156	2.842167	0.3421859
24744	-1018.23	-1231.928	213.6976	0.9455939	0.194955	0.321619	0.32707	0.156355	2.353936	1.006537
24750	-1017.813	-1231.62	213.8074	1.026513	0.354073	0.180153	0.181805	0.283969	2.146727	1.022484
24756	-1029.322	-1242.282	212.9598	1.316014	0.330359	0.124416	0.190775	0.354451	2.041577	1.578057
24762	-1034.842	-1247.212	212.3693	1.722487	0.280144	0.110051	0.189723	0.420082	1.81045	1.909775
24768	-1034.676	-1247.526	212.8498	1.930519	0.129984	0.243881	0.289198	0.336937	2.093914	1.223238
24774	-1017.686	-1230.439	212.7536	1.42592	0.36841	0.245887	0.14613	0.239574	2.958965	0.2480268
24780	-1011.806	-1224.791	212.9847	1.20794	0.478378	0.201856	0.242229	0.0775366	2.958965	0.2651819
24786	-1012.138	-1226.003	213.8649	0.6129694	0.403737	0.131851	0.337484	0.126928	2.828354	0.4076902
24792	-1013.725	-1227.96	214.235	0.4636528	0.42716	0.245822	0.203676	0.123343	2.624601	0.4512512
24798	-1007.467	-1221.314	213.8474	0.9238263	0.357989	0.206015	0.332626	0.10337	2.532454	0.5625571
24804	-1003.619	-1217.278	213.6596	1.165549	0.211227	0.217456	0.526011	0.0453063	2.481315	0.5639021
24810	-1020.079	-1233.278	213.1984	1.371471	0.217181	0.299363	0.199642	0.283814	2.75425	0.4498986
24816	-1024.528	-1238.266	213.7387	1.008733	0.298497	0.301848	0.276216	0.123438	2.548008	0.5907188
24822	-1016.475	-1229.635	213.1596	1.512167	0.256692	0.467141	0.167779	0.108388	2.663106	0.4268595
24828	-998.5326	-1212.534	214.0014	0.7883031	0.0421964	0.638893	0.257805	0.0611053	2.524646	0.4736497
24834	-991.163	-1205.188	214.0252	0.6352629	0.26785	0.385168	0.264971	0.0820111	2.620575	0.3666788
24840	-1003.97	-1218.089	214.1184	0.6349143	0.296083	0.236018	0.380363	0.0875353	2.569621	0.4726764
24846	-1003.163	-1217.005	213.8417	0.8719873	0.0859337	0.217497	0.600313	0.0962563	2.598412	0.4918358
24852	-998.8955	-1212.637	213.7414	0.9707367	0.36775	0.162437	0.259497	0.210316	2.596392	0.4716532
24858	-1012.119	-1225.088	212.9689	1.810522	0.163465	0.369458	0.328038	0.139038	2.618598	0.4748245
24864	-1010.149	-1224.088	213.9394	1.035818	0.296169	0.448425	0.156947	0.0984586	2.330199	0.550768
24870	-1007.501	-1221.099	213.5978	1.331664	0.162022	0.40781	0.340628	0.0895409	2.372784	0.6161384
24876	-1002.73	-1217.076	214.346	0.5743108	0.164407	0.269482	0.527484	0.0386265	2.372784	0.6431087
24882	-1020.426	-1234.923	214.4967	0.4966358	0.233806	0.141407	0.580952	0.0438347	2.286054	0.6748326
24888	-1023.771	-1238.179	214.408	0.5266691	0.147457	0.123419	0.691128	0.0379956	2.344514	0.6748326
24894	-1014.683	-1228.582	213.8987	0.6810406	0.234541	0.138558	0.463291	0.16361	2.291611	1.135236
24900	-1012.193	-1225.65	213.4573	1.050398	0.27775	0.156972	0.417751	0.147527	2.326025	1.158515
24906	-1004.458	-1217.698	213.2401	1.090919	0.279025	0.20284	0.298693	0.219442	1.901978	1.630012
24912	-1013.227	-1226.638	213.411	0.9921339	0.475582	0.00834507	0.385559	0.130515	1.884841	1.589275
24918	-1006.728	-1220.094	213.3656	0.9017467	0.483102	0.00289466	0.381425	0.132578	1.73103	1.795811
24924	-1015.066	-1228.893	213.8267	0.8379728	0.410391	0.0693457	0.407638	0.112624	1.960427	1.335376
24930	-1019.178	-1233.222	214.0439	0.5980698	0.287095	0.0801433	0.528823	0.103938	1.894687	1.415121
24936	-1022.739	-1236.93	214.1912	0.6407473	0.155257	0.553144	0.272081	0.0195187	1.890715	1.264826
24942	-1019.912	-1234.018	214.1064	0.5943563	0.384347	0.19492	0.414184	0.00654948	1.915338	1.353068
24948	-1019.491	-1233.821	214.3306	0.5485914	0.150489	0.225895	0.571427	0.0521896	2.140282	1.002196
24954	-1009.155	-1223.314	214.159	0.7234428	0.147076	0.309626	0.501143	0.0421544	2.322139	0.7791252
24960	-1012.45	-1226.728	214.2772	0.6273666	0.254908	0.29182	0.380211	0.0730608	2.359503	0.6953836
24966	-1022.425	-1236.385	213.96	0.6899118	0.254908	0.29182	0.380211	0.0730608	2.668616	0.4637626
24972	-1012.811	-1226.672	213.8609	0.6899118	0.309413	0.177471	0.472844	0.0402719	2.739479	0.3856987
24978	-1026.262	-1240.202	213.9395	0.631836	0.336681	0.104984	0.514514	0.043821	2.739479	0.4212112
24984	-1022.521	-1235.679	213.1584	1.420824	0.164375	0.0829261	0.658996	0.0937025	2.739479	0.415087
24990	-1029.679	-1243.598	213.9183	0.5790729	0.112719	0.376062	0.451903	0.0593149	2.8109	0.4085725
24996	-1037.259	-1251.322	214.0636	0.6132285	0.106091	0.35395	0.290411	0.249548	2.646884	0.4694005
25002	-1031.08	-1245.201	214.1204	0.7647783	0.157201	0.361377	0.372362	0.10906	2.384573	0.6698538
25008	-1018.305	-1232.246	213.9414	0.9152202	0.174193	0.378392	0.343321	0.104094	2.434772	0.6058788
25014	-1008.143	-1222.264	214.121	0.7573879	0.15259	0.338321	0.390647	0.118443	2.361434	0.7236144
25020	-1015.034	-1228.883	213.849	0.9185725	0.172199	0.434856	0.121604	0.271341	2.494161	0.673677
25026	-1010.026	-1223.483	213.4565	1.227439	0.221849	0.503594	0.0545135	0.220043	2.560224	0.7165811
25032	-1028.904	-1242.921	214.0163	0.7590908	0.290948	0.473212	0.1228	0.11304	2.523719	0.6015725
25038	-1015.502	-1229.588	214.0861	0.7352249	0.0520322	0.471615	0.212287	0.264065	2.479009	0.6017696
25044	-1007.842	-1221.503	213.661	1.11623	0.0539362	0.59928	0.073056	0.273728	2.383374	0.8277433
25050	-994.8049	-1207.734	212.9291	1.635661	0.0504026	0.625533	0.0682698	0.255795	1.972918	1.444695
25056	-1011.657	-1221.377	209.7201	9.007844	0.179291	0.0444058	0.242848	0.533455	1.810481	1.446787
25062	-1037.892	-1249.991	212.0986	3.354372	0.198592	0.0870673	0.0744746	0.639866	2.405952	0.701919
25068	-1015.488	-1227.68	212.1924	3.106684	0.575885	0.0576198	0.0791093	0.287386	2.144808	1.064958
25074	-1007.574	-1219.116	211.542	4.084378	0.472944	0.00596532	0.124695	0.396395	2.143641	1.178804
25080	-1015.894	-1227.699	211.8052	3.595495	0.467988	0.00570192	0.10099	0.425321	2.172077	1.143652
25086	-1015.229	-1226.728	211.4986	4.185585	0.485721	0.00591798	0.066924	0.441437	2.177366	1.143652
25092	-1027.172	-1237.658	210.4861	6.902874	0.288714	0.00351766	0.45213	0.255639	2.08001	1.143652
25098	-1024.135	-1236.258	212.1233	3.108773	0.495817	0.0176514	0.101148	0.385384	1.987443	1.262724
25104	-1014.336	-1227.21	212.8743	1.787097	0.403471	0.215126	0.127005	0.254398	1.946915	1.412256
25110	-1024.983	-1237.823	212.8397	1.264696	0.475093	0.0283917	0.229762	0.266754	1.81904	1.853338
25116	-1008.555	-1221.552	212.997	1.32739	0.398094	0.188858	0.145971	0.267076	1.853179	1.679711
25122	-1006.982	-1219.894	212.9123	1.396117	0.392948	0.186417	0.191424	0.22921	1.977831	1.606565
25128	-1019.323	-1232.363	213.0394	0.8752587	0.332838	0.166982	0.338393	0.161787	1.712014	2.047671
25134	-1014.125	-1227.634	213.5086	0.8752587	0.172785	0.408221	0.301546	0.117447	2.071557	1.466321
25140	-1002.58	-1216.702	214.1219	0.672588	0.300446	0.235955	0.378274	0.0853258	2.018397	1.186995
25146	-998.3183	-1212.216	213.8976	0.672588	0.169849	0.232837	0.487378	0.109936	1.93889	1.433144
25152	-1007.486	-1220.415	212.9287	2.052359	0.218416	0.229801	0.334887	0.216895	2.025662	1.134309
25158	-1011.886	-1226.022	214.1362	0.6505993	0.107993	0.400835	0.400146	0.0910258	1.803855	1.370702
25164	-1001.476	-1214.992	213.5166	0.7578432	0.360217	0.18789	0.263727	0.188166	2.059219	1.56116
25170	-1012.104	-1225.756	213.6517	1.023857	0.444233	0.061481	0.200891	0.293395	1.98382	1.305118
25176	-1030.559	-1243.454	212.8954	1.880336	0.286018	0.0666844	0.458396	0.188901	1.987993	1.305118
25182	-1017.703	-1231.501	213.7976	0.9061875	0.14872	0.0346738	0.673406	0.1432	1.958602	1.303552
25188	-1029.971	-1243.268	213.2974	1.072391	0.448025	0.132334	0.346053	0.0735881	1.829103	1.654171
25194	-1014.45	-1227.432	212.982	0.8284317	0.2184	0.347605	0.400535	0.0334598	1.818139	2.047569
25200	-1009.53	-1222.878	213.348	0.6770856	0.110959	0.331633	0.544031	0.0133764	1.777355	1.936943
25206	-1012.377	-1226.48	214.1031	0.7044024	0.0996992	0.247194	0.644905	0.00820227	1.999227	1.190694
25212	-1026.074	-1240.339	214.2659	0.7785038	0.139195	0.0850127	0.742162	0.0336304	2.117552	0.8314505
25218	-1013.698	-1227.51	213.8115	0.8126081	0.267025	0.186809	0.481651	0.064515	2.119221	1.239609
25224	-1020.863	-1234.812	213.9497	0.8566171	0.189723	0.150462	0.645326	0.0144886	2.178811	1.020602
25230	-1026.846	-1241.054	214.208	0.5654625	0.189723	0.150462	0.645326	0.0144886	2.381667	0.8541058
25236	-1024.343	-1238.501	214.1578	0.7428054	0.188407	0.23225	0.487405	0.0919385	2.388339	0.630872
25242	-1025.417	-1239.377	213.9596	0.5846834	0.222198	0.273904	0.395471	0.108428	2.127922	1.308443
25248	-1033.312	-1245.445	212.1335	2.814057	0.21869	0.0297047	0.6882	0.0634055	2.152588	1.264843
25254	-1024.183	-1237.977	213.7941	1.090122	0.199182	0.318702	0.10932	0.372796	2.31129	0.780525
25260	-1028.603	-1242.543	213.9395	0.8455338	0.248088	0.39811	0.136162	0.217639	2.412545	0.780525
25266	-1017.81	-1231.786	213.9761	0.8455338	0.142336	0.511813	0.204659	0.141191	2.377628	0.778164
25272	-1016.134	-1229.814	213.6803	1.089628	0.215809	0.143435	0.415544	0.225213	2.394647	0.8217629
25278	-1010.829	-1224.911	214.0818	0.7006317	0.253617	0.39468	0.227865	0.123838	2.265974	0.9647259
25284	-1017.168	-1231.054	213.8863	1.038385	0.286666	0.44611	0.127248	0.139976	2.230373	0.8326251
25290	-1004.497	-1218.143	213.6465	1.142124	0.397088	0.425651	0.0693704	0.107891	2.027467	1.176063
25296	-1028.194	-1241.883	213.6891	1.3167	0.334662	0.494788	0.0451348	0.125416	1.773731	1.217247
25302	-1030.058	-1243.524	213.4662	1.607673	0.263096	0.307242	0.0557677	0.373894	2.088123	0.8853998
25308	-1014.63	-1228.388	213.7584	0.9660322	0.163974	0.379262	0.223735	0.233029	1.934487	1.305583
25314	-1015.42	-1229.635	214.2147	0.6731189	0.20449	0.303762	0.201141	0.290607	2.063648	1.062101
25320	-1016.663	-1231.122	214.4585	0.5564332	0.198006	0.29413	0.226473	0.281391	2.184793	0.7980611
25326	-1025.201	-1238.385	213.1835	1.905114	0.161021	0.239192	0.351367	0.24842	2.169985	0.8403974
25332	-1016.788	-1230.015	213.2276	1.754151	0.21962	0.28979	0.350542	0.140049	2.183493	0.9115986
25338	-1019.693	-1233.812	214.1187	0.6417563	0.253157	0.362166	0.209651	0.175026	2.054732	1.186625
25344	-1020.827	-1234.614	213.7869	1.072333	0.311012	0.267292	0.247141	0.174555	1.942655	1.186625
25350	-1031.772	-1243.569	211.7962	3.790926	0.374343	0.272621	0.0575496	0.295486	2.028919	1.186625
25356	-1028.137	-1241.313	213.176	1.857942	0.110054	0.484501	0.209716	0.195729	1.866654	1.186625
25362	-1032.552	-1246.239	213.6862	0.9098908	0.121708	0.342642	0.424719	0.110931	1.718407	1.57068
25368	-1033.515	-1246.511	212.9959	1.266563	0.314924	0.166548	0.44105	0.0774782	1.913832	1.67697
25374	-1018.469	-1232.529	214.0607	0.7179691	0.328895	0.389163	0.203137	0.078805	1.837526	1.347364
25380	-1007.502	-1221.327	213.825	0.7735886	0.200758	0.305878	0.381835	0.111529	2.047069	1.321352
25386	-1009.512	-1223.429	213.9169	0.6913925	0.216352	0.279271	0.433012	0.0713653	1.912693	1.423076
25392	-1020.426	-1234.298	213.8724	0.93393	0.107276	0.217601	0.338793	0.33633	1.936113	1.237047
25398	-1001.889	-1216.405	214.5158	0.4037481	0.464475	0.279236	0.195159	0.0611307	2.081663	1.014602
25404	-1015.095	-1228.989	213.8942	0.7990403	0.153832	0.314802	0.478736	0.0526308	1.932785	1.336073
25410	-1008.235	-1221.709	213.4735	0.7861084	0.138715	0.244469	0.431691	0.185125	1.717823	1.813388
25416	-1019.366	-1232.78	213.4138	0.6198553	0.378944	0.225528	0.292992	0.102536	1.907989	1.844539
25422	-1023.486	-1236.368	212.8824	0.6739788	0.303109	0.192323	0.405088	0.09948	1.854328	2.195539
25428	-1020.726	-1233.932	213.2057	0.7832542	0.361251	0.137341	0.487174	0.0142332	1.87714	1.889773
25434	-1014.933	-1228.344	213.4103	0.7869412	0.343173	0.0551638	0.584584	0.0170791	2.020445	1.644345
25440	-1015.491	-1229.319	213.8278	0.7396427	0.408304	0.179676	0.394006	0.018014	1.751983	1.572327
25446	-1007.003	-1219.849	212.8459	1.284742	0.325967	0.119796	0.542227	0.0120105	1.776426	1.865616
25452	-1021.619	-1234.739	213.1196	0.9581321	0.306554	0.112661	0.509935	0.0708493	1.737879	1.920159
25458	-1024.215	-1235.355	211.1394	0.4125557	0.138301	0.669918	0.166125	0.0256558	1.302824	3.740878
25464	-1030.854	-1243.278	212.4242	0.3686568	0.381011	0.305087	0.279236	0.0346665	1.394943	2.95186
25470	-1016.425	-1225.601	209.1755	1.875323	0.246858	0.278457	0.254862	0.219823	1.247521	4.110907
25476	-1030.73	-1239.925	209.1945	1.056041	0.346098	0.219173	0.308507	0.126222	1.165597	4.55149
25482	-1021.132	-1234.179	213.0467	0.9640492	0.125525	0.314134	0.319165	0.241176	1.902113	1.853967
25488	-1018.076	-1231.228	213.1523	0.9582636	0.237721	0.228766	0.303884	0.229629	1.954868	1.748381
25494	-1017.256	-1231.197	213.9407	0.876655	0.0911445	0.292244	0.284172	0.332439	2.095266	1.088955
25500	-1013.032	-1226.75	213.7183	0.9574919	0.113215	0.234727	0.349207	0.302851	2.139507	1.174493
25506	-1010.378	-1224.183	213.8053	0.9574919	0.232334	0.279951	0.416487	0.0712278	2.124068	1.110905
25512	-1013.189	-1227.09	213.9008	0.8317048	0.202927	0.162321	0.534322	0.100431	2.165797	1.103566
25518	-1001.443	-1215.034	213.5912	0.9639556	0.295315	0.114464	0.547803	0.0424178	2.245175	1.18745
25524	-1003.277	-1217.19	213.9126	0.6684125	0.155599	0.224529	0.592669	0.0272027	2.231584	1.18745
25530	-1008.283	-1222.328	214.0452	0.6743051	0.386251	0.0993245	0.492584	0.0218404	1.960566	1.298121
25536	-1001.126	-1215.058	213.9328	0.7311261	0.249533	0.250282	0.418085	0.0821001	2.012769	1.298121
25542	-1010.796	-1224.884	214.088	0.7144352	0.0481775	0.171493	0.703988	0.0763413	2.090417	1.114047
25548	-1003.789	-1217.98	214.1904	0.8215202	0.0861902	0.412718	0.364516	0.136575	2.181074	0.7881503
25554	-1027.018	-1239.348	212.3295	0.8701837	0.0823248	0.369506	0.495176	0.0529929	1.793361	2.455354
25560	-1011.279	-1224.417	213.1381	0.966496	0.27239	0.215392	0.377972	0.134246	1.727418	1.908993
25566	-1016.074	-1229.699	213.6242	0.7980061	0.342718	0.391767	0.186051	0.0794629	2.073902	1.43768
25572	-1017.434	-1229.41	211.9763	3.824489	0.353431	0.288329	0.0474075	0.310833	2.280957	0.693006
25578	-1009.318	-1222.473	213.1548	1.86959	0.112313	0.430513	0.0604998	0.396674	2.264701	0.7906571
25584	-1020.598	-1234.683	214.0852	0.9518421	0.133843	0.603292	0.0549836	0.207882	2.103316	0.8508853
25590	-1010.436	-1224.647	214.21	0.8183813	0.102127	0.423428	0.19377	0.280675	2.129686	0.8338609
25596	-1005.211	-1219.063	213.8521	0.996394	0.220151	0.533408	0.166684	0.079757	2.244256	0.9057982
25602	-1026.774	-1240.109	213.3345	1.184953	0.43614	0.0240711	0.420386	0.119403	1.649828	1.678303
25608	-1029.907	-1242.493	212.586	0.7745038	0.392523	0.263356	0.226351	0.117769	1.7215	2.401969
25614	-1022.789	-1235.855	213.0663	0.7891526	0.479882	0.184202	0.220927	0.114989	1.715487	2.086787
25620	-1021.277	-1234.726	213.4491	0.7919868	0.299903	0.231684	0.32871	0.139704	1.705498	1.834448
25626	-1021.465	-1234.433	212.9682	0.53237	0.294537	0.277475	0.393678	0.0343104	1.605448	2.394628
25632	-1021.554	-1234.205	212.6518	0.8690607	0.361529	0.362681	0.228913	0.0468768	1.689131	2.318163
25638	-1035.742	-1248.752	213.0104	0.7911774	0.144433	0.169261	0.454503	0.231804	1.639531	2.171568
25644	-1025.675	-1237.406	211.7305	1.612546	0.322441	0.196504	0.318576	0.162479	1.57732	2.531974
25650	-1036.251	-1249.964	213.713	0.8364814	0.208131	0.248261	0.353089	0.190519	1.749866	1.583501
25656	-1023.635	-1237.116	213.4811	1.153303	0.0926476	0.468419	0.303449	0.135484	1.928095	1.384816
25662	-1011.585	-1225.89	214.3051	0.692492	0.326057	0.238584	0.287128	0.148231	2.153105	0.8512993
25668	-1014.915	-1228.784	213.8693	0.836761	0.210848	0.374152	0.33543	0.0795693	2.211092	1.086078
25674	-1015.78	-1228.822	213.042	0.9843298	0.339977	0.198994	0.383295	0.0777348	2.232244	1.610694
25680	-995.4585	-1209.085	213.626	1.158518	0.422972	0.123415	0.327908	0.125705	2.097036	1.118655
25686	-1006.611	-1219.989	213.3772	1.302441	0.297098	0.166128	0.300653	0.236121	2.324235	1.012191
25692	-997.6095	-1211.078	213.4682	1.302441	0.297098	0.166128	0.300653	0.236121	2.5051	0.669863
25698	-1014.373	-1227.827	213.4546	1.372148	0.239911	0.173468	0.289647	0.296974	2.485514	0.5990411
25704	-1018.771	-1232.46	213.6893	1.106617	0.289323	0.361949	0.162228	0.186501	2.498372	0.5990411
25710	-1017.885	-1231.813	213.9286	0.9705518	0.338573	0.10522	0.287929	0.268279	2.386549	0.6190722
25716	-1005.673	-1219.989	214.3164	0.5843417	0.155073	0.221973	0.477208	0.145745	2.307326	0.7851397
25722	-1000.69	-1214.388	213.6983	1.256288	0.27734	0.217591	0.362201	0.142868	2.185469	0.8619683
25728	-997.7625	-1211.545	213.7824	1.063021	0.161128	0.370236	0.242689	0.225948	2.32581	0.8123517
25734	-1003.288	-1217.323	214.0354	0.8483007	0.105583	0.36476	0.40111	0.128547	2.277498	0.8284428
25740	-998.8299	-1212.753	213.9233	0.9674372	0.106193	0.325921	0.358401	0.209486	2.348023	0.7135355
25746	-1019.291	-1233.365	214.0741	0.7907529	0.0856006	0.126203	0.619333	0.168863	2.379308	0.7135355
25752	-1006.48	-1220.607	214.1275	0.691425	0.16838	0.248247	0.537785	0.0455883	2.404286	0.7551036
25758	-1011.921	-1226.268	214.3467	0.5408182	0.298257	0.128827	0.492164	0.0807521	2.336319	0.7652037
25764	-1010.516	-1224.777	214.2601	0.6552697	0.233474	0.124627	0.556322	0.0855775	2.380915	0.6255255
25770	-1017.506	-1231.262	213.7563	1.019581	0.327084	0.248165	0.304861	0.119889	2.446842	0.7391965
25776	-1018.605	-1232.806	214.2013	0.594295	0.307761	0.257813	0.393199	0.0412273	2.096112	1.121316
25782	-1018.69	-1232.804	214.1138	0.5950549	0.303767	0.199192	0.456349	0.0406922	2.275397	1.034888
25788	-1016.563	-1230.636	214.0731	0.698034	0.332855	0.134797	0.488766	0.0435828	2.274012	0.9683288
25794	-1009.718	-1224.121	214.4038	0.5634975	0.335068	0.135693	0.492015	0.0372243	2.191787	0.849484
25800	-1003.256	-1217.707	214.4516	0.5634975	0.219954	0.0919209	0.640756	0.0473687	2.289814	0.6152624
25806	-1017.821	-1232.107	214.286	0.6118256	0.24177	0.162676	0.541356	0.0541976	2.413547	0.5897118
25812	-1019.474	-1233.84	214.3656	0.6288182	0.536837	0.181138	0.186706	0.0953184	2.270582	0.6935894
25818	-1015.758	-1230.096	214.3382	0.4852381	0.197624	0.1419	0.625386	0.0350893	2.41282	0.7473188
25824	-1017.397	-1231.764	214.3665	0.5614458	0.436125	0.380786	0.173363	0.00972709	2.395088	0.551702
25830	-1004.169	-1218.236	214.0666	0.7224162	0.224473	0.309369	0.462662	0.00349613	2.514589	0.5941874
25836	-1018.807	-1232.87	214.0627	0.7474135	0.275249	0.180396	0.535214	0.00914077	2.483082	0.6196664
25842	-1010.865	-1225.016	214.151	0.6951452	0.218656	0.220587	0.459053	0.101705	2.40034	0.7186091
25848	-1013.651	-1227.812	214.1618	0.6951452	0.177529	0.179097	0.37271	0.270665	2.451838	0.5820712
25854	-1019.104	-1233.054	213.9502	0.783303	0.292342	0.251635	0.207381	0.248642	2.579356	0.4614043
25860	-1012.054	-1225.274	213.2206	1.608947	0.394564	0.269072	0.152965	0.183399	2.529597	0.4660427
25866	-1004.911	-1218.57	213.6594	0.7247208	0.365522	0.104026	0.241228	0.289224	2.905096	0.3873413
25872	-1007.022	-1220.66	213.6385	0.7822308	0.508137	0.144613	0.335348	0.0119018	2.879177	0.4153191
25878	-1011.115	-1225.07	213.9551	0.5138752	0.268819	0.241341	0.433261	0.0565787	2.85866	0.4729126
25884	-1006.45	-1220.267	213.8179	0.7358673	0.158764	0.411388	0.325737	0.104111	2.748265	0.4144557
25890	-1002.397	-1216.235	213.8376	0.5835847	0.240818	0.283438	0.392969	0.0827751	2.879575	0.3936445
25896	-1009.498	-1223.07	213.5719	0.8041279	0.149645	0.25612	0.548669	0.0455659	2.909636	0.3883649
25902	-1001.948	-1216.196	214.2475	0.5128981	0.294395	0.478383	0.178857	0.0483652	2.563452	0.4503317
25908	-1012.766	-1227.005	214.2391	0.5208379	0.147968	0.430224	0.378312	0.0434962	2.563865	0.4503317
25914	-1016.179	-1230.692	214.5132	0.3908873	0.135283	0.39334	0.43161	0.0397672	2.403202	0.5863606
25920	-1007.557	-1221.951	214.3946	0.4987513	0.285745	0.207583	0.404174	0.102498	2.403202	0.6387958
25926	-1015.32	-1229.518	214.1972	0.6800836	0.343252	0.0741141	0.387592	0.195042	2.283017	0.8404885
25932	-1023.077	-1236.965	213.8885	0.8090852	0.171954	0.256564	0.348148	0.223334	2.081638	1.209391
25938	-1027.486	-1240.966	213.4799	1.415977	0.418487	0.114669	0.259719	0.207124	2.050888	1.077893
25944	-1032.772	-1245.652	212.8801	0.9070001	0.355233	0.13938	0.315689	0.189697	1.654839	2.168173
25950	-1031.921	-1246.448	214.5273	0.3675866	0.248316	0.200587	0.474021	0.0770766	2.164285	0.9482231
25956	-1040.101	-1254.061	213.9601	1.076013	0.397553	0.0742063	0.157035	0.371206	2.200013	0.7190951
25962	-1033.448	-1247.192	213.7441	1.208815	0.342096	0.159392	0.179088	0.319425	2.31506	0.6719084
25968	-1027.897	-1241.332	213.4346	1.383319	0.35305	0.160789	0.235706	0.250455	2.498826	0.5886765
25974	-1025.046	-1238.197	213.1509	1.253382	0.202598	0.011464	0.393443	0.392495	1.837189	1.62959
25980	-1025.481	-1238.811	213.3299	1.55548	0.388794	0.0571606	0.283482	0.270563	1.731567	1.373212
25986	-1023.154	-1233.96	210.8059	6.496424	0.332046	0.0205642	0.431402	0.215987	1.997186	1.058761
25992	-1025.943	-1239.588	213.6447	1.21913	0.497161	0.00174438	0.44024	0.0608542	2.163032	0.983019
25998	-1028.736	-1241.209	212.4726	2.781822	0.380691	0.00327193	0.541223	0.0748132	2.165346	0.9623001
26004	-1012.196	-1225.12	212.9235	2.362867	0.294381	0.0104033	0.256543	0.438673	2.207595	0.6776035
26010	-1008.793	-1221.125	212.3319	3.213133	0.329452	0.00365207	0.0165744	0.650322	2.308286	0.5703053
26016	-1023.304	-1236.164	212.8606	2.343546	0.285835	0.0237214	0.145916	0.544527	2.288156	0.6691269
26022	-1032.821	-1246.119	213.2982	1.816928	0.416199	0.279109	0.212724	0.0919676	2.22137	0.7010994
26028	-1025.851	-1239.881	214.0299	0.8819254	0.2396	0.0908071	0.53262	0.136972	2.308933	0.7449028
26034	-1030.999	-1244.967	213.9679	0.8151585	0.157404	0.343546	0.28838	0.210669	2.529437	0.5321816
26040	-1036.98	-1249.53	212.5501	2.996756	0.227162	0.0352815	0.313841	0.423716	2.147508	0.7251578
26046	-1047.699	-1260.992	213.2926	1.780915	0.320777	0.0498213	0.553691	0.0757104	2.297557	0.6128273
26052	-1030.313	-1244.254	213.9406	0.8292642	0.251854	0.264963	0.278823	0.204361	2.504477	0.654028
26058	-1044.981	-1258.292	213.3111	1.474566	0.541063	0.0207662	0.264106	0.174065	2.489169	0.7057918
26064	-1042.106	-1254.991	212.8845	2.120607	0.407239	0.0364149	0.389938	0.166409	2.293026	0.8582051
26070	-1038.358	-1251.73	213.3725	1.430754	0.177324	0.246953	0.472449	0.103274	2.275639	0.9491236
26076	-1032.998	-1247.124	214.1261	0.7374691	0.279179	0.214411	0.311022	0.195388	2.235171	0.908434
26082	-1031.948	-1245.584	213.6363	0.9988173	0.316946	0.203356	0.27966	0.200038	2.370495	0.9976783
26088	-1016.073	-1229.721	213.6474	1.030508	0.488223	0.20613	0.1731	0.132547	2.246006	1.076641
26094	-1020.703	-1234.37	213.6669	1.089973	0.224751	0.377112	0.221724	0.176413	2.335883	0.9070586
26100	-1008.805	-1222.513	213.7079	0.9545807	0.370731	0.2716	0.0758179	0.281851	2.464946	0.8662736
26106	-1025.752	-1239.823	214.0715	0.7512141	0.330131	0.328398	0.0904867	0.250984	2.439322	0.6858531
26112	-1035.156	-1247.88	212.7238	0.9505927	0.224761	0.33864	0.3052	0.131398	1.878156	2.095413
26118	-1033.648	-1246.622	212.9742	0.693897	0.0860589	0.352139	0.425165	0.136636	1.67699	2.23719
26124	-1013.125	-1227.488	214.363	0.5060819	0.291945	0.180071	0.433181	0.0948031	2.449093	0.5779241
26130	-1006.626	-1221.051	214.4243	0.5060819	0.34444	0.21245	0.32295	0.12016	2.393159	0.5551035
26136	-1021.819	-1235.867	214.048	0.9389544	0.297695	0.29517	0.300067	0.107068	2.239024	0.7347747
26142	-1015.641	-1229.785	214.144	0.8164113	0.173881	0.374137	0.220294	0.231688	2.239024	0.7796213
26148	-1014.347	-1227.589	213.2424	1.910369	0.28202	0.351201	0.149294	0.217485	1.998216	0.962874
26154	-1013.973	-1227.313	213.3404	1.849286	0.409276	0.206745	0.149713	0.234265	1.965235	0.9442931
26160	-1009.707	-1223.418	213.7104	1.156704	0.119595	0.184841	0.430211	0.265352	1.89106	1.226282
26166	-1027.73	-1241.463	213.7331	0.9244585	0.150034	0.218906	0.497682	0.133378	1.973616	1.328448
26172	-1027.379	-1241.576	214.1965	0.7615285	0.455662	0.175883	0.241212	0.127243	2.222426	0.8088203
26178	-1027.545	-1241.931	214.3868	0.6210079	0.174738	0.225216	0.339338	0.260708	2.234567	0.7322063
26184	-1015.051	-1229.109	214.0586	0.7697664	0.188192	0.279725	0.372569	0.159513	2.239531	0.9401559
26190	-1019.07	-1232.294	213.2243	1.608993	0.41933	0.0912355	0.309517	0.179918	2.279354	0.9401559
26196	-1001.175	-1214.773	213.5979	0.8042089	0.293021	0.0902099	0.306038	0.310731	2.212299	1.345095
26202	-1022.576	-1236.282	213.7067	0.679099	0.0936399	0.494448	0.233645	0.178267	2.140471	1.419586
26208	-1012.9	-1225.78	212.8797	0.7851616	0.111116	0.438889	0.183815	0.26618	1.791728	2.161703
26214	-1023.506	-1236.384	212.8781	0.9645558	0.0895295	0.412964	0.269439	0.228068	1.510534	2.224966
26220	-1015.164	-1227.985	212.8207	1.371822	0.0963272	0.444319	0.194136	0.265218	1.891303	1.748991
26226	-1017.808	-1230.587	212.7795	0.8273923	0.197469	0.257697	0.467578	0.0772561	2.000025	2.061929
26232	-1009.753	-1222.965	213.212	1.087339	0.19183	0.248772	0.472434	0.0869634	2.047792	1.546637
26238	-1003.063	-1215.327	212.2642	1.852224	0.177342	0.342777	0.343933	0.135948	2.006105	1.776914
26244	-1024.171	-1236.906	212.735	1.94603	0.158666	0.0981694	0.53263	0.210534	1.974742	1.402797
26250	-1011.522	-1224.565	213.0434	0.6876483	0.294534	0.241162	0.409632	0.0546721	1.826187	2.099524
26256	-1020.511	-1233.223	212.7124	0.8074306	0.161586	0.327852	0.438691	0.0718711	1.938538	2.159812
26262	-1006.385	-1220.393	214.0074	0.5519277	0.188301	0.379824	0.391396	0.040479	1.947996	1.439147
26268	-1020.869	-1235.325	214.4564	0.4678908	0.130845	0.39694	0.446876	0.0253387	2.071479	1.025607
26274	-1042.661	-1256.316	213.6552	1.2299	0.108891	0.111169	0.529604	0.250336	1.995809	1.122792
26280	-1032.529	-1245.212	212.6835	0.6094969	0.223626	0.323935	0.196071	0.256368	1.897072	2.339466
26286	-1022.692	-1236.387	213.695	0.6094969	0.160202	0.387221	0.156495	0.296082	1.854993	1.69304
26292	-1028.645	-1242.024	213.3788	1.351775	0.112614	0.510683	0.222043	0.154659	2.031127	1.235023
26298	-1033.448	-1246.571	213.1223	1.208864	0.0928787	0.421186	0.369392	0.116543	2.017012	1.549621
26304	-1045.661	-1259.821	214.1594	0.5845987	0.156357	0.170545	0.476657	0.196441	2.092621	1.170535
26310	-1044.878	-1258.535	213.6571	0.5978696	0.346358	0.0741229	0.441676	0.137844	2.122724	1.535366
26316	-1024.04	-1238.4	214.36	0.5418573	0.126442	0.25703	0.564692	0.0518361	2.122724	0.99721
26322	-1033.026	-1247.067	214.0405	0.8400374	0.179748	0.11996	0.660094	0.0401977	2.194282	0.9291543
26328	-1023.639	-1237.16	213.5207	1.173698	0.151712	0.158991	0.499558	0.18974	2.119601	1.179108
26334	-1027.777	-1240.133	212.3554	2.739451	0.0404995	0.36087	0.461815	0.136815	2.078723	1.179108
26340	-1023.43	-1236.562	213.1327	1.751185	0.0245243	0.218523	0.49391	0.263042	2.03253	1.153354
26346	-1019.58	-1233.326	213.7452	1.102565	0.0840187	0.475626	0.197232	0.243123	2.082341	1.072108
26352	-1013.264	-1227.476	214.2113	0.7331927	0.100148	0.566933	0.0676214	0.265297	2.042814	1.024255
26358	-1006.158	-1220.325	214.1672	0.5837076	0.0883987	0.354879	0.512699	0.0440234	2.290713	0.9784083
26364	-1005.438	-1220.033	214.595	0.4678928	0.076856	0.3964	0.477045	0.0496988	2.007307	0.9502034
26370	-1031.752	-1245.404	213.652	0.9929646	0.307677	0.111812	0.327691	0.25282	2.663115	0.4690561
26376	-1027.753	-1241.394	213.641	0.7326008	0.234474	0.0710571	0.5018	0.192669	2.924698	0.4054684
26382	-1024.013	-1238.521	214.5076	0.4657341	0.227725	0.372196	0.363075	0.037004	2.330079	0.6204205
26388	-1024.434	-1238.449	214.0154	0.9776963	0.46044	0.208621	0.289274	0.0416646	2.272685	0.6641269
26394	-1005.663	-1219.439	213.7759	1.075811	0.350131	0.0785342	0.528073	0.0432624	2.323031	0.8082026
26400	-1004.135	-1218.248	214.1131	0.8037808	0.248139	0.271737	0.120787	0.359337	2.323031	0.7196517
26406	-1010.543	-1223.993	213.45	1.471882	0.269511	0.245089	0.161302	0.324099	2.30008	0.7855165
26412	-1008.03	-1222.114	214.0845	0.7185613	0.315288	0.342973	0.225724	0.116014	2.280131	0.9266914
26418	-1019.474	-1233.362	213.8878	0.8645596	0.089312	0.331296	0.218039	0.361354	2.197342	1.054539
26424	-1021.36	-1235.218	213.8578	0.8290513	0.0532912	0.559992	0.302569	0.084148	2.151244	1.157663
26430	-1020.585	-1232.959	212.3733	1.755276	0.216819	0.0328574	0.589957	0.160367	1.973761	1.776881
26436	-1011.156	-1222.214	211.0584	3.541463	0.255621	0.0274357	0.411025	0.305918	1.771554	2.015047
26442	-1015.026	-1226.334	211.3081	2.980765	0.294853	0.0317252	0.527918	0.145504	1.841357	2.015047
26448	-1015.23	-1224.598	209.3682	7.983333	0.175093	0.121834	0.360323	0.34275	1.982995	1.799415
26454	-1014.634	-1226.353	211.7182	2.676093	0.305186	0.120792	0.413029	0.160993	2.226321	1.595166
26460	-1008.535	-1218.852	210.3171	5.852173	0.153083	0.22378	0.304786	0.318351	2.065126	1.595166
26466	-1032	-1245.223	213.2231	0.73273	0.189992	0.277734	0.398395	0.13388	1.895959	1.901368
26472	-1021.858	-1234.692	212.8343	0.9558112	0.14008	0.435655	0.353262	0.0710027	1.93302	1.9823
26478	-1010.536	-1223.528	212.9919	1.064932	0.269602	0.24964	0.446389	0.0343682	2.12738	1.664587
26484	-1020.949	-1234.973	214.024	0.6477029	0.0800312	0.386485	0.480276	0.0532078	2.119635	1.206779
26490	-1010.879	-1224.897	214.0181	0.773535	0.157688	0.415227	0.352408	0.0746766	2.314776	0.8976231
26496	-1007.705	-1221.52	213.8153	0.7717169	0.147817	0.425277	0.330347	0.0965592	2.170984	1.228947
26502	-1023.804	-1236.943	213.1392	0.8117683	0.173553	0.219155	0.387862	0.21943	1.925981	1.881442
26508	-1026.725	-1239.56	212.8349	1.067278	0.245335	0.20882	0.324276	0.221569	2.19987	1.72294
26514	-1008.114	-1220.801	212.6874	1.097437	0.284027	0.188685	0.206362	0.320927	2.146374	1.842147
26520	-1014.271	-1227.239	212.9681	1.136944	0.0983224	0.261874	0.202586	0.437218	2.119752	1.636949
26526	-1015.85	-1229.873	214.0226	0.7063908	0.162314	0.257066	0.469837	0.110783	2.126338	1.148176
26532	-1031.413	-1244.644	213.2305	1.184015	0.190611	0.535683	0.0428511	0.230854	1.584898	1.79748
26538	-1036.485	-1248.58	212.0955	1.108762	0.146447	0.559206	0.0447328	0.249614	1.404822	2.693305
26544	-1034.19	-1247.732	213.5418	0.7143669	0.147532	0.419403	0.260501	0.172563	1.684315	1.84159
26550	-1033.582	-1246.004	212.4226	0.9778277	0.232494	0.220063	0.31461	0.232832	2.139128	2.103761
26556	-1041.125	-1252.926	211.8008	1.288671	0.168679	0.24529	0.336787	0.249244	1.888997	2.470501
26562	-1025.308	-1237.506	212.1986	1.927581	0.281723	0.190013	0.15076	0.377504	2.003517	1.783815
26568	-1023.987	-1236.545	212.5575	1.394458	0.20641	0.199029	0.199145	0.395416	2.084329	1.783815
26574	-1022.178	-1234.893	212.7151	1.850688	0.273351	0.214473	0.209636	0.302539	1.86869	1.553622
26580	-1034.932	-1249.075	214.1432	0.6000609	0.294527	0.121208	0.4601	0.124166	2.582403	0.5189711
26586	-1029.492	-1243.586	214.094	0.6557081	0.23746	0.26908	0.266107	0.227353	2.562204	0.5793481
26592	-1015.386	-1229.362	213.9769	0.7140467	0.210041	0.0321847	0.512318	0.245457	2.602029	0.6250656
26598	-1009.678	-1222.842	213.1642	1.672454	0.326301	0.0843615	0.471158	0.118179	2.444755	0.7447307
26604	-1008.641	-1222.543	213.9023	0.9268762	0.387239	0.104428	0.266293	0.24204	2.34492	0.8088794
26610	-1019.128	-1233.23	214.1017	0.6399869	0.453481	0.132859	0.338794	0.0748664	2.488626	0.7490369
26616	-1043.87	-1257.855	213.9844	0.7104706	0.242482	0.10177	0.58797	0.0677777	2.557659	0.7069915
26622	-1041.737	-1254.876	213.1383	1.039629	0.307945	0.0834803	0.328137	0.280439	2.381161	1.385029
26628	-1033.492	-1246.831	213.3389	0.8936141	0.334148	0.207647	0.153904	0.304301	2.397898	1.329636
26634	-1031.273	-1244.19	212.9167	1.037428	0.402579	0.235417	0.194994	0.16701	1.914138	1.884403
26640	-1033.068	-1246.096	213.028	1.178953	0.184235	0.107736	0.365505	0.342524	2.157565	1.536309
26646	-1045.031	-1257.595	212.5638	1.033229	0.296607	0.0711459	0.476612	0.155635	1.967824	2.087159
26652	-1025.03	-1238.212	213.182	1.214743	0.203446	0.236455	0.373131	0.186968	2.133824	1.412168
26658	-1022.776	-1236.509	213.7329	0.7994763	0.218535	0.412422	0.291407	0.077637	2.179476	1.266299
26664	-1023.006	-1236.121	213.1148	1.236935	0.225778	0.369825	0.358347	0.0460503	2.089147	1.481723
26670	-1021.801	-1234.332	212.5306	1.023291	0.313291	0.231029	0.214033	0.241647	1.858608	2.186596
26676	-1023.986	-1235.681	211.6955	1.242554	0.358582	0.494557	0.0293544	0.117507	1.77072	2.636023
26682	-1021.562	-1233.6	212.0378	1.256946	0.26282	0.362481	0.249092	0.125607	1.92087	2.319052
26688	-1022.153	-1235.088	212.9352	1.206911	0.351327	0.37747	0.140403	0.130801	1.901341	1.767784
26694	-1016.435	-1229.433	212.9972	1.079988	0.259983	0.416768	0.266474	0.0567745	1.835506	1.854509
26700	-1005.542	-1218.257	212.7146	1.111219	0.307271	0.113824	0.406724	0.17218	2.019358	1.901123
26706	-1025.526	-1238.564	213.0379	0.6050865	0.278305	0.183055	0.450561	0.0880788	2.079028	1.993626
26712	-1024.978	-1238.366	213.3871	0.6659744	0.388491	0.0937951	0.462621	0.0550927	1.857547	1.864006
26718	-1009.637	-1222.182	212.545	0.6659744	0.176981	0.224678	0.480751	0.11759	1.517026	2.626821
26724	-1008.883	-1221.701	212.8182	0.9593629	0.251014	0.0838429	0.534424	0.130719	1.895523	2.01565
26730	-1009.076	-1222.506	213.4301	0.7248747	0.302322	0.188752	0.328324	0.180603	2.214842	1.535833
26736	-1014.304	-1227.38	213.0762	1.314447	0.41983	0.23033	0.129453	0.220387	2.201932	1.369539
26742	-1025.218	-1237.295	212.0763	1.979115	0.300813	0.209996	0.292176	0.197015	2.380461	1.574492
26748	-1019.322	-1232.001	212.6793	1.137385	0.211671	0.236769	0.329426	0.222133	2.221058	1.769401
26754	-1027.387	-1240.189	212.8027	1.333239	0.322182	0.207592	0.13212	0.338106	2.384811	1.426782
26760	-1038.617	-1251.989	213.3719	0.8285874	0.386842	0.0275152	0.29085	0.294793	2.112726	1.573593
26766	-1046.466	-1258.989	212.5224	0.7745158	0.300175	0.218304	0.136208	0.345312	2.003803	2.262725
26772	-1032.856	-1246.128	213.2722	0.7745158	0.304911	0.221749	0.174631	0.298708	2.049581	1.731021
26778	-1037.607	-1250.902	213.2949	0.8651131	0.306894	0.276251	0.153792	0.263063	2.140664	1.581732
26784	-1041.136	-1254.137	213.0008	0.9553236	0.311124	0.401821	0.129471	0.157584	1.840544	1.932918
26790	-1026.043	-1238.359	212.3155	0.8001718	0.268412	0.396596	0.199118	0.135874	1.739698	2.543169
26796	-1029.803	-1242.257	212.4544	1.0197	0.212758	0.491384	0.163907	0.131951	1.878269	2.225443
26802	-1012.366	-1225.317	212.9508	0.7019611	0.209136	0.26489	0.359031	0.166943	1.847165	2.136465
26808	-1010.968	-1223.571	212.6028	0.7426987	0.274329	0.243054	0.329435	0.153181	1.883141	2.309951
26814	-1021.771	-1234.519	212.7487	1.42569	0.336716	0.0503561	0.496021	0.116906	1.998177	1.690598
26820	-1025.786	-1239.827	214.0415	0.3931509	0.417529	0.22844	0.303732	0.0502989	2.803347	0.3228604
26826	-1024.697	-1238.361	213.6641	0.926864	0.204786	0.295872	0.393389	0.105953	2.718179	0.5293486
26832	-1030.114	-1243.027	212.9136	0.9863674	0.419136	0.0124359	0.534612	0.0338163	1.861489	1.956497
26838	-1019.5	-1232.123	212.6231	0.9863674	0.35386	0.0119607	0.501216	0.132963	1.867653	2.144506
26844	-1039.238	-1250.42	211.182	1.553718	0.2916	0.086609	0.41303	0.20876	1.762579	2.786186
26850	-1025.317	-1238.913	213.5962	0.6595199	0.142938	0.312859	0.223095	0.321108	2.948407	0.2940728
26856	-1022.164	-1235.401	213.2371	0.9984861	0.392487	0.162939	0.249035	0.195539	2.955608	0.2940728
26862	-1017.839	-1230.885	213.0466	1.33245	0.430869	0.119233	0.0739729	0.375925	2.872954	0.3318384
26868	-1025.967	-1239.092	213.1249	1.405872	0.469132	0.0738577	0.0784082	0.378602	2.75903	0.3667431
26874	-1041.042	-1254.257	213.2157	1.257688	0.227088	0.365319	0.125852	0.281741	2.825297	0.404931
26880	-1008.008	-1219.37	211.3628	3.618433	0.197279	0.321979	0.13873	0.342013	2.957912	0.3050662
26886	-1013.104	-1224.233	211.1287	3.901031	0.394869	0.0488723	0.221812	0.334446	3.014449	0.2834887
26892	-1027.373	-1239.088	211.7147	2.829578	0.463602	0.0802634	0.310303	0.145832	3.028924	0.2834887
26898	-1030.8	-1242.645	211.8455	2.161146	0.290741	0.285858	0.294708	0.128693	3.131961	0.1902108
26904	-1024.957	-1237.18	212.2229	1.551776	0.254315	0.0192187	0.603969	0.122497	3.251186	0.1965878
26910	-1019.262	-1232.115	212.8527	0.9578634	0.447414	0.0316314	0.281492	0.239462	3.173109	0.1965878
26916	-1040.974	-1253.332	212.3585	1.55528	0.548918	0.0595504	0.153154	0.238378	3.102593	0.1933948
26922	-1019.021	-1231.541	212.5206	1.55528	0.349974	0.0755484	0.356075	0.218402	3.065795	0.2411906
26928	-1020.273	-1233.584	213.311	0.7700245	0.353699	0.0659992	0.460446	0.119856	3.065795	0.2622268
26934	-1009.665	-1222.67	213.0047	0.9268755	0.117707	0.281572	0.337475	0.263247	3.11811	0.219934
26940	-1000.563	-1213.591	213.0283	0.9268755	0.112434	0.382283	0.25383	0.251453	3.151567	0.2446702
26946	-1005.687	-1218.586	212.899	0.9727855	0.0806055	0.274065	0.465059	0.180271	3.218846	0.2374635
26952	-999.2366	-1213.139	213.902	0.8355607	0.220487	0.118952	0.619077	0.0414836	2.573186	0.5392105
26958	-1011.862	-1226.068	214.2058	0.5192441	0.144491	0.31547	0.295657	0.244382	2.601174	0.5392105
26964	-1010.871	-1223.717	212.8463	0.9599169	0.210052	0.0993639	0.586497	0.104087	3.196103	0.2027964
26970	-1015.799	-1229.007	213.2077	1.025141	0.179179	0.465268	0.2647	0.0908531	2.086209	1.566558
26976	-1017.363	-1230.572	213.209	1.281554	0.186035	0.483071	0.274828	0.0560659	1.991376	1.453064
26982	-1010.708	-1224.18	213.4718	0.7396916	0.174343	0.449885	0.30735	0.0684217	1.939067	1.694019
26988	-1009.202	-1222.717	213.5156	0.9855378	0.417844	0.0853715	0.434832	0.0619531	1.907729	1.499888
26994	-1023.998	-1238.025	214.0274	0.7198387	0.351451	0.041953	0.583866	0.0227297	1.998521	1.241676
27000	-1038.022	-1250.691	212.6692	0.5047064	0.480419	0.0603484	0.424105	0.0351281	3.605586	0.1406318
27006	-1017.301	-1229.533	212.2325	0.8921858	0.183824	0.079629	0.520552	0.215995	3.605586	0.1346132
27012	-1029.84	-1242.252	212.4113	0.8921858	0.155318	0.110594	0.533536	0.200552	3.540191	0.1580111
27018	-1023.223	-1235.285	212.0618	0.7393799	0.225415	0.134692	0.481868	0.158026	3.731509	0.1030289
27024	-1044.483	-1256.667	212.1836	0.5683161	0.420526	0.199395	0.283361	0.0967188	3.775096	0.1010848
27030	-1028.7	-1240.972	212.2716	0.6058593	0.376036	0.194515	0.361631	0.0678181	3.775096	0.1189891
27036	-1012.866	-1224.816	211.9499	0.6456668	0.112431	0.358386	0.417313	0.111869	3.796292	0.08601974
27042	-1024.593	-1235.544	210.9513	1.354717	0.222719	0.0800159	0.529079	0.168186	3.968529	0.07445379
27048	-1018.204	-1229.285	211.0818	1.352804	0.24898	0.00942681	0.496494	0.2451	3.968529	0.08680754
27054	-1014.671	-1227.984	213.3129	1.156855	0.443918	0.0689025	0.300191	0.186988	2.378328	1.148559
27060	-1019.597	-1230.966	211.3686	0.7838558	0.26991	0.141356	0.538231	0.0505029	4.013002	0.06648949
27066	-1006.24	-1217.787	211.5462	0.7157762	0.315633	0.0835175	0.404132	0.196718	3.963074	0.07093294
27072	-1005.663	-1216.894	211.2312	0.8922877	0.323619	0.124046	0.414357	0.137977	4.02634	0.06563188
27078	-1004.472	-1215.723	211.251	0.8922877	0.322109	0.045848	0.49376	0.138284	4.02634	0.06714749
27084	-1008.591	-1219.973	211.3823	0.9266995	0.456348	0.0629958	0.330339	0.150317	3.898122	0.07019686
27090	-1038.427	-1248.82	210.3931	2.178483	0.294066	0.131601	0.259352	0.314981	3.881558	0.07588545
27096	-1058.311	-1268.896	210.585	1.938014	0.41493	0.258574	0.154982	0.171515	3.881558	0.07714168
27102	-1019.667	-1232.761	213.0938	1.081654	0.183453	0.171317	0.311141	0.33409	3.135139	0.4858581
27108	-1032.344	-1245.411	213.067	1.097687	0.239222	0.322943	0.272537	0.165297	3.046268	0.3079907
27114	-1009.513	-1222.828	213.3146	0.8969414	0.21733	0.268404	0.364097	0.15017	3.060398	0.3721782
27120	-1021.643	-1235.087	213.4438	0.7805393	0.48141	0.150893	0.275278	0.092419	3.060398	0.3849586
27126	-1020.161	-1233.626	213.4645	0.6216347	0.186909	0.113181	0.502243	0.197668	3.164834	0.3312329
27132	-1022.661	-1236.34	213.6796	0.6215387	0.244462	0.148031	0.348972	0.258534	2.904993	0.2939358
27138	-1006.402	-1219.949	213.5465	0.7882404	0.31585	0.323885	0.169671	0.190594	2.935991	0.3645434
27144	-1022.648	-1236.053	213.4051	0.6619635	0.377731	0.144512	0.400504	0.077253	3.090337	0.2646327
27150	-1030.197	-1243.887	213.69	0.583749	0.355232	0.245456	0.335228	0.0640842	2.926274	0.2883516
27156	-1017.278	-1231.112	213.8339	0.5627515	0.30217	0.230466	0.428175	0.0391896	2.875489	0.3509122
27162	-1018.593	-1232.446	213.8533	0.5380645	0.245612	0.357066	0.348032	0.0492909	2.881534	0.3509122
27168	-1019.469	-1233.04	213.5709	0.603344	0.215925	0.103919	0.648107	0.0320488	3.02517	0.2885974
27174	-1008.621	-1222.441	213.8198	0.603344	0.224803	0.302802	0.328772	0.143623	2.826907	0.329393
27180	-1007.184	-1220.654	213.4696	0.7301051	0.217495	0.0976823	0.57502	0.109803	2.999473	0.2934871
27186	-1031.311	-1244.883	213.5719	0.6086388	0.253059	0.107135	0.448188	0.191619	2.966977	0.2575892
27192	-1016.205	-1229.386	213.1814	1.368392	0.216279	0.274956	0.352606	0.15616	2.759935	0.4075944
27198	-1028.596	-1242.222	213.6258	0.8207824	0.403675	0.130326	0.252051	0.213948	2.812776	0.3521381
27204	-1027.747	-1240.858	213.1106	1.265823	0.388055	0.304725	0.166021	0.141199	2.888791	0.3521381
27210	-1015.22	-1227.931	212.7111	1.769687	0.153417	0.265373	0.304563	0.276647	2.888791	0.4037148
27216	-994.752	-1208.363	213.6108	0.7407964	0.232196	0.209068	0.43989	0.118846	2.897423	0.3362034
27222	-995.7986	-1209.43	213.6314	0.7398672	0.256341	0.356616	0.267056	0.119987	2.897423	0.3584548
27228	-1009.678	-1223.562	213.8846	0.7653053	0.0908843	0.297921	0.510955	0.100239	2.662723	0.5479388
27234	-1018.196	-1232.339	214.1433	0.5270897	0.249839	0.295944	0.354643	0.0995736	2.64807	0.4308214
27240	-1019.398	-1232.98	213.5824	0.950186	0.29754	0.202113	0.422354	0.0779922	2.776319	0.47284
27246	-1010.417	-1223.644	213.2278	1.248267	0.27065	0.257375	0.401031	0.0709435	2.825993	0.4140815
27252	-1010.98	-1224.644	213.6642	0.7030104	0.171716	0.604484	0.119928	0.103872	2.887465	0.3398213
27258	-999.6577	-1213.234	213.5763	0.77789	0.308607	0.414825	0.205285	0.0712818	2.927708	0.3800925
27264	-997.0441	-1210.807	213.7627	0.7311255	0.197654	0.24911	0.50286	0.0503768	2.825013	0.5016143
27270	-1005.629	-1219.812	214.1824	0.7311255	0.291978	0.121455	0.535153	0.0514132	2.387442	0.6006202
27276	-1009.366	-1222.37	213.0038	1.96774	0.499864	0.0957094	0.363912	0.0405147	2.424619	0.6526245
27282	-1015.967	-1229.565	213.5978	1.29994	0.267751	0.397634	0.246111	0.0885046	2.351865	0.716358
27288	-1001.522	-1215.497	213.9748	0.8971594	0.265245	0.150271	0.480554	0.10393	2.328175	0.7744373
27294	-1014.382	-1227.4	213.0178	1.93	0.246551	0.430874	0.0563681	0.266207	2.323051	0.8324651
27300	-1012.105	-1225.582	213.4773	1.168856	0.272576	0.441981	0.107334	0.178109	2.172072	1.1753
27306	-1016.956	-1230.368	213.4122	1.5278	0.334587	0.157477	0.214437	0.293499	2.18164	0.9167942
27312	-1018.316	-1231.34	213.0242	2.024002	0.0503644	0.379635	0.380983	0.189018	2.236687	0.8435367
27318	-1022.381	-1235.358	212.9765	1.95006	0.513768	0.25634	0.0781779	0.151715	2.323087	0.8640088
27324	-1022.736	-1236.036	213.2999	1.525779	0.205549	0.351117	0.388775	0.0545589	2.279065	0.934906
27330	-1009.315	-1222.806	213.4912	1.387922	0.465236	0.312329	0.18542	0.0370149	2.198294	0.9454581
27336	-1022.27	-1235.395	213.125	1.855333	0.259194	0.257415	0.156584	0.326807	2.252245	0.8584509
27342	-1012.123	-1226.157	214.0346	0.8410342	0.151663	0.575919	0.0973827	0.175035	2.252245	0.8692624
27348	-1017.993	-1231.328	213.3355	1.660736	0.0618174	0.638561	0.0884139	0.211207	2.272844	0.7599132
27354	-1003.075	-1216.229	213.1543	1.577097	0.247437	0.183972	0.297452	0.27114	2.201739	1.110742
27360	-1039.409	-1248.303	208.8939	12.51365	0.030388	0.397625	0.223553	0.348434	2.233732	1.035181
27366	-1022.613	-1236.435	213.8218	1.134912	0.344906	0.350313	0.119119	0.185662	2.167171	0.873099
27372	-1012.195	-1225.648	213.4527	1.496057	0.276224	0.280554	0.290001	0.15322	2.24676	0.8247061
27378	-1018.535	-1232.158	213.6226	1.146475	0.407211	0.239025	0.234579	0.119185	2.277024	0.9593254
27384	-1018.946	-1232.834	213.8874	1.146475	0.415559	0.0802119	0.417572	0.0866571	2.131038	0.823665
27390	-1023.796	-1237.071	213.2751	1.580949	0.318419	0.0610243	0.429489	0.191068	2.04812	1.137362
27396	-1024.713	-1238.205	213.492	1.347999	0.301605	0.0836624	0.352785	0.261948	2.038455	1.133639
27402	-1025.896	-1238.881	212.9843	2.091175	0.28504	0.129927	0.547768	0.0372652	1.890449	1.179201
27408	-1022.642	-1236.291	213.6495	1.106154	0.28504	0.129927	0.547768	0.0372652	1.898311	1.3107
27414	-1029.621	-1242.413	212.7921	1.830598	0.475461	0.0838686	0.236045	0.204626	1.993418	1.413247
27420	-1012.824	-1225.965	213.1404	1.670926	0.34952	0.0561832	0.457218	0.137078	2.078596	1.163326
27426	-997.6079	-1211.084	213.4765	1.254864	0.26437	0.0339493	0.606212	0.0954691	2.105638	1.163326
27432	-1006.371	-1220.202	213.8314	0.9407055	0.201335	0.030676	0.633437	0.134552	2.056236	1.163326
27438	-1009.511	-1222.993	213.4823	0.968216	0.198475	0.044447	0.624437	0.132641	2.056236	1.425622
27444	-1005.503	-1218.727	213.2241	1.254195	0.201438	0.0702517	0.631068	0.0972416	2.037386	1.425622
27450	-1024.987	-1238.688	213.7012	0.7993113	0.366241	0.211388	0.245573	0.176798	2.005946	1.42971
27456	-1002.912	-1215.072	212.1608	2.445515	0.103216	0.302685	0.475972	0.118128	2.059174	1.503543
27462	-1026.068	-1238.902	212.8338	1.105242	0.0832416	0.252147	0.410379	0.254232	1.940946	1.877354
27468	-1025.732	-1239.363	213.631	0.9602171	0.146022	0.23488	0.382276	0.236822	1.863908	1.465143
27474	-1044.201	-1256.668	212.4672	1.820175	0.12508	0.295036	0.479974	0.099911	2.045882	1.622708
27480	-1031.387	-1242.437	211.0498	5.517615	0.318488	0.162946	0.42922	0.0893461	2.085001	1.099127
27486	-1021.388	-1234.752	213.3633	1.373539	0.168441	0.376044	0.366186	0.0893296	1.953689	1.295758
27492	-1017.353	-1231.185	213.8313	0.7145948	0.131871	0.278899	0.545445	0.0437845	2.010984	1.394189
27498	-1017.861	-1231.966	214.1048	0.7871633	0.120121	0.115037	0.72496	0.039883	2.192612	0.921134
27504	-1015.687	-1229.732	214.0446	0.7871633	0.273135	0.234949	0.418839	0.0730767	2.178032	0.999197
27510	-1015.897	-1230.049	214.1522	0.7346279	0.277774	0.221955	0.425953	0.0743179	2.334427	0.7543144
27516	-1024.631	-1238.922	214.2913	0.5889574	0.244982	0.139217	0.506529	0.109272	2.298296	0.8239724
27522	-1029.332	-1242.295	212.9631	2.196916	0.318174	0.193763	0.346144	0.141919	2.217913	0.7831978
27528	-1021.566	-1234.966	213.4	1.253844	0.403967	0.093435	0.444899	0.0576986	2.29835	1.058513
27534	-1029.706	-1243.534	213.828	0.7466151	0.236963	0.059557	0.608549	0.0949309	2.427108	1.009326
27540	-1019.145	-1232.749	213.6039	1.27806	0.217575	0.0831472	0.566745	0.132533	2.236095	0.8895255
27546	-1030.02	-1243.77	213.7508	1.27806	0.40379	0.233378	0.306668	0.0561638	2.070481	0.9105906
27552	-1024.378	-1237.687	213.3094	0.7140983	0.274476	0.466603	0.146629	0.112291	1.980251	1.797958
27558	-995.9872	-1208.014	212.0271	2.02901	0.199177	0.325596	0.214932	0.260295	1.812188	1.978742
27564	-1003.881	-1215.715	211.8342	2.726076	0.0949804	0.0658233	0.67566	0.163536	1.930032	1.701752
27570	-1019.515	-1232.777	213.2622	1.336151	0.179122	0.285377	0.4024	0.133101	1.719503	1.57911
27576	-1032.251	-1244.939	212.6874	2.267544	0.128708	0.476281	0.120026	0.274985	2.010063	1.222626
27582	-1017.888	-1231.111	213.2235	1.392244	0.123031	0.522224	0.0880736	0.266672	2.193876	1.197955
27588	-1026.329	-1239.094	212.7648	1.629871	0.0589411	0.7115	0.103083	0.126476	2.090101	1.484105
27594	-1032.789	-1245.121	212.3317	2.164274	0.428889	0.0787768	0.256736	0.235598	2.093524	1.496615
27600	-1033.33	-1246.297	212.9674	1.416679	0.345043	0.169914	0.126653	0.35839	2.005532	1.532485
27606	-1023.7	-1236.734	213.0347	0.9482719	0.263297	0.129659	0.515617	0.0914275	1.847202	1.910369
27612	-1013.718	-1225.666	211.948	1.829185	0.530296	0.00492368	0.359475	0.105306	1.872192	2.092761
27618	-1018.824	-1231.666	212.8415	1.04841	0.467232	0.00727322	0.389634	0.135861	1.810961	1.997225
27624	-1019.914	-1232.903	212.9894	1.04841	0.366306	0.0645676	0.474317	0.0948091	1.865465	1.860617
27630	-1015.884	-1228.513	212.629	0.7281153	0.28625	0.189687	0.41604	0.108023	1.825256	2.339985
27636	-1020.532	-1233.26	212.7279	0.9020579	0.397338	0.253886	0.269684	0.0790922	1.884525	2.120944
27642	-1022.875	-1235.361	212.4859	1.165343	0.451575	0.156981	0.153323	0.238121	1.851156	2.130533
27648	-1028.745	-1241.579	212.8336	1.165343	0.197153	0.261085	0.30652	0.235242	1.868396	1.887478
27654	-1024.675	-1237.818	213.143	1.063432	0.271271	0.0622768	0.324994	0.341458	1.657707	1.887478
27660	-1037.29	-1247.443	210.1521	1.651758	0.338764	0.0718514	0.405853	0.183532	1.640896	3.42397
27666	-1029.4	-1239.738	210.3382	1.528026	0.293041	0.0548447	0.351074	0.301041	1.55881	3.42397
27672	-1020.675	-1232.364	211.6889	3.494354	0.193462	0.258333	0.109715	0.43849	2.154452	1.303269
27678	-1021.845	-1234.956	213.11	1.068717	0.277178	0.183358	0.261236	0.278228	1.830223	1.788015
27684	-1022.538	-1233.472	210.9339	0.8870526	0.443902	0.0248326	0.305159	0.226106	1.388863	3.527941
27690	-1031.354	-1241.502	210.1479	0.8870526	0.313012	0.0200385	0.552884	0.114066	1.536522	3.8968
27696	-1018.864	-1229.349	210.4859	0.7411451	0.2709	0.181774	0.478501	0.0688243	1.350973	3.8968
27702	-1016.639	-1226.147	209.5084	1.103898	0.259975	0.0373318	0.435424	0.26727	1.339659	4.249846
27708	-1028.629	-1239.504	210.8747	0.8461702	0.325421	0.116755	0.415633	0.142191	1.483024	3.532183
27714	-1020.609	-1234.23	213.6211	1.231823	0.262916	0.290788	0.134256	0.312041	2.08007	1.075155
27720	-1030.907	-1244.364	213.457	1.419371	0.142077	0.23582	0.378853	0.24325	2.401645	0.6880583
27726	-1030.683	-1244.298	213.6143	1.327649	0.119899	0.47708	0.164557	0.238464	2.154446	0.9184369
27732	-1034.297	-1246.397	212.1002	0.8577403	0.38573	0.183709	0.365898	0.064664	1.700953	2.663292
27738	-1020.505	-1232.155	211.6507	1.008938	0.240308	0.288128	0.321063	0.150502	1.562515	2.927641
27744	-1026.066	-1238.228	212.1621	1.000716	0.116891	0.201393	0.265667	0.416049	1.629298	2.579302
27750	-1023.827	-1235.431	211.6033	0.6990898	0.176651	0.207111	0.331837	0.284401	1.459094	3.209214
27756	-1022.905	-1234.038	211.1333	0.5452427	0.307924	0.227583	0.280324	0.184169	1.452562	3.583466
27762	-1030.077	-1242.313	212.2363	1.088786	0.100053	0.134744	0.563628	0.201575	1.739395	2.409682
27768	-1017.535	-1229.205	211.6698	1.088786	0.237043	0.135229	0.293908	0.33382	1.510923	2.899752
27774	-1026.551	-1237.981	211.4302	1.363628	0.301549	0.127416	0.256502	0.314534	1.550077	2.865313
27780	-1033.594	-1244.306	210.7118	1.522473	0.275732	0.242762	0.342299	0.139208	1.572549	3.198644
27786	-1020.121	-1232.665	212.5435	0.7373637	0.117507	0.270706	0.456555	0.155232	1.349295	2.684484
27792	-1013.846	-1226.25	212.4042	1.374183	0.203704	0.109546	0.555686	0.131064	1.584431	2.231378
27798	-1011.537	-1219.931	208.3946	1.256415	0.207709	0.505672	0.137147	0.149472	1.401554	4.760119
27804	-1008.279	-1219.945	211.6659	1.311887	0.24398	0.254416	0.326032	0.175573	1.768886	2.615953
27810	-1021.942	-1234.863	212.9213	1.496549	0.247177	0.24496	0.429018	0.0788451	1.95009	1.555953
27816	-1017.513	-1231.121	213.6077	0.7248756	0.23095	0.22135	0.330688	0.217012	1.822856	1.691159
27822	-1018.98	-1229.566	210.5863	3.570961	0.111186	0.329563	0.285619	0.273632	1.727552	2.339897
27828	-1033.093	-1245.581	212.4881	1.983435	0.15791	0.417134	0.236079	0.188877	1.703478	1.761555
27834	-1037.33	-1251.147	213.8171	0.8984476	0.121962	0.161303	0.25956	0.457176	2.594906	0.4777289
27840	-1029.346	-1241.92	212.5741	1.080312	0.200884	0.557913	0.148771	0.0924324	2.000692	2.02803
27846	-1037.29	-1251.252	213.9618	0.716646	0.214122	0.381913	0.0837696	0.320196	2.004028	1.294064
27852	-1025.241	-1238.853	213.6121	0.8849355	0.275013	0.133495	0.305358	0.286134	2.078435	1.373461
27858	-1029.199	-1242.894	213.6944	0.9126765	0.349334	0.180173	0.21385	0.256644	1.96756	1.373461
27864	-1021.292	-1234.337	213.0449	0.7046448	0.521333	0.172957	0.150977	0.154732	1.805093	2.100585
27870	-1012.961	-1225.898	212.9374	0.8668272	0.113235	0.355664	0.230953	0.300148	1.777457	2.077531
27876	-1016.843	-1228.086	211.2436	0.7405681	0.104806	0.542976	0.252756	0.0994609	1.744707	3.227101
27882	-1021.186	-1234.39	213.2041	1.462405	0.168141	0.393886	0.157065	0.280907	1.945426	1.366945
27888	-1009.659	-1222.851	213.1919	1.462405	0.238962	0.293421	0.0683916	0.399225	1.937586	1.382662
27894	-1015.667	-1227.775	212.1084	2.458952	0.172314	0.308834	0.0365515	0.4823	2.043453	1.547542
27900	-1022.165	-1232.949	210.7844	2.653557	0.121076	0.33462	0.0364443	0.507859	1.729137	2.553044
27906	-1013.505	-1226.054	212.5494	2.084489	0.197783	0.341572	0.0767044	0.38394	2.122842	1.350925
27912	-1005.805	-1217.942	212.1375	2.116572	0.00931065	0.574122	0.293082	0.123485	2.09842	1.660499
27918	-1015.336	-1227.329	211.9927	2.78386	0.0544287	0.541273	0.0907319	0.313567	2.12136	1.417101
27924	-1020.207	-1234.245	214.0376	0.9449141	0.0432287	0.640554	0.107621	0.208596	2.238684	0.7420701
27930	-1016.485	-1230	213.5146	1.193957	0.0573342	0.547254	0.16291	0.232501	2.325003	0.9746246
27936	-1007.781	-1220.247	212.466	2.718765	0.0914459	0.144537	0.516663	0.247354	2.325003	0.8341872
27942	-1005.524	-1219.078	213.5542	1.252824	0.0914459	0.144537	0.516663	0.247354	2.128186	1.074428
27948	-1011.63	-1224.857	213.2268	1.41168	0.232353	0.122612	0.510062	0.134973	1.942061	1.386718
27954	-1001.035	-1214.799	213.7648	0.9705257	0.17269	0.0972145	0.551061	0.179034	2.095221	1.161075
27960	-1003.153	-1217.025	213.8715	0.7572392	0.291028	0.163832	0.458437	0.0867023	2.126135	1.232244
27966	-1005.18	-1219.076	213.8957	0.6819759	0.343718	0.193494	0.430501	0.0322876	2.274104	1.15259
27972	-999.5291	-1213.579	214.05	0.6819759	0.136251	0.233469	0.51944	0.11084	2.261589	1.02108
27978	-997.0761	-1211.115	214.0392	0.6950371	0.145972	0.231426	0.514897	0.107705	2.37546	0.8989712
27984	-994.955	-1208.993	214.0375	0.8352866	0.219955	0.0799656	0.578972	0.121108	2.422962	0.6005299
27990	-1001.319	-1215.084	213.7653	0.9635762	0.204709	0.203855	0.379811	0.211626	2.580237	0.4760444
27996	-1008.303	-1222.016	213.7131	0.8612	0.18458	0.0431239	0.617108	0.155189	2.737177	0.4760444
28002	-1008.251	-1222.307	214.0555	0.7469552	0.272486	0.131673	0.40193	0.193912	2.513017	0.4652593
28008	-1010.723	-1224.862	214.1392	0.6765496	0.254377	0.257404	0.375219	0.112999	2.493884	0.5831837
28014	-1004.258	-1218.443	214.1853	0.6589365	0.237409	0.343224	0.191449	0.227918	2.475215	0.4581554
28020	-1010.528	-1224.716	214.1873	0.6589365	0.295622	0.215701	0.395869	0.0928075	2.475061	0.4701707
28026	-1013.731	-1227.946	214.2148	0.7503686	0.0932627	0.444682	0.250103	0.211953	2.319136	0.6407407
28032	-1001.853	-1216.1	214.2467	0.6992976	0.0773771	0.450644	0.257185	0.214794	2.343922	0.6344891
28038	-1011.69	-1226.048	214.3577	0.6549542	0.200673	0.417117	0.183396	0.198814	2.21783	0.7474402
28044	-997.521	-1211.381	213.8598	0.984028	0.258795	0.498548	0.116434	0.126223	2.404314	0.6973477
28050	-998.2031	-1212.259	214.056	0.7922138	0.300831	0.0588502	0.524255	0.116064	2.446813	0.6082903
28056	-997.9739	-1212.1	214.1257	0.7663885	0.207397	0.0993839	0.663829	0.0293907	2.382987	0.6588546
28062	-991.2822	-1205.249	213.9673	0.8739056	0.328591	0.152594	0.451295	0.06752	2.431015	0.6551294
28068	-1009.545	-1223.538	213.9928	0.8739056	0.323739	0.215156	0.143933	0.317172	2.405454	0.6551294
28074	-1003.317	-1217.358	214.0415	0.8573953	0.262537	0.305725	0.383735	0.0480031	2.341951	0.7143608
28080	-1010.513	-1224.462	213.9483	0.8573953	0.151367	0.146795	0.597401	0.104437	2.453935	0.6812234
28086	-1028.134	-1242.331	214.1974	0.7940655	0.1967	0.15699	0.558308	0.0880015	2.263279	0.6950113
28092	-1033.526	-1247.841	214.3152	0.6051272	0.250462	0.110235	0.47806	0.161242	2.397288	0.5681482
28098	-1008.082	-1222.219	214.1374	0.7603139	0.192503	0.364894	0.367433	0.0751697	2.397288	0.6129558
28104	-1012.393	-1226.221	213.8284	1.034754	0.155914	0.295538	0.469735	0.0788129	2.424932	0.6129558
28110	-1021.548	-1233.988	212.4398	0.6636401	0.279718	0.429336	0.203081	0.0878653	1.655675	2.607702
28116	-1021.166	-1233.792	212.6263	0.4685819	0.182702	0.321513	0.489016	0.00676914	1.669884	2.607702
28122	-1014.864	-1227.767	212.9031	0.4685819	0.288716	0.331426	0.373028	0.00682948	1.738088	2.392059
28128	-1009.457	-1222.116	212.6589	1.281186	0.571547	0.203757	0.211176	0.0135197	1.837374	1.953232
28134	-1007.071	-1219.361	212.2902	1.237552	0.448955	0.0542587	0.473933	0.0228526	1.78637	2.255149
28140	-1025.991	-1240.275	214.284	0.5753088	0.150067	0.203149	0.49253	0.154254	2.447703	0.6081357
28146	-1004.413	-1218.704	214.2918	0.5753088	0.223783	0.162989	0.54279	0.0704384	2.382728	0.7238208
28152	-1004.321	-1218.559	214.2385	0.6606043	0.236722	0.316227	0.310016	0.137035	2.369447	0.6836816
28158	-1011.307	-1225.641	214.3337	0.719902	0.136063	0.252458	0.457581	0.153898	2.255063	0.5774639
28164	-1012.936	-1226.946	214.0099	0.7798461	0.149687	0.102606	0.559523	0.188184	2.499846	0.6245015
28170	-1017.616	-1231.784	214.1679	0.6607088	0.327527	0.100081	0.43742	0.134972	2.493588	0.5204803
28176	-1030.612	-1244.573	213.9611	0.8481209	0.45898	0.0283038	0.404229	0.108487	2.498923	0.5514153
28182	-1040.705	-1254.705	214.0004	0.7645876	0.373309	0.0956393	0.442814	0.0882373	2.538772	0.5859862
28188	-1027.063	-1241.485	214.422	0.4472282	0.127973	0.426177	0.444318	0.00153213	2.457844	0.5137576
28194	-1028.004	-1241.812	213.8081	0.6607652	0.310645	0.336902	0.351243	0.00121118	2.837297	0.4136698
28200	-1021.747	-1235.555	213.8081	0.6607652	0.201428	0.250751	0.53839	0.00943113	2.837297	0.4136698
28206	-1007.73	-1221.517	213.7867	0.5303324	0.191195	0.346912	0.449295	0.0125974	2.93762	0.3311605
28212	-1006.283	-1219.907	213.6238	0.7251566	0.191237	0.346989	0.449393	0.0123808	2.895878	0.3311605
28218	-1005.533	-1219.301	213.7682	0.7251566	0.179182	0.164754	0.605539	0.0505259	2.805424	0.4056026
28224	-1011.64	-1225.173	213.5334	1.026358	0.356587	0.120627	0.477727	0.0450586	2.728711	0.4028173
28230	-1016.441	-1230.277	213.8364	0.910007	0.214314	0.0523114	0.706294	0.0270809	2.564516	0.4883073
28236	-1015.077	-1228.563	213.4865	1.266512	0.231838	0.247859	0.446322	0.0739818	2.564516	0.4648504
28242	-1015.757	-1229.682	213.9253	0.6700724	0.301199	0.282435	0.34687	0.0694966	2.713284	0.4214438
28248	-1022.529	-1236.677	214.1483	0.6700724	0.140668	0.408874	0.375272	0.0751869	2.501287	0.4633644
28254	-998.5517	-1212.743	214.1918	0.6700724	0.22547	0.268489	0.416893	0.0891484	2.38145	0.7262134
28260	-1006.882	-1221.049	214.1664	0.7668726	0.375455	0.218546	0.294791	0.111209	2.300563	0.7323073
28266	-1021.901	-1236.005	214.1042	0.5556499	0.211323	0.142726	0.583357	0.0625935	2.663031	0.449905
28272	-1019.575	-1233.656	214.0809	0.692778	0.417847	0.095742	0.421684	0.064727	2.54072	0.4444153
28278	-1021.314	-1234.672	213.3572	1.227334	0.216311	0.0266875	0.665994	0.0910075	2.704839	0.3907741
28284	-1024.098	-1238.575	214.4765	0.5544905	0.233983	0.110824	0.526364	0.128829	2.104028	0.8783542
28290	-1018.639	-1232.124	213.4849	0.9591712	0.186179	0.118155	0.409497	0.286168	2.802945	0.3425225
28296	-1034.241	-1247.527	213.2859	1.186265	0.152758	0.572843	0.218106	0.0562928	2.829526	0.4229082
28302	-1012.902	-1226.951	214.0492	0.5401039	0.146077	0.172555	0.632552	0.0488161	2.738473	0.4783199
28308	-1020.766	-1234.509	213.7433	0.9533935	0.121113	0.160965	0.682566	0.0353559	2.608229	0.5543304
28314	-1011.216	-1225.473	214.2562	0.708091	0.0955856	0.317718	0.560524	0.0261726	2.310915	0.6653146
28320	-1029.793	-1244.022	214.2296	0.5720787	0.252708	0.505465	0.202955	0.0388725	2.523953	0.532953
28326	-1023.185	-1237.571	214.386	0.4451581	0.19575	0.180821	0.593318	0.0301109	2.49585	0.4887839
28332	-1014.984	-1229.348	214.3642	0.5284904	0.191099	0.200284	0.579221	0.0293955	2.425652	0.5764539
28338	-1018.022	-1232.295	214.2727	0.5919279	0.420718	0.0761856	0.478797	0.024299	2.405011	0.6886397
28344	-1014.473	-1228.738	214.2655	0.5919279	0.237997	0.155384	0.592365	0.0142534	2.466237	0.5406595
28350	-1011.828	-1225.781	213.953	0.8662659	0.20083	0.131118	0.656024	0.0120275	2.403625	0.7424704
28356	-1014.655	-1228.5	213.8446	0.8662659	0.33398	0.155728	0.375819	0.134473	2.601277	0.4879718
28362	-1005.406	-1219.019	213.6126	0.8797603	0.245909	0.159257	0.332793	0.262041	2.813751	0.4475131
28368	-1003.62	-1217.228	213.6077	0.8797603	0.297324	0.068484	0.626	0.00819251	2.813751	0.5770928
28374	-1014.174	-1228.207	214.0332	0.5191709	0.264617	0.170955	0.557137	0.00729129	2.773331	0.4595465
28380	-1029.04	-1241.223	212.1837	1.951977	0.261945	0.0891212	0.39433	0.254603	1.736556	1.963375
28386	-1022.582	-1234.8	212.218	1.62061	0.228985	0.0744206	0.347858	0.348737	1.913935	1.99816
28392	-1029.029	-1241.671	212.6424	1.20957	0.300983	0.138461	0.244249	0.316307	1.853346	1.99816
28398	-1032.012	-1244.711	212.6984	1.834916	0.257582	0.359301	0.112422	0.270696	2.087203	1.410553
28404	-1010.162	-1224.343	214.181	0.7195161	0.303654	0.197963	0.470949	0.0274333	2.29127	0.7970357
28410	-1019.889	-1233.907	214.0181	0.7851684	0.141967	0.469323	0.305663	0.0830473	2.409518	0.7626452
28416	-1027.832	-1241.482	213.6504	1.228106	0.32305	0.127865	0.431774	0.117311	2.410903	0.6277843
28422	-1011.735	-1226.028	214.2934	0.6197523	0.191781	0.435145	0.371481	0.00159195	2.244268	0.8482776
28428	-1013.203	-1227.457	214.2542	0.6197523	0.0786607	0.265559	0.65352	0.0022598	2.163926	0.980442
28434	-1031.715	-1245.446	213.7314	0.6962446	0.27481	0.234655	0.354229	0.136306	2.867949	0.395679
28440	-1012.414	-1225.718	213.3034	1.525385	0.168741	0.496001	0.169232	0.166027	2.176341	1.035998
28446	-1005.153	-1217.404	212.2505	2.522054	0.123576	0.568907	0.141989	0.165528	1.86328	1.544569
28452	-1008.349	-1220.984	212.6348	2.15317	0.219123	0.160278	0.0685252	0.552074	1.757034	1.527486
28458	-1007.614	-1221.538	213.9238	0.8281537	0.251231	0.0636762	0.334604	0.350489	1.838939	1.362892
28464	-1018.218	-1231.738	213.5194	1.530925	0.163124	0.27606	0.325802	0.235014	1.982041	1.010148
28470	-1012.107	-1225.934	213.8268	0.8855996	0.151642	0.327016	0.30287	0.218472	2.285681	1.006843
28476	-1012.322	-1225.965	213.6438	1.046881	0.309519	0.14742	0.267467	0.275594	2.119876	1.178675
28482	-1001.448	-1214.432	212.9842	1.930111	0.268182	0.127732	0.365299	0.238787	2.122208	1.079596
28488	-999.5531	-1212.544	212.9914	1.732009	0.401857	0.105799	0.251494	0.24085	2.337013	1.016098
28494	-992.9523	-1205.238	212.2861	2.839493	0.29123	0.32376	0.183627	0.201383	2.262738	1.016098
28500	-990.5412	-1204.228	213.6864	1.087988	0.108796	0.352583	0.457214	0.0814065	2.213758	1.016098
28506	-989.891	-1203.305	213.4137	1.459927	0.159104	0.286395	0.137436	0.417066	2.168325	0.990936
28512	-1003.826	-1214.877	211.0512	5.258132	0.302788	0.129385	0.261552	0.306275	2.303242	0.990936
28518	-1003.43	-1213.202	209.7722	9.396863	0.294622	0.034889	0.303823	0.366666	2.094791	1.07491
28524	-1003.509	-1216.235	212.7257	2.145106	0.276427	0.016272	0.470696	0.236605	2.22219	1.078222
28530	-1019.117	-1231.348	212.2304	2.536779	0.109452	0.0340079	0.728324	0.128215	1.970294	1.472249
28536	-1014.478	-1227.537	213.0588	1.481541	0.213105	0.0300496	0.643553	0.113292	1.982186	1.438344
28542	-1023.114	-1235.951	212.8375	1.347851	0.174627	0.0651819	0.751291	0.00890021	1.899098	1.74686
28548	-1041.179	-1254.701	213.5223	1.129578	0.262833	0.180353	0.539097	0.017717	2.039777	1.280642
28554	-1028.187	-1241.858	213.6705	0.9023911	0.246272	0.151989	0.518968	0.0827709	2.278136	1.14399
28560	-1032.985	-1245.346	212.361	1.613789	0.322057	0.204314	0.328155	0.145474	1.870987	1.934856
28566	-1025.376	-1238.79	213.4137	1.144889	0.415053	0.151765	0.199051	0.234132	1.933284	1.439207
28572	-1023.16	-1236.487	213.3274	1.144889	0.368531	0.168182	0.255399	0.207889	2.300815	1.213192
28578	-1019.987	-1233.687	213.7003	1.204633	0.412462	0.18823	0.285844	0.113464	2.029719	1.072
28584	-1030.168	-1243.777	213.609	0.9492418	0.265262	0.121054	0.269203	0.344481	2.333418	1.106606
28590	-1024.25	-1238.205	213.9548	0.9492418	0.199392	0.124082	0.476361	0.200165	2.155329	0.9425594
28596	-1030.662	-1244.026	213.3641	1.587529	0.349229	0.367157	0.128509	0.155105	2.155329	0.9425594
28602	-1021.34	-1234.71	213.37	1.438408	0.238446	0.321911	0.331897	0.107747	2.297332	0.9212302
28608	-1023.013	-1236.947	213.9339	0.8414302	0.278521	0.288893	0.0888777	0.343708	2.297332	0.9314119
28614	-1014.699	-1227.758	213.0586	1.484965	0.206595	0.137811	0.572872	0.0827219	2.77391	0.3952504
28620	-1025.223	-1238.158	212.9351	1.412736	0.0903679	0.596697	0.0797319	0.233203	2.887263	0.3092441
28626	-1019.545	-1232.474	212.9286	1.33764	0.225085	0.402973	0.0758245	0.296117	2.940541	0.2937569
28632	-1023.235	-1236.049	212.8132	1.513653	0.173298	0.477421	0.0872061	0.262074	2.900719	0.2937569
28638	-1025.597	-1238.81	213.2123	1.121528	0.259128	0.329953	0.0384445	0.372474	2.836514	0.2787185
28644	-1008.776	-1222.252	213.476	0.9399512	0.300312	0.437269	0.0445544	0.217865	2.837302	0.3492718
28650	-1027.745	-1240.837	213.0916	1.787025	0.174283	0.0156679	0.75917	0.050879	2.070064	1.13099
28656	-1018.181	-1231.051	212.8699	2.10294	0.343186	0.102232	0.214595	0.339987	2.148757	1.040242
28662	-1031.282	-1244.281	212.999	1.882016	0.211649	0.164963	0.311579	0.31181	2.21798	1.009046
28668	-1022.167	-1236.08	213.9135	0.8041842	0.191593	0.14933	0.35888	0.300197	2.479977	0.7827926
28674	-1014.151	-1228.225	214.0746	0.6991535	0.331622	0.198523	0.429545	0.0403114	2.324779	0.9111582
28680	-1006.722	-1221.017	214.2942	0.5830434	0.271821	0.204602	0.442698	0.0808802	1.914352	1.209433
28686	-998.0712	-1212.109	214.0376	0.8659881	0.312239	0.115637	0.228463	0.343661	2.145711	0.9552735
28692	-1019.209	-1232.716	213.5075	1.398532	0.344357	0.062854	0.161168	0.43162	2.364584	0.6969533
28698	-1016.176	-1230.11	213.9347	0.8464741	0.281232	0.34653	0.144889	0.227349	2.470182	0.6969533
28704	-1019.022	-1232.929	213.9071	0.8351807	0.160726	0.336709	0.372635	0.129931	2.500745	0.7121979
28710	-1005.944	-1220.178	214.2345	0.581956	0.290224	0.363145	0.236947	0.109683	2.500745	0.5742354
28716	-1003.236	-1217.063	213.8268	0.9312981	0.235023	0.294075	0.369633	0.101269	2.542604	0.5742354
28722	-1002.731	-1216.862	214.1312	0.7101397	0.333322	0.111815	0.470373	0.0844895	2.42342	0.6853375
28728	-1011.958	-1225.874	213.9156	0.9559038	0.37094	0.011576	0.523459	0.0940249	2.381625	0.6887162
28734	-1004.61	-1218.373	213.7629	1.179133	0.391059	0.0126086	0.486822	0.10951	2.315372	0.6887162
28740	-1006.443	-1220.121	213.6777	1.179133	0.303136	0.00889128	0.377368	0.310605	2.264414	0.8784783
28746	-1005.697	-1219.057	213.36	1.037274	0.349724	0.0432944	0.513754	0.0932282	2.329407	1.249935
28752	-997.4286	-1209.248	211.8189	3.300055	0.344975	0.0749059	0.43842	0.141699	2.197194	1.249935
28758	-991.1607	-1203.282	212.1217	2.100123	0.115666	0.487839	0.149992	0.246503	2.00986	1.742889
28764	-992.8817	-1205.173	212.2917	1.297753	0.314221	0.311834	0.128974	0.244971	2.043929	2.050158
28770	-1002.271	-1214.109	211.8383	1.450729	0.245421	0.498123	0.228027	0.0284295	1.796516	2.413654
28776	-1012.762	-1226.272	213.5098	0.5049092	0.15427	0.509534	0.328994	0.00720177	1.64451	2.037429
28782	-1006.473	-1218.926	212.453	0.925141	0.0990534	0.344315	0.544979	0.0116525	1.697905	2.402153
28788	-1012.084	-1224.915	212.8314	1.2319	0.135134	0.408606	0.397188	0.0590725	1.661117	1.986328
28794	-996.4828	-1209.675	213.1922	0.9262338	0.1613	0.382332	0.402309	0.0540581	1.849765	1.816285
28800	-1007.735	-1221.032	213.2967	1.106398	0.245578	0.0638666	0.65084	0.0397148	1.78756	1.660688
28806	-1018.28	-1231.686	213.4061	0.869519	0.232989	0.43303	0.284976	0.0490042	1.915783	1.660688
28812	-1026.857	-1239.429	212.5721	0.869519	0.212053	0.313682	0.196605	0.27766	1.688719	2.368782
28818	-1027.655	-1241.608	213.9529	0.7627109	0.178747	0.32686	0.257981	0.236411	1.903833	1.342804
28824	-1019.764	-1231.889	212.1252	1.222745	0.238653	0.359584	0.283809	0.117954	1.728872	2.405644
28830	-1023.723	-1236.019	212.2959	1.159242	0.256615	0.326568	0.370154	0.046663	1.576659	2.431819
28836	-1006.008	-1218.468	212.4602	0.8847943	0.251399	0.298879	0.407016	0.0427065	1.600227	2.485047
28842	-1025.83	-1238.745	212.9145	0.8847943	0.41468	0.224457	0.314436	0.046427	1.651801	2.162603
28848	-1013.78	-1227.446	213.666	0.7761821	0.192988	0.16677	0.572272	0.067971	1.997863	1.481126
28854	-1012.199	-1225.389	213.1898	0.8400009	0.120186	0.539382	0.288426	0.0520063	1.778933	1.926896
28860	-1026.088	-1239.686	213.5982	0.7837034	0.218	0.103432	0.66093	0.0176378	1.829098	1.649258
28866	-1024.623	-1238.185	213.5619	0.7216983	0.202348	0.167805	0.613476	0.0163714	1.763562	1.767481
28872	-1030.094	-1243.958	213.8646	0.7226564	0.0626946	0.366071	0.543992	0.0272421	1.944171	1.413594
28878	-1011.59	-1225.406	213.8159	0.7593463	0.162671	0.323367	0.470144	0.0438174	1.930107	1.432093
28884	-1011.241	-1224.948	213.7065	0.597166	0.156824	0.301106	0.380287	0.161783	1.936501	1.635801
28890	-1007.542	-1220.11	212.5679	1.873821	0.242979	0.311772	0.182238	0.263011	1.950445	1.58838
28896	-1015.948	-1227.413	211.4657	2.908639	0.116169	0.70623	0.0798813	0.0977195	2.011685	1.822817
28902	-1011.175	-1221.601	210.4267	5.36072	0.388652	0.197226	0.186264	0.227858	1.925605	1.757025
28908	-1016.182	-1227.495	211.3126	4.24817	0.265709	0.481049	0.0371253	0.216117	1.990987	1.424465
28914	-1017.297	-1230.468	213.1707	1.663345	0.327025	0.503231	0.0556988	0.114045	1.734756	1.424465
28920	-1011.166	-1224.304	213.1385	1.03201	0.320213	0.335908	0.256752	0.0871267	1.7954	1.817461
28926	-1007.143	-1219.826	212.6838	0.89486	0.359808	0.375574	0.225187	0.0394304	1.805859	2.205577
28932	-1011.015	-1224.11	213.0944	0.7338144	0.194044	0.275171	0.451694	0.0790918	1.496025	2.249035
28938	-1004.319	-1218.346	214.0275	0.6796394	0.155398	0.220368	0.517393	0.106842	1.884517	1.368588
28944	-1022.178	-1234.927	212.7492	0.5141236	0.241555	0.321983	0.33996	0.0965018	1.742299	2.457999
28950	-1019.276	-1232.388	213.1119	0.5141236	0.241555	0.321983	0.33996	0.0965018	1.794323	2.193777
28956	-1029.423	-1240.954	211.5302	0.8776914	0.247374	0.298006	0.300323	0.154297	1.614028	3.049086
28962	-1028.054	-1240.378	212.3248	0.7987446	0.0967914	0.35763	0.36041	0.185168	1.907283	2.433459
28968	-1030.943	-1242.159	211.2166	1.537438	0.30373	0.11658	0.300861	0.27883	1.612942	2.864475
28974	-1026.712	-1237.631	210.919	5.063526	0.0329832	0.18111	0.246968	0.538939	2.808949	0.4436242
28980	-1027.395	-1238.043	210.6484	5.682535	0.0329828	0.186011	0.436418	0.344589	2.815954	0.4189191
28986	-1034.905	-1247.035	212.1295	2.846589	0.325592	0.248798	0.301475	0.124135	2.691567	0.3626672
28992	-1021.674	-1235.187	213.5123	1.05061	0.191131	0.25533	0.474762	0.0787774	2.720202	0.3920565
28998	-1004.489	-1218.32	213.8306	0.6077405	0.197536	0.263886	0.490671	0.0479074	2.865191	0.4013988
29004	-1006.808	-1219.911	213.1028	1.334208	0.291421	0.415442	0.167829	0.125308	2.866374	0.4013988
29010	-1027.792	-1241.119	213.3268	1.028204	0.161455	0.583613	0.236958	0.0179743	2.92927	0.3945516
29016	-1022.166	-1235.876	213.7106	0.8271358	0.155146	0.0925553	0.725712	0.0265868	2.77385	0.4665884
29022	-1018.138	-1231.364	213.226	1.475224	0.225221	0.0649492	0.509257	0.200573	2.640203	0.4883898
29028	-1014.008	-1227.66	213.6514	1.112701	0.0517757	0.510642	0.283313	0.154269	2.53798	0.5734589
29034	-1017.282	-1231.351	214.0691	0.7115663	0.11327	0.533993	0.296269	0.0564687	2.53798	0.5266621
29040	-1009.985	-1223.99	214.005	0.7948862	0.217273	0.266925	0.41908	0.0967224	2.506304	0.5711495
29046	-1015.607	-1229.518	213.9104	0.8737698	0.0784929	0.428409	0.381619	0.111479	2.516739	0.5790262
29052	-1014.83	-1228.522	213.6921	1.152062	0.427645	0.248189	0.226073	0.0980932	2.459725	0.5718573
29058	-1014.083	-1227.913	213.8303	0.8201637	0.133161	0.263161	0.499668	0.104011	2.617293	0.6683411
29064	-1012.564	-1226.454	213.8902	0.8201637	0.113497	0.517006	0.280845	0.0886517	2.51251	0.7452093
29070	-1011.996	-1225.952	213.9561	0.838474	0.198177	0.156647	0.490382	0.154794	2.51251	0.5589916
29076	-1015.268	-1229.254	213.9852	0.8625625	0.217373	0.20439	0.408448	0.169788	2.356633	0.7699137
29082	-1011.927	-1226.27	214.3424	0.5907667	0.218448	0.218253	0.435137	0.128162	2.391699	0.5318953
29088	-1007.571	-1222.042	214.4711	0.5704356	0.124137	0.42635	0.36448	0.0850338	2.15871	0.7966314
29094	-1026.775	-1240.231	213.4563	1.34616	0.221058	0.242905	0.364257	0.17178	2.022842	1.180314
29100	-1019.085	-1233.502	214.4161	0.6578144	0.20536	0.34749	0.307245	0.139904	2.046214	0.8896084
29106	-1011.089	-1225.277	214.1885	0.8055398	0.151846	0.201339	0.543368	0.103447	2.153435	0.8476319
29112	-1011.736	-1226.023	214.2874	0.7029515	0.329559	0.260807	0.323319	0.0863145	2.174939	0.8325502
29118	-1013.598	-1227.78	214.182	0.8361958	0.258649	0.16756	0.546203	0.0275879	2.140213	0.8325502
29124	-1031.578	-1245.978	214.4001	0.5846673	0.267538	0.0583144	0.564973	0.109175	2.322292	0.6070887
29130	-1005.945	-1220.038	214.0926	0.8276402	0.200629	0.11117	0.610699	0.0775013	2.322292	0.7135396
29136	-1005.765	-1220.206	214.4411	0.5719607	0.293097	0.179283	0.468202	0.0594175	2.273834	0.656687
29142	-1009.444	-1223.232	213.7879	1.120693	0.318405	0.202078	0.304259	0.175258	2.184023	0.9082231
29148	-1008.124	-1221.422	213.2981	1.391347	0.153781	0.177807	0.221539	0.446874	1.893049	1.383458
29154	-1000.449	-1214.226	213.7767	0.9827597	0.29837	0.151948	0.126179	0.423504	2.022236	1.203319
29160	-1010.601	-1224.677	214.0757	0.9205563	0.279604	0.0587516	0.411075	0.25057	2.15351	0.839944
29166	-1000.497	-1212.074	211.5776	4.557082	0.213352	0.201894	0.313671	0.271083	2.221347	0.839944
29172	-1007.001	-1220.116	213.1153	1.840686	0.0384858	0.0515216	0.756448	0.153545	2.339679	0.7727604
29178	-1018.548	-1231.095	212.5474	2.710249	0.163187	0.245448	0.353548	0.237816	2.405308	0.4888962
29184	-1003.984	-1217.521	213.5372	0.9090733	0.163474	0.177846	0.417654	0.241026	2.79152	0.3320624
29190	-1011.618	-1225.312	213.6936	0.6854159	0.159175	0.189474	0.333243	0.318108	2.886205	0.3503569
29196	-1001.886	-1214.427	212.5407	2.049941	0.197965	0.100879	0.358724	0.342432	2.808561	0.3503569
29202	-1009.491	-1221.398	211.9073	3.36279	0.264979	0.293156	0.120682	0.321183	2.652316	0.4521157
29208	-1019.996	-1231.847	211.851	3.36279	0.276049	0.131151	0.141601	0.451199	2.705749	0.4403818
29214	-1026.386	-1239.219	212.8325	2.167419	0.382486	0.14512	0.196199	0.276195	2.477034	0.5751227
29220	-1031.385	-1243.636	212.2513	3.079803	0.505874	0.0258515	0.142226	0.326048	2.463562	0.5815186
29226	-1032.18	-1246.393	214.2132	0.6466164	0.185845	0.169874	0.550127	0.0941542	2.463562	0.5154539
29232	-1025.259	-1239.349	214.0898	0.6466164	0.181884	0.1027	0.538401	0.177015	2.584891	0.5365873
29238	-1014.408	-1228.344	213.9361	0.6466164	0.316531	0.12392	0.345959	0.21359	2.715384	0.394938
29244	-1019.779	-1233.872	214.0929	0.507918	0.395406	0.142298	0.397267	0.0650294	2.71689	0.4279191
29250	-1028.405	-1242.35	213.9445	0.5491663	0.416677	0.149953	0.39072	0.0426496	2.766919	0.3376201
29256	-1021.816	-1235.661	213.8452	0.4828072	0.156104	0.268676	0.528421	0.0467992	2.90993	0.3158857
29262	-997.6301	-1210.973	213.3424	0.7697076	0.16901	0.274655	0.540181	0.0161539	3.027307	0.2581983
29268	-1003.478	-1217.004	213.5255	0.5965277	0.2374	0.442603	0.238578	0.0814184	3.027307	0.2581983
29274	-1003.091	-1216.574	213.4826	0.8440395	0.226042	0.421428	0.227164	0.125366	2.883828	0.3061549
29280	-996.9405	-1210.806	213.8657	0.4934079	0.140061	0.526355	0.251647	0.0819366	2.930127	0.3716573
29286	-1008.46	-1221.664	213.2041	0.7998106	0.0599967	0.379846	0.481383	0.0787744	3.081243	0.2327896
29292	-999.7926	-1212.548	212.755	0.9837336	0.069828	0.288666	0.551292	0.0902145	3.213576	0.1868913
29298	-1016.191	-1229.015	212.8241	0.9307882	0.0969317	0.466301	0.236972	0.199795	3.197969	0.1868913
29304	-1008.407	-1222.216	213.8091	0.9385475	0.2521	0.000108772	0.544782	0.203009	2.560453	0.5359719
29310	-993.4902	-1207.182	213.6914	1.082406	0.426347	0.000139362	0.449529	0.123985	2.537176	0.4942584
29316	-997.2215	-1210.185	212.9632	1.797888	0.316627	0.000251998	0.535441	0.14768	2.63528	0.4870297
29322	-1011.299	-1225.107	213.8081	0.8920286	0.297662	0.00306534	0.545579	0.153694	2.607509	0.5460107
29328	-1014.25	-1228.335	214.0856	0.6518887	0.301546	0.0188344	0.274382	0.405237	2.441796	0.8187156
29334	-1031.461	-1245.219	213.758	0.4631921	0.111926	0.251519	0.536932	0.0996235	2.958136	0.274295
29340	-1014.087	-1228.255	214.1683	0.7905584	0.306449	0.228102	0.23202	0.23343	2.215856	0.8143423
29346	-1026.743	-1240.484	213.7416	0.7910753	0.307249	0.187715	0.347671	0.157366	2.115824	1.318339
29352	-1018.645	-1232.221	213.5765	0.99904	0.337175	0.0899521	0.381535	0.191338	2.067447	1.318339
29358	-1014.077	-1227.135	213.0585	1.023919	0.174505	0.267962	0.252328	0.305205	1.902457	1.804329
29364	-1017.824	-1231.054	213.2298	0.810476	0.261968	0.19973	0.271683	0.266619	1.949085	1.804329
29370	-1026.937	-1238.929	211.9926	2.166842	0.341692	0.198211	0.178738	0.281359	3.115045	0.240654
29376	-1022.641	-1235.974	213.3326	0.6621855	0.184109	0.288293	0.279639	0.247958	3.120581	0.2430039
29382	-1032.862	-1245.863	213.0009	0.6621855	0.14925	0.486256	0.138022	0.226471	3.367961	0.2084222
29388	-1028.867	-1241.938	213.0703	0.6272972	0.150498	0.527313	0.0938238	0.228365	3.295325	0.1948508
29394	-1032.667	-1245.669	213.0018	0.631733	0.209609	0.366027	0.331085	0.0932796	3.333191	0.1868456
29400	-1030.403	-1243.563	213.16	0.533834	0.21438	0.37436	0.338623	0.0726375	3.221953	0.1714882
29406	-1026.445	-1239.302	212.8573	0.8610513	0.166198	0.406946	0.368098	0.0587587	3.261297	0.1945461
29412	-1017.929	-1230.512	212.5834	0.8727175	0.242785	0.48918	0.25131	0.0167251	3.439079	0.1704569
29418	-1008.67	-1221.633	212.9633	0.9415454	0.235028	0.311019	0.372376	0.0815765	3.174744	0.2323993
29424	-1018.386	-1231.223	212.8362	0.9415454	0.114034	0.318729	0.392556	0.174682	3.221986	0.2018223
29430	-1021.371	-1234.362	212.9911	0.8933252	0.21755	0.445494	0.143592	0.193364	3.116345	0.2018223
29436	-1024.266	-1237.351	213.0849	1.080005	0.17898	0.314344	0.196838	0.309838	3.016501	0.2866869
29442	-1023.008	-1236.387	213.3783	0.4515501	0.203125	0.250004	0.377057	0.169814	3.178101	0.1988469
29448	-1037.841	-1250.986	213.1455	0.6719473	0.154193	0.297033	0.384016	0.164757	3.224703	0.2126781
29454	-1014.595	-1227.768	213.1738	0.6719473	0.217852	0.142167	0.429532	0.210449	3.180584	0.2069374
29460	-1006.318	-1219.632	213.3143	0.9282421	0.364449	0.240986	0.23739	0.157176	2.883166	0.2540785
29466	-998.3201	-1211.931	213.6112	0.4889189	0.359938	0.0503276	0.558233	0.0315009	3.045063	0.2547338
29472	-1010.921	-1224.659	213.7381	0.4889189	0.216843	0.260568	0.399094	0.123495	2.97629	0.289262
29478	-1009.451	-1223.247	213.7955	0.4889189	0.0491352	0.265354	0.621113	0.0643975	2.918819	0.289262
29484	-1001.886	-1215.61	213.7248	0.4139638	0.133712	0.315	0.496591	0.0546973	2.982472	0.2451517
29490	-1014.171	-1227.578	213.4069	0.8321251	0.154515	0.362251	0.37095	0.112284	2.937192	0.2814779
29496	-1009.987	-1223.275	213.2878	0.7908476	0.310248	0.165808	0.372576	0.151369	3.053942	0.2551412
29502	-1008.87	-1221.821	212.9516	1.123637	0.398536	0.212992	0.194023	0.19445	3.053942	0.2551412
29508	-1023.641	-1236.455	212.8144	1.186578	0.368526	0.183469	0.280507	0.167497	3.075304	0.2290607
29514	-1007.357	-1220.415	213.0574	1.141232	0.31254	0.130029	0.286344	0.271086	2.951782	0.2663593
29520	-1023.821	-1236.752	212.9318	1.265787	0.173186	0.244372	0.168171	0.414271	2.951782	0.2617466
29526	-1013.724	-1227.125	213.401	0.7849455	0.127004	0.378379	0.283571	0.211046	2.959259	0.2617466
29532	-1012.591	-1226.142	213.5503	0.6105182	0.118046	0.335129	0.251158	0.295667	2.993104	0.2611009
29538	-1015.349	-1227.5	212.1507	2.186762	0.064937	0.452256	0.0838042	0.399002	2.993104	0.2665519
29544	-1019.451	-1231.982	212.5316	2.186762	0.317609	0.192251	0.11739	0.37275	2.729835	0.3653076
29550	-1032.478	-1245.98	213.5025	0.5767895	0.0739359	0.271484	0.490525	0.164055	3.028526	0.237387
29556	-1029.696	-1243.246	213.5503	0.507899	0.218092	0.269727	0.48735	0.0248305	3.113314	0.2691009
29562	-1020.299	-1233.607	213.3081	0.6614419	0.232335	0.265252	0.478055	0.024357	3.148922	0.2444398
29568	-1030.327	-1243.545	213.2176	0.7672476	0.315268	0.445044	0.216303	0.0233851	3.148922	0.2551072
29574	-1047.921	-1261.508	213.5868	1.016534	0.187789	0.188172	0.559783	0.0642555	2.273721	1.11964
29580	-1014.935	-1228.675	213.7398	0.5607084	0.150523	0.184315	0.605238	0.0599239	2.948906	0.3269325
29586	-1025.559	-1239.278	213.7192	0.5207711	0.129683	0.579302	0.260334	0.0306811	2.948906	0.2797162
29592	-1024.437	-1238.161	213.7242	0.5207711	0.135195	0.247319	0.485081	0.132404	2.979119	0.3044681
29598	-1029.006	-1242.639	213.6336	0.7726758	0.129153	0.255873	0.501858	0.113116	2.869639	0.3706771
29604	-1016.734	-1230.427	213.6935	0.8294706	0.25061	0.240707	0.472112	0.0365715	2.788086	0.4634536
29610	-1004.441	-1217.961	213.5204	0.9511672	0.14281	0.38537	0.235794	0.236026	2.811639	0.3921619
29616	-998.5227	-1212.186	213.663	0.7732456	0.189073	0.324993	0.312178	0.173756	2.842413	0.3746601
29622	-1015.954	-1229.298	213.3433	1.03115	0.209482	0.304373	0.128735	0.35741	2.857922	0.3277768
29628	-1025.282	-1239.218	213.9367	0.56383	0.243175	0.353328	0.239311	0.164187	2.749664	0.3277768
29634	-1010.764	-1224.31	213.5469	0.974505	0.171515	0.249208	0.463474	0.115804	2.783215	0.448941
29640	-1003.17	-1216.608	213.4377	1.249509	0.24703	0.242148	0.450344	0.0604776	2.631649	0.4982267
29646	-1030.04	-1243.133	213.0933	1.368793	0.115202	0.0803812	0.441627	0.36279	2.864898	0.4669088
29652	-1024.109	-1237.25	213.1405	1.255691	0.26301	0.115779	0.525359	0.0958517	2.865027	0.3483789
29658	-1014.793	-1227.006	212.2127	2.763849	0.516919	0.0779732	0.353811	0.0512968	2.70236	0.5463384
29664	-1016.772	-1229.53	212.7583	1.956956	0.505173	0.0609332	0.251144	0.18275	2.715951	0.5245248
29670	-1022.445	-1235.905	213.4599	1.24361	0.231485	0.203599	0.44144	0.123475	2.614885	0.503948
29676	-1022.208	-1235.609	213.4012	1.307007	0.305062	0.268314	0.348905	0.0777185	2.614885	0.5124428
29682	-1009.767	-1223.41	213.6426	1.036123	0.0954254	0.324503	0.486077	0.0939941	2.631258	0.5132924
29688	-1020.433	-1234.721	214.2871	0.5517444	0.262512	0.165644	0.558618	0.0132266	2.483953	0.5549283
29694	-1016.346	-1230.486	214.1396	0.6824249	0.118727	0.318829	0.553078	0.00936658	2.3605	0.8121738
29700	-1020.675	-1235.066	214.3915	0.6037606	0.150902	0.321796	0.522456	0.00484577	1.969355	1.053382
29706	-1015.594	-1229.727	214.1331	0.53627	0.166934	0.355982	0.469923	0.0071611	2.297825	1.053382
29712	-1019.889	-1232.561	212.6717	0.9314638	0.253105	0.0864339	0.628607	0.0318541	2.072695	2.014078
29718	-1045.321	-1259.02	213.6989	0.86348	0.324912	0.120243	0.513954	0.0408912	2.184361	1.235024
29724	-1029.667	-1242.364	212.6974	1.149056	0.234398	0.262641	0.313622	0.189339	1.739227	2.075451
29730	-1015.993	-1227.498	211.5054	2.456345	0.440663	0.360023	0.0499992	0.149315	1.671932	2.214965
29736	-1020.663	-1232.303	211.6397	2.292892	0.388484	0.288464	0.0440787	0.278974	1.768899	2.13753
29742	-1025.226	-1237.123	211.8972	0.9929863	0.51803	0.0564199	0.324756	0.100794	1.588364	2.772183
29748	-1040.034	-1251.557	211.5232	2.318378	0.337333	0.0367397	0.211475	0.414452	1.776865	2.196495
29754	-1018.695	-1232.668	213.9732	0.7327097	0.385187	0.109835	0.429536	0.075442	2.027428	1.251469
29760	-1019.273	-1232.882	213.6091	0.8247193	0.235034	0.136659	0.53444	0.0938669	2.092499	1.413483
29766	-1021.401	-1235.566	214.1649	0.596465	0.171207	0.11677	0.582845	0.129178	2.212078	1.045318
29772	-1017.365	-1231.072	213.707	0.8980478	0.110684	0.403375	0.333829	0.152112	2.247311	1.142938
29778	-1022.614	-1236.009	213.3958	0.5447947	0.116232	0.355449	0.367941	0.160378	1.910439	1.908503
29784	-1040.841	-1252.835	211.9937	1.239652	0.295026	0.323752	0.00295475	0.378267	2.040451	2.281133
29790	-1032.901	-1243.8	210.8994	2.07127	0.220661	0.284696	0.00220997	0.492433	1.843302	2.659125
29796	-1036.114	-1248.111	211.9976	2.07127	0.397496	0.336909	0.00441674	0.261179	2.026746	1.832052
29802	-1028.619	-1239.066	210.4464	4.607842	0.387678	0.226472	0.0503713	0.335478	2.16743	1.802709
29808	-1021.752	-1234.34	212.5878	1.590608	0.372943	0.19241	0.295686	0.138961	2.094921	1.634989
29814	-1041.77	-1253.485	211.7149	2.619358	0.275954	0.222517	0.258373	0.243155	1.757143	1.950115
29820	-1031.586	-1243.431	211.845	2.72404	0.241779	0.161767	0.134282	0.462172	2.041305	1.615282
29826	-1007.747	-1220.333	212.5858	1.449645	0.0574399	0.447229	0.317513	0.177818	2.04371	1.758462
29832	-1018.387	-1230.392	212.0053	2.361251	0.12032	0.414266	0.0421261	0.423288	2.030517	1.679724
29838	-1025.472	-1236.105	210.6328	2.601717	0.226033	0.41951	0.0680894	0.286368	1.791531	2.629074
29844	-1010.865	-1222.724	211.859	2.417095	0.417413	0.151347	0.327927	0.103313	1.893115	1.851079
29850	-1020.406	-1233.906	213.4996	1.070631	0.187785	0.406384	0.137527	0.268304	2.052598	1.33501
29856	-1008.5	-1221.04	212.5403	1.171576	0.234265	0.366555	0.170373	0.228808	1.960164	2.018952
29862	-1001.38	-1214.043	212.6634	0.9138449	0.190755	0.363197	0.330764	0.115284	1.721127	2.260797
29868	-1023.279	-1232.936	209.657	4.078763	0.365097	0.074062	0.502264	0.0585771	1.799466	2.711222
29874	-1002.163	-1213.95	211.7865	0.8671988	0.343956	0.0103653	0.510935	0.134743	1.720832	2.836885
29880	-1013.473	-1226.499	213.0259	0.7979249	0.273498	0.0998126	0.463643	0.163046	1.924786	1.968598
29886	-996.9457	-1209.671	212.7249	1.128819	0.255114	0.113337	0.539753	0.0917959	1.986272	1.905037
29892	-1009.319	-1222.57	213.2508	0.6935395	0.302063	0.0602365	0.529012	0.108689	2.185146	1.710834
29898	-1012.214	-1225.341	213.1275	1.128078	0.304582	0.0936698	0.44376	0.157988	2.190402	1.473661
29904	-1007.292	-1220.586	213.2946	1.128078	0.25332	0.159312	0.369074	0.218294	2.041504	1.459868
29910	-1021.251	-1234.93	213.6785	0.6446235	0.130121	0.0739505	0.610229	0.1857	2.181407	1.437905
29916	-1018.261	-1231.743	213.4815	1.115796	0.321316	0.16961	0.14597	0.363104	2.025477	1.336027
29922	-1015.85	-1229.065	213.2145	1.308187	0.120619	0.340296	0.334868	0.204217	2.2934	1.185242
29928	-1021.539	-1235.228	213.6888	1.046591	0.267026	0.0464401	0.600734	0.0858	2.302313	0.965216
29934	-1023.476	-1236.83	213.3543	1.343409	0.405293	0.0229033	0.535562	0.0362422	2.353657	0.9679818
29940	-1029.83	-1243.306	213.4764	1.187776	0.0956249	0.24817	0.494616	0.161588	2.523253	0.7968597
29946	-1013.323	-1227.673	214.35	0.4006416	0.102361	0.265652	0.529458	0.102529	2.488851	0.7319797
29952	-1026.775	-1240.249	213.4742	0.7440823	0.284017	0.235467	0.415933	0.0645827	2.083071	1.585358
29958	-1032.603	-1246.049	213.4464	0.6035875	0.288801	0.102196	0.543333	0.0656704	2.104336	1.696913
29964	-1021.05	-1235.132	214.082	0.6071454	0.156847	0.266472	0.490118	0.0865631	2.079012	1.228317
29970	-1014.854	-1228.056	213.2023	1.380514	0.0955528	0.432679	0.378326	0.0934429	2.133443	1.275275
29976	-1011.213	-1225.034	213.8209	0.6803166	0.112202	0.314115	0.473924	0.0997588	2.026267	1.418582
29982	-1012.947	-1225.555	212.6087	1.427686	0.251633	0.319349	0.190845	0.238173	2.116683	1.704597
29988	-1011.551	-1224.093	212.5419	1.106077	0.164876	0.234828	0.41038	0.189916	1.961531	2.058674
29994	-1005.335	-1218.466	213.1302	0.8146927	0.24731	0.211649	0.369872	0.17117	1.918646	1.890468
30000	-1006.664	-1219.89	213.2261	0.8709415	0.153209	0.258101	0.287372	0.301318	1.899647	1.797599
30006	-1018.646	-1232.106	213.4602	0.8709415	0.296847	0.238697	0.265767	0.19869	2.119388	1.470105
30012	-1025.411	-1239.354	213.9428	0.7435484	0.161358	0.344486	0.350131	0.144025	1.862966	1.39883
30018	-1029.884	-1242.37	212.4859	0.8910405	0.162005	0.193627	0.499766	0.144603	1.797279	2.340478
30024	-1017.662	-1231.181	213.5187	0.6843305	0.285414	0.197976	0.400678	0.115932	1.969607	1.680636
30030	-1009.502	-1222.81	213.3079	0.4843918	0.178969	0.497091	0.251245	0.0726955	1.943979	1.985998
30036	-1027.342	-1240.76	213.4187	0.4874183	0.191897	0.324961	0.335381	0.147761	1.865645	1.962285
30042	-1020.72	-1234.372	213.6521	0.6226027	0.0874541	0.276649	0.5537	0.0821961	1.847367	1.719014
30048	-1009.252	-1223.452	214.2003	0.4577962	0.295934	0.177326	0.470226	0.0565136	2.005767	1.315991
30054	-1000.652	-1214.71	214.0572	0.4910356	0.357371	0.188138	0.429672	0.0248184	2.116635	1.315991
30060	-1007.384	-1221.279	213.8952	0.5038479	0.267212	0.226448	0.479628	0.026712	1.947728	1.560161
30066	-1012.763	-1225.116	212.3528	1.271995	0.351785	0.288808	0.30673	0.052678	1.706236	2.245891
30072	-1024.603	-1237.036	212.4325	1.097694	0.345977	0.050005	0.45715	0.146869	1.801922	2.23933
30078	-1035.328	-1248.835	213.5069	0.999805	0.282818	0.120522	0.423286	0.173373	1.963752	1.453325
30084	-1033.377	-1246.885	213.5083	1.104339	0.334592	0.352592	0.159959	0.152856	1.737097	1.545077
30090	-1055.638	-1269.644	214.0057	0.4293386	0.18205	0.307667	0.439884	0.0703983	1.790678	1.645836
30096	-1019.517	-1233.452	213.9354	0.7094006	0.164797	0.326489	0.478115	0.0305986	1.766738	1.505398
30102	-1008.228	-1222.297	214.0694	0.6879358	0.197607	0.430168	0.308297	0.0639286	2.01173	1.223671
30108	-1011.169	-1225.575	214.406	0.6853627	0.341011	0.247619	0.368439	0.0429311	2.060484	0.8503659
30114	-1022.022	-1236.327	214.3048	0.758639	0.200414	0.203025	0.436537	0.160024	2.093765	0.8386073
30120	-1015.73	-1229.592	213.8625	1.042958	0.214349	0.442906	0.213196	0.129548	2.295193	0.7720445
30126	-1014.002	-1228.005	214.0031	0.7687827	0.0984238	0.166941	0.60214	0.132494	2.320728	0.9132822
30132	-1014.078	-1228.286	214.2082	0.6542178	0.292441	0.181589	0.316798	0.209172	2.213324	0.9388631
30138	-998.6012	-1212.805	214.2042	0.6789216	0.40055	0.0975273	0.433912	0.0680114	2.162329	0.9692047
30144	-1004.496	-1218.617	214.1206	0.6789216	0.310227	0.163807	0.385407	0.140558	2.28716	0.9254537
30150	-1029.322	-1243.369	214.0475	0.7702275	0.167872	0.0967301	0.672109	0.0632891	2.26375	0.9254537
30156	-1017.073	-1231.402	214.3287	0.6401573	0.121644	0.419976	0.426893	0.0314872	2.08816	0.9595005
30162	-1014.084	-1228.365	214.2814	0.6041176	0.13983	0.330329	0.346935	0.182907	2.173495	0.9595005
30168	-1023.923	-1238.192	214.269	0.6754189	0.0778677	0.26665	0.542648	0.112835	2.173495	0.8909922
30174	-1032.084	-1246.366	214.2818	0.6543257	0.144172	0.14443	0.588938	0.12246	2.039505	1.040174
30180	-1031.444	-1245.125	213.6818	0.9524732	0.147644	0.269139	0.355016	0.2282	2.07097	1.267773
30186	-1016.488	-1230.29	213.8015	0.9524732	0.136629	0.261925	0.379363	0.222083	1.951273	1.267773
30192	-1015.043	-1229.247	214.2044	0.798507	0.124658	0.24856	0.395343	0.231439	1.886184	1.11339
30198	-1022.168	-1235.263	213.0947	1.081881	0.147943	0.201356	0.368167	0.282533	1.683069	1.890767
30204	-1020.173	-1233.693	213.5193	0.7994613	0.0682788	0.2532	0.2563	0.422221	1.631193	1.831857
30210	-1015.599	-1229.254	213.6549	1.262949	0.0702556	0.0996827	0.387698	0.442363	1.930444	1.153927
30216	-1003.892	-1217.547	213.6549	1.262949	0.289204	0.039138	0.65505	0.0166081	1.930444	1.153927
30222	-1005.401	-1219.573	214.1713	0.6011454	0.182107	0.27698	0.423377	0.117536	2.071092	1.163826
30228	-1005.921	-1220.278	214.3566	0.5567448	0.317005	0.25052	0.382931	0.0495439	2.132871	0.9748645
30234	-992.7972	-1206.95	214.1528	0.8208033	0.142612	0.389596	0.414202	0.0535898	1.998738	1.034497
30240	-1011.899	-1225.846	213.9471	0.886646	0.206936	0.191327	0.578993	0.0227441	2.233713	0.9353652
30246	-1002.031	-1216.05	214.0185	0.7922721	0.106068	0.380989	0.499056	0.0138873	2.356499	0.8238268
30252	-995.5018	-1209.428	213.926	0.8048104	0.0383221	0.277655	0.665504	0.018519	2.435873	0.8238268
30258	-998.1353	-1212.49	214.3543	0.5414465	0.251362	0.233558	0.499503	0.0155778	2.271252	0.8405966
30264	-994.0308	-1208.341	214.3101	0.5126287	0.151323	0.38195	0.42256	0.0441672	2.344721	0.8405966
30270	-1016.817	-1231.266	214.4496	0.5126287	0.0584902	0.380089	0.364742	0.196679	2.200034	0.8469636
30276	-1019.932	-1233.622	213.6903	1.310119	0.131085	0.245591	0.160291	0.463032	2.181853	0.814952
30282	-1015.677	-1228.169	212.4915	2.962864	0.380294	0.168632	0.0243313	0.426743	2.11666	0.8727029
30288	-1012.659	-1226.19	213.531	1.497579	0.228089	0.411326	0.0212165	0.339368	2.230599	0.7362959
30294	-1018.183	-1231.515	213.3319	1.536259	0.0765483	0.598671	0.00950365	0.315277	2.415464	0.70539
30300	-1002.978	-1216.937	213.959	0.9117543	0.066576	0.679329	0.0712751	0.18282	2.415464	0.6201211
30306	-1016.001	-1229.174	213.1736	1.761872	0.0982175	0.316526	0.477311	0.107946	2.35424	0.7576755
30312	-1017.194	-1231.058	213.8643	0.9431168	0.105086	0.338662	0.510692	0.0455593	2.403369	0.7576755
30318	-1012.371	-1226.378	214.007	0.8544284	0.106084	0.341878	0.506045	0.0459919	2.400955	0.6762116
30324	-1013.993	-1228.092	214.0989	0.7821466	0.206099	0.235595	0.277338	0.280968	2.355174	0.7273655
30330	-1018.515	-1233.038	214.5223	0.4674591	0.203507	0.232632	0.273849	0.290012	2.258841	0.7273655
30336	-1003.437	-1217.637	214.2003	0.6874216	0.315395	0.302263	0.194922	0.18742	2.258841	0.8565936
30342	-999.3288	-1213.352	214.023	0.8359846	0.112407	0.371158	0.361209	0.155226	2.246991	0.8948637
30348	-996.9214	-1211.012	214.0903	0.599844	0.432212	0.105868	0.438329	0.0235898	2.284955	1.043549
30354	-1011.419	-1225.467	214.0481	0.6692836	0.372608	0.0449471	0.38193	0.200516	2.253771	1.043549
30360	-1002.144	-1215.718	213.5748	0.9260423	0.285182	0.128875	0.355608	0.230336	2.321855	1.168499
30366	-1000.308	-1214.087	213.7787	0.9260423	0.244848	0.0813154	0.528503	0.145334	2.255348	1.043006
30372	-1003.672	-1217.859	214.1871	0.7123273	0.271556	0.0131567	0.586151	0.129137	2.295528	0.7932663
30378	-1015.403	-1229.131	213.728	1.110517	0.416472	0.0083553	0.460788	0.114385	2.248882	0.9135621
30384	-1039.439	-1252.968	213.5294	1.203449	0.256835	0.145273	0.290981	0.306911	2.566089	0.5980082
30390	-1013.127	-1227.502	214.3749	0.5223884	0.129613	0.245626	0.467005	0.157756	2.110859	1.013969
30396	-1014.765	-1228.78	214.0147	0.8830286	0.241463	0.143312	0.367398	0.247826	2.36836	0.6670614
30402	-1018.255	-1232.342	214.0866	0.7548973	0.246827	0.125577	0.374786	0.25281	2.396556	0.7266925
30408	-1011.506	-1225.37	213.8647	0.6667064	0.186087	0.245673	0.357975	0.210265	2.790926	0.5123892
30414	-996.1822	-1210.161	213.9783	0.5360988	0.160752	0.2437	0.446646	0.148902	2.790926	0.3993364
30420	-1016.997	-1230.276	213.2797	0.7929023	0.208054	0.338369	0.248834	0.204743	3.092577	0.2734823
30426	-997.7493	-1210.963	213.2137	0.8562013	0.219671	0.414978	0.149175	0.216175	3.092577	0.2734823
30432	-1003.751	-1216.92	213.1691	1.071434	0.33612	0.178191	0.304662	0.181027	3.017206	0.3543173
30438	-995.9263	-1209.306	213.3795	1.071434	0.286955	0.315474	0.116035	0.281536	2.820622	0.3726377
30444	-997.5779	-1210.933	213.3549	1.230273	0.268853	0.296939	0.102342	0.331867	2.720458	0.4267063
30450	-1008.509	-1222.448	213.9394	0.575068	0.135712	0.32711	0.462825	0.0743526	2.791565	0.40338
30456	-1017.61	-1231.611	214.0008	0.6606904	0.163466	0.247666	0.552699	0.0361696	2.657117	0.4543064
30462	-1016.879	-1231.079	214.1999	0.5684572	0.210488	0.191248	0.419085	0.179179	2.296344	0.9552497
30468	-1004.277	-1218.496	214.2188	0.603019	0.269751	0.106977	0.523046	0.100226	2.296344	0.8953577
30474	-1006.439	-1220.802	214.3638	0.5476937	0.318602	0.194449	0.469771	0.0171782	2.212518	0.8913398
30480	-1017.604	-1232.166	214.5615	0.3723798	0.294943	0.306986	0.387506	0.0105646	2.341756	0.6575361
30486	-1008.487	-1222.193	213.7056	1.14443	0.277857	0.105531	0.600247	0.0163646	2.421868	0.6575361
30492	-999.8686	-1214.118	214.2493	0.5660432	0.259182	0.155118	0.559905	0.025794	2.31752	0.8803762
30498	-1003.184	-1217.403	214.2187	0.687414	0.256164	0.153312	0.553385	0.0371385	2.369045	0.6679609
30504	-1007.415	-1220.804	213.3884	1.395264	0.144217	0.134446	0.485288	0.236049	2.484717	0.7002922
30510	-1011.285	-1225.288	214.0035	0.6395806	0.106714	0.153071	0.692184	0.0480314	2.67295	0.5669727
30516	-1022.652	-1236.83	214.1779	0.5459011	0.306757	0.261862	0.231786	0.199595	2.564949	0.6546551
30522	-1019.793	-1233.866	214.0734	0.5459011	0.191283	0.0857141	0.598542	0.12446	2.460941	0.9396255
30528	-1011.618	-1225.8	214.1816	0.6566847	0.191934	0.149506	0.533676	0.124884	2.207392	0.970319
30534	-1004.787	-1218.699	213.9115	0.9743138	0.224538	0.194562	0.40762	0.17328	2.356223	0.7079438
30540	-1012.909	-1226.994	214.085	0.892705	0.189651	0.119612	0.341618	0.349119	2.271556	0.6979472
30546	-1013.979	-1228.127	214.1483	0.8177555	0.218002	0.110345	0.652243	0.019409	2.229205	0.7852386
30552	-1004.749	-1218.97	214.2213	0.6042747	0.208852	0.159326	0.620347	0.0114756	2.207546	0.9861165
30558	-1009.53	-1223.396	213.8657	0.9575732	0.0991701	0.181415	0.706349	0.0130665	2.205373	0.9744721
30564	-998.1705	-1211.972	213.8015	0.9399741	0.192915	0.065102	0.514652	0.227331	2.054491	1.191464
30570	-1004.872	-1218.32	213.4485	0.9399741	0.36405	0.107669	0.364404	0.163876	2.029535	1.493384
30576	-1008.256	-1222.193	213.9374	0.9399741	0.481135	0.00614543	0.451884	0.0608358	2.19676	0.9267289
30582	-1006.446	-1218.868	212.4216	2.394202	0.573326	0.00741953	0.21578	0.203474	1.925699	1.433391
30588	-1016.821	-1229.877	213.0565	1.222693	0.402678	0.0519267	0.402484	0.142911	1.980557	1.614885
30594	-1022.269	-1235.605	213.3358	1.35089	0.331261	0.042002	0.41783	0.208908	1.97088	1.320502
30600	-1017.346	-1230.641	213.2955	1.698481	0.400606	0.137914	0.286412	0.175069	2.125872	0.9491515
30606	-1008.907	-1222.858	213.9508	0.8949636	0.25543	0.145928	0.303054	0.295588	2.061617	1.09322
30612	-1006.456	-1219.782	213.3259	1.694454	0.270537	0.151692	0.328443	0.249329	1.975459	1.071375
30618	-1025.973	-1239.875	213.9015	1.065873	0.20145	0.204689	0.212317	0.381544	2.042428	0.9940074
30624	-1022.245	-1235.262	213.0177	2.050538	0.25063	0.162773	0.283184	0.303412	2.086561	0.9940074
30630	-1022.891	-1234.068	211.1767	3.885709	0.488348	0.0619213	0.188125	0.261606	2.948794	0.2678327
30636	-1032.47	-1245.016	212.546	1.670656	0.342049	0.253233	0.24442	0.160298	2.954095	0.2459546
30642	-1028.044	-1240.887	212.8427	1.391353	0.231482	0.249347	0.279147	0.240024	2.977233	0.2930556
30648	-1019.515	-1233.245	213.7301	0.6901239	0.0832438	0.411943	0.461174	0.0436393	2.815381	0.320559
30654	-1024.204	-1237.607	213.4025	1.25006	0.181057	0.367751	0.292088	0.159104	2.638439	0.3909465
30660	-1019.254	-1232.937	213.6823	0.7633345	0.250356	0.242879	0.286765	0.220001	2.82997	0.3695075
30666	-1018.255	-1231.636	213.3812	0.9838709	0.260085	0.0277739	0.402981	0.30916	2.852825	0.3148206
30672	-1015.633	-1229.01	213.3764	1.015858	0.413847	0.0688843	0.337536	0.179733	2.847737	0.335366
30678	-1024.884	-1236.96	212.0765	2.668421	0.40164	0.0668526	0.32758	0.203927	2.846378	0.3499662
30684	-1017.173	-1229.734	212.5618	2.073744	0.501733	0.0579971	0.287467	0.152803	2.787813	0.3738887
30690	-1037.692	-1248.936	211.2438	3.730852	0.231625	0.312032	0.169866	0.286477	3.071275	0.3576693
30696	-1031.191	-1243.141	211.9502	2.503125	0.335764	0.152554	0.330824	0.180858	3.006057	0.2855116
30702	-1007.7	-1219.746	212.0455	2.07597	0.493906	0.123825	0.101619	0.28065	3.106573	0.2309509
30708	-1019.399	-1231.521	212.1216	2.000674	0.284257	0.138031	0.137782	0.439931	3.088354	0.2317458
30714	-1012.432	-1224.971	212.5384	1.174702	0.350408	0.295068	0.147986	0.206538	3.241777	0.1864131
30720	-1019.512	-1232.451	212.9396	0.4256531	0.263688	0.500125	0.133598	0.102589	3.460301	0.1508499
30726	-1008.937	-1221.757	212.8195	0.42384	0.242485	0.261495	0.401681	0.0943396	3.533212	0.140805
30732	-1005.34	-1218.419	213.0795	0.3366522	0.405482	0.315042	0.129443	0.150034	3.34478	0.1415333
30738	-1016.399	-1228.518	212.1187	1.087716	0.247931	0.311277	0.349055	0.0917377	3.510576	0.1322978
30744	-1022.697	-1235.623	212.9258	0.4637881	0.245918	0.380763	0.33235	0.0409686	3.437306	0.1505365
30750	-1024.269	-1237.099	212.8304	0.6578335	0.276432	0.428009	0.116352	0.179208	3.423181	0.1718224
30756	-1039.245	-1252.007	212.7616	0.8136645	0.147268	0.22802	0.273148	0.351564	3.312656	0.167997
30762	-1034.904	-1247.674	212.7709	1.143373	0.302232	0.467956	0.172558	0.0572535	3.109391	0.2093384
30768	-1037.091	-1250.441	213.3498	0.858973	0.314687	0.294479	0.333582	0.0572519	2.983822	0.2932563
30774	-1026.514	-1239.77	213.2565	0.858973	0.119489	0.248316	0.603026	0.0291686	3.023354	0.2599978
30780	-1020.622	-1233.596	212.9734	1.0337	0.224529	0.201327	0.547654	0.0264902	3.093473	0.2419911
30786	-1009.505	-1222.165	212.66	1.253623	0.239255	0.160664	0.461903	0.138178	3.093473	0.2014288
30792	-1000.791	-1213.61	212.8193	1.044834	0.265606	0.234523	0.437926	0.0619444	3.237224	0.2422829
30798	-999.3679	-1212.958	213.5899	0.5048294	0.127474	0.379086	0.480077	0.0133629	3.017271	0.2385252
30804	-1007.558	-1220.441	212.8824	1.050572	0.0826675	0.358668	0.557161	0.00150301	3.123913	0.2229523
30810	-1030.587	-1244.456	213.869	0.5959742	0.379688	0.27648	0.340649	0.00318276	2.81443	0.3617437
30816	-1016.213	-1230.198	213.9848	0.4978781	0.326009	0.41643	0.253211	0.00434998	2.81443	0.3838093
30822	-1016.208	-1229.936	213.728	0.7783903	0.323861	0.413686	0.224106	0.0383477	2.777806	0.3838093
30828	-1008.909	-1222.048	213.1397	1.380711	0.148807	0.143687	0.578255	0.129252	2.806937	0.4609876
30834	-1009.191	-1222.456	213.2648	1.380711	0.182953	0.0449925	0.725207	0.0468474	2.652307	0.6390535
30840	-1018.41	-1231.761	213.3507	1.347913	0.498191	0.0427743	0.381595	0.0774389	2.599391	0.6306452
30846	-1023.103	-1236.839	213.736	0.9721813	0.331312	0.118396	0.23876	0.311533	2.5841	0.6008379
30852	-1016.101	-1229.301	213.1998	1.494343	0.326461	0.109602	0.221027	0.342911	2.64865	0.4729777
30858	-1006.262	-1219.788	213.5262	1.137608	0.221615	0.0744023	0.530985	0.172998	2.64865	0.4882818
30864	-1016.841	-1230.701	213.8603	0.7069	0.3991	0.0574373	0.409911	0.133552	2.748099	0.4515407
30870	-1034.481	-1247.231	212.7497	1.517906	0.207127	0.0487903	0.571279	0.172804	1.732937	1.819323
30876	-1041.242	-1254.286	213.0438	0.9353076	0.281022	0.148471	0.351472	0.219035	1.532853	2.122109
30882	-1022.313	-1232.924	210.6105	0.8869452	0.149863	0.452047	0.266393	0.131697	1.489942	3.657117
30888	-1013.839	-1225.178	211.3384	0.8819405	0.086166	0.464232	0.343595	0.106007	1.742161	3.084481
30894	-1019.23	-1230.932	211.7017	0.6676005	0.146558	0.430022	0.184421	0.238999	1.603933	3.084481
30900	-1024.909	-1236.683	211.7742	1.582458	0.319948	0.376455	0.251681	0.0519161	1.785971	2.389422
30906	-1022.708	-1234.989	212.2807	1.086336	0.480801	0.0806897	0.359283	0.0792256	2.057609	2.179343
30912	-1020.495	-1233.383	212.8882	1.430755	0.433845	0.0591244	0.152491	0.354539	2.181392	1.450445
30918	-1017.205	-1230.287	213.0821	1.317781	0.295696	0.337197	0.125464	0.241643	2.253674	1.321276
30924	-1007.384	-1219.128	211.7438	1.753928	0.203402	0.37706	0.011371	0.408167	1.496577	2.501844
30930	-1019.491	-1232.298	212.8068	1.640475	0.464884	0.232061	0.193341	0.109714	1.931521	1.564319
30936	-1017.052	-1230.094	213.0425	1.550325	0.365909	0.109553	0.295911	0.228627	2.15717	1.265445
30942	-1025.268	-1238.429	213.1609	1.693841	0.0824819	0.478202	0.0257741	0.413542	1.882938	1.29527
30948	-1015.549	-1229.114	213.5648	1.040366	0.0654029	0.525285	0.0813992	0.327913	1.80627	1.49814
30954	-1016.77	-1228.644	211.874	3.165638	0.124108	0.668719	0.103626	0.103547	1.718489	1.634285
30960	-1019.389	-1233.109	213.7204	0.9182491	0.303979	0.312297	0.0179844	0.36574	2.167653	1.182877
30966	-1013.47	-1227.289	213.8198	0.9526638	0.333831	0.0991395	0.165371	0.401658	2.179547	1.050346
30972	-1017.916	-1232.143	214.2266	0.6735031	0.274708	0.160108	0.234663	0.330522	2.284742	0.8097564
30978	-1018.899	-1232.886	213.9866	0.8379824	0.198837	0.127782	0.558566	0.114815	2.240324	0.9398292
30984	-1011.452	-1225.226	213.7741	0.5727142	0.250108	0.330184	0.300776	0.118932	2.009721	1.551858
30990	-1012.156	-1226.151	213.9945	0.5727142	0.256968	0.186696	0.512186	0.0441504	2.292052	1.151147
30996	-1026.852	-1240.687	213.835	0.8868273	0.342595	0.0998046	0.457534	0.100066	2.327918	0.9541145
31002	-1011.78	-1225.217	213.4367	0.9479299	0.332855	0.203129	0.249177	0.214839	1.976429	1.535809
31008	-1026.069	-1240.037	213.9675	0.7067588	0.262644	0.391384	0.137453	0.208519	2.008809	1.294119
31014	-1019.866	-1233.969	214.1026	0.8538209	0.238006	0.245754	0.278527	0.237713	2.081461	0.9676029
31020	-1017.034	-1231.184	214.1507	0.604105	0.196135	0.0407878	0.657401	0.105676	2.561994	0.5716469
31026	-1021.099	-1235.375	214.2758	0.5711585	0.264176	0.0492931	0.570183	0.116347	2.471349	0.5716469
31032	-1022.011	-1235.649	213.6377	1.174123	0.283258	0.135289	0.342054	0.239399	2.479785	0.6142563
31038	-1033.464	-1247.491	214.0267	0.7640307	0.205995	0.359273	0.248753	0.18598	2.514621	0.5805351
31044	-1025.086	-1239.194	214.1078	0.7640307	0.264688	0.18291	0.382263	0.170138	2.419412	0.6221983
31050	-1034.034	-1247.176	213.1423	1.776526	0.117028	0.32055	0.356813	0.205609	2.211019	0.9545919
31056	-1014.21	-1228.407	214.1969	0.6400897	0.136059	0.395578	0.363389	0.104974	2.347298	0.813096
31062	-1003.996	-1218.388	214.3922	0.4777618	0.177354	0.319014	0.390895	0.112738	2.393587	0.7030124
31068	-1012.412	-1226.788	214.3763	0.4595621	0.185936	0.33445	0.361421	0.118193	2.443587	0.6726263
31074	-1012.925	-1226.934	214.0095	0.830281	0.151669	0.386672	0.338485	0.123174	2.443587	0.6337129
31080	-1013.29	-1227.606	214.3162	0.5894011	0.195795	0.208231	0.436963	0.15901	2.398759	0.6137626
31086	-1018.027	-1232.064	214.0378	0.8538486	0.137738	0.248632	0.419684	0.193947	2.398759	0.6137626
31092	-1026.007	-1240.033	214.0257	0.8901409	0.317649	0.175037	0.288841	0.218473	2.223931	0.8531234
31098	-1013.076	-1227.111	214.0353	0.8777729	0.230304	0.22563	0.273364	0.270702	2.355677	0.6620523
31104	-1013.013	-1227.144	214.1312	0.6958832	0.240187	0.241124	0.397227	0.121462	2.461053	0.6392402
31110	-1010.011	-1223.716	213.7053	0.9622679	0.249928	0.211529	0.413336	0.125206	2.642086	0.4820781
31116	-1007.149	-1220.911	213.7617	0.9047474	0.346116	0.161194	0.397277	0.0954126	2.642086	0.4638663
31122	-1005.726	-1219.018	213.2923	1.222672	0.360985	0.0758644	0.32278	0.24037	2.801449	0.4815342
31128	-1014.011	-1227.544	213.5338	0.928198	0.191322	0.197127	0.484154	0.127396	2.836487	0.4255225
31134	-1019.071	-1232.06	212.9893	1.905005	0.36103	0.319508	0.0790613	0.2404	2.511291	0.5902246
31140	-1025.246	-1239.049	213.8024	1.16717	0.160746	0.306938	0.204384	0.327932	2.303621	0.6567523
31146	-1017.323	-1230.569	213.2456	1.498039	0.0832063	0.368662	0.210456	0.337675	2.597194	0.4565433
31152	-1025.185	-1237.291	212.1053	1.177118	0.295405	0.132423	0.482566	0.0896061	2.000793	2.272738
31158	-1027.643	-1237.781	210.1374	4.688943	0.397093	0.178008	0.304447	0.120452	1.756265	2.256603
31164	-1010.45	-1222.062	211.6125	4.052933	0.235109	0.294531	0.015521	0.454839	2.588633	0.4956524
31170	-1000.787	-1211.319	210.5314	6.454233	0.0134017	0.282664	0.276005	0.427929	2.651781	0.5362822
31176	-995.588	-1207.252	211.6636	3.867144	0.363732	0.0984637	0.210396	0.327408	2.620454	0.5770619
31182	-988.0092	-1200.989	212.9797	1.90047	0.355986	0.121686	0.0920289	0.430299	2.528182	0.5770619
31188	-1000.366	-1213.938	213.572	1.082086	0.270276	0.122498	0.322705	0.28452	2.655518	0.5275683
31194	-985.5931	-1199.399	213.8059	0.9645881	0.156051	0.137343	0.517478	0.189128	2.50438	0.6451776
31200	-994.5333	-1208.213	213.6797	1.11855	0.107026	0.225271	0.629992	0.0377111	2.50438	0.5717354
31206	-998.6878	-1212.267	213.5788	1.084625	0.0871441	0.599219	0.165851	0.147786	2.50438	0.8174833
31212	-1005.548	-1218.624	213.0755	1.843172	0.0316971	0.744061	0.0407325	0.183509	2.364336	0.7909449
31218	-1003.186	-1217.083	213.8973	0.8725929	0.113479	0.493488	0.190305	0.202729	2.400217	0.8159655
31224	-1001.269	-1215.306	214.0373	0.6159697	0.245327	0.216986	0.419784	0.117903	2.246209	1.113223
31230	-1022.537	-1236.125	213.5887	0.7243655	0.19432	0.231166	0.544347	0.0301665	2.138042	1.474987
31236	-1021.961	-1235.563	213.6022	0.5586932	0.204966	0.263586	0.444185	0.0872628	2.065953	1.646578
31242	-1018.412	-1231.981	213.5695	1.061247	0.319464	0.155614	0.388913	0.136009	2.065953	1.275025
31248	-1032.866	-1246.543	213.6767	0.8920089	0.161492	0.167684	0.37351	0.297314	2.129018	1.275025
31254	-1022.376	-1236.12	213.7446	0.7618176	0.0918232	0.418337	0.402222	0.0876187	1.851042	1.543414
31260	-1006.298	-1219.561	213.2633	1.147292	0.248427	0.417066	0.216707	0.1178	1.80179	1.646175
31266	-999.4155	-1211.476	212.0609	2.281609	0.0524693	0.43305	0.329138	0.185343	1.859528	1.799477
31272	-1001.111	-1213.259	212.1486	2.157054	0.0270651	0.635395	0.140588	0.196951	1.779877	1.854855
31278	-995.9842	-1208.623	212.6385	0.9303695	0.0365427	0.234843	0.65418	0.0744339	1.680406	2.29201
31284	-1005.178	-1217.18	212.0021	2.27961	0.0736512	0.344712	0.437437	0.1442	1.995229	1.746895
31290	-1002.642	-1216.335	213.6925	0.8835974	0.143269	0.113873	0.542146	0.200713	2.034579	1.345575
31296	-1011.81	-1222.327	210.5171	6.557067	0.112703	0.211969	0.461349	0.213978	2.215291	1.10407
31302	-1015.292	-1224.264	208.9712	11.70539	0.00942296	0.406749	0.0294922	0.554335	2.066415	1.28
31308	-1028.804	-1237.865	209.0612	8.128896	0.0163724	0.57206	0.168194	0.243374	1.935693	2.008922
31314	-1017.656	-1226.709	209.0533	7.562565	0.00785514	0.605144	0.134637	0.252365	1.972728	2.108523
31320	-1015.215	-1222.904	207.6893	11.84099	0.0477417	0.596366	0.0919739	0.263918	1.832952	2.318737
31326	-1012.836	-1225.412	212.5763	1.612392	0.176856	0.31897	0.237168	0.267006	1.832952	1.814779
31332	-1013.451	-1225.751	212.3006	0.924289	0.0537503	0.64415	0.0239053	0.278194	1.732064	2.477064
31338	-1015.215	-1228.339	213.1241	0.8504969	0.0497482	0.566504	0.0252857	0.358462	1.908084	1.876449
31344	-1012.797	-1225.026	212.2286	2.246223	0.159086	0.428283	0.0407051	0.371926	1.756271	1.772007
31350	-1010.077	-1220.936	210.8583	3.270396	0.159446	0.429254	0.038532	0.372768	1.847044	2.195334
31356	-1000.603	-1213.138	212.5348	1.72611	0.159731	0.308862	0.313523	0.217884	1.745931	1.838947
31362	-1022.287	-1236.136	213.8486	0.9108644	0.377947	0.0744043	0.1748	0.372848	2.190485	1.052966
31368	-1016.462	-1230.042	213.5804	0.9108644	0.310747	0.200474	0.182225	0.306554	2.097045	1.362765
31374	-1023.858	-1237.489	213.6311	1.051558	0.202735	0.240059	0.512407	0.0447992	2.219788	1.096756
31380	-1018.713	-1232.421	213.7078	0.9245985	0.263621	0.312156	0.110414	0.313809	2.219788	1.142579
31386	-1025.088	-1238.887	213.7986	0.8941135	0.156659	0.324595	0.130336	0.38841	2.163096	1.139968
31392	-1024.966	-1238.178	213.2121	1.461197	0.14927	0.309284	0.171357	0.370089	2.057375	1.271181
31398	-1025.367	-1238.458	213.0908	1.107449	0.188352	0.116232	0.248368	0.447048	1.973923	1.673939
31404	-1025.654	-1238.418	212.7646	0.9452539	0.365315	0.171575	0.165959	0.297151	1.9749	2.008014
31410	-1029.013	-1241.592	212.5791	1.420693	0.475955	0.0959505	0.216221	0.211873	1.75766	1.975849
31416	-1031.662	-1244.466	212.8037	0.8806289	0.325115	0.244458	0.151821	0.278606	1.908492	2.069942
31422	-1038.971	-1251.62	212.649	1.068059	0.290546	0.324793	0.135678	0.248982	1.950396	2.019717
31428	-1032.166	-1244.869	212.7034	1.077148	0.226709	0.121123	0.118926	0.533241	1.980176	1.957483
31434	-1028.147	-1240.995	212.8481	0.942288	0.375617	0.156279	0.32298	0.145123	1.913654	1.995189
31440	-1034.549	-1247.273	212.7245	1.279308	0.354466	0.138547	0.304793	0.202195	1.927609	1.848613
31446	-1034.526	-1247.359	212.833	1.193705	0.267842	0.199554	0.154364	0.378241	1.805043	1.912629
31452	-1025.445	-1238.35	212.9056	1.277611	0.25857	0.327953	0.0483305	0.365147	1.914214	1.733406
31458	-1036.934	-1250.048	213.1137	0.6674254	0.220491	0.0705662	0.323957	0.384986	1.9001	2.018458
31464	-1034.399	-1246.64	212.2412	1.508631	0.213441	0.336911	0.346821	0.102826	1.779434	2.134119
31470	-1035.463	-1248.684	213.2217	0.81134	0.473196	0.262877	0.0756699	0.188257	1.773829	1.928946
31476	-1035.352	-1247.601	212.2491	2.252264	0.411223	0.228448	0.203655	0.156675	1.78905	1.731699
31482	-1023.715	-1236.827	213.1117	1.185541	0.399622	0.0598706	0.19791	0.342597	2.170917	1.458732
31488	-1025.746	-1237.283	211.5374	3.459972	0.220304	0.0560227	0.206013	0.51766	2.148241	1.442134
31494	-1013.445	-1227.455	214.01	0.7875079	0.0800032	0.817269	0.0446804	0.0580475	2.505047	0.5858251
31500	-1009.202	-1222.863	213.6619	1.167905	0.0836269	0.13593	0.47794	0.302503	2.468565	0.5940274
31506	-1009.51	-1223.487	213.9773	0.8621924	0.092979	0.271773	0.531388	0.10386	2.457343	0.5940274
31512	-1039.32	-1252.743	213.4236	1.401318	0.0703585	0.205654	0.529459	0.194528	2.501974	0.5559365
31518	-1037.983	-1251.992	214.009	0.7611943	0.131994	0.282783	0.286069	0.299155	2.543319	0.544374
31524	-1052.975	-1265.649	212.6745	1.005643	0.246849	0.099683	0.364003	0.289465	2.139597	1.917176
31530	-1043.702	-1256.933	213.2305	1.271181	0.262819	0.24995	0.267354	0.219877	1.945063	1.479183
31536	-1041.253	-1254.78	213.5265	0.9009198	0.291528	0.284958	0.254467	0.169046	2.118024	1.396561
31542	-1044.617	-1258.308	213.6904	0.8505719	0.136218	0.0917215	0.562954	0.209107	2.753304	0.4094119
31548	-1027.681	-1241.367	213.6862	0.8505719	0.339165	0.126259	0.24673	0.287846	2.753304	0.4004813
31554	-1017.012	-1230.971	213.9592	0.5975397	0.225533	0.222839	0.427792	0.123836	2.746863	0.4004813
31560	-1032.605	-1245.959	213.3539	1.148158	0.246091	0.108133	0.539595	0.10618	2.49827	1.005992
31566	-1023.489	-1237.674	214.1848	0.639676	0.237751	0.136107	0.518495	0.107647	2.440122	0.6932031
31572	-1025.354	-1238.968	213.614	1.177862	0.281545	0.266008	0.173844	0.278603	2.493227	0.631413
31578	-1020.985	-1235.422	214.437	0.4327789	0.209135	0.182136	0.538561	0.0701679	2.090539	1.057534
31584	-1016.783	-1230.582	213.7991	1.075664	0.419774	0.116517	0.292676	0.171034	2.258508	0.8599122
31590	-1029.357	-1242.36	213.0038	2.230083	0.280586	0.00524943	0.428029	0.286136	2.247814	0.6161866
31596	-1015.748	-1229.16	213.4121	1.316119	0.393756	0.146372	0.120734	0.339137	2.572516	0.6161866
31602	-1020.878	-1234.613	213.735	1.083099	0.194018	0.446301	0.192577	0.167105	2.469505	0.6161866
31608	-1016.945	-1231.224	214.2784	0.5454946	0.227585	0.356916	0.225895	0.189604	2.461995	0.6606379
31614	-1013.734	-1228.086	214.352	0.6132893	0.197974	0.134498	0.433493	0.234035	2.284825	0.7204024
31620	-1023.411	-1237.099	213.6878	1.185174	0.214662	0.133017	0.428719	0.223603	2.441833	0.5092192
31626	-1027.113	-1240.8	213.6875	1.185174	0.206186	0.235875	0.176257	0.381682	2.441833	0.5142859
31632	-1028.16	-1241.846	213.6853	1.052079	0.286752	0.0646759	0.46739	0.181182	2.075645	1.176612
31638	-1011.274	-1224.15	212.8763	1.185332	0.160018	0.484751	0.260247	0.0949847	2.091258	1.689937
31644	-1010.543	-1224.652	214.1089	0.5995387	0.274398	0.282654	0.324509	0.118439	2.104952	1.190127
31650	-998.2762	-1210.914	212.6374	0.762383	0.331367	0.100592	0.501724	0.0663176	2.089119	2.141408
31656	-1000.735	-1213.989	213.2537	0.8275401	0.400397	0.205512	0.258602	0.135489	1.873061	1.828012
31662	-1013.095	-1224.859	211.7638	0.7478395	0.210652	0.314479	0.403587	0.0712817	1.718965	2.927281
31668	-1016.573	-1228.998	212.4252	0.7254903	0.146272	0.31774	0.407771	0.128217	1.686997	2.556707
31674	-1018.065	-1229.908	211.8424	0.6714369	0.267031	0.307282	0.197913	0.227774	1.407237	3.115418
31680	-1018.104	-1229.405	211.3008	0.8136128	0.346109	0.361986	0.256522	0.0353841	1.681873	3.18491
31686	-1014.123	-1225.993	211.8707	1.14108	0.274873	0.213203	0.340748	0.171176	1.981294	2.455702
31692	-1017.027	-1228.311	211.2839	1.838621	0.411424	0.231554	0.18222	0.174803	1.96302	2.455702
31698	-1000.873	-1212.853	211.9802	1.363352	0.248331	0.375268	0.0934258	0.282975	1.711651	2.426544
31704	-1001.58	-1213.947	212.3671	0.902307	0.0847045	0.596772	0.0691843	0.24934	1.697383	2.471209
31710	-1006.699	-1217.089	210.3899	1.487492	0.420458	0.320281	0.0653998	0.193862	1.575645	3.404264
31716	-1012.446	-1224.867	212.4208	0.9390954	0.497717	0.190434	0.131969	0.17988	1.952173	2.251649
31722	-1023.673	-1237.29	213.6175	0.7081489	0.301995	0.154668	0.397242	0.146095	2.01993	1.554413
31728	-1018.137	-1232.101	213.9639	0.7081489	0.120482	0.275377	0.461316	0.142826	2.162405	1.166426
31734	-1013.095	-1226.541	213.4463	1.078605	0.417871	0.0495513	0.353532	0.179046	2.300327	1.166426
31740	-1008.733	-1222.629	213.8962	0.8599682	0.396832	0.0974052	0.335732	0.170031	2.331073	0.914771
31746	-1014.417	-1228.289	213.8725	0.8016028	0.370441	0.0985905	0.372246	0.158723	2.569809	0.7131058
31752	-1009.782	-1224.024	214.2413	0.6148092	0.38115	0.0714326	0.42205	0.125368	2.442531	0.62531
31758	-1027.281	-1241.567	214.2859	0.6148092	0.24991	0.0865813	0.511554	0.151954	2.335328	0.7425042
31764	-1019.391	-1233.429	214.0379	0.8401264	0.2326	0.324895	0.301076	0.141429	2.382056	0.6816504
31770	-1008.735	-1222.794	214.0594	0.6874711	0.160352	0.223979	0.553472	0.0621976	2.528701	0.6670894
31776	-1016.429	-1230.668	214.2381	0.617279	0.278422	0.160095	0.395608	0.165876	2.424216	0.6670894
31782	-1013.032	-1226.876	213.8443	1.020909	0.208057	0.213712	0.303468	0.274763	2.296814	0.8235939
31788	-1027.17	-1241.161	213.991	0.8177439	0.110971	0.274768	0.405421	0.20884	2.296814	0.8962252
31794	-1021.619	-1236.106	214.4871	0.4838934	0.0851451	0.285113	0.592723	0.0370187	2.268244	0.7427558
31800	-1002.468	-1216.818	214.3508	0.6024967	0.258897	0.230964	0.480151	0.029988	2.268244	0.7650363
31806	-1014.968	-1229.186	214.2173	0.6846586	0.161321	0.134058	0.408839	0.295782	2.173874	0.9368108
31812	-1022.878	-1236.792	213.9138	0.8685923	0.347901	0.227399	0.0999863	0.324714	2.322638	0.894498
31818	-1030.558	-1244.589	214.0306	0.9161944	0.361695	0.314384	0.118732	0.20519	2.30316	0.6956484
31824	-1017.101	-1231.043	213.9418	0.9271507	0.219483	0.405844	0.137334	0.237339	2.404786	0.6486872
31830	-1008.869	-1222.596	213.7269	0.9403577	0.169615	0.0474669	0.642228	0.140691	2.557356	0.7368637
31836	-1010.414	-1224.577	214.1627	0.7075807	0.068743	0.0847273	0.802917	0.0436123	2.400519	0.6740857
31842	-1015.433	-1229.362	213.9291	0.7463587	0.0908617	0.346379	0.517352	0.0454072	2.634609	0.565843
31848	-1017.629	-1231.332	213.7025	0.9743041	0.243519	0.138716	0.439495	0.178269	2.625361	0.565843
31854	-1014.275	-1227.927	213.6516	0.9859553	0.238567	0.139624	0.442372	0.179436	2.672126	0.5153791
31860	-1014.182	-1228.183	214.001	0.8908922	0.250997	0.0710888	0.467321	0.210593	2.35922	0.6948229
31866	-1025.726	-1239.964	214.2377	0.7080098	0.262488	0.214168	0.327423	0.195921	2.316899	0.6894155
31872	-1023.988	-1237.233	213.2457	1.941339	0.229117	0.221595	0.433865	0.115423	2.145959	0.7516647
31878	-1027.363	-1241.426	214.0632	0.8774227	0.132588	0.606452	0.0558493	0.205111	2.311037	0.6945501
31884	-1012.153	-1226.182	214.0292	0.7688642	0.163634	0.175489	0.571304	0.0895729	2.51421	0.5488118
31890	-1018.318	-1232.417	214.0992	0.6066514	0.244965	0.123666	0.596537	0.0348315	2.619704	0.4845001
31896	-1010.372	-1223.825	213.4524	1.042485	0.267282	0.192976	0.50906	0.0306815	2.750639	0.3409262
31902	-1015.424	-1228.965	213.5407	0.9692341	0.181406	0.185694	0.514037	0.118863	2.783333	0.4135065
31908	-1016.103	-1229.441	213.3375	0.9692341	0.248246	0.254114	0.243562	0.254078	2.959261	0.3655927
31914	-1024.986	-1239.12	214.1342	0.5493294	0.119441	0.322951	0.505693	0.0519151	2.633801	0.429147
31920	-1008.322	-1222.315	213.9933	0.5760972	0.0503067	0.55375	0.374078	0.0218659	2.705852	0.3553381
31926	-1013.333	-1227.324	213.991	0.5760972	0.267894	0.422458	0.172258	0.13739	2.705852	0.3525365
31932	-1003.518	-1217.363	213.8453	0.9112294	0.185927	0.422795	0.187723	0.203554	2.484	0.7121927
31938	-1011.56	-1225.447	213.8871	0.9771553	0.29885	0.303223	0.263689	0.134238	2.437493	0.5677655
31944	-1002.576	-1216.767	214.1911	0.6569725	0.255374	0.311532	0.269018	0.164077	2.445458	0.6320208
31950	-1007.629	-1221.585	213.9565	0.7159042	0.231168	0.206591	0.413717	0.148525	2.641864	0.5543302
31956	-1001.667	-1215.912	214.2451	0.5268954	0.161554	0.214928	0.563424	0.0600935	2.555345	0.5293241
31962	-998.5711	-1212.82	214.2491	0.6614293	0.0870108	0.195356	0.663012	0.0546212	2.409815	0.5373644
31968	-1005.646	-1219.492	213.8467	0.8085937	0.199348	0.411961	0.273507	0.115184	2.650476	0.435865
31974	-1008.481	-1222.3	213.8193	0.8085937	0.355995	0.21886	0.357803	0.0673425	2.677898	0.435865
31980	-1007.261	-1221.574	214.3134	0.4770216	0.391473	0.286936	0.233301	0.0882895	2.533456	0.5512881
31986	-1028.969	-1242.918	213.9492	0.8196242	0.113041	0.225255	0.506121	0.155583	2.540592	0.5512881
31992	-1035.699	-1250.038	214.3394	0.4485085	0.485585	0.192964	0.273536	0.0479151	2.461792	0.7239923
31998	-1004.967	-1218.697	213.7306	1.189734	0.393245	0.228295	0.323619	0.0548411	2.32871	0.704538
32004	-1017.659	-1231.52	213.861	1.081909	0.172478	0.478096	0.238611	0.110815	2.234207	0.8051673
32010	-1012.123	-1226.032	213.9094	1.034507	0.278851	0.464359	0.175354	0.0814368	2.232422	0.8051673
32016	-1000.42	-1214.203	213.7828	0.9816619	0.288156	0.216392	0.156307	0.339145	2.112951	1.119261
32022	-1005.483	-1219.047	213.5639	0.9816619	0.383421	0.307521	0.164727	0.144331	2.317497	1.132217
32028	-1014.257	-1227.497	213.2404	1.396429	0.247822	0.284102	0.247566	0.220511	2.208079	1.167761
32034	-1008.705	-1222.639	213.9334	0.7252358	0.268589	0.224109	0.268312	0.238989	2.208079	1.137025
32040	-1028.921	-1241.683	212.7624	2.038408	0.145578	0.476987	0.120226	0.25721	2.160414	1.17132
32046	-1012.544	-1225.685	213.1401	1.459674	0.19604	0.479363	0.129341	0.195256	2.128079	1.273302
32052	-1016.241	-1228.722	212.4811	2.80846	0.247717	0.238919	0.220207	0.293157	2.138766	0.963717
32058	-1017.914	-1229.598	211.6844	4.434659	0.55121	0.0250764	0.102507	0.321207	2.088756	0.9346788
32064	-1019.496	-1231.646	212.1495	1.633738	0.213023	0.0701533	0.516333	0.200491	1.804273	2.108674
32070	-1024.524	-1237.264	212.7399	2.052759	0.32366	0.0904062	0.260104	0.32583	2.409259	0.9460096
32076	-1006.749	-1218.725	211.976	3.036472	0.179321	0.321692	0.237879	0.261107	2.349375	1.114236
32082	-1014.047	-1226.764	212.717	2.225729	0.434317	0.0394492	0.0695401	0.456694	2.168363	1.082677
32088	-1015.855	-1228.109	212.2542	2.950643	0.391523	0.0524204	0.0924055	0.463651	2.156949	1.082677
32094	-1008.75	-1222.595	213.8451	0.5127694	0.217195	0.10472	0.516065	0.16202	1.813412	1.686965
32100	-1008.16	-1220.937	212.7767	0.6003448	0.365949	0.167678	0.361567	0.104806	1.966957	2.241283
32106	-1010.245	-1224.048	213.8031	0.6270616	0.433298	0.0745555	0.453334	0.0388122	1.814098	1.631717
32112	-1022.007	-1235.873	213.866	0.6734234	0.360984	0.087134	0.502966	0.0489164	2.092918	1.336581
32118	-1018.018	-1232.104	214.0858	0.7671054	0.166407	0.241791	0.539348	0.0524548	2.15693	1.000152
32124	-1000.579	-1214.441	213.862	0.9860922	0.221718	0.216813	0.468408	0.0930614	1.899644	1.232147
32130	-1008.01	-1221.705	213.6948	1.181057	0.209001	0.298284	0.230257	0.262458	1.973273	1.148658
32136	-1008.773	-1222.803	214.0302	0.7876825	0.128182	0.239482	0.295505	0.336831	2.032302	1.148658
32142	-1025.26	-1234.261	209.0011	5.919978	0.115488	0.406944	0.328593	0.148975	1.516784	2.794528
32148	-1039.964	-1249.081	209.1161	7.256529	0.112108	0.180092	0.407928	0.299872	1.618525	2.361495
32154	-1041.788	-1254.835	213.0472	1.060377	0.263617	0.265064	0.384466	0.086853	1.822196	1.84254
32160	-1046.642	-1260.248	213.606	0.5327372	0.187111	0.124645	0.642389	0.0458545	1.671678	1.936199
32166	-1049.643	-1263.03	213.3877	0.6156952	0.389796	0.164154	0.385661	0.060389	1.689144	2.012878
32172	-1022.042	-1234.891	212.8493	1.168751	0.363722	0.0771077	0.45833	0.100841	1.66297	2.012878
32178	-1022.643	-1235.23	212.5871	1.336231	0.278233	0.172594	0.147349	0.401824	1.6146	2.115199
32184	-1026.932	-1240.322	213.3892	1.268156	0.436511	0.272298	0.173297	0.117894	1.735896	1.519125
32190	-1035.807	-1246.973	211.1661	3.114165	0.315044	0.148422	0.25374	0.282794	1.599969	2.214326
32196	-1038.065	-1248.848	210.7822	1.240185	0.190814	0.205015	0.346953	0.257218	1.585724	3.298338
32202	-1032.023	-1244.783	212.7605	0.6192435	0.119336	0.259608	0.381778	0.239278	1.73778	2.385161
32208	-1033.285	-1245.081	211.7959	0.7532199	0.140141	0.447398	0.186567	0.225894	1.731181	2.897082
32214	-1022.659	-1236.038	213.379	0.6215934	0.191275	0.355174	0.223645	0.229905	2.023315	1.787707
32220	-1022.379	-1236.575	214.196	0.7083678	0.10237	0.418162	0.351266	0.128202	2.179614	0.926505
32226	-1025.072	-1239.376	214.3038	0.6651543	0.153686	0.244199	0.52735	0.0747649	2.181567	0.8534617
32232	-1039.689	-1252.946	213.2576	0.6300071	0.25518	0.235063	0.340782	0.168975	1.72963	2.062268
32238	-1016.062	-1229.54	213.4783	0.9293259	0.212739	0.123233	0.523156	0.140871	2.056881	1.458355
32244	-999.9678	-1213.227	213.2594	0.941344	0.190829	0.138021	0.492228	0.178922	2.105945	1.575938
32250	-1020.23	-1233.151	212.9214	0.8148184	0.116147	0.300507	0.465823	0.117522	1.820991	2.095017
32256	-1027.094	-1238.994	211.9005	1.273324	0.37942	0.168166	0.254153	0.198261	1.648196	2.567339
32262	-1042.727	-1254.36	211.6325	1.646544	0.339945	0.134145	0.22138	0.30453	1.664201	2.521286
32268	-1032.144	-1244.59	212.4463	1.683874	0.383599	0.0799106	0.218923	0.317567	1.850153	1.851712
32274	-1017.388	-1226.039	208.6518	8.227494	0.181863	0.06694	0.0422358	0.708961	1.873142	2.296603
32280	-1022.174	-1233.675	211.5004	3.704369	0.419982	0.10916	0.112659	0.358199	1.923753	1.540059
32286	-1014.287	-1227.385	213.0982	0.9905042	0.28067	0.0302114	0.360843	0.328276	1.966684	1.755216
32292	-1016.987	-1230.697	213.7093	0.6490327	0.31324	0.319869	0.197724	0.169167	2.023242	1.530414
32298	-1037.916	-1251.575	213.6592	0.6490327	0.099707	0.225866	0.554974	0.119452	1.744137	1.766844
32304	-1023.916	-1236.756	212.84	0.9591488	0.268532	0.291807	0.291785	0.147876	1.802647	2.062867
32310	-1030.176	-1242.799	212.6227	2.7783	0.364192	0.00444571	0.323697	0.307665	2.043872	0.9342756
32316	-1022.861	-1236.392	213.5315	1.324037	0.491786	0.0674198	0.237101	0.203693	2.225963	0.9342756
32322	-1031.006	-1245.016	214.0104	0.9493528	0.268593	0.269723	0.164834	0.296849	2.309284	0.6579239
32328	-1013.412	-1227.234	213.8219	0.924574	0.228727	0.175669	0.344632	0.250973	2.381518	0.8661953
32334	-1017.894	-1231.688	213.7938	0.8823383	0.198819	0.031432	0.388161	0.381588	2.440671	0.8805361
32340	-1015.639	-1229.355	213.7165	0.8823383	0.214646	0.2078	0.41117	0.166384	2.417358	0.9888638
32346	-1014.731	-1228.432	213.7013	0.6796494	0.191205	0.270138	0.495585	0.043072	2.419895	1.197055
32352	-1012.558	-1225.772	213.2139	1.078734	0.266003	0.0840479	0.589892	0.0600576	2.49725	1.197055
32358	-1025.268	-1238.705	213.4373	1.049851	0.296472	0.271101	0.365154	0.0672739	2.145239	1.327086
32364	-1020.617	-1234.496	213.8786	0.8140441	0.173925	0.317666	0.385853	0.122556	2.033342	1.254077
32370	-1030.033	-1244.461	214.4288	0.5556309	0.459775	0.0138526	0.523152	0.00322077	2.173236	0.8514796
32376	-1023.837	-1237.618	213.7807	0.7106016	0.352079	0.310123	0.335428	0.00237082	2.148563	1.328836
32382	-1021.867	-1236.177	214.3102	0.4826644	0.327225	0.223197	0.391904	0.0576746	2.391714	0.8188262
32388	-1026.339	-1240.779	214.4402	0.4070577	0.134613	0.21999	0.633814	0.0115833	2.316736	0.8376033
32394	-1016.258	-1230.227	213.9684	0.8202879	0.14917	0.135636	0.702358	0.012836	2.433019	0.7470234
32400	-1023.696	-1237.9	214.2044	0.6071932	0.285095	0.200691	0.499099	0.0151144	2.355067	0.8376852
32406	-1018.182	-1232.673	214.4914	0.3880106	0.199783	0.212393	0.567434	0.0203894	2.341459	0.7570533
32412	-1016.012	-1230.362	214.35	0.6201179	0.275416	0.0749954	0.64009	0.00949891	2.245509	0.7721003
32418	-1008.723	-1223.035	214.312	0.6511046	0.282175	0.108672	0.557159	0.0519932	2.25078	0.7721003
32424	-1006.426	-1220.538	214.1124	0.7598439	0.235287	0.129331	0.51503	0.120352	2.361393	0.7333059
32430	-1018.2	-1231.154	212.9546	2.052443	0.229082	0.0674961	0.570182	0.13324	2.408664	0.6562096
32436	-1014.666	-1227.895	213.2296	1.643753	0.207438	0.0375896	0.455204	0.299769	2.154137	1.032534
32442	-1008.106	-1221.974	213.8675	1.044318	0.390217	0.173974	0.317781	0.118028	2.159196	0.9298936
32448	-997.3417	-1211.5	214.1586	0.9394719	0.243658	0.166037	0.418738	0.171566	2.078681	0.8051478
32454	-997.4689	-1210.885	213.4163	1.394748	0.173148	0.256396	0.305523	0.264933	2.276666	0.9352624
32460	-1008.213	-1222.677	214.4638	0.5680933	0.291813	0.204004	0.365154	0.139028	2.108301	0.8717915
32466	-1025.705	-1240.253	214.5485	0.3484187	0.148729	0.455769	0.319739	0.0757626	2.221401	0.8766295
32472	-1005.919	-1220.19	214.2709	0.7282117	0.180429	0.55291	0.204641	0.0620203	2.173337	0.8216343
32478	-1011.241	-1225.218	213.9768	0.7282117	0.144831	0.369099	0.437748	0.0483222	2.470591	0.8175844
32484	-1005.179	-1219.314	214.135	0.8228126	0.106876	0.360014	0.485977	0.0471328	2.231467	0.7930968
32490	-1022.301	-1236.637	214.3357	0.4683866	0.104993	0.182549	0.674621	0.0378373	2.378122	0.8213418
32496	-1014.499	-1228.71	214.2109	0.6012195	0.113795	0.320298	0.559864	0.00604295	2.482064	0.6377475
32502	-1015.919	-1229.968	214.0498	0.706911	0.100375	0.4542	0.439468	0.00595675	2.493489	0.7113171
32508	-1010.05	-1223.88	213.8298	0.6852068	0.224872	0.385482	0.28885	0.100796	2.146778	1.312415
32514	-1005.158	-1219	213.8412	0.5661432	0.112838	0.194692	0.656223	0.0362473	2.077916	1.45558
32520	-1015.529	-1229.336	213.8068	0.9629547	0.154285	0.268201	0.540181	0.0373331	2.388875	0.8281221
32526	-1016.242	-1230.238	213.9965	0.7513433	0.134351	0.314591	0.470398	0.0806592	2.518138	0.6786152
32532	-1021.914	-1235.798	213.8839	0.953351	0.226066	0.0754874	0.562726	0.135721	2.425666	0.6702797
32538	-1020.99	-1234.66	213.6695	1.131515	0.337797	0.161466	0.307123	0.193614	2.489003	0.6137944
32544	-1019.567	-1233.61	214.0428	0.8619416	0.278828	0.186469	0.35468	0.180023	2.332466	0.7200855
32550	-1020.891	-1235.076	214.1846	0.7498884	0.256413	0.251868	0.326167	0.165551	2.28112	0.7613636
32556	-1022.425	-1236.657	214.232	0.6490837	0.306724	0.267124	0.228118	0.198034	2.118158	1.017418
32562	-1014.014	-1227.477	213.4631	0.6866095	0.133022	0.25133	0.486093	0.129556	2.0103	1.689569
32568	-1020.151	-1233.203	213.0518	0.6723298	0.19836	0.122847	0.575822	0.10297	1.898249	2.05723
32574	-1023.746	-1236.81	213.064	0.6723298	0.111078	0.445233	0.288998	0.15469	1.927706	2.029633
32580	-1036.568	-1249.801	213.2332	0.7206989	0.285443	0.244711	0.386281	0.0835646	1.86265	1.9257
32586	-1044.184	-1256.987	212.8036	0.7206989	0.218701	0.130308	0.518455	0.132536	1.585135	2.386491
32592	-1021.547	-1235.498	213.9508	0.830987	0.047699	0.517432	0.395436	0.0394337	2.132778	1.088675
32598	-1036.284	-1250.605	214.3213	0.5115307	0.104218	0.273206	0.587602	0.0349737	1.986656	1.187264
32604	-1017.206	-1230.845	213.639	0.7514648	0.290815	0.149662	0.505218	0.0543058	2.193169	1.371636
32610	-1035.091	-1247.879	212.7881	1.194538	0.2174	0.20102	0.200822	0.380757	3.037263	0.2071137
32616	-1020.235	-1233.601	213.3656	0.7359213	0.123858	0.429797	0.314626	0.13172	3.016851	0.2465335
32622	-1034.378	-1247.626	213.248	0.8302451	0.119394	0.432306	0.38048	0.0678198	3.008215	0.2339648
32628	-1026.153	-1240.014	213.8605	0.6708445	0.140857	0.26782	0.486246	0.105077	2.759888	0.3853607
32634	-1031.398	-1245.22	213.8225	0.7323865	0.136336	0.56583	0.158026	0.139807	2.734445	0.3882418
32640	-1016.881	-1230.723	213.8418	0.7235673	0.236207	0.260952	0.260619	0.242222	2.724444	0.3882418
32646	-1022.842	-1236.362	213.5198	1.010293	0.392993	0.352245	0.155725	0.0990379	2.775438	0.4536914
32652	-1004.341	-1218.059	213.718	0.7133494	0.196025	0.435848	0.318727	0.0494001	2.858529	0.3871961
32658	-1006.9	-1220.66	213.7593	0.7484109	0.157874	0.222	0.311581	0.308545	2.774752	0.378419
32664	-1020.135	-1233.87	213.7356	0.7484109	0.294833	0.202267	0.252681	0.250219	2.789848	0.3658757
32670	-1017.532	-1231.232	213.7005	0.7296309	0.0704557	0.339286	0.296574	0.293684	2.814607	0.3313183
32676	-1024.129	-1237.827	213.6978	0.7579095	0.168167	0.41265	0.272592	0.146591	2.814607	0.361936
32682	-1026.942	-1240.805	213.8623	0.7579095	0.186733	0.374446	0.276046	0.162776	2.695258	0.4697925
32688	-1037.834	-1251.794	213.9594	0.7445925	0.116497	0.233604	0.408217	0.241682	2.610312	0.4576182
32694	-1016.217	-1230.049	213.8317	1.075672	0.0756958	0.638018	0.0331921	0.253094	2.167588	0.9262704
32700	-1010.381	-1224.24	213.859	1.092169	0.133546	0.61846	0.0428301	0.205164	2.23074	0.7991171
32706	-1013.995	-1227.071	213.076	2.194461	0.0256883	0.47674	0.339421	0.158151	2.039254	0.8688936
32712	-1037.301	-1250.374	213.0733	2.040743	0.18149	0.184812	0.501478	0.132219	1.975017	1.055819
32718	-1036.02	-1247.378	211.3578	3.011543	0.108279	0.511622	0.344363	0.0357366	1.985266	1.872286
32724	-1023.011	-1235.929	212.9185	1.663375	0.342214	0.0467991	0.343703	0.267284	2.12243	1.317842
32730	-1016.955	-1231.469	214.5133	0.618492	0.177932	0.261002	0.344006	0.21706	1.93663	0.9488083
32736	-1013.415	-1227.767	214.3519	0.5791691	0.305554	0.130068	0.437797	0.126582	2.043314	1.045156
32742	-1011.319	-1225.145	213.8253	1.084111	0.197819	0.208346	0.358014	0.235821	2.107705	0.9870227
32748	-1009.194	-1222.731	213.5374	1.117775	0.271737	0.286196	0.11813	0.323938	2.254277	1.091784
32754	-1027.762	-1240.341	212.5788	1.135222	0.418949	0.0689498	0.37686	0.135242	1.619551	2.239156
32760	-1015.51	-1228.964	213.454	0.3250721	0.232479	0.411226	0.325825	0.03047	2.000168	1.938679
32766	-1015.848	-1230.165	214.3179	0.5439857	0.1729	0.290239	0.499438	0.0374237	2.287431	0.8620016
32772	-1024.411	-1234.725	210.3147	2.633324	0.261859	0.413653	0.0757889	0.248699	1.617606	2.916789
32778	-1033.589	-1245.358	211.7691	1.391159	0.286098	0.351965	0.0136488	0.348289	1.869498	2.444436
32784	-1015.567	-1229.245	213.6784	1.094788	0.286808	0.48701	0.0301981	0.195984	2.532517	0.5548407
32790	-1033.316	-1246.582	213.2654	1.34697	0.347551	0.36545	0.0340605	0.252939	2.531328	0.8668029
32796	-1027.818	-1241.461	213.6429	1.091468	0.467971	0.317425	0.130021	0.0845828	2.509329	0.70692
32802	-1015.929	-1229.686	213.7571	1.091468	0.308302	0.341846	0.173903	0.175949	2.435783	0.6251826
32808	-1021.632	-1235.749	214.1167	0.7689882	0.0960846	0.516093	0.192777	0.195045	2.273391	0.8356352
32814	-1009.657	-1223.317	213.66	0.6461341	0.196709	0.523318	0.195476	0.0844975	2.132373	1.487988
32820	-1022.408	-1236.288	213.88	0.6309709	0.376583	0.287717	0.235812	0.0998874	1.971336	1.455484
32826	-1018.339	-1231.048	212.7083	0.9890871	0.421675	0.18462	0.265012	0.128693	2.050061	1.965849
32832	-1023.262	-1236.401	213.1387	0.8030707	0.285855	0.280195	0.267731	0.166219	1.964038	1.862047
32838	-1019.625	-1232.599	212.9737	1.03838	0.385274	0.220635	0.263205	0.130886	2.230978	1.622041
32844	-1027.609	-1241.459	213.8506	0.997321	0.290531	0.290775	0.151608	0.267085	2.30405	0.8361494
32850	-1044.67	-1258.5	213.8298	1.003043	0.313986	0.314249	0.0831177	0.288647	2.248049	0.9189239
32856	-1037.324	-1250.993	213.669	1.008085	0.262117	0.221277	0.124968	0.391637	2.496317	0.8088967
32862	-1033.899	-1247.811	213.9118	0.8771254	0.145436	0.636755	0.0742835	0.143526	2.518828	0.5483138
32868	-1029.328	-1243.358	214.0301	0.7182028	0.119551	0.35533	0.190608	0.334511	2.517576	0.6821997
32874	-1033.042	-1245.461	212.4185	2.656095	0.330683	0.257157	0.17007	0.242091	2.545077	0.6176595
32880	-1011.297	-1223.783	212.4854	2.572279	0.207625	0.230142	0.322568	0.239665	2.554497	0.5321881
32886	-1016.9	-1229.663	212.7624	2.317242	0.155635	0.194271	0.322583	0.327512	2.423207	0.6283963
32892	-1002.44	-1216.57	214.1307	0.7182419	0.102347	0.3429	0.288385	0.266368	2.449171	0.6109439
32898	-1011.05	-1224.653	213.6031	1.389728	0.133743	0.448089	0.332769	0.0853998	2.170613	0.8483549
32904	-1020.177	-1234.174	213.9977	0.8998741	0.243765	0.474405	0.097401	0.184429	2.097871	1.009115
32910	-1023.328	-1236.938	213.6094	1.273161	0.279072	0.0101401	0.485627	0.225161	2.178034	0.951984
32916	-1028.655	-1242.312	213.6576	0.7570866	0.380323	0.0235748	0.47874	0.117362	1.836765	1.621097
32922	-1018.829	-1232.846	214.017	0.8862531	0.31646	0.0262306	0.454466	0.202844	1.999054	1.09816
32928	-1014.386	-1228.279	213.893	0.9372867	0.403709	0.120346	0.410146	0.0657992	2.156185	1.017206
32934	-1013.021	-1227.541	214.5192	0.5417112	0.285299	0.279585	0.362589	0.0725268	2.02464	0.9340203
32940	-1014.208	-1228.581	214.3724	0.6739113	0.250077	0.351259	0.384086	0.0145769	1.978644	0.9904357
32946	-1033.564	-1247.818	214.2541	0.507269	0.186994	0.377968	0.417522	0.0175161	1.805183	1.394012
32952	-1011.885	-1225.823	213.9381	0.8626677	0.275008	0.300592	0.332049	0.0923511	1.933944	1.24514
32958	-1002.057	-1215.908	213.8507	0.5380942	0.168949	0.180879	0.465091	0.185081	1.736161	1.719474
32964	-1020.731	-1234.646	213.9155	0.7190335	0.303699	0.170481	0.438356	0.0874631	1.546366	1.673288
32970	-1022.42	-1235.964	213.5447	0.8737978	0.22807	0.102758	0.502308	0.166864	1.789577	1.648604
32976	-1033.214	-1247.18	213.9664	0.5120666	0.331597	0.155719	0.381919	0.130765	1.805831	1.605844
32982	-1023.795	-1236.714	212.9185	0.6729943	0.0709901	0.383151	0.46787	0.0779888	1.765396	2.230351
32988	-1025.854	-1239.608	213.7538	0.7470301	0.0512251	0.477255	0.337606	0.133915	1.803331	1.583215
32994	-1018.865	-1231.959	213.0939	0.8995766	0.135839	0.534153	0.177764	0.152243	1.990634	1.80574
33000	-1007.872	-1220.771	212.8989	1.231342	0.211192	0.334618	0.337183	0.117007	1.99467	1.711696
33006	-1020.848	-1234.077	213.2288	0.8809118	0.122808	0.172003	0.60041	0.104779	1.812495	1.848693
33012	-1022.021	-1234.612	212.5909	1.206876	0.258081	0.248035	0.406348	0.087535	1.768098	2.090384
33018	-1021.576	-1233.359	211.7831	0.9456773	0.19192	0.394838	0.27186	0.141382	1.524891	2.908871
33024	-1021.329	-1233.742	212.4131	0.9890742	0.178567	0.0907639	0.727473	0.00319655	2.247076	2.031337
33030	-1033.389	-1246.355	212.9655	0.6839449	0.302822	0.286494	0.175112	0.235573	2.057191	2.000873
33036	-1029.713	-1241.974	212.2614	1.611216	0.128735	0.23016	0.450424	0.190682	2.356027	1.669466
33042	-1024.535	-1235.88	211.3448	3.72244	0.21788	0.0462302	0.458229	0.277661	2.2919	1.370891
33048	-1022.433	-1233.188	210.7553	4.6787	0.393203	0.0129058	0.441846	0.152045	2.307334	1.45501
33054	-1038.022	-1251.1	213.0773	1.172416	0.130867	0.0731586	0.635268	0.160706	2.222672	1.45501
33060	-1052.386	-1263.158	210.7721	1.475187	0.314446	0.0361405	0.347164	0.302249	1.697962	3.112567
33066	-1049.537	-1260.892	211.355	0.941616	0.209824	0.206961	0.438363	0.144851	1.980755	2.89457
33072	-1045.055	-1258.043	212.9883	0.9632557	0.217906	0.244638	0.393505	0.143951	1.747769	1.998199
33078	-1030.792	-1243.463	212.6709	0.9632557	0.199298	0.280965	0.359902	0.159836	1.775455	2.188515
33084	-1019.56	-1231.067	211.5075	1.709807	0.260301	0.181013	0.203627	0.355058	1.533147	2.647848
33090	-1023.341	-1236.851	213.5099	0.9716128	0.0804425	0.210281	0.576982	0.132294	1.36851	1.896766
33096	-1015.169	-1228.489	213.3201	0.9572572	0.13448	0.495935	0.106459	0.263126	1.572789	1.896766
33102	-1029.489	-1243.133	213.644	0.7809272	0.0757472	0.27912	0.351345	0.293788	1.894413	1.570769
33108	-1018.246	-1230.683	212.4367	0.9739202	0.0651913	0.244525	0.590555	0.0997293	1.786264	2.325103
33114	-1015.357	-1227.913	212.5552	1.338912	0.142255	0.339729	0.345136	0.17288	1.857855	1.973665
33120	-1020.614	-1233.833	213.2183	1.059328	0.302434	0.120749	0.352796	0.224021	1.739638	1.782111
33126	-1012.515	-1225.851	213.3359	0.7019073	0.361504	0.281708	0.243548	0.11324	1.73969	1.952757
33132	-1026.441	-1238.37	211.9284	0.6188461	0.228356	0.338204	0.430915	0.00252413	1.766165	2.88179
33138	-1013.509	-1224.865	211.3558	1.448385	0.238612	0.353393	0.291806	0.116189	1.754141	2.740676
33144	-1018.968	-1232	213.032	0.9496068	0.108795	0.356247	0.352389	0.182569	2.060343	1.764882
33150	-1014.02	-1227.002	212.982	0.8063471	0.143659	0.470409	0.277202	0.10873	1.935037	1.985215
33156	-1018.366	-1231.231	212.8644	0.8063471	0.134524	0.241447	0.480739	0.14329	2.179529	1.89974
33162	-1013.094	-1226.367	213.2729	0.7306585	0.242543	0.332269	0.229707	0.195481	2.089356	1.735119
33168	-1002.523	-1216.062	213.5392	0.8130527	0.200714	0.274966	0.246292	0.278028	2.323269	1.295603
33174	-1010.392	-1223.791	213.3992	0.9015446	0.257445	0.390096	0.173202	0.179258	2.247623	1.394247
33180	-1016.897	-1230.936	214.0396	0.7854755	0.260188	0.266194	0.309317	0.164301	2.490748	0.5072863
33186	-1018.263	-1232.186	213.923	0.7854755	0.244166	0.154917	0.413851	0.187066	2.581574	0.6225798
33192	-1006.509	-1220.652	214.1428	0.7208133	0.298275	0.141991	0.504936	0.0547983	2.429948	0.6225798
33198	-1005.938	-1220.053	214.1154	0.7885787	0.310847	0.147976	0.400172	0.141005	2.408646	0.5407975
33204	-995.7857	-1210.134	214.3486	0.4452055	0.250212	0.195625	0.413439	0.140724	2.531391	0.5330273
33210	-990.3781	-1204.731	214.3524	0.454111	0.239038	0.0648052	0.624107	0.0720506	2.519248	0.5330273
33216	-1005.509	-1219.152	213.6436	1.196767	0.233722	0.142999	0.573697	0.0495821	2.475045	0.50788
33222	-995.8788	-1210.176	214.2969	0.4831177	0.338942	0.0891331	0.526428	0.0454969	2.548903	0.4954419
33228	-997.4295	-1211.322	213.8922	0.814638	0.222504	0.185633	0.418286	0.173576	2.605897	0.4707389
33234	-1008.855	-1223.194	214.3387	0.5374547	0.15001	0.282542	0.469068	0.0983794	2.427721	0.6200364
33240	-1011.852	-1225.463	213.6115	1.280524	0.0629038	0.298375	0.597318	0.0414026	2.384236	0.6653136
33246	-1007.842	-1221.877	214.0348	0.9034849	0.237063	0.233365	0.501338	0.028234	2.193328	0.8624547
33252	-1020.071	-1233.794	213.7231	0.937106	0.133744	0.188387	0.64254	0.0353286	2.193328	1.14111
33258	-1009.979	-1224.12	214.1406	0.7834137	0.308259	0.0697346	0.586889	0.035118	2.193328	0.8846142
33264	-992.0689	-1206.044	213.9754	0.8561376	0.262583	0.0704511	0.499927	0.167039	2.283473	0.8836637
33270	-1007.109	-1221.091	213.9824	0.8561376	0.373663	0.0536742	0.455389	0.117274	2.356992	0.7827621
33276	-998.9474	-1212.776	213.8283	1.231527	0.173963	0.208681	0.512379	0.104977	2.222466	0.6450506
33282	-1007.354	-1221.083	213.7289	1.077073	0.269122	0.283334	0.254645	0.192899	1.895631	1.271191
33288	-1014.43	-1227.524	213.094	1.646202	0.218993	0.337277	0.354067	0.0896639	1.739103	1.49036
33294	-1003.778	-1216.505	212.7268	1.646202	0.126424	0.374678	0.204402	0.294496	1.729745	1.762481
33300	-1000.114	-1212.923	212.8087	1.54614	0.324382	0.0580748	0.192116	0.425428	1.731795	1.762481
33306	-1005.465	-1218.588	213.1229	1.645481	0.297632	0.0356113	0.310297	0.35646	1.808039	1.416183
33312	-989.2654	-1202.833	213.5679	1.042808	0.204713	0.360633	0.374538	0.0601168	1.836009	1.471532
33318	-994.9268	-1208.563	213.6364	0.8808807	0.0501747	0.542832	0.256291	0.150702	2.007286	1.413189
33324	-1001.409	-1214.949	213.5399	1.007258	0.049933	0.385513	0.457527	0.107027	2.007286	1.388547
33330	-1014.136	-1228.224	214.0887	0.5605798	0.0323906	0.479302	0.415175	0.0731324	2.089172	1.254949
33336	-1012.463	-1225.96	213.4965	1.208061	0.0953229	0.647438	0.157925	0.0993139	2.192454	1.10702
33342	-1001.697	-1214.992	213.2957	1.528591	0.0760624	0.457506	0.360237	0.106194	2.04599	1.160379
33348	-992.0424	-1206.284	214.2416	0.6840538	0.0952107	0.572681	0.19918	0.132928	2.173498	0.9114853
33354	-1004.87	-1218.359	213.4894	1.374315	0.178709	0.501302	0.252376	0.0676138	2.281419	0.8683325
33360	-1006.941	-1221.02	214.0797	0.9295332	0.31027	0.305385	0.327869	0.0564756	2.148666	0.8296153
33366	-1019.989	-1233.576	213.5876	1.352786	0.200921	0.0856142	0.421824	0.291641	2.275634	0.7748812
33372	-1026.405	-1240.64	214.2356	0.6667945	0.282657	0.126278	0.479819	0.111246	2.278149	0.8159526
33378	-1005.146	-1219.196	214.0494	0.8841717	0.185206	0.171205	0.376753	0.266836	2.251946	0.7951508
33384	-999.1997	-1213.232	214.0319	0.8476348	0.245774	0.157709	0.41847	0.178047	2.348268	0.7359263
33390	-1012.732	-1226.5	213.7681	1.003162	0.279256	0.179194	0.346717	0.194832	2.436153	0.7620281
33396	-1006.448	-1220.043	213.5942	1.149763	0.33581	0.199068	0.230832	0.234289	2.514008	0.6851738
33402	-1021.06	-1233.317	212.2567	3.138503	0.178096	0.225761	0.128648	0.467494	2.332609	0.762737
33408	-1005.05	-1218.042	212.9928	2.04089	0.188956	0.0718544	0.449466	0.289724	2.269195	0.826387
33414	-1014.202	-1228.204	214.0026	0.776902	0.161764	0.0846212	0.542444	0.21117	2.319344	0.9059594
33420	-1004.032	-1217.982	213.95	1.033574	0.054807	0.494636	0.183784	0.266772	2.219048	0.7691157
33426	-1003.281	-1216.242	212.9614	2.064514	0.0631661	0.570077	0.129746	0.237011	2.267349	0.8459727
33432	-1005.465	-1219.054	213.5892	1.166631	0.124642	0.426793	0.124381	0.324184	2.544369	0.5876986
33438	-1016.515	-1229.882	213.3671	1.328356	0.0332036	0.633869	0.246568	0.0863597	2.604619	0.6208785
33444	-1032.891	-1245.392	212.5013	1.923465	0.225629	0.283467	0.15414	0.336763	1.98923	1.580735
33450	-1011.477	-1225.231	213.7541	0.9802656	0.227425	0.293117	0.225673	0.253786	2.256679	1.012187
33456	-1006.148	-1220.081	213.9323	0.7753867	0.208561	0.142518	0.255952	0.39297	2.544867	0.7006067
33462	-1009.126	-1223.124	213.9977	0.7753867	0.10599	0.380037	0.240126	0.273847	2.462565	0.7286858
33468	-1029.441	-1243.43	213.9887	0.8392798	0.290217	0.178965	0.363663	0.167155	2.44163	0.6629546
33474	-1012.173	-1225.925	213.7523	0.6329079	0.190617	0.256301	0.385815	0.167267	2.896583	0.3675414
33480	-1002.498	-1216.223	213.7251	0.8037434	0.213882	0.24366	0.432904	0.109554	2.77305	0.4232663
33486	-998.8924	-1212.61	213.7178	0.7543498	0.256473	0.286835	0.433135	0.023557	2.814609	0.3859711
33492	-1014.313	-1228.565	214.2514	0.5218164	0.256473	0.286835	0.433135	0.023557	2.533749	0.6127419
33498	-1017.884	-1231.841	213.9578	0.7854157	0.132372	0.418292	0.437594	0.0117424	2.4493	0.7910777
33504	-1014.318	-1228.544	214.2262	0.610454	0.0717744	0.251755	0.670629	0.00584154	2.424446	0.7021451
33510	-1029.129	-1242.788	213.6595	1.145638	0.296528	0.190797	0.508248	0.00442711	2.485073	0.6147966
33516	-1017.192	-1230.573	213.3805	1.329183	0.0296128	0.30866	0.3522	0.309526	2.592838	0.6147966
33522	-1008.664	-1222.672	214.0076	0.7304496	0.147373	0.258802	0.433981	0.159845	2.542553	0.6513632
33528	-1009.928	-1223.759	213.8307	0.9150324	0.105358	0.348244	0.291382	0.255016	2.542553	0.6144655
33534	-1008.316	-1222.082	213.7659	0.9789086	0.342189	0.0982862	0.287729	0.271795	2.542553	0.6144655
33540	-1013.082	-1227.28	214.1979	0.5646808	0.165	0.141696	0.356523	0.33678	2.542553	0.6144655
33546	-1007.123	-1221.015	213.8918	0.7606512	0.163497	0.141951	0.357165	0.337386	2.657764	0.5614952
33552	-1021.034	-1234.016	212.9817	1.498217	0.320407	0.198229	0.247536	0.233828	2.834355	0.3862965
33558	-1029.079	-1242.759	213.6794	0.7361251	0.351258	0.116838	0.322921	0.208983	2.834355	0.3367959
33564	-1029.16	-1242.437	213.2774	1.611791	0.075482	0.27672	0.311088	0.33671	2.260953	0.8996194
33570	-1029.083	-1242.618	213.5355	0.6657329	0.404831	0.177035	0.163296	0.254839	3.022407	0.309138
33576	-1014.767	-1227.907	213.1403	0.7774258	0.315686	0.160281	0.193879	0.330154	3.124752	0.2150504
33582	-1012.974	-1225.772	212.7979	1.271364	0.125913	0.134918	0.461257	0.277911	3.124752	0.2888178
33588	-1019.367	-1232.099	212.7318	1.271364	0.200603	0.0896806	0.3066	0.403117	3.124752	0.2502682
33594	-1013.581	-1226.831	213.2508	0.9468763	0.293166	0.165516	0.347435	0.193883	2.992396	0.2930012
33600	-1022.507	-1235.399	212.892	2.460814	0.295109	0.0781637	0.434391	0.192337	2.037634	0.8701309
33606	-1013.444	-1224.085	210.6407	6.16884	0.18874	0.142861	0.266828	0.401571	1.948823	1.346004
33612	-1010.666	-1224.374	213.7076	0.6550856	0.228449	0.210692	0.539181	0.0216775	2.886844	0.3316717
33618	-998.9447	-1212.662	213.7177	0.7076327	0.105152	0.467647	0.39111	0.0360902	2.86587	0.388952
33624	-1004.698	-1218.351	213.6526	0.7609626	0.404054	0.178773	0.402435	0.0147377	2.899152	0.4540451
33630	-1002.425	-1216.254	213.8297	0.5806193	0.39988	0.102853	0.307542	0.189724	2.899152	0.4114081
33636	-1018.203	-1231.609	213.4056	0.9258246	0.263876	0.0332007	0.621293	0.08163	2.949259	0.387019
33642	-1024.601	-1238.724	214.1228	0.4840317	0.457471	0.0077929	0.504108	0.0306274	2.710002	0.4261381
33648	-1020.728	-1234.671	213.9422	0.7828038	0.22974	0.0104964	0.744382	0.015381	2.5879	0.4613034
33654	-1036.734	-1250.564	213.8303	0.891676	0.322311	0.0147258	0.641384	0.0215785	2.5879	0.4706288
33660	-1026.523	-1240.843	214.32	0.4374143	0.323828	0.0147951	0.644403	0.0169743	2.564672	0.4533726
33666	-1012.997	-1227.403	214.4055	0.4054992	0.315137	0.016536	0.627107	0.0412203	2.507342	0.5501396
33672	-1008.557	-1222.927	214.3702	0.5293913	0.377506	0.0172674	0.557205	0.048021	2.372441	0.6882685
33678	-995.4425	-1209.748	214.3054	0.6288849	0.221445	0.0915771	0.666407	0.0205704	2.345086	0.6664256
33684	-1001.815	-1216.079	214.2642	0.6288849	0.258572	0.114	0.561385	0.0660429	2.317191	0.7790358
33690	-1010.207	-1224.631	214.4233	0.5549941	0.292857	0.30481	0.333769	0.068565	2.254679	0.7512097
33696	-1003.948	-1218.034	214.0861	0.8127995	0.208659	0.118234	0.553995	0.119112	2.191083	0.9138416
33702	-1016.369	-1230.337	213.9674	0.8127995	0.334804	0.197009	0.376732	0.0914555	2.485015	0.6739919
33708	-1011.388	-1225.187	213.7988	0.9749933	0.180214	0.242793	0.464284	0.11271	2.485015	0.6778304
33714	-1023.391	-1237.674	214.2838	0.563657	0.187808	0.249167	0.378193	0.184833	2.408872	0.7139334
33720	-1011.835	-1226.111	214.2759	0.563657	0.359106	0.175802	0.434253	0.0308393	2.452956	0.6451959
33726	-1009.165	-1223.434	214.2685	0.4479919	0.260432	0.357255	0.319643	0.06267	2.610938	0.5030751
33732	-1020.651	-1234.957	214.3058	0.4479919	0.204815	0.170049	0.351104	0.274031	2.571864	0.4702769
33738	-1002.96	-1216.971	214.0104	0.7997235	0.0449643	0.171677	0.743106	0.0402523	2.503861	0.4751229
33744	-1014.493	-1228.57	214.0774	0.6962579	0.0510248	0.32299	0.580308	0.0456777	2.543352	0.5455125
33750	-1021.39	-1234.699	213.309	1.25885	0.558298	0.132883	0.185512	0.123307	2.748206	0.5431019
33756	-1015.519	-1229.422	213.9025	0.7477053	0.194324	0.224829	0.372231	0.208616	2.660604	0.5621032
33762	-1010.603	-1224.81	214.2067	0.581544	0.154444	0.425939	0.275918	0.143699	2.538467	0.4836996
33768	-1017.754	-1231.559	213.8056	0.7550078	0.170945	0.137055	0.510657	0.181343	2.750824	0.4466702
33774	-1029.047	-1241.695	212.6481	1.535397	0.337974	0.189314	0.265556	0.207156	1.858671	1.792287
33780	-1024.871	-1238.5	213.6299	0.586616	0.396441	0.263207	0.183124	0.157227	2.987393	0.2910804
33786	-1025.738	-1239.246	213.5083	0.586616	0.198142	0.357006	0.205635	0.239217	3.057422	0.2595784
33792	-999.0234	-1212.586	213.5626	0.5278646	0.198142	0.357006	0.205635	0.239217	3.057422	0.2561459
33798	-1018.262	-1231.817	213.555	0.7543495	0.0578595	0.255714	0.440784	0.245643	2.879441	0.2872402
33804	-1006.503	-1219.973	213.4698	0.7543495	0.276931	0.27138	0.317315	0.134374	3.044513	0.3595492
33810	-1017.824	-1231.304	213.4797	0.7643348	0.14252	0.0275579	0.642785	0.187137	2.967294	0.3038805
33816	-1005.987	-1219.117	213.13	0.7643348	0.295305	0.0383983	0.53171	0.134587	3.144969	0.2135948
33822	-1015.597	-1229.033	213.4355	0.7643348	0.295305	0.0383983	0.53171	0.134587	3.020768	0.3113599
33828	-1010.763	-1224.251	213.488	0.6521837	0.129865	0.286395	0.465828	0.117911	3.000678	0.2553549
33834	-1020.387	-1233.801	213.4144	0.6251563	0.253345	0.173398	0.233998	0.339259	3.055797	0.2329423
33840	-1014.471	-1228.288	213.8177	0.5756378	0.428762	0.232363	0.256895	0.08198	2.839276	0.3125963
33846	-1006.338	-1219.932	213.5939	0.7621297	0.269992	0.353549	0.264562	0.111896	2.866188	0.3125963
33852	-1014.815	-1228.438	213.623	0.7621297	0.350809	0.085546	0.475499	0.088146	2.866188	0.3397839
33858	-1019.427	-1233.248	213.821	0.5512837	0.286132	0.227609	0.295258	0.191002	2.884855	0.3342111
33864	-1031.635	-1245.19	213.5547	0.6991277	0.239236	0.282658	0.374223	0.103883	2.961593	0.3042195
33870	-1012.785	-1226.183	213.3979	0.7204491	0.208284	0.246088	0.325807	0.219822	3.053907	0.2753839
33876	-1011.763	-1224.627	212.8638	1.278903	0.312464	0.294329	0.149311	0.243897	3.053907	0.290211
33882	-1007.306	-1220.643	213.3364	0.657925	0.0625242	0.517173	0.379593	0.0407093	3.140996	0.2526813
33888	-1010.461	-1224.1	213.6385	0.657925	0.233792	0.199185	0.323642	0.243382	2.890539	0.2823371
33894	-1014.579	-1227.998	213.4194	0.7162511	0.154715	0.196513	0.482425	0.166346	3.075279	0.3015464
33900	-1005.35	-1219.206	213.856	0.5961373	0.329141	0.348945	0.280971	0.0409433	2.817046	0.3491661
33906	-1005.268	-1218.86	213.5923	0.9129929	0.175165	0.185704	0.617341	0.0217896	2.766707	0.3729013
33912	-1009.288	-1222.665	213.3768	1.067094	0.326068	0.0939234	0.47975	0.100259	2.817032	0.3584049
33918	-1003.753	-1217.377	213.6244	0.8210742	0.125634	0.274798	0.200138	0.39943	2.833949	0.3793442
33924	-994.4929	-1208.43	213.937	0.5741205	0.0681946	0.316583	0.599792	0.0154298	2.76861	0.3608703
33930	-1039.116	-1250.263	211.1469	1.952787	0.103719	0.230339	0.442969	0.222973	1.562369	2.734121
33936	-1026.156	-1239.722	213.5663	1.005002	0.306709	0.340462	0.257733	0.0950952	1.808742	1.521409
33942	-1017.99	-1230.819	212.8294	1.756771	0.309142	0.214464	0.204377	0.272016	2.762236	0.3716458
33948	-1023.9	-1237.766	213.8655	0.6186462	0.252333	0.187417	0.346239	0.21401	2.771722	0.3359647
33954	-1016.795	-1230.629	213.8343	0.6663126	0.237024	0.26346	0.258881	0.240635	2.771898	0.3578036
33960	-1005.361	-1219.161	213.8	0.6986659	0.230367	0.25606	0.25161	0.261963	2.771898	0.3578036
33966	-1013.709	-1226.618	212.9091	1.53093	0.0887774	0.307091	0.250823	0.353308	2.859182	0.3578036
33972	-1010.877	-1224.62	213.7422	0.9101912	0.37347	0.080665	0.472049	0.0738161	2.658012	0.4806018
33978	-1014.382	-1228.009	213.6267	1.175208	0.227925	0.409698	0.32999	0.0323864	2.511307	0.4753935
33984	-1012.056	-1225.125	213.0693	0.6183354	0.393263	0.0411879	0.531008	0.0345413	1.956754	2.044738
33990	-1033.069	-1247.004	213.9347	0.7390862	0.20675	0.288062	0.273494	0.231694	2.643474	0.5240065
33996	-1014.439	-1228.609	214.1707	0.5599164	0.14489	0.34926	0.357411	0.148439	2.595405	0.4681455
34002	-1029.312	-1243.518	214.2059	0.6007404	0.203087	0.305772	0.357884	0.133257	2.518934	0.5194751
34008	-1013.262	-1227.396	214.1348	0.6687881	0.212657	0.273058	0.374749	0.139536	2.518934	0.5013261
34014	-1018.698	-1232.857	214.1592	0.6617291	0.226428	0.318963	0.322228	0.132381	2.486291	0.5941859
34020	-1028.315	-1242.194	213.8784	0.8519206	0.221947	0.362263	0.355786	0.0600036	2.566844	0.5941859
34026	-1030.81	-1244.947	214.1369	0.6147374	0.261263	0.306567	0.344374	0.087796	2.566844	0.5620519
34032	-1018.261	-1232.207	213.9458	0.7541614	0.215207	0.241154	0.433198	0.110441	2.606853	0.5769013
34038	-1032.5	-1246.492	213.9916	0.7395816	0.408313	0.176927	0.20522	0.20954	2.587176	0.5032563
34044	-1036.396	-1249.207	212.8115	0.9533857	0.157099	0.165242	0.333473	0.344186	2.084968	1.896973
34050	-1035.218	-1248.475	213.2574	0.8130729	0.251712	0.290038	0.353168	0.105081	1.883686	1.828532
34056	-1036.322	-1250.213	213.8917	0.5074269	0.160991	0.215324	0.600194	0.0234911	1.975322	1.539766
34062	-1028.77	-1241.784	213.0144	0.7974462	0.134288	0.577734	0.284423	0.00355568	1.848082	2.027764
34068	-1041.193	-1254.34	213.1468	0.6219645	0.184676	0.479099	0.322509	0.0137167	1.975698	1.977977
34074	-1033.651	-1244.037	210.3857	5.984761	0.0744359	0.105599	0.332604	0.487362	1.949191	1.592249
34080	-1016.59	-1229.262	212.6726	2.188781	0.0391198	0.37389	0.342677	0.244313	1.948608	1.331256
34086	-1013.496	-1226.359	212.8637	2.188781	0.0524667	0.0485114	0.827149	0.0718733	1.987041	1.138153
34092	-1008.875	-1223.03	214.1549	0.6432125	0.148174	0.111623	0.595376	0.144827	1.902202	1.283049
34098	-1029.165	-1242.286	213.1208	1.35458	0.394444	0.0355554	0.46715	0.102851	2.111546	1.376954
34104	-1034.286	-1248.698	214.4113	0.6371595	0.183327	0.0160651	0.7132	0.0874074	2.14123	0.8062014
34110	-1017.055	-1231.352	214.2964	0.6371595	0.183705	0.0163951	0.741641	0.0582582	2.284911	0.7667799
34116	-1010.315	-1223.972	213.657	0.6673367	0.479071	0.0427554	0.337172	0.141002	1.898243	1.645647
34122	-1039.324	-1253.488	214.164	0.6664363	0.353965	0.303271	0.140157	0.202608	2.410736	0.7299265
34128	-1039.722	-1253.464	213.7422	1.039768	0.269989	0.231321	0.266695	0.231995	2.180274	1.040446
34134	-1025.426	-1239.582	214.1556	0.6893779	0.0804056	0.196282	0.539094	0.184218	2.100253	1.067103
34140	-1025.778	-1239.57	213.7918	0.9933398	0.293944	0.216051	0.287232	0.202772	1.99192	1.207247
34146	-1026.747	-1239.985	213.2386	0.8608441	0.279893	0.345485	0.241744	0.132878	1.897533	1.797669
34152	-1023.894	-1237.156	213.2618	0.5017442	0.0936508	0.460326	0.417597	0.0284263	1.897533	2.036182
34158	-1014.714	-1228.405	213.6917	0.6503168	0.129597	0.123615	0.666928	0.0798596	2.209458	1.401417
34164	-1012.203	-1226.115	213.9117	0.646608	0.132851	0.161313	0.500247	0.205588	2.098103	1.318584
34170	-1020.007	-1233.99	213.9824	0.5142289	0.180325	0.055886	0.679005	0.0847839	2.29074	1.214758
34176	-1006.566	-1219.931	213.3649	0.5899735	0.262402	0.182489	0.49349	0.0616196	2.029612	1.816154
34182	-1001.881	-1215.419	213.5382	0.5760301	0.289912	0.20162	0.474722	0.0337461	2.130336	1.633349
34188	-1012.625	-1225.978	213.3528	0.8853714	0.369016	0.256634	0.331396	0.0429539	2.08936	1.561573
34194	-1026.13	-1239.448	213.3182	0.6500302	0.367535	0.108027	0.370111	0.154327	2.126616	1.737105
34200	-1023.34	-1236.375	213.0352	1.168201	0.199253	0.483561	0.210376	0.10681	2.497896	1.274088
34206	-1028.363	-1241.411	213.0482	1.406331	0.458584	0.309502	0.042041	0.189873	2.388102	1.170701
34212	-1042.541	-1255.349	212.8083	1.239633	0.533741	0.0152079	0.3384	0.112651	1.834559	1.880087
34218	-1028.35	-1241.597	213.2473	1.032372	0.480214	0.113969	0.304463	0.101354	1.949635	1.631896
34224	-1018.339	-1230.328	211.9894	0.8189441	0.406116	0.0866322	0.401957	0.105294	1.769838	2.713826
34230	-1025.804	-1238.143	212.3393	0.8086172	0.382336	0.160764	0.359511	0.0973894	1.79021	2.491288
34236	-1023.227	-1236.019	212.7923	0.8802992	0.382336	0.160764	0.359511	0.0973894	1.750989	2.180566
34242	-1015.601	-1228.89	213.2886	0.843649	0.243451	0.0885242	0.45126	0.216764	1.693085	1.915568
34248	-1033.02	-1246.438	213.418	0.5863281	0.399689	0.145336	0.35432	0.100655	1.692366	2.011079
34254	-1034.014	-1246.558	212.5444	1.280718	0.196784	0.250506	0.379217	0.173494	1.524277	2.234516
34260	-1036.207	-1250.164	213.957	0.7035522	0.170051	0.372588	0.0868416	0.37052	2.65161	0.5671107
34266	-1023.944	-1237.548	213.6035	1.109083	0.173826	0.380858	0.116692	0.328624	2.598629	0.5167997
34272	-1038.372	-1251.605	213.233	1.409876	0.0847659	0.402886	0.235465	0.276883	2.682775	0.4390693
34278	-1038.895	-1250.744	211.8494	3.668363	0.192285	0.366859	0.214409	0.226447	2.546143	0.5384839
34284	-1026.704	-1240.256	213.5521	1.114938	0.207044	0.395018	0.221056	0.176883	2.631074	0.5879253
34290	-1014.204	-1227.786	213.5821	1.240269	0.123627	0.179816	0.616038	0.0805189	2.474726	0.6098994
34296	-1026.296	-1239.938	213.6415	1.240801	0.189295	0.27533	0.146632	0.388744	2.428814	0.5621379
34302	-1024.548	-1237.054	212.5057	1.059199	0.265595	0.332784	0.368703	0.0329185	1.618377	2.333998
34308	-1017.782	-1230.317	212.5349	0.9734145	0.25723	0.474935	0.205138	0.0626971	1.708177	2.31261
34314	-1041.746	-1252.749	211.0029	0.6206947	0.153565	0.357854	0.127703	0.360878	1.598846	3.528416
34320	-1027.676	-1240.037	212.3611	0.6993069	0.177916	0.423468	0.341101	0.0575141	1.699518	2.605874
34326	-1034.968	-1247.748	212.7801	1.01724	0.143379	0.382122	0.274886	0.199613	1.794252	2.069533
34332	-1030.189	-1241.823	211.6338	1.170348	0.261402	0.00814259	0.481173	0.249282	1.605424	2.816658
34338	-1033.245	-1244.063	210.8177	1.838914	0.211343	0.0589638	0.577167	0.152526	1.605424	2.960999
34344	-1014.266	-1226.619	212.3525	1.223816	0.333182	0.0633768	0.44984	0.153601	1.77169	2.232783
34350	-1025.494	-1238.643	213.1487	1.277518	0.188529	0.196604	0.460917	0.15395	2.001488	1.493915
34356	-1007.932	-1221.361	213.4289	0.7574237	0.092554	0.137323	0.679599	0.0905244	1.884013	1.749898
34362	-1006.721	-1219.523	212.8022	1.2051	0.0150731	0.528491	0.362458	0.0939776	2.077907	1.738484
34368	-1008.965	-1220.842	211.8771	2.251042	0.02132	0.74752	0.0982343	0.132926	1.66156	2.071506
34374	-1008.232	-1220.636	212.4033	1.730969	0.106655	0.511659	0.0700131	0.311673	1.824159	1.872728
34380	-1013.189	-1226.119	212.9299	1.362922	0.072704	0.499155	0.21568	0.21246	1.95335	1.633026
34386	-1015.566	-1229.569	214.0034	0.8733734	0.159045	0.035183	0.533325	0.272447	2.152934	0.9753248
34392	-1037.831	-1251.767	213.9353	0.9526524	0.210243	0.040895	0.558231	0.190631	2.223848	0.8845727
34398	-1031.173	-1245.488	214.3145	0.6886869	0.378063	0.216188	0.241532	0.164216	2.176943	0.8147689
34404	-1013.559	-1227.709	214.1496	0.7668853	0.365999	0.191886	0.339759	0.102356	2.387154	0.5859309
34410	-1020.376	-1234.041	213.6654	1.253383	0.248999	0.130545	0.231147	0.389308	2.387154	0.5859309
34416	-1019.519	-1233.095	213.5757	1.175374	0.0840974	0.190966	0.38245	0.342487	2.550123	0.5859309
34422	-1029.628	-1243.611	213.9833	0.7797596	0.127023	0.28844	0.450372	0.134164	2.550123	0.5399601
34428	-1025.486	-1239.393	213.9067	0.8844156	0.311689	0.240895	0.313023	0.134393	2.520469	0.5129105
34434	-1030.998	-1244.314	213.3162	1.240972	0.425952	0.248597	0.224662	0.100789	2.76017	0.4784572
34440	-1025.003	-1238.653	213.6505	0.8984291	0.452036	0.0349612	0.438548	0.0744549	2.741865	0.4051662
34446	-1018.247	-1232.254	214.0075	0.5617937	0.452962	0.0620381	0.425378	0.0596217	2.75495	0.4573105
34452	-1015.499	-1228.742	213.2423	1.16538	0.247876	0.14122	0.566664	0.044239	2.871581	0.3796043
34458	-1007.516	-1220.051	212.5354	2.07022	0.366199	0.0875379	0.465314	0.0809498	2.837096	0.4107771
34464	-1005.861	-1219.207	213.3459	1.131846	0.344108	0.0798323	0.502236	0.0738241	2.778037	0.3499099
34470	-1023.129	-1237.03	213.9011	0.6026818	0.206584	0.0407817	0.408338	0.344296	2.814414	0.4392437
34476	-1026.161	-1239.746	213.5846	0.762223	0.303582	0.15909	0.369233	0.168095	2.94253	0.3911642
34482	-1036.241	-1249.446	213.2054	1.247171	0.549251	0.0267615	0.291349	0.132638	2.818639	0.3612697
34488	-1020.313	-1234.153	213.8401	0.6970182	0.258235	0.0574986	0.562433	0.121833	2.77628	0.4413509
34494	-1019.232	-1232.967	213.735	0.8686047	0.349893	0.170072	0.232548	0.247487	2.697944	0.4301087
34500	-1016.428	-1230.27	213.8419	0.6779357	0.241453	0.0819514	0.593415	0.0831815	2.779928	0.4018487
34506	-1016.908	-1230.96	214.0524	0.5784544	0.287065	0.190144	0.448628	0.0741637	2.693706	0.4629794
34512	-1027.539	-1241.091	213.5518	1.065767	0.212777	0.277089	0.478939	0.0311954	2.690292	0.4629794
34518	-1016.477	-1230.227	213.7502	0.9975137	0.3424	0.0407341	0.579144	0.0377222	2.562268	0.5091124
34524	-1023.913	-1238.365	214.4522	0.4600733	0.230782	0.22503	0.517134	0.0270541	2.040465	1.066473
34530	-1018.887	-1232.632	213.7448	0.6814204	0.363496	0.0693336	0.530995	0.0361752	2.861841	0.3811125
34536	-1018.421	-1231.907	213.4867	1.09237	0.353169	0.11659	0.423483	0.106758	2.728027	0.4557946
34542	-1009.032	-1223.187	214.1549	0.5293855	0.104422	0.289178	0.563596	0.0428036	2.64466	0.4985707
34548	-1018.844	-1232.992	214.1476	0.5336861	0.104844	0.277468	0.540772	0.0769168	2.647572	0.5005993
34554	-1001.905	-1216.003	214.0977	0.5951308	0.0963509	0.363246	0.496966	0.0434372	2.62812	0.4485779
34560	-1002.889	-1216.385	213.4968	0.9880898	0.197334	0.243068	0.450814	0.108783	1.881435	1.53164
34566	-1013.85	-1227.071	213.2209	0.774192	0.282924	0.065762	0.495348	0.155966	1.663584	2.02935
34572	-1012.886	-1226.287	213.4011	0.5882615	0.241698	0.200213	0.447531	0.110558	1.67974	2.02935
34578	-1008.664	-1220.639	211.9749	2.709192	0.360099	0.169804	0.379559	0.0905385	1.804399	1.698652
34584	-1008.672	-1222.436	213.7639	1.049166	0.303528	0.235338	0.366663	0.0944714	1.961769	1.209483
34590	-1003.224	-1216.842	213.6181	1.07896	0.385675	0.105908	0.404259	0.104158	2.250394	1.055222
34596	-1015.997	-1229.492	213.4953	1.07896	0.462998	0.0286289	0.374898	0.133475	2.194303	1.215224
34602	-1021.56	-1235.751	214.1904	0.616024	0.206986	0.292295	0.363322	0.137397	2.512643	0.5590002
34608	-1025.484	-1239.452	213.9682	0.763974	0.26947	0.244403	0.307254	0.178874	2.57112	0.421571
34614	-1023.031	-1236.961	213.9297	0.763974	0.319413	0.163481	0.247915	0.269191	2.623341	0.4941821
34620	-1020.199	-1234.447	214.2472	0.735939	0.135775	0.384355	0.270226	0.209643	2.269808	0.7036807
34626	-1029.417	-1243.534	214.1164	0.8064071	0.086551	0.298179	0.450938	0.164332	1.996002	1.085799
34632	-1024.165	-1236.762	212.5976	0.888257	0.270474	0.332161	0.147952	0.249413	1.74725	2.302981
34638	-1033.179	-1246.945	213.7661	0.8754971	0.363081	0.257321	0.198609	0.18099	1.857188	1.433195
34644	-1022.265	-1235.694	213.4293	1.217161	0.421875	0.174841	0.271893	0.131391	2.083801	1.252349
34650	-1023.54	-1236.241	212.7011	1.217161	0.140965	0.199178	0.510177	0.14968	2.051553	1.819284
34656	-1025.2	-1237.651	212.4514	1.292708	0.233036	0.209499	0.230408	0.327057	1.685955	2.182993
34662	-1020.463	-1233.092	212.6288	1.292708	0.261222	0.122994	0.426232	0.189552	1.700337	2.057467
34668	-1025.639	-1238.302	212.6632	0.9767697	0.316491	0.318913	0.264655	0.0999411	1.974569	2.054357
34674	-1014.151	-1226.936	212.7848	0.458821	0.208539	0.335348	0.390261	0.0658522	1.983108	2.317507
34680	-1002.565	-1214.4	211.8351	1.650538	0.318696	0.287347	0.177954	0.216003	1.706844	2.364994
34686	-1027.639	-1239.681	212.0416	2.505227	0.335523	0.249721	0.187349	0.227407	1.528902	1.934274
34692	-1017.279	-1228.803	211.5244	2.872312	0.332157	0.167115	0.127581	0.373147	1.685458	2.018707
34698	-1015.845	-1226.818	210.9732	2.456072	0.283964	0.179175	0.136787	0.400074	1.729914	2.515825
34704	-1033.88	-1247.898	214.018	0.7786612	0.214925	0.0642716	0.457208	0.263595	2.135476	1.074585
34710	-1022.579	-1235.837	213.2575	0.9292149	0.201589	0.351237	0.323717	0.123457	2.129809	1.568899
34716	-1038.371	-1251.981	213.6102	0.9292149	0.189032	0.391647	0.303554	0.115767	2.197443	1.241808
34722	-1045.474	-1259.241	213.7672	0.775628	0.188064	0.255012	0.512056	0.0448683	2.252307	1.197247
34728	-1011.105	-1224.955	213.8496	0.8513272	0.181255	0.310067	0.493519	0.0151589	2.229087	1.073536
34734	-1013.801	-1227.604	213.8031	0.8740307	0.126476	0.416204	0.370256	0.0870641	2.310541	1.017492
34740	-1009.53	-1223.243	213.7138	1.001336	0.212906	0.303731	0.424069	0.0592937	2.497868	0.7537646
34746	-1007.178	-1221.107	213.9291	0.7844898	0.243068	0.094609	0.609334	0.0529882	2.497868	0.7646996
34752	-1023.062	-1236.983	213.9217	0.7844898	0.302075	0.0627051	0.351122	0.284098	2.479098	0.8008765
34758	-1014.848	-1228.644	213.7955	0.9620302	0.228535	0.272712	0.265641	0.233111	2.488568	0.7011012
34764	-1035.505	-1249.222	213.7176	1.057744	0.309662	0.205981	0.155713	0.328644	2.488568	0.6687381
34770	-1027.137	-1239.962	212.8251	1.435719	0.327868	0.230637	0.292737	0.148758	2.103041	1.553157
34776	-1017.181	-1230.304	213.1233	1.553018	0.193276	0.0851887	0.599572	0.121963	1.922264	1.387322
34782	-1010.308	-1223.817	213.5087	1.031042	0.411531	0.181387	0.181813	0.22527	1.684005	1.635885
34788	-1013.589	-1226.534	212.9451	1.948843	0.169347	0.256036	0.256637	0.317979	2.021363	1.19193
34794	-1016.352	-1230.326	213.9742	0.9934063	0.187849	0.214163	0.315363	0.282626	1.906	1.122672
34800	-1007.106	-1221.144	214.0381	0.8861129	0.168164	0.349988	0.404082	0.0777654	2.032039	1.047648
34806	-1014.46	-1228.251	213.7909	0.7060258	0.161874	0.358053	0.400515	0.0795573	1.949292	1.479435
34812	-1026.178	-1239.952	213.7741	0.8072748	0.0626805	0.104849	0.575669	0.256802	2.732436	0.4778846
34818	-1025.606	-1239.559	213.953	0.6992502	0.109506	0.197121	0.559692	0.133682	2.667522	0.4778846
34824	-1013.022	-1227.098	214.076	0.7008244	0.118162	0.209395	0.603935	0.0685072	2.542771	0.4778846
34830	-1013.757	-1227.73	213.9739	0.7173229	0.262652	0.202432	0.312413	0.222503	2.620668	0.440054
34836	-1029.217	-1242.975	213.7577	0.8633731	0.203479	0.156826	0.467321	0.172375	2.68369	0.440054
34842	-1028.5	-1241.475	212.9746	1.340742	0.134435	0.205458	0.645616	0.0144901	2.176911	1.449187
34848	-1019.199	-1232.728	213.5291	1.340742	0.14007	0.403411	0.325591	0.130927	2.173594	0.9758788
34854	-1034.095	-1248.597	214.5025	0.4798983	0.0241542	0.280025	0.670323	0.0254985	2.178861	0.8479401
34860	-1023.328	-1237.484	214.1558	0.7859013	0.153354	0.227167	0.608063	0.0114158	2.085036	0.9821692
34866	-1006.72	-1221.04	214.3206	0.6153203	0.12707	0.299627	0.527252	0.0460504	1.920476	1.151828
34872	-1036.622	-1250.626	214.0041	0.6712052	0.229097	0.281071	0.327244	0.162589	2.64339	0.4579716
34878	-1030.646	-1244.1	213.454	1.214478	0.269768	0.0939192	0.473582	0.162731	2.623573	0.3972802
34884	-1039.905	-1252.393	212.4882	2.325621	0.527888	0.0880048	0.0758122	0.308295	1.926965	1.417482
34890	-1043.62	-1257.929	214.3088	0.7698404	0.0695579	0.477533	0.41095	0.0419592	2.228508	0.5724526
34896	-1033.241	-1247.324	214.0831	0.7698404	0.0650834	0.447071	0.384514	0.103332	2.273403	0.8749621
34902	-1040.399	-1254.667	214.2674	0.6477291	0.103051	0.267903	0.608189	0.0208566	1.916097	1.172374
34908	-1032.858	-1246.934	214.0762	0.7523881	0.123032	0.320238	0.303918	0.252811	1.964964	1.199668
34914	-1034.939	-1248.954	214.015	0.7165254	0.128598	0.334725	0.317667	0.21901	1.873836	1.356019
34920	-1023.899	-1238	214.1008	0.7276077	0.0962581	0.503908	0.244147	0.155687	1.824909	1.317173
34926	-1021.457	-1235.121	213.6643	1.153401	0.105015	0.527758	0.204172	0.163056	2.081934	1.102026
34932	-1008.821	-1222.946	214.125	0.8788248	0.137751	0.629304	0.0861064	0.146838	2.034434	0.966375
34938	-1013.945	-1228.327	214.3819	0.51928	0.140386	0.514922	0.22056	0.124132	1.829001	1.262649
34944	-1047.628	-1261.322	213.6939	0.8955083	0.13982	0.26832	0.496657	0.0952036	1.79793	1.517044
34950	-1037.093	-1249.908	212.8156	0.6047066	0.31521	0.00415503	0.493084	0.187551	1.822965	2.305686
34956	-1033.457	-1246.616	213.1586	0.6868094	0.415074	0.00716419	0.479365	0.0983966	1.690892	2.113277
34962	-1031.011	-1242.85	211.839	1.689247	0.0858829	0.476861	0.183789	0.253467	1.747216	2.316667
34968	-1032.562	-1244.877	212.3147	1.092682	0.369118	0.184846	0.261594	0.184441	1.70918	2.376795
34974	-1024.004	-1237.825	213.8211	0.691584	0.427184	0.0065835	0.355709	0.210523	2.073813	1.372123
34980	-1018.22	-1230.741	212.5208	0.7593643	0.443202	0.00273164	0.485538	0.068528	2.040003	2.25078
34986	-1025.412	-1238.985	213.5724	0.7105042	0.317558	0.00856618	0.535219	0.138657	2.118458	1.512989
34992	-1015.06	-1226.9	211.8405	1.466932	0.290067	0.164896	0.280324	0.264712	1.711	2.457219
34998	-1007.204	-1219.017	211.813	1.361028	0.358213	0.141336	0.257393	0.243058	1.930219	2.395463
35004	-1017.184	-1230.167	212.9828	0.7992651	0.280338	0.214403	0.315041	0.190218	2.064547	1.90249
35010	-1033.79	-1246.164	212.3737	1.413598	0.269222	0.237169	0.203302	0.290307	1.849795	2.055288
35016	-1021.456	-1234.391	212.9353	0.8729009	0.180842	0.487127	0.172873	0.159157	1.936592	1.969104
35022	-1009.37	-1222.114	212.7445	0.9385152	0.132064	0.521838	0.241235	0.104864	2.052332	1.974289
35028	-1014.064	-1227.039	212.9749	1.60002	0.178479	0.205867	0.328744	0.28691	2.092405	1.338869
35034	-1029.839	-1242.849	213.0099	1.843132	0.0619657	0.550088	0.0266666	0.36128	2.047088	1.184212
35040	-1016.195	-1229.506	213.3107	1.582078	0.00284551	0.530659	0.0146361	0.45186	2.155316	1.002278
35046	-1016.583	-1229.723	213.1396	1.158359	0.023256	0.487608	0.0247927	0.464343	1.969675	1.60665
35052	-1022.382	-1235.783	213.4007	0.9173388	0.0379774	0.741672	0.00542843	0.214922	1.878118	1.656279
35058	-1028.854	-1242.074	213.2204	0.8430724	0.072954	0.501181	0.0970341	0.328831	1.924243	1.804504
35064	-1021.696	-1234.178	212.4827	1.479243	0.188391	0.388102	0.0707099	0.352797	1.822692	1.962525
35070	-1024.108	-1235.314	211.2065	2.594182	0.0127346	0.596035	0.223376	0.167855	1.869812	2.221266
35076	-1030.821	-1242.777	211.9562	1.499265	0.104246	0.58582	0.0777195	0.232215	1.807704	2.305019
35082	-1008.778	-1221.629	212.8507	1.10167	0.215573	0.305681	0.183757	0.294989	1.741231	2.002821
35088	-1016.872	-1229.167	212.2957	1.534197	0.121545	0.342984	0.205529	0.329941	2.048941	1.904136
35094	-1021.753	-1234.236	212.4831	1.978507	0.289704	0.0523003	0.282418	0.375578	2.060431	1.510643
35100	-1024.44	-1237.02	212.5805	2.375535	0.401544	0.0138083	0.199009	0.385639	2.216618	1.067489
35106	-1005.086	-1218.487	213.4008	1.106324	0.242428	0.0118878	0.507317	0.238366	2.206147	1.262252
35112	-1014.346	-1228.183	213.8365	0.8892282	0.251689	0.012342	0.488497	0.247472	1.868795	1.358259
35118	-1005.753	-1219.277	213.5244	0.8892282	0.253504	0.272032	0.412895	0.0615695	2.180952	1.358259
35124	-1012.815	-1226.402	213.587	0.8506161	0.408672	0.0283775	0.541106	0.0218439	2.158201	1.358259
35130	-1010.138	-1224.282	214.1434	0.5407075	0.219547	0.405187	0.265146	0.11012	2.11568	1.203793
35136	-1022.314	-1235.9	213.5861	0.915887	0.107286	0.302888	0.49541	0.0944157	2.126095	1.331036
35142	-1007.434	-1221.631	214.1968	0.5909617	0.445551	0.114443	0.369572	0.0704333	2.142562	1.086175
35148	-1000.394	-1214.808	214.4137	0.4322158	0.19457	0.236075	0.55597	0.0133847	2.279746	0.8868231
35154	-1005.797	-1220.178	214.3817	0.4141222	0.200457	0.334414	0.45134	0.0137896	2.015343	1.190125
35160	-1005.634	-1218.928	213.2944	0.4609421	0.320684	0.261549	0.398914	0.0188532	1.728967	2.151653
35166	-1012.685	-1226.683	213.9982	0.5714687	0.201078	0.239384	0.390316	0.169221	1.995944	1.393566
35172	-1006.491	-1217.901	211.4099	1.002838	0.409558	0.0809483	0.246346	0.263148	1.866977	2.892919
35178	-1005.832	-1216.913	211.0806	1.47806	0.417231	0.0506322	0.361068	0.171069	1.983782	2.75268
35184	-998.8369	-1210.482	211.6448	1.267175	0.370465	0.0234522	0.301874	0.304209	1.856477	2.60023
35190	-1019.076	-1233.09	214.0134	0.683487	0.2633	0.355045	0.300485	0.0811691	1.871314	1.386792
35196	-1010.495	-1224.087	213.5923	0.8921212	0.283241	0.153566	0.33717	0.226024	1.957948	1.475842
35202	-1012.779	-1226.841	214.0618	0.7648367	0.275409	0.17697	0.327847	0.219774	2.272886	0.9058892
35208	-1013.995	-1228	214.0053	0.9540538	0.0767626	0.564373	0.150507	0.208358	2.316174	0.6439713
35214	-999.4628	-1210.455	210.992	1.329178	0.242688	0.141129	0.423022	0.193161	1.916713	2.927342
35220	-1001.747	-1213.95	212.2023	0.8602296	0.20432	0.305389	0.356143	0.134148	1.869007	2.494105
35226	-1001.079	-1212.264	211.1855	2.098895	0.557594	0.076173	0.161463	0.20477	1.929004	2.41495
35232	-989.9596	-1202.59	212.6299	1.032991	0.264862	0.191296	0.428481	0.115361	1.865957	2.110781
35238	-1001.245	-1214.552	213.3062	1.005814	0.215008	0.045941	0.57419	0.164861	2.146998	1.46204
35244	-1007.098	-1220.578	213.4798	1.168254	0.29755	0.0232577	0.318143	0.36105	2.460026	0.8929631
35250	-1006.191	-1219.885	213.6937	0.6308868	0.229354	0.259987	0.470227	0.0404313	2.268637	1.369616
35256	-1010.003	-1224.378	214.3755	0.4410861	0.183427	0.272921	0.48113	0.0625215	2.19944	1.00409
35262	-1002.668	-1216.938	214.2702	0.5189242	0.271116	0.403394	0.287931	0.0375589	2.19944	1.03321
35268	-1010.931	-1224.635	213.7042	0.9581803	0.155415	0.272768	0.48237	0.0894466	2.315958	1.024858
35274	-1017.171	-1230.868	213.6967	0.6923169	0.154445	0.277308	0.479359	0.0888881	2.398002	1.208217
35280	-1010.579	-1224.405	213.8259	0.5956429	0.161664	0.161737	0.625016	0.051583	2.053148	1.462649
35286	-1023.11	-1236.383	213.2731	1.125822	0.127727	0.349684	0.481834	0.0407546	2.061499	1.462649
35292	-1027.144	-1240.421	213.277	1.298887	0.22963	0.109211	0.347032	0.314127	2.07005	1.326026
35298	-1028.85	-1242.386	213.5359	0.6967679	0.40305	0.0897227	0.403965	0.103263	2.060398	1.593429
35304	-1022.952	-1236.589	213.6368	0.7561743	0.331786	0.0738586	0.332539	0.261817	1.820487	1.648479
35310	-1012.892	-1226.099	213.2067	1.252255	0.365347	0.070149	0.315837	0.248667	2.010768	1.460702
35316	-1021.016	-1233.538	212.5228	1.521178	0.349304	0.112464	0.300484	0.237748	2.192505	1.653926
35322	-1008.684	-1221.75	213.0657	1.248512	0.364592	0.117386	0.250117	0.267905	1.980088	1.591006
35328	-1009.744	-1223.124	213.3799	1.204878	0.208261	0.0554461	0.478829	0.257464	1.886916	1.456912
35334	-1007.615	-1218.496	210.8804	4.948297	0.385308	0.0466843	0.223352	0.344656	1.986438	1.512359
35340	-1008.466	-1222.275	213.8082	0.90825	0.195471	0.00474894	0.309116	0.490664	2.34355	0.942715
35346	-1009.275	-1223.042	213.7666	0.9490679	0.236572	0.173974	0.339079	0.250375	2.34355	0.942715
35352	-1012.845	-1227.133	214.2881	0.6610687	0.322525	0.0535911	0.483689	0.140194	2.225254	0.8241655
35358	-1016.445	-1230.212	213.7669	1.183447	0.0592801	0.0759637	0.567115	0.297641	2.225357	0.8120647
35364	-1008.972	-1222.661	213.6888	1.035186	0.266188	0.077428	0.498987	0.157397	2.580376	0.5565029
35370	-996.8365	-1210.821	213.9846	0.7847297	0.207914	0.208274	0.40054	0.183273	2.511003	0.6456002
35376	-1003.411	-1217.589	214.1775	0.5334518	0.0834389	0.123661	0.677602	0.115298	2.617906	0.5021458
35382	-991.4309	-1205.648	214.2172	0.5334518	0.124285	0.251106	0.56538	0.0592301	2.577925	0.4882616
35388	-1000.778	-1215.144	214.3662	0.4411593	0.158135	0.319498	0.506169	0.0161976	2.507349	0.5826617
35394	-1007.324	-1221.491	214.1673	0.5871468	0.185717	0.201478	0.594455	0.01835	2.512748	0.6934683
35400	-994.8002	-1208.847	214.0467	0.6871374	0.2406	0.120719	0.614908	0.0237727	2.57646	0.5785416
35406	-992.2593	-1206.274	214.0151	0.7061745	0.240471	0.120654	0.614577	0.0242979	2.571475	0.6268756
35412	-1011.019	-1224.885	213.8662	0.8933487	0.36218	0.250708	0.356898	0.0302139	2.524351	0.6271812
35418	-1004.079	-1218.373	214.2941	0.5618043	0.264916	0.216022	0.501345	0.0177175	2.442863	0.6309758
35424	-1014.786	-1229.231	214.4451	0.4725935	0.265459	0.201561	0.509266	0.0237136	2.363998	0.6692825
35430	-1018.093	-1232.024	213.9306	0.7757254	0.251641	0.0826292	0.482758	0.182972	2.592661	0.5992206
35436	-1006.713	-1220.642	213.929	0.7757254	0.465872	0.188405	0.266632	0.0790917	2.561515	0.6754747
35442	-1016.248	-1230.188	213.9402	0.7456695	0.102165	0.283159	0.455936	0.15874	2.588066	0.6636319
35448	-1017.127	-1231.137	214.0099	0.7393584	0.177302	0.282855	0.264359	0.275484	2.525043	0.6636319
35454	-1002.934	-1217.041	214.1065	0.6531076	0.147514	0.407726	0.21556	0.2292	2.525043	0.6524636
35460	-1013.627	-1227.4	213.7725	0.7965745	0.254781	0.285932	0.151169	0.308118	2.515469	0.9206551
35466	-1017.209	-1231.292	214.0839	0.7965745	0.233617	0.199941	0.311844	0.254597	2.367422	0.7067886
35472	-1024.752	-1238.812	214.0605	0.6735904	0.232469	0.209764	0.310311	0.247457	2.523672	0.701709
35478	-1028.255	-1242.062	213.8071	0.9085631	0.222613	0.328059	0.234953	0.214375	2.465718	0.7998045
35484	-1028.633	-1241.488	212.8552	0.9342685	0.188504	0.378039	0.294306	0.139151	1.893641	2.009258
35490	-1016.79	-1226.838	210.0485	1.037807	0.183009	0.484547	0.197886	0.134558	1.672016	3.788577
35496	-1009.477	-1221.166	211.6891	0.9760883	0.381747	0.139356	0.452884	0.0260134	1.684686	2.85049
35502	-1013.098	-1225.806	212.7078	0.9760883	0.181782	0.232499	0.455029	0.130689	1.867031	2.096256
35508	-1009.586	-1223.228	213.6415	0.7979085	0.167867	0.218543	0.544972	0.0686177	2.033426	1.455484
35514	-1020.543	-1234.326	213.7833	0.805457	0.0912118	0.168489	0.720234	0.0200646	2.037341	1.335747
35520	-993.697	-1207.741	214.0438	0.5789372	0.213934	0.336413	0.372353	0.0772997	2.053483	1.305429
35526	-1009.229	-1223.621	214.3922	0.5120168	0.18297	0.38875	0.397385	0.030895	2.048987	1.066978
35532	-1018.461	-1232.388	213.9277	0.987441	0.196612	0.31253	0.427013	0.0638448	2.048987	1.038422
35538	-1011.094	-1224.816	213.7212	0.7934868	0.142754	0.295882	0.537098	0.0242665	1.785371	1.584402
35544	-1016.868	-1230.302	213.4345	1.146564	0.296997	0.0784794	0.34971	0.274813	2.10008	1.289835
35550	-1016.339	-1228.967	212.6278	2.386403	0.519197	0.0325195	0.20389	0.244394	2.02831	1.18765
35556	-1014.281	-1227.646	213.3655	1.578269	0.078752	0.40707	0.104079	0.4101	2.372253	0.6562655
35562	-1012.771	-1225.991	213.2199	1.745021	0.177752	0.458708	0.228106	0.135434	2.215671	0.8924169
35568	-1017.63	-1230.869	213.2393	1.636963	0.342339	0.339158	0.175227	0.143276	2.320824	0.8497215
35574	-997.9147	-1210.765	212.8505	2.096853	0.0599779	0.43342	0.1974	0.309202	2.320824	0.8857673
35580	-1003.686	-1217.516	213.8302	0.9601576	0.0552988	0.459195	0.202901	0.282605	2.244119	0.9684956
35586	-1016.804	-1229.745	212.9412	1.159271	0.0671662	0.375335	0.360622	0.196876	2.102026	1.65367
35592	-1014.943	-1228.947	214.0046	0.8408848	0.228661	0.268695	0.39338	0.109263	2.297614	0.8511423
35598	-1005.447	-1218.822	213.3746	1.583846	0.0385494	0.310032	0.424468	0.22695	2.148684	0.9416777
35604	-1019.273	-1232.065	212.7928	2.358638	0.262583	0.147187	0.214596	0.375633	2.333236	0.6923639
35610	-1012.028	-1225.616	213.5887	1.338109	0.0619873	0.386533	0.442559	0.10892	2.347543	0.6787988
35616	-1014.598	-1228.564	213.9656	0.8906036	0.190752	0.277662	0.400383	0.131203	2.326735	0.7983276
35622	-1015.523	-1229.572	214.0485	0.8488131	0.185164	0.308285	0.444541	0.0620098	2.319629	0.7524402
35628	-1017.481	-1231.556	214.0747	0.8358713	0.172748	0.241153	0.577253	0.00884641	2.316963	0.737087
35634	-1007.163	-1221.199	214.0362	0.7090436	0.299143	0.193288	0.500598	0.00697119	2.528016	0.6690371
35640	-1008.29	-1222.41	214.1205	0.7048671	0.296664	0.192107	0.482226	0.0290033	2.388605	0.7674823
35646	-1002.335	-1216.559	214.2244	0.5817713	0.302613	0.104856	0.40347	0.189062	2.4146	0.7674823
35652	-1001.948	-1216.261	214.313	0.6849753	0.340146	0.0703533	0.565231	0.02427	2.288448	0.6446625
35658	-1004.7	-1218.78	214.0803	0.6980157	0.357737	0.167152	0.323473	0.151639	2.507249	0.6446625
35664	-1009.681	-1223.711	214.0298	0.728975	0.14765	0.155064	0.662159	0.0351274	2.48018	0.7275845
35670	-1002.252	-1216.299	214.0472	0.728975	0.115212	0.256312	0.600403	0.0280734	2.495639	0.6696744
35676	-993.3683	-1207.266	213.8978	0.6174708	0.144502	0.320867	0.435942	0.0986889	2.758566	0.3560312
35682	-1003.393	-1217.242	213.8486	0.6003446	0.142103	0.51229	0.258822	0.0867858	2.825807	0.3560312
35688	-1005.795	-1219.539	213.7442	0.7062949	0.262859	0.333948	0.291955	0.111237	2.825807	0.3660169
35694	-1020.222	-1233.285	213.0631	1.366314	0.192505	0.298786	0.0904653	0.418244	2.770641	0.2871458
35700	-1024.234	-1238.07	213.8359	0.5999656	0.174061	0.312291	0.316202	0.197445	2.829789	0.3453372
35706	-1017.136	-1230.975	213.8393	0.5999656	0.212993	0.351095	0.386926	0.0489856	2.822292	0.3408588
35712	-1014.463	-1227.722	213.2588	1.186266	0.35872	0.0949724	0.375287	0.17102	2.865565	0.4548583
35718	-1030.416	-1244.115	213.699	0.8592362	0.157519	0.424438	0.229581	0.188461	2.722319	0.6377388
35724	-1013.123	-1227.02	213.8971	0.8044064	0.164488	0.443216	0.193923	0.198373	2.608957	0.5494012
35730	-1013.038	-1226.615	213.5761	1.167434	0.122896	0.395013	0.199432	0.282659	2.570508	0.4972993
35736	-1017.488	-1231.625	214.1363	0.5179139	0.114166	0.383289	0.373145	0.1294	2.664276	0.4304643
35742	-1005.481	-1219.504	214.023	0.6304246	0.0987884	0.37271	0.294004	0.234498	2.660099	0.4288498
35748	-1021.155	-1234.993	213.838	0.8145103	0.319113	0.288818	0.201408	0.190661	2.660431	0.5288826
35754	-1023.998	-1238.228	214.23	0.470894	0.166736	0.214165	0.464682	0.154416	2.627085	0.4816856
35760	-1025.835	-1239.881	214.0464	0.6765526	0.0739412	0.221458	0.605578	0.0990225	2.597844	0.4750751
35766	-1012.488	-1226.558	214.0702	0.6259583	0.161345	0.268976	0.511903	0.0577761	2.621532	0.5630447
35772	-1017.16	-1231.348	214.1876	0.6093683	0.175336	0.249821	0.475448	0.0993941	2.500018	0.630034
35778	-1014.315	-1228.57	214.2548	0.6093683	0.206915	0.287291	0.361384	0.14441	2.439554	0.612801
35784	-1022.573	-1236.751	214.1783	0.7761678	0.171318	0.226478	0.380448	0.221756	2.358723	0.5412913
35790	-1029.248	-1242.595	213.3472	1.086751	0.148797	0.483118	0.245497	0.122588	1.869344	1.578818
35796	-1028.484	-1241.957	213.474	0.940785	0.248787	0.255388	0.235431	0.260394	1.827038	1.623149
35802	-1013.09	-1226.289	213.1991	1.215497	0.193703	0.339434	0.149393	0.317471	1.706366	1.713756
35808	-1007.024	-1220.828	213.8043	0.8504169	0.203907	0.536589	0.057357	0.202147	1.966253	1.338344
35814	-1005.355	-1219.101	213.7456	1.056713	0.245341	0.174677	0.366982	0.213	1.816091	1.338344
35820	-1016.008	-1229.949	213.9414	0.8524534	0.262566	0.0868102	0.42267	0.227954	1.866581	1.306548
35826	-1010.904	-1224.798	213.8943	0.9238344	0.196011	0.157121	0.275217	0.371651	2.022979	1.152386
35832	-1000.469	-1215.085	214.6161	0.5157456	0.166216	0.379	0.333147	0.121637	1.997567	0.8858003
35838	-1000.991	-1215.395	214.4043	0.6569182	0.259198	0.194482	0.523402	0.0229188	2.188635	0.7167773
35844	-994.9399	-1209.051	214.1111	0.6569182	0.262963	0.182779	0.531006	0.0232518	2.531699	0.6163526
35850	-1004.255	-1218.354	214.0991	0.6569182	0.22138	0.205807	0.447037	0.125776	2.543769	0.6163526
35856	-1005.774	-1219.423	213.6498	1.059588	0.214379	0.0551067	0.570111	0.160403	2.590596	0.5765506
35862	-1009.09	-1222.768	213.6785	0.978785	0.251083	0.230839	0.342395	0.175683	2.642182	0.5765506
35868	-1003.546	-1216.997	213.4511	1.242812	0.177021	0.380546	0.173145	0.269288	2.624243	0.5125352
35874	-1008.226	-1222.009	213.7835	1.019424	0.254333	0.331987	0.178753	0.234926	2.480716	0.6240585
35880	-1014.39	-1228.299	213.9089	0.8954295	0.149341	0.215198	0.497515	0.137946	2.480716	0.6240585
35886	-1002.301	-1216.593	214.2917	0.6512632	0.0627967	0.276395	0.409615	0.251194	2.290198	0.7437134
35892	-994.0964	-1208.05	213.9534	0.9578529	0.208779	0.389235	0.0482423	0.353744	2.184806	0.9022946
35898	-997.2439	-1210.739	213.4953	1.362871	0.289445	0.406428	0.0807786	0.223348	2.466147	0.5478009
35904	-1003.286	-1214.906	211.6201	4.272459	0.127119	0.541805	0.0467029	0.284374	2.464424	0.5717715
35910	-998.675	-1212.313	213.6378	1.213621	0.268464	0.324058	0.10599	0.301488	2.434527	0.634015
35916	-1018.253	-1230.828	212.5743	2.563283	0.405561	0.183141	0.281304	0.129994	2.434609	0.6527895
35922	-1015.917	-1228.817	212.8994	2.184157	0.0209283	0.146247	0.293542	0.539283	2.263747	0.8190632
35928	-1030.255	-1242.774	212.519	2.744282	0.100097	0.184542	0.643114	0.0722474	2.326885	0.736201
35934	-1004.212	-1218.271	214.0583	0.7618108	0.447341	0.134176	0.404407	0.0140761	2.421138	0.7208662
35940	-1013.989	-1228.033	214.0448	0.839781	0.363082	0.0440466	0.569072	0.0237989	2.301077	0.7970685
35946	-1037.905	-1251.691	213.7858	0.9212643	0.206522	0.114304	0.525987	0.153187	2.254743	1.041479
35952	-1013.08	-1226.166	213.0855	1.568444	0.359399	0.126158	0.195674	0.318769	1.922248	1.406601
35958	-1027.195	-1239.274	212.0785	2.292001	0.114236	0.161817	0.315842	0.408106	1.801618	1.822295
35964	-1029.322	-1242.194	212.8722	2.340075	0.346522	0.130177	0.338247	0.185054	1.962272	1.055243
35970	-1042.165	-1253.986	211.8211	1.957568	0.578601	0.0300327	0.33793	0.0534355	1.55276	2.317309
35976	-1039.312	-1250.69	211.3781	2.122113	0.277638	0.0258224	0.258018	0.438521	1.873389	2.317309
35982	-1035.972	-1249.837	213.865	0.8309925	0.237789	0.173081	0.330596	0.258534	2.616126	0.5293154
35988	-1035.081	-1248.723	213.6429	0.6192065	0.413111	0.0875535	0.426609	0.0727271	2.928522	0.2832296
35994	-1037.994	-1251.01	213.0162	0.8424386	0.436963	0.0827305	0.40338	0.0769262	3.151792	0.2045371
36000	-1013.055	-1226.261	213.2065	0.7658627	0.35915	0.0506093	0.509682	0.0805591	3.151792	0.2502007
36006	-1024.357	-1237.99	213.6328	0.7961351	0.237613	0.035613	0.664119	0.062655	2.786087	0.3081334
36012	-1020.829	-1234.264	213.4353	0.7045943	0.192937	0.169361	0.562295	0.0754065	3.079296	0.3074043
36018	-1024.201	-1237.507	213.3066	0.7758126	0.227978	0.136987	0.382535	0.252501	3.099032	0.2831344
36024	-1005.176	-1219.385	214.2084	0.6766915	0.356688	0.124914	0.477247	0.0411516	2.195634	0.9320739
36030	-1013.352	-1227.493	214.1415	0.7314365	0.286751	0.218154	0.449433	0.0456624	2.206457	0.9300336
36036	-995.2371	-1209.17	213.9325	0.7915233	0.16639	0.51168	0.246616	0.0753148	2.430846	0.8393998
36042	-999.6793	-1214.01	214.3312	0.5682164	0.235664	0.361668	0.233124	0.169544	2.220714	0.8948736
36048	-1011.68	-1225.662	213.982	0.8533245	0.342191	0.163708	0.328502	0.165599	1.978912	1.177719
36054	-1012.645	-1226.342	213.6971	0.8533245	0.250042	0.321342	0.333845	0.094771	2.443782	1.011845
36060	-1012.071	-1226.525	214.4533	0.4262439	0.173952	0.276728	0.431634	0.117686	2.241265	0.8916999
36066	-1005.386	-1219.295	213.9087	0.9409876	0.172984	0.402419	0.305302	0.119295	2.220825	0.930665
36072	-1007.711	-1221.425	213.7134	1.110217	0.136884	0.567741	0.204321	0.091054	2.248171	0.930665
36078	-1016.162	-1229.866	213.7038	1.22597	0.0336563	0.170607	0.655041	0.140695	2.249957	0.8100273
36084	-1004.148	-1216.27	212.1218	3.58599	0.395732	0.158797	0.198527	0.246944	2.008848	1.004776
36090	-1002.175	-1215.135	212.9596	2.147326	0.36008	0.20036	0.325171	0.114389	2.179449	0.8806288
36096	-1021.472	-1235.548	214.0758	0.885595	0.224619	0.398005	0.228491	0.148885	2.240081	0.7730688
36102	-1010.568	-1224.969	214.4003	0.6132569	0.204444	0.233198	0.503785	0.0585725	2.256272	0.6862612
36108	-996.3039	-1210.521	214.2172	0.724511	0.204444	0.233198	0.503785	0.0585725	2.32166	0.6862612
36114	-1007.182	-1221.205	214.0236	0.8244763	0.301987	0.163896	0.415178	0.118939	2.439558	0.623929
36120	-1021.377	-1235.391	214.0139	0.7732784	0.224044	0.354254	0.222785	0.198917	2.523809	0.5547062
36126	-1022.754	-1236.693	213.939	0.8450989	0.255194	0.251338	0.35234	0.141128	2.52506	0.4561517
36132	-1020.693	-1234.766	214.0726	0.6612292	0.193172	0.111746	0.552919	0.142163	2.585085	0.4561517
36138	-1018.398	-1232.504	214.1059	0.6612292	0.129482	0.317023	0.440291	0.113205	2.554972	0.5215705
36144	-1021.49	-1235.368	213.8779	0.8977667	0.16276	0.107303	0.553451	0.176485	2.535834	0.4994736
36150	-1025.491	-1238.713	213.2224	0.6796014	0.366339	0.17718	0.423092	0.0333881	3.18776	0.2318677
36156	-1021.651	-1234.944	213.2923	0.5596907	0.343893	0.375458	0.203683	0.0769656	3.18776	0.2096812
36162	-1009.591	-1223.842	214.2513	0.3809131	0.364721	0.267266	0.272132	0.0958815	2.685003	0.4734521
36168	-1017.428	-1231.582	214.1543	0.5727203	0.412936	0.150943	0.339219	0.0969019	2.599193	0.4734521
36174	-1022.303	-1236.53	214.2269	0.5073362	0.339014	0.123922	0.457508	0.0795551	2.584029	0.5775403
36180	-1016.359	-1230.252	213.8935	0.8584913	0.251975	0.14024	0.517754	0.090031	2.560647	0.4948058
36186	-1015.494	-1229.424	213.93	0.8091841	0.20955	0.284999	0.430579	0.0748725	2.575534	0.4948058
36192	-1003.662	-1217.23	213.5681	0.8918983	0.346703	0.287581	0.140231	0.225485	2.798229	0.3537965
36198	-1016.762	-1230.153	213.3912	1.125322	0.24669	0.0854027	0.530608	0.137299	2.772246	0.3991378
36204	-1013.099	-1226.903	213.8037	1.064766	0.223845	0.428122	0.24772	0.100313	2.440532	0.52927
36210	-1024.852	-1238.911	214.0589	0.8029527	0.246444	0.302048	0.332452	0.119056	2.451521	0.52927
36216	-1045.638	-1259.89	214.2514	0.5599911	0.113762	0.355231	0.390988	0.140019	2.488706	0.6278243
36222	-1050.059	-1264.16	214.1006	0.5644355	0.0309156	0.464163	0.403327	0.101594	2.660567	0.4666267
36228	-1046.676	-1260.569	213.8933	0.6732984	0.0416922	0.432954	0.376209	0.149146	2.754642	0.4778854
36234	-1031.827	-1245.086	213.2591	0.8791562	0.376236	0.0474526	0.416036	0.160276	2.105945	1.622441
36240	-1024.311	-1238.657	214.3462	0.6330588	0.311593	0.244933	0.374555	0.0689196	2.317983	0.6262326
36246	-1024.506	-1238.404	213.8971	1.020491	0.192411	0.111818	0.623178	0.0725929	2.239957	0.8292204
36252	-1022.193	-1236.522	214.3291	0.6162927	0.181639	0.258784	0.55526	0.00431662	2.151693	0.9181075
36258	-1016.967	-1231.188	214.2207	0.6638354	0.213489	0.122885	0.417752	0.245874	2.418498	0.6062978
36264	-1009.164	-1222.973	213.8089	1.044543	0.116253	0.252056	0.287426	0.344265	2.363123	0.7489534
36270	-1020.444	-1234.575	214.1319	0.7281896	0.118634	0.257219	0.293313	0.330833	2.454101	0.5509069
36276	-1015.708	-1229.456	213.7479	0.9073501	0.173727	0.368379	0.391348	0.0665463	2.654746	0.4755237
36282	-1014.398	-1228.275	213.8764	0.6522852	0.257105	0.171613	0.485385	0.0858964	2.773862	0.4044515
36288	-1016.894	-1230.017	213.1228	1.36917	0.199389	0.115529	0.34897	0.336112	2.807554	0.3877595
36294	-1016.852	-1230.291	213.4391	1.430197	0.248693	0.144096	0.187984	0.419226	2.466802	0.5025777
36300	-1010.336	-1223.961	213.6244	0.9855913	0.132634	0.129321	0.628552	0.109493	2.698882	0.4749668
36306	-1015.512	-1229.148	213.6363	0.89615	0.0382784	0.244664	0.5389	0.178157	2.777782	0.4749668
36312	-1025.456	-1239.508	214.0527	0.632088	0.152037	0.482137	0.335591	0.0302343	2.639518	0.5146866
36318	-1021.396	-1235.476	214.0791	0.632088	0.309448	0.220901	0.427964	0.0416874	2.61306	0.5141102
36324	-998.542	-1212.536	213.9939	0.6053131	0.341773	0.144655	0.311076	0.202496	2.708333	0.4096205
36330	-1018.066	-1231.899	213.8328	0.7576004	0.315028	0.0945799	0.406887	0.183506	2.708333	0.4096205
36336	-1013.273	-1227.274	214.0012	0.675383	0.308592	0.113687	0.524218	0.0535031	2.639954	0.4487509
36342	-1002.95	-1216.683	213.7333	0.6205662	0.199249	0.308296	0.446848	0.0456065	2.910596	0.345201
36348	-1022.792	-1236.689	213.8977	0.7887225	0.205272	0.197247	0.460355	0.137126	2.61706	0.4256006
36354	-1010.211	-1223.817	213.6056	1.156329	0.37198	0.252532	0.222303	0.153184	2.544814	0.5603376
36360	-1031.077	-1245.264	214.1869	0.7317717	0.11312	0.339836	0.464559	0.0824847	2.222929	0.8594718
36366	-1029.48	-1243.85	214.3705	0.6828414	0.318596	0.261817	0.357907	0.0616789	2.080952	0.8715415
36372	-1022.397	-1237.004	214.6075	0.4518464	0.168693	0.430736	0.341688	0.0588837	2.080952	0.8715415
36378	-1015.545	-1229.554	214.0093	0.999591	0.217592	0.303771	0.408417	0.0702191	2.080952	0.9089471
36384	-1007.551	-1221.933	214.3823	0.5839525	0.145655	0.341624	0.448137	0.0645849	2.184852	0.8580358
36390	-1014.823	-1228.684	213.8608	0.8818261	0.345085	0.12729	0.443691	0.0839338	2.162185	1.095982
36396	-1012.535	-1225.956	213.4208	1.443661	0.245799	0.178092	0.380828	0.195281	2.060118	1.101458
36402	-1008.548	-1222.295	213.7477	1.14771	0.284171	0.111033	0.246488	0.358309	2.018034	1.08908
36408	-1021.484	-1235.084	213.6006	1.138876	0.211895	0.292515	0.200811	0.294778	2.020736	1.223906
36414	-999.8337	-1214.008	214.1743	0.712731	0.211152	0.181092	0.455612	0.152144	2.286439	0.8215445
36420	-999.7827	-1213.652	213.8689	1.011092	0.150205	0.434991	0.29971	0.115095	2.371138	0.6919297
36426	-996.7219	-1211.049	214.3271	0.5328595	0.1874	0.415951	0.286592	0.110057	2.371138	0.7548854
36432	-995.78	-1210.148	214.3684	0.5328595	0.173636	0.316636	0.407754	0.101973	2.373221	0.6834973
36438	-1015.782	-1229.889	214.1063	0.6523111	0.205725	0.36904	0.417469	0.00776606	2.52732	0.649978
36444	-1018.606	-1232.619	214.0125	0.9569144	0.352037	0.105016	0.529657	0.0132893	2.135115	0.8927611
36450	-1020.235	-1234.351	214.1156	0.7707473	0.299459	0.0893319	0.592041	0.0191677	2.28081	0.8253902
36456	-996.0573	-1210.005	213.9478	0.9224019	0.232834	0.204703	0.548861	0.0136014	2.138564	0.995316
36462	-1015.08	-1229.413	214.3328	0.5635074	0.164757	0.337378	0.488316	0.00954829	2.129488	0.995316
36468	-1016.237	-1230.425	214.1887	0.5635074	0.476585	0.114255	0.405273	0.0038863	1.94129	1.29188
36474	-1032.17	-1245.48	213.3091	0.8262295	0.401862	0.16503	0.374389	0.0587184	2.10771	1.624726
36480	-1020.777	-1234.961	214.1839	0.5404262	0.331329	0.0965884	0.560467	0.0116158	2.037606	1.235885
36486	-1042.924	-1256.877	213.9528	0.6760375	0.122487	0.471069	0.405541	0.00090261	2.271565	1.109263
36492	-1023.289	-1237.412	214.1233	0.6586626	0.464229	0.23099	0.304381	0.000400054	2.499705	0.658104
36498	-1024.069	-1238.238	214.1697	0.6231749	0.460577	0.118648	0.420734	4.14651e-05	2.502625	0.6318677
36504	-1008.516	-1222.81	214.294	0.6231749	0.174032	0.235845	0.590065	5.81533e-05	2.40595	0.532588
36510	-1007.57	-1221.684	214.114	0.5353156	0.20935	0.468634	0.321973	4.37541e-05	2.646666	0.3825401
36516	-1001.23	-1215.232	214.0019	0.533877	0.0952205	0.341532	0.563182	6.58197e-05	2.760236	0.3825401
36522	-1021.833	-1235.638	213.8043	0.9806762	0.28223	0.166996	0.426818	0.123955	2.107088	1.105979
36528	-1022.956	-1236.663	213.7072	0.9806762	0.305858	0.174529	0.462551	0.0570621	2.523876	0.7557088
36534	-1015.007	-1229.372	214.3652	0.464584	0.260991	0.342586	0.396141	0.000282483	2.496778	0.5312072
36540	-1024.383	-1238.449	214.0662	0.7633931	0.286166	0.236473	0.426673	0.0506876	2.462221	0.6209947
36546	-1022.63	-1236.626	213.9964	0.929034	0.323551	0.136725	0.482414	0.0573095	2.224139	0.8399785
36552	-1019.364	-1233.503	214.139	0.6478307	0.298961	0.260005	0.44067	0.000363608	2.514312	0.6140053
36558	-1016.878	-1231.119	214.2413	0.640582	0.212429	0.165388	0.621909	0.000273929	2.379014	0.6995529
36564	-1011.274	-1225.252	213.9779	0.7696726	0.170585	0.561248	0.256762	0.0114051	2.568399	0.4810027
36570	-1006.113	-1220.304	214.1917	0.6228569	0.0563363	0.220133	0.714512	0.00901822	2.509944	0.4810027
36576	-996.0852	-1210.288	214.2029	0.7477381	0.0891643	0.290653	0.520607	0.0995759	2.270842	0.7528722
36582	-997.1902	-1211.537	214.3473	0.6821916	0.132558	0.432105	0.411647	0.0236907	2.264217	0.6280045
36588	-1014.5	-1228.731	214.2311	0.7922221	0.114853	0.421465	0.298744	0.164937	2.161749	0.80074
36594	-1010.274	-1223.401	213.1279	1.976587	0.268389	0.263101	0.0705994	0.397911	2.287846	0.6648519
36600	-1010.572	-1222.741	212.1693	3.40278	0.479341	0.133831	0.0975773	0.289251	2.364199	0.5690076
36606	-1010.74	-1223.89	213.1499	1.674469	0.213398	0.217628	0.110637	0.458337	2.519989	0.6289417
36612	-1009.034	-1222.615	213.5805	1.276612	0.16991	0.385304	0.317746	0.127039	2.434929	0.6298369
36618	-1015.038	-1229.07	214.0328	0.7040913	0.289486	0.409151	0.157229	0.144133	2.575569	0.5659718
36624	-1005.568	-1219.141	213.5734	1.268319	0.209338	0.420899	0.113698	0.256065	2.477242	0.4753367
36630	-1012.878	-1227.202	214.3239	0.5806112	0.264379	0.354552	0.267224	0.113845	2.411918	0.5775439
36636	-1013.719	-1227.648	213.929	0.8026272	0.224771	0.374238	0.347173	0.0538175	2.582285	0.5246439
36642	-1009.002	-1222.988	213.9858	0.9150692	0.291072	0.161546	0.460382	0.0870011	2.397373	0.5843161
36648	-1014.438	-1228.469	214.031	0.8830135	0.200265	0.423122	0.316754	0.059859	2.296688	0.7598379
36654	-1006.325	-1220.613	214.2876	0.6040939	0.216991	0.209025	0.472187	0.101797	2.295969	0.8111999
36660	-1027.031	-1241.108	214.0775	0.6416225	0.251033	0.154989	0.52979	0.0641879	2.486197	0.7848389
36666	-1020.834	-1234.996	214.1621	0.6045075	0.262261	0.117194	0.553485	0.0670588	2.486197	0.7166522
36672	-1029.608	-1243.483	213.8753	0.820636	0.0933924	0.14402	0.680179	0.0824086	2.587551	0.6345238
36678	-1016.994	-1230.601	213.607	0.7423859	0.160214	0.133074	0.628483	0.0782289	2.963049	0.5555215
36684	-1038.15	-1252.083	213.9331	0.8026586	0.132933	0.280692	0.521467	0.0649083	2.550266	0.6304568
36690	-1032.908	-1246.462	213.5546	1.153101	0.106267	0.233942	0.416861	0.24293	2.530004	0.7204687
36696	-1011.307	-1224.918	213.6112	1.153101	0.15393	0.237632	0.379032	0.229406	2.475613	0.7169188
36702	-1022.181	-1235.667	213.4855	1.153101	0.158431	0.160144	0.416615	0.26481	2.385234	0.9825897
36708	-1024.478	-1238.37	213.8926	1.040696	0.481039	0.237813	0.0927234	0.188425	2.133953	0.9339943
36714	-1031.537	-1244.86	213.3232	1.251376	0.230966	0.383633	0.175128	0.210272	1.84788	1.496354
36720	-1033.526	-1247.001	213.4754	1.075517	0.230669	0.299566	0.30557	0.164195	1.905474	1.464657
36726	-1021.769	-1235.058	213.2898	1.409264	0.24981	0.173553	0.420941	0.155697	2.131083	1.181872
36732	-1022.038	-1233.796	211.7577	1.193397	0.246003	0.262059	0.414526	0.0774111	2.068876	2.440314
36738	-1030.601	-1243.693	213.0923	1.235476	0.187979	0.413237	0.181215	0.217569	2.119953	1.476487
36744	-1042.463	-1255.01	212.547	0.7775316	0.307086	0.25882	0.356643	0.0774509	1.893862	2.315332
36750	-1020.502	-1233.542	213.0404	1.101823	0.227494	0.338256	0.314833	0.119418	1.893862	1.769716
36756	-1028.438	-1240.517	212.0787	0.8663067	0.245546	0.34574	0.243055	0.165658	2.149478	2.391518
36762	-1041.704	-1254.31	212.6063	1.141442	0.211902	0.298368	0.346769	0.142961	1.973214	1.985512
36768	-1042.847	-1255.267	212.4204	1.092504	0.214574	0.113886	0.593919	0.0776207	2.010127	2.115329
36774	-1014.456	-1226.35	211.8938	3.051241	0.295816	0.0830698	0.284917	0.336198	2.072225	1.405682
36780	-1012.315	-1224.703	212.388	1.767082	0.213258	0.0598861	0.484487	0.242369	1.844781	1.849233
36786	-1016.742	-1228.731	211.9889	2.159863	0.228434	0.0295194	0.55244	0.189606	1.945814	1.849233
36792	-1011.318	-1223.229	211.9116	2.470519	0.202116	0.0261185	0.604003	0.167762	1.761272	1.88061
36798	-1024.543	-1235.755	211.2116	3.454883	0.302965	0.122761	0.289621	0.284653	1.53746	2.099637
36804	-1023.718	-1232.202	208.4846	4.301811	0.300366	0.148445	0.0868431	0.464346	1.483903	3.533361
36810	-1021.332	-1233.737	212.4046	2.363293	0.460261	0.227707	0.0787613	0.23327	1.482203	1.783513
36816	-1016.545	-1226.759	210.2141	5.51439	0.221344	0.542639	0.0194147	0.216602	1.500022	2.14426
36822	-1023.462	-1234.709	211.2473	4.903873	0.269261	0.250279	0.0206031	0.459857	1.779087	1.405755
36828	-1022.778	-1234.005	211.2269	4.597228	0.314988	0.232904	0.295055	0.157053	1.859329	1.465306
36834	-1013.007	-1224.351	211.3446	4.365172	0.369937	0.273534	0.0730404	0.283488	1.918013	1.412954
36840	-1014.933	-1227.733	212.7999	2.155924	0.24142	0.485194	0.0883828	0.185003	1.970602	1.228134
36846	-1009.225	-1221.872	212.6475	2.373345	0.135834	0.525227	0.0442831	0.294656	1.970078	1.228134
36852	-1035.066	-1246.951	211.8846	3.840439	0.186886	0.315013	0.0927019	0.405399	2.08736	1.029339
36858	-1037.344	-1251.476	214.1327	0.7677383	0.240734	0.180621	0.224765	0.353879	2.079827	1.029339
36864	-1031.631	-1244.581	212.9503	1.673364	0.248312	0.310645	0.112915	0.328128	2.00135	1.382213
36870	-1034.732	-1246.79	212.0583	1.55481	0.326605	0.201642	0.149946	0.321807	1.92315	2.133938
36876	-1037.575	-1250.609	213.0336	1.079096	0.33165	0.187987	0.180349	0.300014	1.896224	1.788191
36882	-1016.059	-1228.851	212.792	0.4902415	0.0639379	0.470788	0.348961	0.116313	1.574278	2.551137
36888	-1012.55	-1223.546	210.9965	1.871986	0.255305	0.277682	0.150771	0.316242	1.515494	2.891861
36894	-1028.008	-1239.653	211.6447	1.194969	0.213552	0.162771	0.286985	0.336692	1.447123	2.891861
36900	-1032.137	-1244.332	212.1952	1.194969	0.335229	0.120457	0.258723	0.285591	1.545201	2.493444
36906	-1034.07	-1245.9	211.8297	0.8872267	0.19011	0.236976	0.433743	0.139171	1.69096	2.816226
36912	-1019.531	-1231.405	211.8741	0.8857378	0.288549	0.303713	0.196504	0.211234	1.493714	2.909761
36918	-1043.675	-1255.308	211.6325	1.302505	0.393773	0.11284	0.414906	0.0784811	1.53331	2.786269
36924	-1032.272	-1246.152	213.88	0.8246594	0.204534	0.483692	0.254381	0.0573934	2.173708	1.122007
36930	-1041.815	-1254.135	212.3197	1.136452	0.375123	0.0867121	0.328711	0.209454	1.718586	2.340832
36936	-1056.998	-1268.534	211.5355	0.9908687	0.567234	0.0263753	0.309956	0.0964347	1.671875	2.942089
36942	-1032.014	-1244.28	212.2664	0.9568841	0.267648	0.01524	0.537084	0.180028	1.946435	2.342472
36948	-1033.512	-1245.124	211.6122	0.9568841	0.55192	0.0274953	0.34228	0.078305	1.916682	2.767911
36954	-1042.489	-1253.21	210.7212	0.9034604	0.378067	0.0252157	0.549373	0.0473448	1.563817	3.540098
36960	-1044.068	-1258.48	214.4121	0.6114447	0.235451	0.294343	0.260953	0.209253	2.216249	0.737053
36966	-1034.704	-1248.55	213.8459	0.9531228	0.209906	0.39994	0.203603	0.186551	2.485258	0.623209
36972	-1035.495	-1249.476	213.9804	0.6857268	0.232987	0.186341	0.478834	0.101838	2.36335	0.9850495
36978	-1023.541	-1236.705	213.1638	1.266397	0.190808	0.333644	0.392147	0.0834013	2.526075	1.055493
36984	-1008.214	-1222.1	213.8864	0.6667289	0.126233	0.376569	0.41	0.0871983	2.413591	1.047963
36990	-1012.894	-1226.415	213.5207	0.6667289	0.0879787	0.262702	0.588488	0.0608312	2.30345	1.447298
36996	-1008.491	-1221.719	213.228	0.8978217	0.244503	0.201662	0.507138	0.0466969	1.959638	1.735109
37002	-1020.02	-1233.622	213.6026	1.13873	0.160779	0.311455	0.282845	0.244921	2.042662	1.203662
37008	-1006.557	-1220.876	214.3192	0.5796037	0.267746	0.173187	0.450233	0.108835	2.112634	1.009051
37014	-1023.435	-1237.246	213.8103	0.8132216	0.239106	0.0861238	0.543412	0.131359	2.178029	1.19011
37020	-1021.426	-1234.489	213.0633	1.382408	0.33134	0.0919898	0.436365	0.140306	2.11201	1.402005
37026	-1022.189	-1235.651	213.4619	0.4232262	0.33134	0.0919898	0.436365	0.140306	1.897531	1.95244
37032	-1014.78	-1229.058	214.2781	0.5388214	0.383725	0.118333	0.317457	0.180485	1.726012	1.411981
37038	-1020.29	-1234.308	214.0181	0.6539624	0.206815	0.195977	0.366033	0.231175	1.90874	1.378326
37044	-1021.24	-1235.223	213.9824	0.6484966	0.29379	0.316788	0.154004	0.235418	1.886383	1.427936
37050	-1019.89	-1233.595	213.705	0.9135262	0.392247	0.184534	0.165653	0.257566	2.202924	1.169793
37056	-1023.465	-1237.208	213.7423	0.7771202	0.225986	0.446491	0.237034	0.0904897	2.283774	1.190178
37062	-1013.498	-1227.465	213.9679	0.878573	0.146371	0.379735	0.302866	0.171028	2.23849	0.9166004
37068	-1011.292	-1225.103	213.8106	0.9342832	0.217611	0.318228	0.2792	0.184961	2.171361	1.084189
37074	-1029.587	-1242.431	212.8442	1.125958	0.326518	0.12012	0.337133	0.21623	2.00643	1.811553
37080	-1031.861	-1245.32	213.4592	1.013374	0.171353	0.158836	0.358246	0.311565	2.272695	1.234187
37086	-1030.203	-1244.24	214.037	0.6104573	0.246204	0.0988706	0.460985	0.19394	2.113537	1.234187
37092	-1018.53	-1231.515	212.9852	0.9872867	0.399193	0.110254	0.274283	0.21627	2.186208	1.682387
37098	-1024.019	-1237.439	213.4205	0.4363828	0.0481042	0.452495	0.361094	0.138307	2.256286	1.726279
37104	-1004.685	-1218.062	213.3774	0.7723354	0.230709	0.258234	0.432127	0.0789302	2.01858	1.680169
37110	-1010.501	-1223.846	213.3449	0.7723354	0.138746	0.289103	0.483784	0.0883657	2.177676	1.588979
37116	-1027.949	-1241.136	213.1864	0.7086268	0.163202	0.163802	0.569055	0.103941	2.015081	1.862572
37122	-1011.979	-1225.557	213.578	1.011472	0.298032	0.0559001	0.472001	0.174067	2.719746	0.5220581
37128	-1016.162	-1230.059	213.8966	0.6238453	0.352708	0.0875197	0.320317	0.239455	2.79516	0.4342177
37134	-1027.279	-1241.268	213.9886	0.6576159	0.294215	0.119718	0.438162	0.147905	2.646499	0.3865422
37140	-1019.334	-1232.863	213.5288	0.9805303	0.221511	0.211181	0.306407	0.260901	2.767079	0.3811458
37146	-1017.63	-1230.277	212.6469	1.667885	0.345028	0.15829	0.305407	0.191274	2.953841	0.3060272
37152	-1019.696	-1232.481	212.7851	1.554982	0.443971	0.25337	0.0786991	0.22396	2.883751	0.2869654
37158	-1011.336	-1224.097	212.7602	1.307359	0.327043	0.307433	0.145527	0.219997	3.037655	0.2380486
37164	-1043.933	-1256.947	213.0142	0.8448126	0.268659	0.172932	0.194856	0.363552	2.112614	1.815615
37170	-1027.707	-1240.618	212.9104	0.7600634	0.260663	0.252298	0.189175	0.297864	2.178406	1.902306
37176	-1022.527	-1235.216	212.6893	0.5976253	0.131378	0.242825	0.339117	0.28668	2.058523	2.240452
37182	-1026.635	-1239.484	212.8499	1.173891	0.394734	0.0490035	0.19122	0.365042	2.029322	1.759788
37188	-1032.385	-1245.181	212.7962	1.137123	0.360503	0.187279	0.174638	0.27758	2.245329	1.670017
37194	-1007.853	-1221.166	213.3137	0.9523274	0.336272	0.200528	0.210825	0.252375	2.19832	1.458206
37200	-1019.895	-1232.873	212.978	0.8674461	0.0694218	0.489818	0.200611	0.240149	2.040646	1.873722
37206	-1026.027	-1238.359	212.3317	1.543201	0.180841	0.311744	0.363767	0.143647	2.177327	1.78611
37212	-1024.788	-1238.647	213.8593	1.003198	0.418793	0.0615255	0.333844	0.185837	2.424605	0.6149276
37218	-1005.752	-1219.918	214.1667	0.7068558	0.182565	0.0873648	0.634226	0.0958439	2.443511	0.5412346
37224	-1011.998	-1226	214.0025	0.7352271	0.247408	0.0759218	0.571372	0.105298	2.575116	0.5559639
37230	-1011.367	-1225.193	213.8263	0.7737269	0.211052	0.308257	0.420311	0.0603788	2.716331	0.5077398
37236	-1010.156	-1223.687	213.5307	1.022278	0.299854	0.238099	0.377982	0.0840655	2.716331	0.3703967
37242	-1010.38	-1224.291	213.9116	0.6914038	0.099244	0.0920329	0.587758	0.220965	2.716331	0.4703364
37248	-1008.544	-1222.677	214.1332	0.7138753	0.25084	0.0748944	0.494448	0.179817	2.472564	0.5112183
37254	-1017.042	-1230.921	213.8791	1.009003	0.316882	0.2222	0.441098	0.0198205	2.389352	0.6389198
37260	-1003.809	-1218.284	214.4756	0.4563126	0.095683	0.351477	0.510811	0.0420295	2.351125	0.6652027
37266	-1029.458	-1243.714	214.2561	0.6253563	0.107152	0.393605	0.420927	0.0783171	2.432583	0.5780849
37272	-1029.586	-1243.611	214.0246	0.6728634	0.238425	0.415533	0.143673	0.20237	2.624343	0.5152345
37278	-1014.27	-1228.07	213.7995	0.6728634	0.428198	0.274191	0.208406	0.0892054	2.812914	0.3759614
37284	-1017.469	-1231.402	213.9328	0.5914451	0.0984289	0.352383	0.263583	0.285605	2.736946	0.340098
37290	-1017.117	-1230.806	213.6897	0.9651807	0.100505	0.236572	0.429952	0.232972	2.655266	0.4923772
37296	-1010.522	-1224.238	213.7165	0.9651807	0.256445	0.279393	0.251602	0.21256	2.618104	0.4311389
37302	-1004.277	-1217.975	213.6977	0.9651807	0.237036	0.241556	0.232559	0.288848	2.636954	0.4311389
37308	-1017.822	-1231.632	213.8103	0.7958186	0.149522	0.528452	0.0785012	0.243525	2.701947	0.4417756
37314	-1008.084	-1221.397	213.3129	1.217608	0.23369	0.448265	0.0669551	0.25109	2.757811	0.3900687
37320	-1010.524	-1223.887	213.3627	1.239661	0.253197	0.272903	0.0886505	0.38525	2.709563	0.4459705
37326	-1026.853	-1238.149	211.2959	4.432558	0.329226	0.345694	0.0600983	0.264981	2.721448	0.4832154
37332	-1017.671	-1230.428	212.7574	1.958008	0.329226	0.345694	0.0600983	0.264981	2.676967	0.3711906
37338	-1004.345	-1216.718	212.3734	2.134406	0.289361	0.440688	0.0494029	0.220547	2.848221	0.2918964
37344	-1017.232	-1230.408	213.1767	1.167135	0.199583	0.441623	0.139423	0.219371	2.848221	0.2918964
37350	-1019.835	-1233.105	213.27	1.090084	0.215421	0.415678	0.143691	0.225211	2.878635	0.3329872
37356	-1017.582	-1230.715	213.1321	1.256048	0.0839446	0.494686	0.191611	0.229759	2.8275	0.3054735
37362	-1011.453	-1225.125	213.6719	0.6875855	0.0949287	0.362727	0.387007	0.155337	2.885923	0.3294738
37368	-1023.268	-1236.859	213.5908	0.820017	0.238869	0.140772	0.333992	0.286367	2.871679	0.3842849
37374	-1019.05	-1231.928	212.8773	1.765759	0.352198	0.273074	0.145173	0.229556	2.71526	0.3842849
37380	-1009.418	-1222.111	212.6932	2.016838	0.0945854	0.275502	0.114066	0.515846	2.71526	0.4026506
37386	-1018.483	-1232.355	213.871	0.8294678	0.215565	0.389839	0.21059	0.184006	2.591548	0.4026506
37392	-1017.587	-1231.133	213.5465	1.00983	0.27504	0.350518	0.209063	0.16538	2.73214	0.403065
37398	-1018.681	-1232.203	213.5213	1.00983	0.133378	0.297528	0.254036	0.315058	2.778877	0.4924958
37404	-1009.992	-1224.082	214.0897	0.520465	0.157134	0.314359	0.457134	0.0713726	2.685689	0.3819397
37410	-1014.696	-1227.53	212.8333	2.146776	0.233285	0.380943	0.208757	0.177014	2.226139	0.9679023
37416	-1019.219	-1232.318	213.0993	2.104485	0.225477	0.401594	0.106036	0.266893	2.060137	0.8929718
37422	-1005.765	-1218.759	212.9948	1.837084	0.166435	0.454144	0.0614945	0.317927	2.570117	0.4623439
37428	-1013.967	-1227.117	213.1501	1.381192	0.304351	0.354102	0.142984	0.198563	2.787804	0.4280815
37434	-1012.051	-1225.332	213.2814	1.197119	0.193431	0.529154	0.14924	0.128175	2.807438	0.3880147
37440	-999.9542	-1213.438	213.484	0.9645418	0.295742	0.428626	0.126904	0.148728	2.807438	0.3527651
37446	-1011.293	-1224.742	213.4485	1.069549	0.231626	0.46741	0.184479	0.116485	2.770743	0.4024245
37452	-1016.512	-1229.876	213.3643	0.6623087	0.223351	0.260442	0.311814	0.204393	3.123507	0.2606291
37458	-1015.036	-1228.219	213.1832	0.7780012	0.432664	0.265376	0.181693	0.120267	3.123507	0.2321297
37464	-1015.186	-1226.644	211.4586	2.967369	0.417032	0.221838	0.272143	0.0889868	3.124591	0.2415592
37470	-1002.518	-1214.131	211.6135	2.967369	0.0944541	0.366867	0.111268	0.427411	2.954396	0.2346107
37476	-1002.571	-1215.082	212.5109	1.702773	0.31232	0.232395	0.154293	0.300992	2.954396	0.2418932
37482	-1009.044	-1221.787	212.7426	1.485437	0.303406	0.154068	0.342981	0.199545	2.94863	0.2641312
37488	-994.9121	-1208.457	213.5451	0.7464755	0.181943	0.246087	0.483584	0.0883859	2.889834	0.2820753
37494	-1003.892	-1217.415	213.5235	0.7701576	0.195771	0.268544	0.527714	0.00797106	2.927615	0.312175
37500	-1003.344	-1216.979	213.6342	0.6225655	0.23207	0.329297	0.432106	0.00652692	2.927615	0.2793443
37506	-1002.988	-1216.554	213.5657	0.6514651	0.187011	0.188993	0.619317	0.00467905	2.965508	0.2793443
37512	-995.8673	-1209.354	213.4862	0.6255059	0.168727	0.165252	0.661027	0.00499417	3.058696	0.270931
37518	-1008.884	-1222.412	213.5276	0.4941539	0.328095	0.153017	0.509177	0.00971134	3.068523	0.2290224
37524	-1009.615	-1223.099	213.4837	0.6243835	0.315171	0.307537	0.367235	0.010057	3.011036	0.2437556
37530	-1015.137	-1228.984	213.8462	0.6243835	0.176153	0.459588	0.342435	0.021824	2.787594	0.3387112
37536	-1007.251	-1220.776	213.525	0.9593105	0.0940557	0.577701	0.244912	0.0833311	2.787594	0.3738798
37542	-1019.825	-1232.435	212.6103	2.168652	0.405646	0.0614399	0.361322	0.171592	2.703455	0.4507452
37548	-1023.663	-1236.428	212.7648	2.240863	0.295052	0.145283	0.379524	0.180141	2.447916	0.6839975
37554	-1016.014	-1229.349	213.335	1.730334	0.344514	0.0622702	0.443147	0.150069	2.292765	0.6204554
37560	-1021.248	-1234.463	213.2145	1.705708	0.330317	0.0779033	0.442074	0.149705	2.453463	0.5506574
37566	-1027.444	-1241.54	214.0956	0.7032485	0.223999	0.250042	0.463069	0.0628902	2.510612	0.5780345
37572	-1006.649	-1220.875	214.226	0.6763816	0.30768	0.150382	0.409844	0.132094	2.138293	0.9742496
37578	-1003.281	-1217.135	213.8544	1.073429	0.151519	0.303624	0.42047	0.124387	2.114757	0.9606127
37584	-1015.281	-1229.274	213.9925	0.6935925	0.355991	0.232281	0.345338	0.0663899	2.077974	1.227598
37590	-1003.955	-1217.841	213.8862	0.8731034	0.113589	0.146283	0.598996	0.141132	2.542135	0.5770336
37596	-1017.296	-1231.664	214.3687	0.5306635	0.0918415	0.116853	0.677194	0.114111	2.422161	0.5632419
37602	-1020.523	-1234.634	214.1111	0.7661807	0.131041	0.249274	0.497452	0.122233	2.422161	0.5993962
37608	-1022.727	-1237.056	214.3295	0.5404454	0.174786	0.11212	0.550055	0.163039	2.458259	0.5170064
37614	-1027.183	-1237.772	210.5892	6.319127	0.0396707	0.173435	0.495832	0.291062	2.044272	1.265009
37620	-1020.123	-1231.023	210.9005	5.484784	0.282078	0.270558	0.360373	0.0869915	2.056474	1.265009
37626	-1021.362	-1232.87	211.5076	4.456265	0.153232	0.570337	0.151782	0.124649	2.266277	0.9230164
37632	-1029.516	-1243.262	213.7458	1.016265	0.294395	0.444321	0.222342	0.0389417	1.853236	1.340537
37638	-1042.654	-1256.056	213.4017	1.016265	0.392556	0.148355	0.390667	0.0684226	2.053009	1.452937
37644	-1035.261	-1248.904	213.6433	0.7744753	0.183204	0.347602	0.378644	0.09055	1.851959	1.607156
37650	-1028.949	-1242.085	213.1352	2.038948	0.306371	0.248368	0.229557	0.215705	2.049751	0.9184872
37656	-1017.9	-1230.489	212.5897	2.735931	0.321584	0.211043	0.240956	0.226416	2.31232	0.6432981
37662	-1002.696	-1215.507	212.8117	2.275933	0.313561	0.0374861	0.250916	0.398038	2.403497	0.626591
37668	-1012.79	-1225.789	212.9988	2.017927	0.0190621	0.0222214	0.801119	0.157597	2.403214	0.626591
37674	-1009.952	-1223.695	213.7427	1.147451	0.0378478	0.574394	0.290896	0.0968618	2.379018	0.6633407
37680	-1008.201	-1222.081	213.8799	0.8972121	0.112908	0.443496	0.166182	0.277413	2.505108	0.6309382
37686	-1007.393	-1220.948	213.5549	1.04741	0.143675	0.46212	0.189376	0.204829	2.689114	0.4087986
37692	-1010.317	-1223.323	213.0052	1.526821	0.370285	0.25445	0.267801	0.107465	2.777066	0.3719587
37698	-1017.598	-1231.193	213.5949	0.8889059	0.228362	0.212925	0.443142	0.115571	2.788149	0.3719587
37704	-1004.581	-1218.012	213.431	0.8889059	0.117314	0.41122	0.369001	0.102465	2.851137	0.2794527
37710	-1032.511	-1246.07	213.5587	0.9789352	0.197852	0.163975	0.280953	0.35722	2.718874	0.3536027
37716	-1016.964	-1231.02	214.056	0.487901	0.0925599	0.239227	0.57668	0.0915325	2.731481	0.3536027
37722	-1027.717	-1241.76	214.0434	0.406715	0.327213	0.340661	0.31795	0.0141757	2.819478	0.3536027
37728	-1016.843	-1230.777	213.9333	0.5711271	0.0749836	0.46532	0.435499	0.0241974	2.815475	0.4401227
37734	-1013.12	-1226.55	213.43	1.162589	0.151019	0.342163	0.444039	0.0627783	2.710618	0.4305178
37740	-1012.82	-1226.947	214.1272	0.4974009	0.170943	0.484511	0.29228	0.0522658	2.676859	0.3912903
37746	-1030.738	-1244.237	213.4993	1.05099	0.208384	0.447845	0.206599	0.137171	2.73225	0.3910401
37752	-1016.796	-1230.555	213.7588	0.5953401	0.202874	0.24955	0.414737	0.13284	2.90205	0.3350362
37758	-1022.38	-1235.976	213.5964	0.8325905	0.173905	0.402888	0.252089	0.171118	2.839525	0.3642515
37764	-1022.247	-1234.72	212.4726	2.154007	0.393802	0.256355	0.267968	0.0818754	2.823115	0.3811549
37770	-1020.104	-1233.477	213.3729	1.191568	0.413779	0.0763106	0.390573	0.119337	2.7067	0.3657732
37776	-1019.972	-1233.067	213.0952	1.535843	0.462619	0.0853178	0.272911	0.179152	2.7067	0.4253856
37782	-1024.077	-1237.007	212.9294	1.759773	0.417821	0.077056	0.0440444	0.461078	2.690369	0.4343694
37788	-1023.877	-1237.181	213.3032	1.473166	0.43223	0.0166576	0.338912	0.212201	2.563145	0.5323709
37794	-1027.943	-1241.275	213.3319	1.473166	0.386832	0.0307123	0.511231	0.0712248	2.533395	0.5400113
37800	-1026.269	-1240.062	213.7925	1.047194	0.3256	0.00837484	0.393745	0.272279	2.395527	0.7196879
37806	-1035.397	-1249.092	213.6955	1.047194	0.296156	0.0325709	0.586596	0.0846765	2.565817	0.5318385
37812	-1028.809	-1242.832	214.0229	0.7383804	0.25167	0.1352	0.291189	0.321941	2.557123	0.4986515
37818	-1035.256	-1248.686	213.4303	1.215782	0.181703	0.203801	0.438939	0.175558	2.659582	0.4296025
37824	-1042.86	-1256.055	213.1953	1.617865	0.181703	0.203801	0.438939	0.175558	2.549505	0.4871423
37830	-1039.385	-1252.172	212.7872	2.271729	0.226054	0.0961261	0.368117	0.309703	2.129267	1.022065
37836	-1034.106	-1247.668	213.5613	1.340178	0.500525	0.117278	0.211587	0.17061	2.095794	1.022065
37842	-1038.14	-1251.788	213.6479	1.265519	0.331185	0.224934	0.0865901	0.357292	2.206352	0.8864858
37848	-1025.939	-1240.289	214.35	0.7263857	0.346183	0.0849213	0.293638	0.275257	2.006273	0.9268084
37854	-1040.147	-1254.161	214.014	0.8922273	0.265779	0.123824	0.488637	0.12176	2.22236	0.8663544
37860	-1033.933	-1247.731	213.7983	1.003716	0.217299	0.261712	0.332619	0.188371	2.385245	0.7903756
37866	-1030.578	-1241.368	210.7894	5.169186	0.455443	0.140492	0.26118	0.142885	2.04519	1.465166
37872	-1054.297	-1268.176	213.8792	0.9076039	0.440119	0.0325874	0.247674	0.27962	2.52444	0.4999355
37878	-1043.003	-1256.928	213.9252	0.8007864	0.208179	0.0343987	0.674719	0.082703	2.582215	0.4432131
37884	-1031.071	-1244.545	213.4746	1.417296	0.364367	0.10756	0.30341	0.224663	2.440953	0.4710165
37890	-1024.144	-1237.615	213.4707	1.342961	0.306681	0.0512515	0.510568	0.1315	2.512932	0.4924411
37896	-1010.185	-1223.03	212.8453	2.147535	0.399274	0.0556236	0.303185	0.241918	2.483765	0.4512828
37902	-1004.034	-1218.03	213.9958	0.8770382	0.234355	0.0642975	0.488083	0.213264	2.430148	0.5706361
37908	-1006.084	-1220.333	214.2495	0.5958093	0.0832635	0.50507	0.351909	0.0597574	2.481189	0.5059354
37914	-1016.76	-1231.037	214.2773	0.5951929	0.271774	0.310505	0.376436	0.0412849	2.454049	0.5059354
37920	-1004.353	-1218.444	214.0916	0.7718623	0.285372	0.276005	0.395272	0.0433506	2.395002	0.6904569
37926	-989.481	-1203.685	214.2039	0.6295558	0.174877	0.358104	0.427574	0.0394456	2.43535	0.6866082
37932	-994.567	-1208.43	213.8635	0.8184709	0.0676963	0.353471	0.486142	0.0926901	2.630254	0.5331669
37938	-1001.382	-1215.401	214.0194	0.831407	0.302995	0.137866	0.520468	0.0386705	2.456279	0.5601883
37944	-1005.035	-1219.144	214.1092	0.7616213	0.346591	0.118112	0.498276	0.0370216	2.439635	0.5601883
37950	-1017.623	-1231.728	214.1054	0.7903517	0.142786	0.25159	0.596068	0.00955692	2.399962	0.6067767
37956	-998.4262	-1212.83	214.404	0.4138071	0.220883	0.18359	0.511694	0.0838326	2.50516	0.4751881
37962	-1011.614	-1225.114	213.4993	1.119029	0.281601	0.234057	0.377465	0.106877	2.679566	0.4203188
37968	-1021.854	-1235.561	213.7079	0.9674514	0.259455	0.360173	0.277259	0.103113	2.620699	0.4203188
37974	-1021.045	-1234.132	213.087	1.396136	0.268607	0.218128	0.40748	0.105785	2.806758	0.3682694
37980	-1026.352	-1237.95	211.5978	0.8070938	0.283539	0.0542164	0.295422	0.366823	1.613988	3.052557
37986	-1027.941	-1241.316	213.3754	0.7210699	0.318712	0.00608776	0.524097	0.151103	1.878333	1.81767
37992	-1018.549	-1232.282	213.7323	0.7812664	0.263112	0.199878	0.446148	0.0908614	2.747165	0.3514434
37998	-1020.266	-1234.36	214.0933	0.5344691	0.256608	0.235508	0.435119	0.0727644	2.689157	0.4266701
38004	-1013.314	-1225.803	212.4889	1.219325	0.153025	0.361416	0.349135	0.136424	1.920197	2.04965
38010	-1022.722	-1236.482	213.7599	0.8473788	0.231588	0.488542	0.0954581	0.184411	1.888834	1.436039
38016	-1012.014	-1224.534	212.5202	1.308894	0.313562	0.0487107	0.506398	0.131329	2.15323	1.815343
38022	-1017.457	-1230.184	212.7269	1.251159	0.500664	0.0642298	0.135776	0.29933	2.098786	1.746422
38028	-1014.316	-1224.778	210.4624	1.784955	0.438769	0.0562893	0.163414	0.341527	1.593872	3.205428
38034	-1019.78	-1230.471	210.6909	2.05588	0.173796	0.179774	0.513379	0.133052	1.621453	2.928194
38040	-1001.365	-1214.383	213.0185	1.377417	0.156483	0.174913	0.499499	0.169105	1.752039	1.704258
38046	-1011.194	-1221.969	210.7749	1.377417	0.413382	0.0478692	0.449755	0.0889942	1.46421	3.300438
38052	-1023.01	-1232.921	209.9114	2.202025	0.450695	0.0222944	0.490361	0.0366494	1.509978	3.394425
38058	-1034.182	-1244.495	210.3133	2.348787	0.461388	0.0228233	0.501995	0.0137938	1.509978	3.096028
38064	-1029.934	-1243.762	213.8277	0.7007222	0.40607	0.158339	0.224404	0.211187	2.778742	0.4224032
38070	-1030.562	-1238.5	207.9376	1.709618	0.306864	0.238068	0.27246	0.182608	1.37083	4.812838
38076	-1021.105	-1231.579	210.4731	1.598333	0.194805	0.380707	0.167932	0.256556	1.639945	3.261955
38082	-1027.803	-1239.204	211.4007	1.142338	0.121418	0.251455	0.435264	0.191863	1.571978	2.993785
38088	-999.5467	-1211.685	212.1381	0.9135804	0.270708	0.303751	0.276164	0.149376	1.67637	2.619618
38094	-1013.746	-1224.651	210.905	2.135831	0.367958	0.432008	0.0593762	0.140658	1.711291	2.707828
38100	-1000.674	-1212.635	211.9604	1.945285	0.364338	0.184564	0.220328	0.23077	2.045778	1.908893
38106	-1018.392	-1231.187	212.7947	1.945285	0.0289449	0.16657	0.542808	0.261676	2.10981	1.24668
38112	-1005.082	-1218.757	213.6754	0.9303298	0.0215817	0.324386	0.523064	0.130969	2.32379	1.071937
38118	-996.1695	-1210.315	214.1451	0.643692	0.079441	0.391968	0.423098	0.105493	2.305678	0.9192542
38124	-998.389	-1212.711	214.3217	0.4132542	0.0461861	0.588132	0.292702	0.0729802	2.32944	0.9516835
38130	-1001.265	-1214.791	213.526	0.9098529	0.309176	0.271256	0.208291	0.211277	2.68444	0.8755786
38136	-1008.403	-1221.617	213.2137	1.383882	0.111584	0.25387	0.436811	0.197736	2.733208	0.4929311
38142	-1006.647	-1220.401	213.7538	0.7316756	0.218524	0.188883	0.399376	0.193217	2.831604	0.5298785
38148	-1010.659	-1224.331	213.6716	0.8128928	0.319226	0.262925	0.23789	0.179959	2.60957	0.9093407
38154	-1008.221	-1220.97	212.7491	1.903805	0.416348	0.0801851	0.268755	0.234711	2.606061	0.8396096
38160	-1017.591	-1230.727	213.1364	1.338515	0.266663	0.231292	0.421035	0.08101	2.732205	0.7852894
38166	-1018.698	-1232.532	213.8334	0.6613318	0.210384	0.495208	0.259986	0.0344215	2.701453	0.795732
38172	-1020.929	-1234.688	213.7593	0.6613318	0.346508	0.382172	0.135049	0.136272	2.389501	1.189945
38178	-1026.075	-1239.455	213.3799	0.7981029	0.177313	0.595483	0.167022	0.0601817	1.968549	1.69469
38184	-1018.266	-1231.537	213.2714	0.8371995	0.211491	0.300395	0.171605	0.316509	2.052843	1.682889
38190	-1025.671	-1238.422	212.7507	0.9116225	0.290355	0.099888	0.396136	0.21362	1.968184	2.044479
38196	-1018.075	-1231.286	213.2111	0.560917	0.421536	0.211437	0.164432	0.202595	1.835149	2.071059
38202	-1016.424	-1229.49	213.0663	0.9262088	0.203385	0.119486	0.471981	0.205148	1.855128	1.8988
38208	-1031.692	-1244.519	212.8265	0.9262088	0.344166	0.0604127	0.333055	0.262366	1.794175	2.099337
38214	-1024.611	-1237.283	212.6712	1.01143	0.414819	0.0777175	0.375823	0.13164	2.032344	1.987613
38220	-1017.45	-1230.872	213.4222	0.8265979	0.24778	0.0935087	0.488087	0.170625	2.189263	1.480851
38226	-1007.647	-1221.668	214.0206	0.7058705	0.322562	0.265736	0.189581	0.222121	2.203383	1.080545
38232	-1006.791	-1220.35	213.5595	0.7660701	0.24102	0.416337	0.157781	0.184862	2.220894	1.400092
38238	-1004.734	-1217.79	213.0557	0.7228869	0.201631	0.203848	0.341442	0.253079	1.98901	1.958536
38244	-998.212	-1210.903	212.6906	1.053847	0.264471	0.267379	0.257841	0.210309	2.014361	1.958536
38250	-1014.117	-1225.797	211.6802	2.202085	0.463894	0.133858	0.323523	0.0787252	2.053278	1.965045
38256	-1017.763	-1231.06	213.2978	0.8412429	0.436389	0.285546	0.204008	0.0740575	2.012865	1.689558
38262	-1000.461	-1213.628	213.1668	1.375298	0.276479	0.32768	0.268067	0.127773	2.012938	1.403492
38268	-1006.549	-1219.433	212.8848	0.6800235	0.342453	0.293529	0.313332	0.0506859	1.928775	2.141485
38274	-997.7049	-1210.59	212.8848	1.355754	0.357975	0.0792386	0.456927	0.105859	1.772365	1.797211
38280	-1017.619	-1230.313	212.6946	0.9139635	0.262518	0.0865917	0.425114	0.225776	1.720284	2.241234
38286	-1021.681	-1234.933	213.2524	0.6185269	0.207827	0.353597	0.26793	0.170646	2.160931	1.782342
38292	-1030.825	-1244.731	213.9059	1.107887	0.188016	0.51646	0.16477	0.130754	2.280256	0.6001443
38298	-1019.629	-1234.181	214.5524	0.5109787	0.15834	0.434943	0.370042	0.0366749	2.060504	0.8921948
38304	-1024.991	-1236.702	211.7111	1.67403	0.325058	0.266196	0.171553	0.237193	2.10632	2.175968
38310	-1003.414	-1217.314	213.8995	0.9552249	0.253027	0.163513	0.570753	0.0127072	2.206811	0.9400816
38316	-1003.513	-1217.363	213.8503	0.8476242	0.319251	0.135925	0.442482	0.102343	2.110407	1.183021
38322	-1026.975	-1239.924	212.9489	0.8275329	0.175884	0.441063	0.243546	0.139507	2.004825	1.94574
38328	-1026.844	-1240.085	213.2411	0.8421009	0.164601	0.412768	0.227922	0.194709	1.912099	1.799317
38334	-1011.205	-1224.393	213.1875	1.373727	0.371701	0.0523979	0.298749	0.277152	2.316918	1.136221
38340	-1016.722	-1229.764	213.0421	1.105234	0.355598	0.164971	0.214285	0.265146	2.155537	1.579526
38346	-1005.151	-1217.897	212.7459	1.299935	0.219862	0.145211	0.283785	0.351142	2.057153	1.730753
38352	-995.3712	-1208.486	213.1152	0.6894147	0.164691	0.0802568	0.52302	0.232032	2.04631	1.903663
38358	-995.1471	-1207.988	212.8406	1.101256	0.289834	0.0515006	0.509772	0.148894	2.190823	1.701842
38364	-1005.047	-1218.546	213.4989	1.139478	0.168735	0.0709346	0.55525	0.20508	2.382214	0.98526
38370	-1000.15	-1213.822	213.6726	1.154317	0.206809	0.225507	0.407189	0.160495	2.310423	0.8580892
38376	-1000.827	-1214.761	213.934	0.8793867	0.234667	0.16975	0.474769	0.120813	2.328569	0.8509153
38382	-1009.535	-1223.805	214.2701	0.6545765	0.473512	0.204197	0.282969	0.0393221	2.349125	0.6743887
38388	-1015.586	-1229.76	214.1744	0.670341	0.394139	0.282789	0.283655	0.0394175	2.439185	0.6518375
38394	-1003.835	-1217.447	213.6116	1.136452	0.299413	0.214824	0.40032	0.0854429	2.552891	0.580611
38400	-1015.686	-1229.836	214.1492	0.6992093	0.3231	0.23182	0.43199	0.0130904	2.451833	0.6080346
38406	-1021.407	-1235.442	214.035	0.7279815	0.198949	0.182192	0.492061	0.126797	2.501437	0.6839366
38412	-1001.321	-1215.158	213.8366	0.8851655	0.232455	0.254419	0.462945	0.0501803	2.587224	0.538469
38418	-1015.72	-1229.675	213.9545	0.9262557	0.432814	0.0823446	0.39423	0.0906116	2.363105	0.7060358
38424	-1020.864	-1234.78	213.9153	0.9262557	0.338799	0.359269	0.251457	0.0504744	2.402255	0.7060358
38430	-1009.158	-1223.223	214.0649	0.7664022	0.327794	0.108336	0.433523	0.130348	2.457303	0.6286061
38436	-992.1631	-1206.102	213.9392	0.7630878	0.330193	0.109129	0.436696	0.123983	2.607413	0.5631341
38442	-1000.026	-1214.03	214.004	0.7630878	0.125867	0.128095	0.600507	0.145531	2.542667	0.5631341
38448	-1012.727	-1227.1	214.3729	0.5466849	0.231799	0.114525	0.536891	0.116784	2.382791	0.6232903
38454	-1006.835	-1220.992	214.1566	0.7663412	0.336278	0.208861	0.372218	0.082644	2.198301	0.8811195
38460	-1002.217	-1216.561	214.3438	0.548702	0.176352	0.328592	0.40158	0.0934761	2.285373	0.8268084
38466	-1012.56	-1226.697	214.1367	0.7833653	0.195646	0.263804	0.445516	0.0950345	2.285373	0.7733927
38472	-1011.859	-1225.933	214.0742	0.717598	0.235095	0.280013	0.411783	0.0731082	2.511729	0.5950944
38478	-995.7674	-1209.894	214.1262	0.6128277	0.213752	0.298255	0.421021	0.0669718	2.586735	0.4997516
38484	-989.0549	-1202.995	213.9401	0.7866434	0.330165	0.20639	0.291342	0.172103	2.588137	0.478133
38490	-1015.46	-1229.394	213.9338	0.6857274	0.240335	0.234068	0.330414	0.195183	2.67353	0.6289616
38496	-1006.266	-1220.119	213.8531	0.822295	0.311668	0.132786	0.365365	0.190182	2.633476	0.5531398
38502	-1000.764	-1214.605	213.8412	0.822295	0.239552	0.121815	0.464164	0.174469	2.645396	0.5531398
38508	-1021.454	-1235.248	213.7942	0.822295	0.259317	0.338369	0.342264	0.0600507	2.665843	0.6369347
38514	-1008.902	-1223.102	214.2	0.6964806	0.291473	0.0908544	0.527296	0.0903766	2.231357	0.878081
38520	-991.6112	-1205.872	214.2606	0.6608625	0.426947	0.0240226	0.468009	0.081021	2.293087	0.7703196
38526	-1007.101	-1221.126	214.0245	0.7443979	0.338147	0.0190262	0.574455	0.0683716	2.379401	0.8504825
38532	-1018.961	-1232.651	213.6904	0.9062693	0.406411	0.118641	0.454475	0.0204733	2.404993	1.002789
38538	-1025.305	-1238.985	213.6796	0.9342637	0.42481	0.131634	0.424145	0.0194111	2.322298	1.065655
38544	-1004.18	-1218.345	214.1646	0.6743898	0.367395	0.15613	0.399657	0.0768184	2.299662	0.8669819
38550	-1042.501	-1256.429	213.9288	0.7045464	0.136394	0.478747	0.332188	0.0526713	2.141877	1.217605
38556	-1023.896	-1238.095	214.1992	0.6113423	0.162921	0.196224	0.598903	0.0419523	2.05372	1.145108
38562	-1016.084	-1228.945	212.861	1.287911	0.289039	0.0596182	0.510808	0.140534	1.916908	1.756087
38568	-1010.788	-1224.197	213.4091	0.6789508	0.254475	0.206328	0.449724	0.0894727	2.022222	1.725063
38574	-997.4041	-1211.434	214.0295	0.6754193	0.345499	0.244433	0.327489	0.0825799	2.207113	1.098686
38580	-1014.186	-1227.871	213.6852	0.8896385	0.288346	0.203999	0.273315	0.23434	2.05732	1.328283
38586	-1024.533	-1238.573	214.0397	0.5660282	0.138843	0.111139	0.629806	0.120211	2.107302	1.275826
38592	-1022.803	-1237.012	214.209	0.6483901	0.214025	0.302338	0.4186	0.0650379	2.393518	0.7158481
38598	-1024.047	-1238.005	213.9586	0.8262568	0.406475	0.132247	0.351818	0.10946	2.311242	0.9063967
38604	-1035.326	-1248.899	213.5733	1.138756	0.28123	0.0864446	0.501747	0.130579	2.311242	0.9825423
38610	-1015.282	-1228.924	213.6424	0.955879	0.214812	0.0718988	0.417319	0.29597	1.945771	1.396843
38616	-1014.203	-1228.027	213.8249	0.7065586	0.223132	0.171465	0.370145	0.235257	2.022531	1.396843
38622	-1002.174	-1215.686	213.5123	1.324012	0.267445	0.158582	0.356392	0.21758	2.212825	0.9683913
38628	-1016.936	-1230.996	214.06	0.8802297	0.214378	0.181937	0.408881	0.194805	2.190574	0.864164
38634	-1020.252	-1233.766	213.5142	0.770476	0.253481	0.120653	0.395529	0.230338	2.094829	1.526702
38640	-1014.391	-1228.164	213.7731	0.6946567	0.279813	0.263983	0.247034	0.20917	2.042205	1.431401
38646	-1013.63	-1227.868	214.2376	0.7633222	0.223508	0.327184	0.333694	0.115613	2.08631	0.9196028
38652	-1009.466	-1223.567	214.1014	0.6248834	0.154119	0.564789	0.208763	0.0723289	2.139903	1.142696
38658	-1004.25	-1217.982	213.7327	0.9781543	0.0855272	0.353396	0.420393	0.140684	2.071433	1.202848
38664	-1018.908	-1232.112	213.2042	1.410597	0.337863	0.373694	0.229698	0.0587454	2.242206	1.158546
38670	-1020.812	-1234.317	213.5043	1.296263	0.175375	0.178343	0.436432	0.209851	2.252705	0.9615609
38676	-1006.054	-1220.517	214.4627	0.4971126	0.157635	0.221469	0.541969	0.078928	2.158538	0.8984065
38682	-1008.599	-1222.977	214.3778	0.5648158	0.249551	0.138487	0.592188	0.0197745	2.252086	0.80436
38688	-1020.598	-1234.918	214.3193	0.5648158	0.227706	0.245659	0.483862	0.0427729	2.252086	0.8766067
38694	-1011.828	-1226.121	214.2933	0.5975239	0.261878	0.163677	0.533391	0.0410531	2.252086	0.8670871
38700	-1006.275	-1220.084	213.8094	1.05463	0.144617	0.341495	0.338524	0.175364	2.359891	0.7378758
38706	-1010.425	-1224.743	214.3188	0.5818732	0.177167	0.215195	0.392803	0.214834	2.344717	0.7304878
38712	-1010.457	-1223.336	212.8783	2.225228	0.203594	0.0956014	0.436579	0.264226	2.344717	0.6855382
38718	-1020.801	-1234.845	214.0441	0.8144956	0.451847	0.127224	0.0693052	0.351624	2.340172	0.7806543
38724	-1011.227	-1224.704	213.4775	1.176386	0.418137	0.28437	0.216596	0.0808975	2.657584	0.5400646
38730	-1008.896	-1223.014	214.1179	0.6198308	0.530475	0.0930985	0.274065	0.102362	2.587633	0.5007918
38736	-1024.394	-1238.128	213.7342	0.958702	0.447535	0.0195234	0.231215	0.301727	2.575458	0.6592708
38742	-1028.412	-1242.605	214.1929	0.5608792	0.253492	0.0192681	0.695751	0.0314897	2.567703	0.5596287
38748	-1024.525	-1238.623	214.0978	0.6349955	0.460113	0.0389157	0.479279	0.0216922	2.590839	0.5212144
38754	-1021.362	-1235.351	213.9889	0.7708691	0.361157	0.0622947	0.173062	0.403486	2.149448	1.096232
38760	-1010.36	-1223.624	213.264	1.513785	0.22384	0.0720658	0.349258	0.354836	2.193588	1.066651
38766	-1002.696	-1216.33	213.6334	1.11829	0.404738	0.0468212	0.317904	0.230537	2.210111	1.042573
38772	-994.9771	-1208.733	213.7559	0.9127094	0.191141	0.0880551	0.6159	0.104905	2.110849	1.206078
38778	-1017.664	-1231.64	213.9766	0.8005247	0.246014	0.254987	0.325036	0.173963	2.202995	1.027822
38784	-1009.893	-1223.973	214.0794	0.61827	0.315839	0.111505	0.348854	0.223802	2.601656	0.623137
38790	-1014.309	-1228.418	214.1088	0.6207345	0.143357	0.0860212	0.517566	0.253056	2.582349	0.5866006
38796	-1012.903	-1227.007	214.1036	0.6950726	0.180399	0.178943	0.544771	0.0958871	2.50006	0.6130562
38802	-1003.665	-1217.57	213.9051	0.6629122	0.245095	0.26976	0.464298	0.0208477	2.02204	1.370596
38808	-1007.912	-1222.162	214.2497	0.6258811	0.343404	0.220627	0.329756	0.106213	2.009603	1.12574
38814	-1003.732	-1217.775	214.0436	0.7413895	0.257503	0.284649	0.296029	0.16182	2.110391	1.110387
38820	-1001.521	-1215.583	214.0619	0.7716008	0.218728	0.448241	0.236335	0.0966963	2.182744	0.9935254
38826	-1011.536	-1225.725	214.1884	0.6731729	0.283978	0.274161	0.369556	0.0723051	2.160361	0.9935254
38832	-996.525	-1210.332	213.8067	0.7727821	0.245273	0.428034	0.213806	0.112886	2.236973	1.178919
38838	-1001.47	-1214.878	213.4077	0.8666871	0.203287	0.485292	0.126586	0.184835	2.001508	1.599774
38844	-1012.213	-1225.419	213.2061	1.061232	0.239165	0.151596	0.391783	0.217456	1.865319	1.701234
38850	-1039.112	-1251.531	212.4189	2.972294	0.386465	0.175637	0.0259653	0.411933	2.329023	0.6612324
38856	-1034.778	-1247.661	212.8829	2.061554	0.128065	0.253973	0.0223037	0.595659	2.234854	0.9719898
38862	-1030.078	-1243.832	213.7543	0.9299299	0.021406	0.224355	0.742205	0.0120332	2.020234	1.268769
38868	-1030.711	-1244.885	214.1746	0.7445825	0.293461	0.161983	0.535868	0.0086879	2.097119	0.9949657
38874	-1014.881	-1227.223	212.3421	2.554982	0.405891	0.259119	0.0123472	0.322643	2.022104	1.335948
38880	-1028.864	-1241.78	212.916	0.9503251	0.437031	0.0470264	0.471997	0.0439459	2.159645	1.775996
38886	-1032.364	-1244.456	212.0918	1.829183	0.29764	0.0283303	0.641631	0.0323986	1.871544	1.998071
38892	-1024.735	-1236.434	211.6991	2.074427	0.359309	0.0684573	0.508547	0.063686	1.774325	2.197201
38898	-1022.363	-1233.853	211.4897	1.388613	0.240956	0.275559	0.227131	0.256353	1.774325	2.678608
38904	-1023.284	-1236.435	213.1519	1.503355	0.232074	0.305424	0.135523	0.326979	2.684614	0.4487205
38910	-1031.224	-1245.305	214.0807	0.7193796	0.234727	0.308916	0.125641	0.330716	2.518764	0.5190124
38916	-1020.352	-1234.309	213.9568	0.7140456	0.235479	0.311896	0.179065	0.27356	2.644915	0.4560436
38922	-1030.993	-1245.271	214.2782	0.6401346	0.189524	0.251027	0.467613	0.0918371	2.169825	0.926375
38928	-1026.858	-1241.418	214.5605	0.5279292	0.019569	0.453714	0.216273	0.310444	2.169825	0.7122731
38934	-1031.153	-1245.046	213.8931	1.146592	0.0192436	0.446169	0.0348927	0.499695	2.059883	0.9014975
38940	-1013.481	-1227.502	214.0205	0.8247	0.183645	0.23251	0.142652	0.441193	2.148356	1.013581
38946	-1010.95	-1224.152	213.2014	1.104781	0.266055	0.215135	0.376157	0.142653	2.074837	1.521808
38952	-1018.559	-1230.566	212.0071	1.104781	0.205404	0.227393	0.338756	0.228447	1.875884	2.458233
38958	-1016.649	-1228.941	212.2917	2.479662	0.27986	0.3367	0.263918	0.119522	1.927065	1.4873
38964	-1021.388	-1233.953	212.5649	1.235112	0.295052	0.27721	0.241729	0.186008	1.919817	1.989534
38970	-1021.979	-1236.237	214.2584	0.6645299	0.13493	0.299614	0.433886	0.13157	2.243936	0.8334715
38976	-1028.281	-1242.392	214.1106	0.5743288	0.104785	0.514434	0.33005	0.0507308	2.38584	0.9486223
38982	-1017.659	-1230.917	213.2586	1.513431	0.207082	0.243576	0.240061	0.309281	2.548798	0.6231406
38988	-1026.404	-1240.455	214.0507	0.6992839	0.223831	0.4222	0.282815	0.071155	2.544629	0.6231406
38994	-1018.199	-1231.656	213.4574	1.050158	0.367046	0.124416	0.269143	0.239395	2.171331	1.289508
39000	-1014.265	-1227.878	213.6136	1.02014	0.407953	0.138282	0.346475	0.107289	1.974226	1.346342
39006	-1010.976	-1224.597	213.6212	0.994122	0.274393	0.0236279	0.617904	0.084075	2.03428	1.312997
39012	-999.9162	-1213.337	213.4212	0.963797	0.234086	0.0440219	0.605087	0.116805	2.047479	1.482251
39018	-1003.665	-1216.991	213.3259	1.268599	0.245765	0.0462181	0.376818	0.331199	2.182424	1.216026
39024	-1016.962	-1230.541	213.5787	1.237054	0.279237	0.0667184	0.56287	0.091174	2.253998	0.9395627
39030	-1025.03	-1238.254	213.2244	1.54942	0.193275	0.111081	0.575598	0.120046	2.278595	0.9929248
39036	-1010.033	-1223.934	213.9014	0.9324644	0.216585	0.0038738	0.645017	0.134524	2.150847	1.019011
39042	-1005.927	-1219.653	213.7255	0.9385081	0.292542	0.00572136	0.580639	0.121098	2.166294	1.161638
39048	-1014.337	-1228.003	213.6657	1.29331	0.326232	0.0265962	0.535491	0.111681	1.882926	1.161638
39054	-1030.845	-1244.129	213.284	1.126026	0.250761	0.141191	0.503118	0.10493	1.882926	1.587302
39060	-1018.409	-1231.676	213.2668	1.10007	0.183666	0.172475	0.566131	0.0777277	1.98388	1.544232
39066	-1017.498	-1231.31	213.8121	1.001349	0.232146	0.293105	0.359605	0.115143	1.935695	1.230982
39072	-1015.812	-1229.628	213.8164	1.050143	0.222434	0.280843	0.386398	0.110326	2.081974	1.053664
39078	-1015.693	-1229.925	214.2318	0.7202503	0.412362	0.268908	0.287917	0.0308137	2.287395	0.7275913
39084	-1003.462	-1217.692	214.2298	0.5630405	0.292869	0.334406	0.35084	0.0218846	2.482594	0.6800623
39090	-1018.243	-1232.345	214.1014	0.7607186	0.226813	0.11299	0.643249	0.0169486	2.430156	0.6200901
39096	-1013.329	-1226.547	213.2176	1.378485	0.156217	0.0867234	0.745387	0.0116733	2.654151	0.727626
39102	-1008.559	-1222.501	213.9417	0.8472415	0.212033	0.329829	0.246045	0.212093	2.422445	0.7607232
39108	-1028.64	-1242.929	214.2894	0.6434339	0.239788	0.13106	0.361838	0.267314	2.347544	0.6625474
39114	-1020.05	-1233.631	213.5809	1.17647	0.159582	0.264554	0.329555	0.246309	2.511816	0.6659732
39120	-1026.466	-1240.535	214.069	0.719742	0.0744849	0.12348	0.55401	0.248025	2.484586	0.6677527
39126	-1010.546	-1224.62	214.0743	0.719742	0.130942	0.192723	0.55766	0.118674	2.48555	0.6549298
39132	-1000.142	-1213.987	213.8443	0.9053248	0.109631	0.337906	0.404911	0.147553	2.424982	0.8089086
39138	-1012.167	-1226.202	214.0349	0.7413879	0.0884759	0.375317	0.178414	0.357794	2.007931	1.208165
39144	-1006.441	-1220.472	214.0308	0.7679241	0.243278	0.31506	0.155399	0.286263	1.993167	1.200339
39150	-1041.463	-1254.783	213.3193	1.107362	0.213519	0.363845	0.0937094	0.328926	2.389691	1.174774
39156	-1025.149	-1237.816	212.6671	1.107362	0.261463	0.242093	0.277585	0.218859	2.421955	1.656622
39162	-1027.56	-1240.404	212.8445	0.773584	0.305227	0.217267	0.312842	0.164664	1.986814	2.064965
39168	-1028.169	-1241.359	213.1896	1.542523	0.302988	0.215674	0.154677	0.326661	2.057262	1.231628
39174	-1031.295	-1243.105	211.8098	1.542523	0.288506	0.153222	0.285462	0.272809	2.016526	2.241214
39180	-1010.319	-1223.145	212.8256	0.9480408	0.345715	0.183606	0.355842	0.114837	1.932372	1.993826
39186	-1027.382	-1238.287	210.9053	2.936447	0.0925912	0.155122	0.568742	0.183545	1.964271	2.215906
39192	-1023.107	-1235.67	212.563	0.8899104	0.151686	0.332412	0.271875	0.244028	1.967396	2.18255
39198	-1016.762	-1229.467	212.7049	0.8899104	0.0989619	0.26626	0.473339	0.161438	1.946553	2.1036
39204	-1031.882	-1245.393	213.5104	0.740226	0.41732	0.0948814	0.448816	0.0389821	2.118339	1.535819
39210	-1030.108	-1243.649	213.541	0.6720995	0.388539	0.0428383	0.509578	0.0590451	2.067209	1.603801
39216	-1023.653	-1237.122	213.4689	0.6720995	0.361028	0.161122	0.329322	0.148528	2.122801	1.615723
39222	-1019.395	-1233.118	213.7233	0.6720995	0.293753	0.282851	0.345772	0.0776243	2.177665	1.383524
39228	-1030.421	-1244.04	213.619	0.6720995	0.29754	0.286497	0.35023	0.065734	2.281992	1.383524
39234	-1036.346	-1249.036	212.6897	1.744721	0.296249	0.127615	0.418098	0.158037	1.998811	1.538307
39240	-1011.729	-1225.293	213.5632	0.6720995	0.223579	0.288202	0.382746	0.105473	2.043055	1.605178
39246	-1013.749	-1227.708	213.9596	0.6720995	0.175154	0.437364	0.207608	0.179874	2.081246	1.271324
39252	-1007.526	-1221.661	214.1352	0.6720995	0.21748	0.173542	0.453711	0.155267	2.119422	1.085297
39258	-1028.925	-1242.384	213.4586	0.8727384	0.465726	0.138406	0.153472	0.242396	1.98615	1.569219
39264	-1011.586	-1224.494	212.9076	0.8200614	0.343683	0.119994	0.449208	0.0871144	2.042356	1.953531
39270	-1013.681	-1227.408	213.7264	0.7496805	0.278427	0.0562832	0.550863	0.114426	1.997924	1.456514
39276	-1026.155	-1237.721	211.5661	1.229523	0.501884	0.204812	0.0870429	0.206261	1.820267	2.692643
39282	-1031.717	-1243.567	211.8505	1.36638	0.474921	0.118531	0.173215	0.233332	1.789855	2.457203
39288	-1027.153	-1237.975	210.8218	0.8166913	0.320582	0.176392	0.145198	0.357827	1.719687	3.442824
39294	-1026.855	-1240.611	213.7559	0.9275621	0.293366	0.11294	0.494227	0.0994674	1.900561	1.365838
39300	-1029.436	-1243.275	213.8382	0.8091122	0.328949	0.126638	0.432881	0.111532	2.227672	1.125604
39306	-1021.602	-1235.339	213.7363	0.9608834	0.146328	0.361337	0.419835	0.0725002	2.173419	1.125604
39312	-1023.247	-1237.185	213.9377	0.9156238	0.108138	0.167927	0.643605	0.0803303	2.070357	1.077682
39318	-1033.065	-1246.731	213.6665	1.015527	0.475559	0.126057	0.370886	0.0274983	2.104699	1.199014
39324	-1044.827	-1258.938	214.1107	0.5875437	0.19174	0.360636	0.30203	0.145594	2.089542	1.21253
39330	-1054.514	-1268.046	213.5317	0.8600589	0.111153	0.48701	0.159644	0.242193	2.080803	1.453656
39336	-1035.784	-1248.284	212.4994	1.007174	0.14415	0.347347	0.217653	0.290849	1.907225	2.185679
39342	-1024.596	-1236.996	212.4007	1.007174	0.184487	0.164717	0.278559	0.372237	1.766601	2.339336
39348	-1031.259	-1242.816	211.5572	1.442397	0.140598	0.423372	0.152347	0.283683	1.694964	2.656605
39354	-1023.185	-1236.428	213.2429	0.828054	0.255763	0.0615491	0.418408	0.26428	2.187641	1.613434
39360	-1015.549	-1227.647	212.0978	1.585907	0.385497	0.0692219	0.325498	0.219783	1.98196	2.052084
39366	-1003.5	-1215.444	211.9439	1.700724	0.145103	0.175607	0.304472	0.374817	2.063971	2.036743
39372	-1025.659	-1239.661	214.0022	0.6889356	0.355261	0.325835	0.22625	0.0926536	2.170379	1.143574
39378	-1019.992	-1233.254	213.2621	0.9533733	0.246487	0.277902	0.356016	0.119595	2.413505	1.329792
39384	-1020.501	-1233.714	213.2121	1.334391	0.326617	0.2405	0.28791	0.144973	2.293455	1.166574
39390	-1014.305	-1227.301	212.9963	1.745315	0.179753	0.254773	0.158451	0.407022	2.428525	0.9042139
39396	-1006.081	-1219.651	213.5697	1.247772	0.321243	0.10945	0.159525	0.409782	2.467918	0.6405279
39402	-1010.679	-1224.575	213.896	0.854747	0.314085	0.161274	0.24925	0.275391	2.467918	0.7495822
39408	-1012.754	-1225.484	212.7298	2.140482	0.433409	0.167953	0.151633	0.247005	2.467918	0.8151454
39414	-1005.891	-1218.858	212.9668	2.080844	0.310442	0.079845	0.173232	0.436481	2.330514	0.7361978
39420	-1006.688	-1220.8	214.1116	0.6511086	0.223549	0.0751377	0.321326	0.379987	2.46964	0.7449682
39426	-1005.349	-1219.234	213.8847	0.9202254	0.244139	0.041699	0.687944	0.026218	2.414866	0.7449682
39432	-1023.492	-1237.741	214.2481	0.6358247	0.270043	0.0461234	0.654833	0.0289999	2.349378	0.7449682
39438	-1015.883	-1229.945	214.0624	0.6902721	0.262029	0.0444474	0.561999	0.131524	2.45486	0.7777479
39444	-1034.104	-1247.562	213.4581	0.4400088	0.0907528	0.472798	0.28532	0.151129	1.992026	1.880813
39450	-1018.805	-1231.962	213.1572	1.339298	0.214858	0.297977	0.264802	0.222363	2.240698	1.254535
39456	-1019.42	-1232.579	213.159	1.535441	0.301875	0.115825	0.371395	0.210905	2.096078	1.229749
39462	-1035.978	-1248.928	212.9498	1.797739	0.317043	0.0623698	0.456897	0.16369	2.198745	1.13516
39468	-1023.684	-1237.59	213.906	0.6881062	0.362336	0.210401	0.240188	0.187075	2.122773	1.267283
39474	-1029.697	-1242.788	213.0906	1.744466	0.411399	0.0520463	0.313053	0.223503	2.191766	1.051035
39480	-1016.589	-1229.787	213.1977	1.081566	0.412544	0.0579434	0.438189	0.0913233	1.957355	1.627183
39486	-1013.821	-1226.743	212.9224	0.9063534	0.29302	0.214811	0.344087	0.148081	1.779842	2.059003
39492	-1012.426	-1224.08	211.6534	1.694891	0.462029	0.226344	0.0781343	0.233492	1.928042	2.31674
39498	-1012.524	-1224.656	212.1318	2.793921	0.334838	0.168741	0.0749314	0.42149	1.928042	1.453883
39504	-1022.685	-1236.585	213.8998	0.7685966	0.121866	0.0993049	0.674477	0.104352	2.642771	0.4489484
39510	-1013.212	-1227.021	213.8095	0.7685966	0.368593	0.124718	0.266993	0.239696	2.737861	0.4795885
39516	-1008.796	-1222.139	213.3435	1.300407	0.319375	0.259039	0.247658	0.173928	2.678154	0.480884
39522	-1017.476	-1231.477	214.0013	0.6204594	0.259766	0.317034	0.251833	0.171367	2.702843	0.480884
39528	-1024.372	-1238.286	213.9146	0.6199418	0.172445	0.319692	0.402985	0.104878	2.788803	0.4689218
39534	-1032.745	-1245.024	212.2795	2.663415	0.208907	0.109623	0.184242	0.497229	2.702686	0.4826714
39540	-1012.315	-1225.104	212.7897	1.943478	0.0517563	0.17749	0.477026	0.293727	2.695973	0.5027468
39546	-1015.455	-1228.544	213.0896	1.508772	0.030365	0.0952398	0.68177	0.192625	2.729509	0.6021867
39552	-1001.016	-1214.615	213.5987	1.047101	0.247294	0.174101	0.309948	0.268656	2.663755	0.5209575
39558	-1005.242	-1218.839	213.5978	1.047101	0.135685	0.277281	0.208512	0.378522	2.663755	0.4706143
39564	-1000.914	-1214.079	213.1649	1.538787	0.0880253	0.475807	0.140119	0.296049	2.62393	0.6150692
39570	-1009.725	-1222.681	212.9557	1.996433	0.170172	0.567912	0.0168165	0.2451	2.478979	0.5776653
39576	-1026.136	-1238.993	212.8568	1.755797	0.160527	0.597375	0.0386662	0.203432	2.733933	0.3691936
39582	-1023.491	-1236.43	212.9385	1.755797	0.245481	0.195282	0.294811	0.264426	2.684725	0.4354987
39588	-1011.492	-1225.266	213.7742	0.8769294	0.166475	0.185621	0.347621	0.300283	2.658931	0.533095
39594	-1006.5	-1220.346	213.8464	0.7456639	0.157558	0.411397	0.292328	0.138716	2.716411	0.4340069
39600	-1013.987	-1227.394	213.4071	1.090107	0.121025	0.201589	0.392832	0.284554	2.796598	0.5992978
39606	-1000.59	-1214.757	214.1671	0.5040688	0.19572	0.5041	0.252053	0.0481269	2.656426	0.4717679
39612	-989.8384	-1203.741	213.9026	0.7166276	0.122605	0.477251	0.376968	0.0231758	2.69915	0.4743006
39618	-998.7602	-1212.427	213.6666	0.7166276	0.0453985	0.497853	0.425627	0.0311217	2.896974	0.3722526
39624	-1011.468	-1225.162	213.6942	0.700155	0.0828109	0.0643392	0.77638	0.0764698	2.871115	0.3517057
39630	-1014.768	-1228.426	213.6574	0.7697881	0.334254	0.131438	0.406216	0.128092	2.871115	0.4100869
39636	-1019.054	-1232.856	213.8025	0.9077276	0.191544	0.263173	0.320448	0.224836	2.591625	0.4344687
39642	-1027.823	-1238.645	210.8216	5.827556	0.20631	0.315474	0.208699	0.269518	2.591625	0.4367821
39648	-1019.566	-1232.908	213.3422	1.432271	0.274206	0.0908721	0.42115	0.213771	2.556013	0.4477409
39654	-1044.852	-1258.451	213.5997	1.341632	0.0926838	0.220111	0.393551	0.293654	2.050725	1.027267
39660	-1014.068	-1228.163	214.0949	0.7671225	0.218626	0.0283222	0.534795	0.218256	2.402609	0.6794397
39666	-1016.335	-1230.161	213.8263	1.022375	0.287314	0.0771109	0.597897	0.0376774	2.392374	0.7096602
39672	-1031.027	-1245.132	214.1049	0.735884	0.247049	0.110479	0.599851	0.0426207	2.360013	0.7834293
39678	-1014.773	-1228.885	214.112	0.735884	0.295802	0.0656715	0.356568	0.281959	2.378596	0.7464002
39684	-1017.564	-1231.725	214.1609	0.7159236	0.254292	0.136371	0.494318	0.115019	2.40983	0.6397926
39690	-1039.861	-1253.558	213.6967	0.9508631	0.292034	0.118915	0.498349	0.0907021	1.800106	1.47087
39696	-1024.574	-1238.734	214.1595	0.6114182	0.232944	0.301203	0.26654	0.199313	2.045598	1.18686
39702	-1027.754	-1241.799	214.0446	0.6539755	0.20673	0.305949	0.317135	0.170186	2.276857	1.040382
39708	-1028.5	-1241.904	213.4046	1.151913	0.243375	0.314037	0.178023	0.264566	1.762856	1.568701
39714	-1014.052	-1227.162	213.1105	1.215373	0.14716	0.453693	0.124295	0.274853	1.933877	1.614553
39720	-1011.005	-1224.657	213.6513	0.9699224	0.334708	0.352262	0.0996255	0.213405	1.772419	1.511358
39726	-1020.985	-1235.134	214.1493	0.6266247	0.177418	0.133856	0.455462	0.233265	1.857289	1.338046
39732	-1018.929	-1232.969	214.0399	0.8794516	0.131789	0.294678	0.379597	0.193936	2.33871	0.6827866
39738	-1000.014	-1214.195	214.1811	0.6931238	0.211119	0.158245	0.417391	0.213245	2.408503	0.6516908
39744	-1012.486	-1226.498	214.0125	0.8370077	0.241984	0.29038	0.424705	0.0429301	2.408503	0.6856504
39750	-1015.838	-1230.299	214.4602	0.5133742	0.361551	0.194807	0.298358	0.145284	2.306505	0.6735035
39756	-1020.074	-1234.038	213.964	1.026001	0.379014	0.204216	0.254619	0.162151	2.189273	0.801184
39762	-1031.726	-1245.436	213.7102	0.4954999	0.328532	0.22047	0.390693	0.0603054	1.980303	1.676523
39768	-1029.334	-1243.313	213.9793	0.6883305	0.302201	0.284761	0.359379	0.0536591	1.959032	1.340461
39774	-1029.948	-1243.072	213.1241	0.792673	0.192006	0.209332	0.515294	0.0833677	2.038128	1.828739
39780	-1033.693	-1247.339	213.6463	0.6809051	0.202549	0.251444	0.368266	0.177741	1.916386	1.629943
39786	-1029.884	-1243.883	213.999	0.6809051	0.242752	0.406788	0.047827	0.302633	1.938199	1.347568
39792	-1022.373	-1235.991	213.6181	0.8668738	0.369483	0.388412	0.0411532	0.200951	1.977058	1.461551
39798	-1021.158	-1234.407	213.2487	0.8027615	0.319518	0.298562	0.127525	0.254395	1.978899	1.776173
39804	-1013.002	-1225.934	212.9321	1.023014	0.324759	0.303459	0.113214	0.258568	2.509002	1.458229
39810	-1019.553	-1232.626	213.0735	1.001508	0.189592	0.364205	0.135876	0.310327	2.389048	1.458229
39816	-1021.331	-1234.126	212.7944	0.484793	0.277198	0.0959374	0.471464	0.155401	2.021578	2.270719
39822	-1017.921	-1230.133	212.2124	1.127867	0.323091	0.0756533	0.300752	0.300504	1.943939	2.270719
39828	-1018.946	-1230.339	211.3934	1.095028	0.214911	0.0657041	0.359841	0.359544	1.599715	3.008976
39834	-1023.346	-1234.634	211.2885	1.095028	0.192747	0.251136	0.220614	0.335503	1.704579	3.008976
39840	-1033.329	-1243.71	210.3809	2.309137	0.154295	0.201036	0.376096	0.268572	1.615412	3.008976
39846	-1014.288	-1226.877	212.5891	1.155882	0.168673	0.0865261	0.688493	0.0563075	1.786835	2.111034
39852	-1038.567	-1252.409	213.8422	0.6759652	0.149092	0.43924	0.193956	0.217712	1.918221	1.488252
39858	-1033.6	-1246.292	212.6918	2.266287	0.188244	0.187798	0.358923	0.265035	2.042791	1.191719
39864	-1030.358	-1243.922	213.5632	1.118899	0.118248	0.248089	0.490858	0.142805	2.463524	0.8464474
39870	-1030.7	-1244.685	213.985	0.6490225	0.153208	0.312534	0.419206	0.115051	2.496889	0.877783
39876	-1011.394	-1225.47	214.076	0.6248515	0.149421	0.304808	0.274564	0.271207	2.478801	0.8201401
39882	-1029.261	-1243.107	213.8469	0.7213815	0.18766	0.382814	0.360313	0.0692123	2.605685	0.8201401
39888	-1034.004	-1248.084	214.0803	0.6277216	0.292746	0.23616	0.428396	0.0426975	2.479308	0.810031
39894	-1036.05	-1250.108	214.0574	0.6647815	0.207592	0.181489	0.342632	0.268287	2.534253	0.7048347
39900	-1028.129	-1241.853	213.7236	0.9242356	0.212946	0.236933	0.447303	0.102817	2.628788	0.6424829
39906	-1032.704	-1246.647	213.9426	0.7976588	0.189282	0.210603	0.397596	0.202519	2.556233	0.6032788
39912	-1039.599	-1253.941	214.342	0.5286619	0.228981	0.280108	0.42171	0.069201	2.388264	0.7111195
39918	-1043.02	-1256.886	213.8662	0.7886455	0.202141	0.406934	0.329836	0.0610896	2.619384	0.6581749
39924	-1030.687	-1244.551	213.8633	0.7281149	0.199209	0.367535	0.413936	0.0193202	2.679661	0.6712623
39930	-1007.846	-1221.945	214.0987	0.5688588	0.108699	0.40987	0.461615	0.0198166	2.62817	0.6375284
39936	-1010.843	-1224.56	213.7175	0.805888	0.155094	0.200474	0.632601	0.0118306	2.790533	0.4780765
39942	-1019.643	-1232.339	212.6954	1.179077	0.16151	0.311468	0.134491	0.392531	1.879664	1.964378
39948	-1021.386	-1234.63	213.2441	1.050577	0.437311	0.177826	0.263435	0.121429	1.598476	1.867546
39954	-1040.689	-1252.342	211.6525	1.804603	0.241074	0.371015	0.166318	0.221593	1.479788	2.544047
39960	-1049.197	-1262.818	213.6213	0.8276389	0.235609	0.144882	0.373396	0.246113	2.83608	0.6302209
39966	-1034.248	-1248.253	214.005	0.7231253	0.236293	0.209655	0.261462	0.29259	2.536835	0.6835065
39972	-1020.73	-1234.892	214.162	0.6382606	0.230567	0.311632	0.242879	0.214922	2.463406	0.6948674
39978	-1020.655	-1234.896	214.2413	0.5220805	0.317152	0.291663	0.190035	0.20115	2.354565	0.8987373
39984	-1017.833	-1231.358	213.5255	1.075316	0.153455	0.257568	0.356591	0.232386	2.668122	0.6590749
39990	-1025.19	-1239.303	214.1129	0.6593957	0.16575	0.249233	0.360149	0.224867	2.388417	0.8414903
39996	-1031.355	-1245.169	213.8146	1.013266	0.0601418	0.445683	0.16858	0.325595	2.450194	0.6375639
40002	-1029.149	-1242.355	213.2064	1.475663	0.0683538	0.468528	0.109879	0.353239	2.60489	0.6843967
40008	-1038.713	-1252.325	213.6118	0.9375443	0.211438	0.269525	0.272831	0.246207	2.60489	0.8339681
40014	-1031.444	-1245.598	214.1534	0.5352419	0.182345	0.232439	0.436807	0.148408	2.60489	0.6449992
40020	-1020.433	-1232.949	212.5161	1.253936	0.183622	0.396075	0.283374	0.136929	2.022668	1.941553
40026	-1016.105	-1228.141	212.036	2.033508	0.0861593	0.185847	0.524117	0.203876	2.074858	1.791593
40032	-1020.264	-1232.924	212.6601	1.437348	0.16402	0.311702	0.12209	0.402188	2.212386	1.59291
40038	-1019.319	-1232.681	213.3623	1.397824	0.132774	0.442824	0.098832	0.32557	2.33973	0.9224769
40044	-1012.156	-1225.685	213.5288	1.328006	0.438348	0.15455	0.0613692	0.345733	1.978959	1.169695
40050	-1000.124	-1212.994	212.8702	1.328006	0.461014	0.126481	0.191536	0.220969	2.008813	1.658754
40056	-1006.443	-1219.253	212.8104	1.277157	0.382405	0.112486	0.280806	0.224303	2.118444	1.656343
40062	-1019.143	-1232.851	213.7082	0.5702373	0.125809	0.27188	0.466628	0.135682	1.934332	1.656343
40068	-1028.395	-1241.669	213.2734	0.6292389	0.271203	0.506576	0.137626	0.0845955	2.033949	1.847633
40074	-1024.945	-1237.614	212.6687	0.6292389	0.126223	0.446194	0.270158	0.157425	1.837572	2.373397
40080	-1008.892	-1221.263	212.3713	0.9284161	0.0305165	0.61882	0.16023	0.190434	1.537064	2.552035
40086	-1015.627	-1226.649	211.0215	2.571807	0.0243861	0.494506	0.170395	0.310713	1.582567	2.529727
40092	-1012.02	-1226.009	213.9891	0.7987954	0.133027	0.403032	0.164315	0.299626	1.954315	1.241067
40098	-1024.626	-1237.974	213.3477	1.31015	0.281335	0.450935	0.183845	0.0838848	2.010866	1.308492
40104	-1025.411	-1237.747	212.3361	0.7225135	0.131514	0.501161	0.297696	0.0696293	1.777114	2.558011
40110	-1019.322	-1232.26	212.9386	0.5185306	0.19957	0.321221	0.344822	0.134387	1.991997	2.175092
40116	-1009.159	-1223.275	214.1157	0.6088812	0.280814	0.0761489	0.475995	0.167042	2.041152	1.230303
40122	-1019.443	-1232.324	212.8814	1.170519	0.338535	0.304007	0.23137	0.126088	1.993403	1.765093
40128	-1017.897	-1229.981	212.0848	2.513176	0.303894	0.131225	0.308389	0.256493	1.942866	1.611888
40134	-1009.271	-1221.59	212.3184	1.754122	0.0973396	0.420325	0.307324	0.175011	1.796494	1.936376
40140	-1018.629	-1231.32	212.6902	0.7520088	0.117436	0.507105	0.137515	0.237944	1.897689	2.238349
40146	-1005.143	-1216.586	211.4436	1.53824	0.371166	0.0968912	0.238392	0.293551	1.641732	2.708194
40152	-1008.302	-1220.581	212.2788	0.9235906	0.291315	0.254341	0.186376	0.267968	1.713116	2.502983
40158	-1004.434	-1217.023	212.5884	1.117352	0.225853	0.46171	0.0769382	0.235498	1.796581	2.129303
40164	-1014.48	-1224.479	209.9989	1.653929	0.221343	0.0621281	0.478558	0.237971	1.637524	3.514393
40170	-1005.752	-1217.164	211.4128	0.6743824	0.117556	0.296357	0.451237	0.13485	1.720746	3.182549
40176	-1030.813	-1242.473	211.6596	0.883225	0.367033	0.238567	0.286695	0.107705	1.698912	2.916934
40182	-1000.18	-1213.594	213.414	1.170249	0.373447	0.105869	0.397552	0.123132	2.021986	1.350929
40188	-1011.094	-1224.839	213.745	1.139521	0.102017	0.395736	0.228794	0.273453	1.927774	1.179291
40194	-1017.506	-1231.303	213.7973	0.801213	0.27853	0.147263	0.414846	0.159361	1.680111	1.599761
40200	-1007.986	-1221.688	213.7021	0.8185934	0.304948	0.162887	0.454194	0.0779705	1.751305	1.604011
40206	-1020.182	-1231.973	211.7908	1.294879	0.306772	0.410655	0.156075	0.126498	1.845666	2.500275
40212	-1012.512	-1224.432	211.9192	0.9356386	0.387773	0.172396	0.0654952	0.374336	1.655668	2.752968
40218	-1019.827	-1230.482	210.6544	1.227172	0.297512	0.363135	0.121003	0.218349	1.601403	3.371445
40224	-1009.576	-1222.638	213.0618	1.058505	0.198925	0.289636	0.356032	0.155407	1.771719	1.868389
40230	-1009.625	-1221.664	212.0396	1.237842	0.235921	0.413384	0.09538	0.255315	1.823878	2.390776
40236	-1008.931	-1220.937	212.0063	1.237842	0.31182	0.110831	0.26595	0.311398	1.55807	2.578035
40242	-1008.05	-1218.947	210.8968	1.269197	0.250732	0.108478	0.336004	0.304787	1.668654	3.165599
40248	-1018.102	-1228.809	210.706	1.848319	0.225163	0.273305	0.291336	0.210196	1.545477	3.059514
40254	-1015.057	-1226.098	211.0409	1.184381	0.0576478	0.404512	0.338643	0.199197	1.610721	3.161552
40260	-1018.281	-1229.819	211.5378	1.304771	0.0698694	0.313346	0.305126	0.311658	1.570385	2.820055
40266	-1026.678	-1238.945	212.2664	1.054482	0.132097	0.252589	0.364085	0.251229	1.654168	2.465492
40272	-1031.183	-1243.584	212.4007	1.054482	0.130476	0.261759	0.359618	0.248147	1.654168	2.380918
40278	-1020.467	-1233.343	212.8762	0.8882015	0.146791	0.257051	0.550882	0.0452758	1.787514	2.096662
40284	-1021.9	-1233.984	212.0837	0.5902891	0.198685	0.277116	0.475389	0.04881	1.556761	2.932563
40290	-1003.446	-1215.462	212.0158	0.730907	0.198097	0.310332	0.447582	0.0439882	1.939925	2.649951
40296	-1028.234	-1241.143	212.9089	0.730907	0.198097	0.310332	0.447582	0.0439882	1.901009	2.10859
40302	-1017.21	-1230.513	213.3036	1.183552	0.166021	0.258147	0.268748	0.307085	2.809534	0.4106394
40308	-1010.623	-1224.296	213.6729	0.8031115	0.163366	0.320306	0.438489	0.0778386	2.809534	0.3881854
40314	-1004.641	-1218.68	214.0394	0.5999618	0.0877044	0.302149	0.57825	0.0318964	2.678856	0.4388294
40320	-1004.22	-1218.278	214.058	0.48371	0.200076	0.242526	0.45003	0.107368	2.769791	0.4123024
40326	-1008.699	-1222.723	214.0249	0.48371	0.132572	0.244849	0.545404	0.0771747	2.769791	0.3573164
40332	-1011.04	-1224.695	213.6555	0.6149782	0.197113	0.325335	0.40863	0.0689217	2.937842	0.2952583
40338	-1013.951	-1227.497	213.5462	0.9465294	0.159008	0.262443	0.458337	0.120212	2.80464	0.4234149
40344	-1010.2	-1223.698	213.4979	0.7391782	0.0683484	0.293921	0.569118	0.0686134	3.025209	0.3506176
40350	-1018.479	-1231.972	213.4933	0.7595015	0.10279	0.257095	0.598322	0.0417933	3.025209	0.3727214
40356	-1003.825	-1217.354	213.5294	0.6825478	0.0829446	0.262782	0.611556	0.0427177	2.987114	0.2914285
40362	-1005.832	-1219.277	213.4453	0.6825478	0.0971404	0.335607	0.554709	0.0125441	3.071257	0.2914285
40368	-1008.644	-1222.057	213.4137	0.6825478	0.208777	0.331133	0.449916	0.0101743	3.075991	0.2739964
40374	-999.4397	-1213.018	213.5785	0.8053735	0.245194	0.464666	0.278191	0.011949	2.875253	0.3509796
40380	-1013.438	-1227.027	213.5889	0.8032346	0.184273	0.226855	0.54567	0.0432023	2.868302	0.3524285
40386	-1016.753	-1230.468	213.7159	0.6748622	0.152178	0.233433	0.450631	0.163758	2.876765	0.3524285
40392	-1029.095	-1239.231	210.1368	0.820803	0.102704	0.137234	0.702224	0.0578377	1.605285	3.903149
40398	-1023.105	-1235.665	212.5605	1.221862	0.198945	0.476482	0.212538	0.112036	1.438078	2.314492
40404	-1029.172	-1242.647	213.4747	0.971707	0.206941	0.345566	0.154142	0.293352	1.729669	1.670086
40410	-1019.099	-1232.444	213.3444	1.513891	0.0101405	0.358526	0.348751	0.282583	2.488044	0.4823101
40416	-1019.842	-1232.588	212.7462	1.973092	0.00494432	0.477754	0.37952	0.137782	2.699568	0.4124463
40422	-1012.093	-1225.787	213.6937	0.8851727	0.236418	0.257475	0.30374	0.202367	2.717364	0.4168061
40428	-1003.871	-1217.765	213.8937	0.8270812	0.282269	0.485547	0.194197	0.0379867	2.592136	0.4774561
40434	-994.1283	-1208.092	213.9634	0.8246208	0.18325	0.320746	0.198381	0.297623	2.514574	0.579581
40440	-1002.001	-1215.898	213.8966	0.8246208	0.266769	0.250089	0.185456	0.297686	2.389909	0.8895356
40446	-1000.318	-1214.619	214.3014	0.6157132	0.189862	0.0634983	0.701224	0.0454165	2.120278	0.9811397
40452	-1013.257	-1226.981	213.7238	0.9636333	0.248579	0.0879059	0.393722	0.269793	2.17372	1.133995
40458	-1029.573	-1243.178	213.6046	1.182199	0.234252	0.228408	0.421528	0.115812	2.250871	0.9698188
40464	-1019.998	-1233.934	213.9359	0.8183417	0.119399	0.19136	0.633654	0.0555873	2.391196	0.8494708
40470	-1023.598	-1236.788	213.1898	1.430587	0.211132	0.117388	0.42516	0.24632	2.072233	1.299215
40476	-1017.754	-1231.139	213.3846	1.03874	0.327648	0.0738894	0.267615	0.330847	1.975215	1.507758
40482	-1012.653	-1225.925	213.2721	0.9819547	0.298397	0.165816	0.29127	0.244517	1.937223	1.659194
40488	-1010.01	-1223.899	213.8883	0.9819547	0.311463	0.113408	0.287125	0.288003	1.99119	1.133652
40494	-1035.118	-1248.758	213.6406	1.195878	0.198271	0.17948	0.281107	0.341141	1.936952	1.214959
40500	-1027.069	-1240.263	213.1943	1.504152	0.179514	0.311861	0.254514	0.25411	1.974199	1.323019
40506	-998.813	-1212.659	213.8459	0.8701812	0.109134	0.420292	0.232485	0.238089	2.060081	1.209947
40512	-999.7836	-1213.791	214.0072	0.899679	0.0811397	0.300154	0.441691	0.177016	2.08666	1.010958
40518	-994.8266	-1208.364	213.5375	1.334646	0.102858	0.104045	0.32438	0.468716	2.059628	1.083924
40524	-995.9687	-1209.352	213.3832	1.488893	0.393424	0.0535613	0.347287	0.205728	2.042605	1.115763
40530	-1002.548	-1216.335	213.7868	1.136916	0.313965	0.0639971	0.208476	0.413562	2.108138	0.9736765
40536	-1005.052	-1218.378	213.3256	1.864434	0.296819	0.121325	0.419773	0.162082	2.116611	0.7644367
40542	-1006.221	-1220.17	213.9493	1.032871	0.262992	0.286722	0.306676	0.14361	2.223718	0.7644367
40548	-1006.634	-1221.061	214.4277	0.5721074	0.29977	0.326818	0.209719	0.163693	2.246203	0.7301683
40554	-1015.383	-1229.305	213.9218	0.9940611	0.342651	0.126865	0.203419	0.327065	2.236171	0.8361569
40560	-1036.619	-1250.001	213.3824	0.8802123	0.324137	0.224966	0.426587	0.0243095	2.181861	1.474494
40566	-1035.657	-1249.023	213.3663	0.9183923	0.213903	0.0787654	0.423726	0.283606	2.040411	1.562719
40572	-1039.475	-1252.61	213.1347	0.6807036	0.139348	0.102455	0.389295	0.368902	1.919331	1.982212
40578	-1024.388	-1237.495	213.1072	1.097112	0.226707	0.108901	0.470697	0.193694	1.934754	1.697283
40584	-997.9077	-1212.074	214.1662	0.6101059	0.325777	0.118835	0.532813	0.0225753	2.22123	1.02125
40590	-1018.654	-1232.947	214.293	0.6101059	0.218195	0.344487	0.419088	0.0182296	2.23563	0.8711554
40596	-1027.368	-1241.056	213.6876	1.015199	0.160633	0.253609	0.578841	0.00691676	2.41532	0.8768386
40602	-1009.992	-1223.487	213.4942	1.436719	0.108601	0.235021	0.559098	0.0972796	2.249768	0.8337475
40608	-1004.735	-1218.771	214.0362	0.8202575	0.132024	0.273548	0.384979	0.209449	2.264427	0.8785168
40614	-1008.294	-1222.81	214.5162	0.4973092	0.296628	0.419727	0.241299	0.0423467	2.122249	0.8785168
40620	-1012.477	-1226.788	214.311	0.6947973	0.309561	0.381461	0.219299	0.0896786	2.219133	0.7522363
40626	-1006.127	-1220.385	214.2581	0.5993611	0.250776	0.413939	0.237971	0.097314	2.117792	1.043437
40632	-1009.004	-1223.02	214.0162	0.8571011	0.380037	0.0786874	0.360631	0.180645	1.923315	1.192831
40638	-1002.986	-1214.945	211.9593	3.007823	0.274929	0.264534	0.313867	0.146669	1.958537	1.462489
40644	-1016.52	-1230.125	213.6057	1.021184	0.18719	0.267125	0.526491	0.0191934	2.038264	1.300405
40650	-1029.258	-1241.518	212.2597	0.8059648	0.286676	0.142061	0.419203	0.152061	1.523638	2.707392
40656	-1030.767	-1242.667	211.9	1.096898	0.385585	0.188918	0.323997	0.1015	1.731984	2.619294
40662	-1027.797	-1241.352	213.5551	0.807981	0.340922	0.288413	0.156239	0.214426	1.979195	1.552931
40668	-1024.534	-1237.154	212.6201	1.430602	0.155789	0.489871	0.105746	0.248594	2.006269	1.772272
40674	-1027.678	-1240.077	212.3989	1.241705	0.0970373	0.376135	0.298857	0.22797	1.959158	2.069516
40680	-1036.134	-1248.828	212.6948	2.154068	0.183202	0.268216	0.405303	0.143279	2.242263	1.082289
40686	-1025.998	-1236.826	210.8276	5.896134	0.356611	0.183712	0.0302351	0.429442	2.269346	0.9914555
40692	-1033.721	-1246.253	212.5322	2.701325	0.358269	0.304863	0.027823	0.309045	2.298628	0.7970429
40698	-1030.145	-1242.912	212.7676	2.254413	0.0645457	0.143916	0.221526	0.570012	2.174056	1.00923
40704	-1023.861	-1235.698	211.8367	2.84466	0.132284	0.0918962	0.416897	0.358923	2.131217	1.49959
40710	-1011.921	-1225.623	213.7019	0.9618238	0.287731	0.313307	0.189604	0.209358	2.108412	1.211673
40716	-1008.005	-1221.233	213.2281	1.450752	0.184057	0.19139	0.282089	0.342464	2.290503	1.06066
40722	-1015.708	-1228.466	212.7586	1.959	0.0413849	0.60718	0.0429712	0.308464	2.157236	1.228445
40728	-1018.37	-1231.82	213.4504	1.39938	0.126191	0.437026	0.140113	0.296671	2.140196	1.035121
40734	-1010.271	-1223.283	213.0116	1.865171	0.0311833	0.482865	0.118659	0.367293	2.460691	0.7173082
40740	-1013.054	-1226.86	213.8068	1.07791	0.107875	0.350481	0.271395	0.270249	2.357247	0.7093362
40746	-1011.757	-1224.768	213.0112	2.10413	0.17741	0.487777	0.124846	0.209967	2.285586	0.7093362
40752	-1015.43	-1228.508	213.0779	1.90695	0.291449	0.203993	0.159698	0.344859	2.403929	0.6369034
40758	-1010.426	-1223.718	213.2923	1.604304	0.193794	0.176479	0.171829	0.457897	2.403929	0.6942619
40764	-1013.872	-1227.278	213.4059	1.604304	0.169375	0.132684	0.303229	0.394711	2.244037	0.7675433
40770	-1018.317	-1231.716	213.3995	1.327151	0.325256	0.222217	0.182484	0.270042	2.387688	0.8984536
40776	-1011.925	-1225.324	213.3996	1.327151	0.301756	0.206162	0.241551	0.250532	2.387688	0.8983967
40782	-1010.363	-1224.42	214.0569	0.8655594	0.0553862	0.390988	0.305149	0.248477	2.250171	0.8129136
40788	-1024.129	-1237.951	213.8217	1.166772	0.0999076	0.404155	0.373684	0.122254	2.230529	0.7506389
40794	-1030.233	-1243.98	213.7467	1.045342	0.238922	0.176264	0.473571	0.111243	2.389043	0.7990531
40800	-1020.104	-1233.403	213.2996	1.000191	0.0795493	0.303524	0.58488	0.0320463	2.183074	1.443827
40806	-1016.872	-1229.821	212.949	0.7348159	0.329705	0.0767473	0.569891	0.0236568	1.974616	2.030954
40812	-1022.404	-1235.84	213.4362	0.6096327	0.199835	0.24695	0.529608	0.0236067	2.137886	1.675782
40818	-1012.273	-1225.081	212.8084	0.8211645	0.431399	0.320332	0.153561	0.0947083	2.255146	1.875855
40824	-992.6511	-1205.726	213.0752	1.08323	0.405222	0.116377	0.379715	0.0986861	2.39924	1.386793
40830	-1002.398	-1215.871	213.4736	1.08323	0.337463	0.0895113	0.374708	0.198318	2.48921	0.957245
40836	-1007.168	-1220.589	213.4203	1.093121	0.308015	0.0422481	0.432052	0.217684	2.548557	0.9406538
40842	-1018.758	-1232.529	213.7706	1.046212	0.230264	0.102271	0.58981	0.0776555	2.417493	0.7211477
40848	-1033.721	-1247.219	213.4976	1.422353	0.388212	0.265165	0.147439	0.199184	2.335194	0.7276092
40854	-1033.53	-1247.401	213.871	0.817404	0.30481	0.293341	0.285763	0.116086	2.211168	1.10298
40860	-1030.175	-1244.175	214.0009	0.8864991	0.30855	0.308759	0.228477	0.154214	2.338744	0.7364263
40866	-1014.151	-1228.096	213.9442	1.070016	0.187971	0.299182	0.221391	0.291457	2.169215	0.7964744
40872	-1031.526	-1245.428	213.9022	0.9529986	0.322241	0.105402	0.379534	0.192823	2.333463	0.7887991
40878	-1017.312	-1231.614	214.3014	0.6651995	0.290755	0.334574	0.237433	0.137239	2.285806	0.71168
40884	-1008.335	-1222.569	214.2339	0.6651995	0.370013	0.129087	0.395653	0.105246	2.384101	0.6540447
40890	-1027.249	-1241.345	214.0961	0.8293486	0.343761	0.212253	0.383096	0.0608906	2.163696	0.9139251
40896	-1012.631	-1226.069	213.4383	1.392637	0.294708	0.366058	0.261957	0.0772782	2.298004	0.8894347
40902	-1002.276	-1215.608	213.3315	1.427278	0.17075	0.204373	0.312422	0.312456	2.089909	1.167542
40908	-1009.389	-1222.79	213.4017	1.018843	0.175441	0.122925	0.655529	0.0461053	2.32544	1.233654
40914	-1031.119	-1243.699	212.5798	1.475964	0.376068	0.263496	0.137598	0.222838	2.459384	1.443441
40920	-1017.837	-1230.96	213.1234	1.034587	0.111775	0.348351	0.206099	0.333775	1.9144	1.743439
40926	-1004.238	-1217.912	213.6744	0.8602345	0.141438	0.324745	0.393624	0.140193	2.163995	1.275151
40932	-1027.902	-1241.217	213.3142	1.288261	0.18422	0.247146	0.461941	0.106693	2.104097	1.276129
40938	-1031.15	-1243.512	212.3617	2.118328	0.23342	0.340967	0.275767	0.149846	2.31374	1.328557
40944	-1023.418	-1237.05	213.6315	0.7320129	0.11399	0.315861	0.518458	0.0516908	2.103178	1.462823
40950	-1011.682	-1225.349	213.667	0.7320129	0.157026	0.435112	0.232256	0.175606	2.200813	1.359715
40956	-1007.734	-1220.865	213.1304	0.8194892	0.137025	0.171887	0.508853	0.182236	2.165375	1.716159
40962	-1021.975	-1235.325	213.3505	1.337454	0.367452	0.0147602	0.541451	0.0763374	2.371075	0.9594147
40968	-1027.398	-1241.119	213.7202	0.7133099	0.216593	0.017076	0.678017	0.0883142	2.210535	1.32534
40974	-1010.775	-1224.459	213.6841	0.8165118	0.147092	0.212424	0.559249	0.0812356	1.864476	1.535766
40980	-1013.396	-1226.804	213.4087	0.772758	0.0867014	0.393486	0.382817	0.136996	1.898997	1.742207
40986	-1006.239	-1219.98	213.742	0.8056988	0.241922	0.302511	0.295332	0.160234	1.96364	1.425723
40992	-1035.269	-1249.185	213.9159	0.7379752	0.161888	0.124818	0.596786	0.116508	2.438943	0.9149674
40998	-1024.942	-1238.692	213.7499	0.7540577	0.357982	0.0812893	0.272397	0.288332	2.432514	1.07181
41004	-1016.11	-1229.947	213.8362	0.7540577	0.256838	0.125296	0.410999	0.206867	2.322927	1.093418
41010	-1021.617	-1235.575	213.9585	0.8021835	0.208269	0.233056	0.371626	0.187049	2.150052	1.093418
41016	-1021.673	-1235.551	213.8781	0.7090795	0.345755	0.296682	0.252369	0.105194	2.243809	1.169358
41022	-1013.905	-1227.825	213.9205	0.7090795	0.38722	0.255718	0.332444	0.024618	2.260945	1.116446
41028	-1018.662	-1232.387	213.7256	0.7831877	0.244465	0.473037	0.113838	0.16866	2.035372	1.401185
41034	-1008.018	-1221.887	213.8693	0.7831877	0.33319	0.260831	0.286687	0.119292	2.444749	0.9073457
41040	-1048.086	-1261.657	213.5714	0.8142221	0.215931	0.151395	0.615787	0.0168873	2.853549	0.3301559
41046	-1041.806	-1255.115	213.3097	1.07225	0.176817	0.177901	0.510425	0.134857	2.853549	0.3301559
41052	-1004.855	-1219.116	214.2609	0.5605606	0.338389	0.184975	0.440828	0.0358076	2.039505	1.150071
41058	-1008.444	-1222.942	214.4975	0.3655319	0.218162	0.25396	0.516291	0.0115875	1.897097	1.225914
41064	-1016.658	-1230.456	213.7978	0.78647	0.151388	0.245318	0.510475	0.0928179	1.924309	1.428572
41070	-1009.573	-1223.154	213.5803	1.045079	0.34836	0.139063	0.329882	0.182695	2.186682	1.177374
41076	-991.6507	-1204.66	213.0095	1.198199	0.380693	0.0651033	0.356672	0.197532	2.115548	1.567482
41082	-991.6121	-1204.887	213.2745	1.109102	0.392367	0.23933	0.341181	0.0271225	2.106557	1.439554
41088	-992.2805	-1206.161	213.8802	0.9770588	0.231044	0.304982	0.436199	0.027775	2.087534	1.056967
41094	-995.6224	-1209.078	213.456	1.239505	0.104267	0.507475	0.0590138	0.329244	2.087534	1.209065
41100	-995.8727	-1208.846	212.9733	1.819596	0.197306	0.131798	0.403995	0.266901	2.031965	1.243934
41106	-984.0831	-1197.243	213.1604	1.261495	0.261025	0.0660172	0.51619	0.156768	2.143112	1.387826
41112	-1012.152	-1226.021	213.8691	0.7318874	0.465802	0.11283	0.269739	0.151629	1.979876	1.374641
41118	-1002.372	-1216.331	213.9586	0.8242671	0.28456	0.152396	0.462763	0.100281	2.030844	1.179182
41124	-1013.96	-1227.515	213.555	1.03185	0.111399	0.476515	0.306086	0.106001	2.023976	1.344169
41130	-1005.743	-1220.042	214.2988	0.6905122	0.0549188	0.398924	0.469363	0.0767936	1.99137	1.033206
41136	-997.313	-1211.137	213.8238	0.8737092	0.0552241	0.486723	0.384801	0.0732522	1.901798	1.354849
41142	-1004.795	-1218.709	213.9143	0.9618719	0.0206733	0.390813	0.462357	0.126157	1.863925	1.238696
41148	-1023.758	-1237.889	214.131	0.7823038	0.0638399	0.622902	0.103228	0.21003	1.832621	1.238696
41154	-1017.569	-1231.764	214.1953	0.6521635	0.148989	0.615073	0.202921	0.0330166	2.011318	1.147937
41160	-1026.899	-1241.064	214.165	0.7702433	0.39619	0.367816	0.153825	0.0821697	2.004657	1.067721
41166	-1027.312	-1240.785	213.4731	0.9699599	0.290938	0.228954	0.379483	0.100624	1.94279	1.517168
41172	-1017.582	-1231.11	213.5283	0.9585071	0.369039	0.288582	0.196724	0.145654	1.899162	1.517168
41178	-1020.745	-1233.442	212.6976	1.921808	0.202228	0.197796	0.244378	0.355598	2.001195	1.425615
41184	-1026.699	-1239.936	213.2373	1.175022	0.0634344	0.513001	0.181139	0.242426	2.001195	1.499611
41190	-1016.598	-1228.767	212.1689	2.990409	0.160462	0.298952	0.242956	0.29763	1.935206	1.325335
41196	-1023.015	-1234.561	211.5461	2.856843	0.158528	0.340614	0.315964	0.184895	1.772216	1.9526
41202	-1011.199	-1223.558	212.3588	1.463453	0.359352	0.0981926	0.361773	0.180682	1.900251	2.002642
41208	-1027.812	-1240.408	212.596	2.156555	0.105559	0.380905	0.498189	0.0153469	1.958107	1.402411
41214	-1023.03	-1236.277	213.2478	1.388242	0.0896081	0.430631	0.374885	0.104876	2.007975	1.334528
41220	-1029.008	-1243.093	214.0857	0.6100419	0.182158	0.215214	0.584288	0.01834	2.125951	1.182491
41226	-1030.668	-1244.76	214.092	0.5574197	0.217716	0.190483	0.554425	0.0373766	1.927319	1.385284
41232	-1017.053	-1230.402	213.3484	1.182867	0.290013	0.297665	0.242991	0.169331	1.824859	1.542673
41238	-1018.063	-1230.427	212.3641	0.8715056	0.166081	0.299907	0.404654	0.129359	1.697421	2.492917
41244	-1022.327	-1234.384	212.0568	1.894746	0.26676	0.508555	0.0567236	0.167961	1.782409	2.04659
41250	-1023.885	-1235.083	211.1986	3.151927	0.366236	0.122249	0.424087	0.0874279	1.656928	2.142009
41256	-1022.344	-1232.404	210.0601	3.898295	0.359714	0.243636	0.191147	0.205503	1.579966	2.654047
41262	-1015.119	-1227.511	212.391	2.372753	0.252491	0.214169	0.127311	0.406029	1.794245	1.565976
41268	-1027.953	-1239.002	211.0493	4.224902	0.300796	0.255142	0.267837	0.176225	2.077285	1.565976
41274	-1014.596	-1225.813	211.2162	3.192809	0.197379	0.35783	0.119028	0.325763	1.916042	1.943043
41280	-1033.266	-1246.115	212.8497	1.48724	0.379791	0.199873	0.232297	0.188039	2.211193	1.419271
41286	-1018.681	-1231.481	212.8003	1.757513	0.0922699	0.321053	0.284634	0.302043	2.078521	1.385795
41292	-1003.349	-1217.277	213.928	0.9716979	0.209231	0.238418	0.271248	0.281103	2.226255	0.8678595
41298	-1003.238	-1217.3	214.0619	0.7906368	0.0727411	0.150469	0.557212	0.219578	2.420231	0.6611492
41304	-1007.62	-1221.578	213.9587	0.8762729	0.139304	0.230562	0.208302	0.421831	2.461001	0.5953838
41310	-995.1846	-1208.581	213.3965	1.581289	0.249786	0.269813	0.321646	0.158756	2.342312	0.6486396
41316	-1017.425	-1230.903	213.4784	0.9271648	0.260582	0.238253	0.335548	0.165617	2.146077	1.391302
41322	-1007.537	-1221.459	213.9217	0.7990705	0.0935339	0.41899	0.235346	0.252131	2.352692	0.9325275
41328	-1014.647	-1228.721	214.0743	0.8054904	0.164691	0.34112	0.288917	0.205272	2.352692	0.7314782
41334	-1017.488	-1230.912	213.4235	1.551392	0.19181	0.50314	0.120096	0.184954	2.31587	0.6967306
41340	-1023.341	-1237.365	214.0244	0.7343937	0.135047	0.36482	0.369914	0.13022	2.276824	0.9759025
41346	-1026.608	-1240.47	213.8626	0.7473907	0.14262	0.211574	0.571556	0.0742506	1.974561	1.371066
41352	-1007.781	-1219.778	211.9979	0.7473907	0.12869	0.455955	0.355078	0.0602774	1.900085	2.674811
41358	-1014.324	-1226.671	212.3477	0.677376	0.199956	0.136061	0.570325	0.0936582	2.027668	2.423933
41364	-1021.167	-1233.424	212.2568	0.8525027	0.338248	0.129055	0.378962	0.153735	1.934361	2.423933
41370	-1022.72	-1234.336	211.616	1.003593	0.29462	0.133333	0.45412	0.117927	1.902198	2.745786
41376	-1026.566	-1239.193	212.6262	0.5821597	0.316621	0.170362	0.487306	0.0257107	1.81494	2.445683
41382	-1007.465	-1219.764	212.2987	0.774936	0.289402	0.145079	0.544158	0.0213621	1.935694	2.447722
41388	-1006.563	-1219.228	212.6651	1.122161	0.240771	0.1207	0.415503	0.223026	1.805769	2.069939
41394	-1020.384	-1232.147	211.7626	1.122161	0.338459	0.169671	0.178356	0.313514	1.942648	2.558747
41400	-1014.4	-1226.173	211.7728	2.161345	0.226808	0.060685	0.438017	0.27449	1.95434	1.988845
41406	-1005.815	-1217.917	212.1021	1.012145	0.074153	0.469745	0.380103	0.0759993	1.739542	2.541046
41412	-1008.687	-1220.888	212.2009	1.39585	0.310781	0.0515007	0.568554	0.0691641	1.795349	2.21401
41418	-1015.322	-1228.734	213.4126	0.6111672	0.396294	0.22459	0.318012	0.0611034	1.923977	1.840661
41424	-1019.442	-1232.456	213.0136	0.5858976	0.276366	0.16172	0.548808	0.013106	1.782735	2.217111
41430	-1030.408	-1242.763	212.3548	0.8094946	0.343921	0.223734	0.421455	0.0108902	1.921608	2.398418
41436	-1025.997	-1237.957	211.9601	0.8094946	0.170557	0.282854	0.532822	0.0137679	1.777402	2.733218
41442	-1010.545	-1222.321	211.7752	0.8045736	0.201876	0.279062	0.515226	0.00383567	1.565055	2.977137
41448	-1013.159	-1225.926	212.7673	0.5514075	0.165821	0.242693	0.57338	0.0181068	1.729509	2.430753
41454	-1010.35	-1223.943	213.5936	0.4293266	0.40347	0.170022	0.313163	0.113345	1.714669	1.983115
41460	-1005.262	-1218.532	213.2692	0.8741783	0.00729046	0.288377	0.651364	0.0529685	1.928126	1.745405
41466	-1011.963	-1224.893	212.9303	1.517297	0.021171	0.4489	0.3754	0.154529	2.157979	1.377758
41472	-1019.154	-1232.339	213.1851	0.6650777	0.00546742	0.404099	0.451327	0.139107	2.004277	1.902278
41478	-1021.474	-1234.819	213.3448	0.7996153	0.0554835	0.393444	0.288759	0.262314	2.024568	1.678673
41484	-1021.738	-1235.623	213.8852	0.5120471	0.0684624	0.485479	0.408442	0.0376165	2.163991	1.398117
41490	-1027.236	-1240.918	213.682	0.6296336	0.0676005	0.508989	0.383973	0.0394381	2.130005	1.486286
41496	-1028.529	-1242.074	213.5457	0.8721731	0.0883099	0.376681	0.476952	0.0580572	2.009212	1.487823
41502	-1029.634	-1243.58	213.9457	0.7100854	0.295033	0.237823	0.206602	0.260542	2.220247	1.129441
41508	-1033.884	-1248.234	214.3504	0.5382131	0.388032	0.0983718	0.280318	0.233277	2.068865	1.062566
41514	-1039.901	-1253.387	213.4856	1.365702	0.162703	0.0123408	0.510727	0.314229	2.473084	0.5495267
41520	-1014.276	-1228.005	213.7293	0.9705509	0.255541	0.375563	0.25322	0.115677	1.967482	1.298684
41526	-1011.323	-1225.57	214.2471	0.4946494	0.11842	0.402828	0.394708	0.0840441	2.149733	1.123714
41532	-1021.488	-1235.18	213.6914	1.065061	0.211141	0.156642	0.352893	0.279324	2.161729	1.082419
41538	-1018.228	-1232.003	213.7755	1.065061	0.557236	0.102813	0.183429	0.156523	2.344058	0.7947634
41544	-1015.538	-1227.944	212.4057	2.601125	0.190342	0.265887	0.153076	0.390695	2.500768	0.781865
41550	-1013.787	-1227.186	213.3987	1.232073	0.275918	0.282449	0.0669175	0.374716	2.343561	1.035888
41556	-1008.447	-1221.87	213.4229	1.368982	0.261889	0.268088	0.139235	0.330788	2.432389	0.765377
41562	-1013.343	-1227.109	213.7667	1.025972	0.447321	0.246536	0.108279	0.197864	2.476065	0.6580728
41568	-1042.224	-1255.821	213.5964	1.168488	0.234764	0.487014	0.057728	0.220494	2.399869	0.8251723
41574	-1013.931	-1227.622	213.6913	0.7928601	0.142491	0.483945	0.287056	0.0865075	2.143814	1.334721
41580	-1018.219	-1231.945	213.7263	0.7928601	0.236441	0.561479	0.126667	0.0754128	2.061177	1.372471
41586	-1029.956	-1243.107	213.1504	0.9976018	0.22391	0.395758	0.241534	0.138798	2.089367	1.626032
41592	-1022.322	-1235.877	213.5552	0.8104153	0.245308	0.325843	0.382824	0.0460246	2.868477	0.3251067
41598	-1012.188	-1226.096	213.9084	0.5152802	0.173787	0.383269	0.293695	0.14925	2.824827	0.3251067
41604	-1004.182	-1217.804	213.6218	0.7508057	0.180227	0.360416	0.304577	0.15478	2.836314	0.3015095
41610	-1007.612	-1221.205	213.5932	0.7719892	0.151047	0.282568	0.497959	0.0684262	2.907121	0.365561
41616	-1006.986	-1220.499	213.5131	0.9589354	0.300933	0.104285	0.417961	0.176821	2.82952	0.4367204
41622	-1002.289	-1216.054	213.7649	0.7165732	0.256365	0.236941	0.356061	0.150633	2.82952	0.4367204
41628	-996.8276	-1210.559	213.7313	1.047556	0.242032	0.195875	0.336154	0.225939	2.531251	0.5132363
41634	-1002.268	-1216.577	214.3096	0.5201124	0.177293	0.444597	0.246239	0.131871	2.463967	0.6450629
41640	-1014.532	-1228.504	213.9719	0.8418892	0.114284	0.664311	0.197299	0.0241067	2.494975	0.5497264
41646	-1022.017	-1236.083	214.0664	0.8586542	0.107771	0.389301	0.493076	0.00985193	2.379785	0.5654928
41652	-1030.587	-1244.68	214.0932	0.5408014	0.324607	0.0943175	0.571157	0.00991761	2.687182	0.440996
41658	-1019.023	-1232.94	213.9175	0.7148248	0.226643	0.299198	0.440276	0.0338838	2.675979	0.4278147
41664	-1013.166	-1226.988	213.8218	0.6313801	0.187683	0.257978	0.49468	0.0596591	2.801161	0.3351223
41670	-1022.428	-1236.102	213.6734	0.8680225	0.297015	0.181611	0.470977	0.050397	2.759621	0.4283873
41676	-1015.934	-1230.011	214.0772	0.6116257	0.310995	0.143091	0.493144	0.0527691	2.636608	0.5128678
41682	-1026.618	-1240.808	214.1906	0.6116257	0.148611	0.520959	0.263423	0.0670068	2.490978	0.6387143
41688	-1007.323	-1221.383	214.0602	0.7326229	0.0927191	0.32481	0.497133	0.0853386	2.518691	0.5625866
41694	-1030.283	-1244.151	213.8682	0.9056733	0.393082	0.269216	0.223017	0.114684	2.478958	0.6909497
41700	-1030.054	-1243.478	213.4241	1.207074	0.116511	0.563214	0.299264	0.0210111	2.351244	1.026546
41706	-1025.48	-1238.683	213.2029	1.598616	0.23294	0.211393	0.503517	0.0521504	2.408925	0.8252578
41712	-1013.62	-1227.615	213.9944	0.812782	0.356832	0.186229	0.382838	0.0741017	2.408925	0.7559054
41718	-1016.121	-1229.778	213.6567	1.169573	0.373889	0.195131	0.353335	0.077644	2.47346	0.5896759
41724	-1022.123	-1234.385	212.2621	1.241097	0.342854	0.219339	0.161166	0.276641	2.126494	2.049751
41730	-1015.996	-1229.257	213.2606	0.6931415	0.166476	0.275153	0.285131	0.273241	2.122391	1.748423
41736	-1008.363	-1221.674	213.3112	0.6751105	0.248924	0.393689	0.225492	0.131895	2.106673	1.737334
41742	-1012.28	-1225.449	213.1687	0.8348877	0.177328	0.447611	0.239057	0.136005	2.08088	1.737334
41748	-1004.492	-1217.474	212.9818	0.8866545	0.215745	0.369553	0.266368	0.148334	2.065459	1.840552
41754	-1009.322	-1223.5	214.1776	0.5661652	0.249838	0.269929	0.308459	0.171774	2.188705	1.085157
41760	-1012.885	-1226.505	213.6193	0.9565708	0.290673	0.1614	0.35194	0.195987	2.149315	1.251252
41766	-1025.395	-1237.982	212.5868	1.068366	0.348964	0.0295905	0.494602	0.126844	1.983866	2.03856
41772	-1014.38	-1226.812	212.4315	1.068366	0.414928	0.180059	0.279206	0.125807	1.772475	2.277268
41778	-1027.433	-1239.901	212.4676	1.178994	0.381983	0.0498502	0.217469	0.350697	1.993198	2.040635
41784	-1011.085	-1222.905	211.8204	1.212468	0.406893	0.0163263	0.431917	0.144863	1.74511	2.592015
41790	-1018.331	-1229.807	211.4753	1.491715	0.334893	0.0329297	0.446571	0.185606	1.846844	2.586818
41796	-1017.477	-1229.403	211.9261	1.211437	0.329104	0.00497932	0.43885	0.227067	1.648843	2.586818
41802	-1020.45	-1232.726	212.2767	1.113102	0.217065	0.00896407	0.564092	0.209879	1.865954	2.288627
41808	-1010.267	-1222.755	212.4876	1.182873	0.358913	0.0247488	0.356543	0.259795	1.892051	2.091728
41814	-1012.667	-1224.812	212.1449	0.6601426	0.25038	0.322375	0.327304	0.099941	1.804835	2.69975
41820	-1009.409	-1220.024	210.6154	1.043285	0.316614	0.293891	0.298384	0.0911105	1.533512	3.537336
41826	-1006.911	-1217.248	210.3371	0.6786247	0.310505	0.396177	0.145462	0.147856	1.549653	3.906153
41832	-1006.698	-1218.302	211.6034	1.255594	0.323111	0.22981	0.270639	0.17644	1.756339	2.694099
41838	-1021.381	-1232.693	211.3119	1.287944	0.228314	0.0508536	0.523693	0.197139	1.744408	2.860902
41844	-1024.321	-1236.523	212.2018	0.8645474	0.256806	0.146521	0.374934	0.22174	1.732169	2.576891
41850	-1028.88	-1241.219	212.3392	0.9395499	0.260374	0.13466	0.380144	0.224822	1.744868	2.435063
41856	-1016.512	-1229.085	212.5731	0.8319763	0.20411	0.105561	0.514088	0.17624	1.757054	2.349461
41862	-1007.952	-1220.392	212.4399	0.8780626	0.217312	0.366126	0.319764	0.0967978	1.842486	2.349461
41868	-1013.692	-1226.186	212.4946	1.085721	0.370203	0.133423	0.328576	0.167797	1.883421	2.15393
41874	-1019.822	-1232.29	212.4681	1.112964	0.450555	0.27294	0.0743372	0.202168	1.883421	2.15393
41880	-1023.534	-1236.354	212.8198	0.5255059	0.273296	0.167052	0.543423	0.016228	1.857012	2.333666
41886	-1018.326	-1230.725	212.3988	0.612929	0.221894	0.266145	0.458907	0.053054	2.187221	2.333666
41892	-1015.719	-1229.009	213.2896	0.4400253	0.258709	0.314817	0.408379	0.0180948	1.890344	2.061868
41898	-1020.772	-1233.398	212.6261	0.3769194	0.20584	0.250482	0.253388	0.29029	1.765316	2.59889
41904	-1004.519	-1218.88	214.3611	0.4422992	0.120609	0.160516	0.61438	0.104494	2.052632	1.153509
41910	-1007.831	-1221.969	214.1386	0.6565702	0.298521	0.151212	0.484452	0.0658152	2.037774	1.170445
41916	-1005.697	-1219.621	213.9235	0.6788227	0.173784	0.257885	0.508104	0.0602275	2.084157	1.292651
41922	-1003.829	-1217.347	213.5176	0.5951024	0.200105	0.334287	0.395168	0.0704404	2.000076	1.726582
41928	-1003.312	-1217.167	213.8548	0.5737821	0.206333	0.344693	0.401125	0.0478491	1.890114	1.579588
41934	-1005.475	-1219.519	214.0439	0.6403753	0.0816677	0.166732	0.732661	0.0189389	1.956555	1.331337
41940	-997.3133	-1211.254	213.941	0.6703493	0.268218	0.0707995	0.655126	0.00585698	2.165144	1.218238
41946	-1015.551	-1228.485	212.9337	2.02131	0.202968	0.276412	0.184235	0.336385	1.988865	1.18259
41952	-1018.841	-1233.053	214.212	0.6550497	0.215014	0.268948	0.295258	0.22078	2.072737	1.074139
41958	-1013.827	-1227.793	213.9657	0.8104808	0.153402	0.364656	0.281425	0.200517	2.041588	1.176171
41964	-1026.752	-1239.084	212.332	1.555603	0.202032	0.163243	0.37064	0.264085	1.950197	1.934061
41970	-1031.333	-1240.208	208.8745	3.002275	0.0397102	0.0849486	0.737916	0.137425	1.464966	3.720161
41976	-1029.815	-1242.448	212.6333	1.038457	0.349285	0.295011	0.263895	0.0918093	1.771582	2.166651
41982	-1025.723	-1238.93	213.207	0.6582431	0.0316733	0.290733	0.654912	0.0226814	1.912117	1.954544
41988	-1019.277	-1232.018	212.7417	0.8425819	0.0588628	0.449208	0.426429	0.0654997	1.636281	2.312
41994	-1025.382	-1237.865	212.4838	0.7524467	0.247197	0.359087	0.341357	0.052359	1.662678	2.51762
42000	-1009.553	-1223.256	213.7033	0.8983696	0.182319	0.362966	0.394244	0.0604711	1.814899	1.495115
42006	-1012.435	-1226.539	214.1048	0.6695699	0.0122114	0.416897	0.568198	0.00269393	2.186055	1.053864
42012	-1023.609	-1237.703	214.0935	0.7875079	0.011794	0.320657	0.661041	0.0065077	2.22691	0.895176
42018	-1026.448	-1240.292	213.844	0.9715296	0.00285568	0.352477	0.639659	0.00500864	2.186252	1.001597
42024	-1022.444	-1236.267	213.823	0.7366283	0.04284	0.512453	0.437308	0.00739927	1.970808	1.413728
42030	-1018.816	-1232.161	213.3447	0.9332188	0.214836	0.512416	0.267182	0.00556523	1.780796	1.75335
42036	-1004.038	-1217.682	213.6444	1.040757	0.18589	0.378123	0.333649	0.102337	2.028906	1.260399
42042	-1010.681	-1224.508	213.8275	0.993022	0.194405	0.557764	0.17055	0.0772809	2.053053	1.122736
42048	-1016.25	-1229.931	213.681	1.108586	0.229208	0.284091	0.143659	0.343042	1.991444	1.205315
42054	-1013.373	-1226.324	212.9512	1.282624	0.287436	0.17001	0.453448	0.0891054	1.843721	1.747647
42060	-1020.996	-1233.017	212.0206	0.9367607	0.317186	0.222941	0.430975	0.0288979	1.662116	2.686229
42066	-1006.608	-1220.027	213.4193	0.9367607	0.302242	0.173472	0.481662	0.0426245	1.863492	1.639246
42072	-1005.77	-1219.529	213.7588	0.8338112	0.378165	0.217048	0.262906	0.141881	1.960739	1.392201
42078	-1011.969	-1226.119	214.1495	0.7106446	0.344422	0.129003	0.397352	0.129222	2.068525	1.081355
42084	-1015.238	-1229.453	214.2145	0.649321	0.451031	0.174549	0.305507	0.068913	2.068525	1.081355
42090	-1001.824	-1215.98	214.1562	0.8055977	0.259182	0.217313	0.338307	0.185198	2.164575	0.8728511
42096	-1011.207	-1225.431	214.2239	0.7786406	0.250354	0.134809	0.397329	0.217508	2.112729	0.8872775
42102	-1011.272	-1225.544	214.2716	0.5869163	0.375666	0.155356	0.30307	0.165908	2.267521	0.8872775
42108	-1017.969	-1232.468	214.4992	0.5754232	0.148498	0.211883	0.413344	0.226275	2.053393	0.8855693
42114	-1024.156	-1238.223	214.0667	0.5754232	0.291637	0.0831276	0.479877	0.145359	1.839497	1.458056
42120	-1035.111	-1249.139	214.0285	0.7483055	0.265974	0.328592	0.240399	0.165035	1.946469	1.259098
42126	-1030.867	-1245.129	214.2622	0.6052522	0.18278	0.161515	0.41677	0.238936	2.182109	0.9692719
42132	-1025.841	-1239.776	213.935	0.8059285	0.454717	0.0656751	0.269842	0.209767	2.493379	0.7284942
42138	-1033.085	-1246.641	213.5569	1.30695	0.331173	0.089777	0.196528	0.382522	2.406433	0.6811565
42144	-1017.401	-1231.196	213.7955	0.9387784	0.223123	0.133331	0.284296	0.35925	2.532508	0.6630118
42150	-1025.642	-1239.521	213.8783	0.8781439	0.341672	0.0560089	0.483968	0.118351	2.363036	0.877559
42156	-1027.108	-1240.945	213.8368	1.066065	0.40403	0.184069	0.27195	0.139951	2.234661	0.8545528
42162	-1012.273	-1226.304	214.031	0.8998158	0.395398	0.159335	0.274439	0.170828	2.231346	0.8250523
42168	-1012.52	-1226.594	214.0743	0.745771	0.439649	0.177166	0.305153	0.0780315	2.405844	0.7463197
42174	-1012.205	-1226.323	214.1183	0.7114525	0.149862	0.18296	0.470531	0.196647	2.405844	0.7345425
42180	-1012.39	-1226.666	214.2758	0.6528976	0.249938	0.160981	0.403199	0.185882	2.356271	0.651932
42186	-1021.146	-1234.164	213.0182	2.081321	0.256741	0.601053	0.0474024	0.0948035	2.159654	0.8913781
42192	-1017.385	-1231.039	213.6539	1.004943	0.152154	0.613915	0.107004	0.126928	2.339486	1.004946
42198	-1016.074	-1229.517	213.4427	1.61091	0.305153	0.42808	0.178261	0.0885063	2.097183	0.8987273
42204	-1019.807	-1233.712	213.9048	0.9977079	0.192202	0.403367	0.270252	0.13418	2.218877	0.8730299
42210	-1012.312	-1226.699	214.3876	0.5801494	0.115165	0.387971	0.433743	0.0631206	2.218877	0.8141216
42216	-1024.623	-1238.864	214.2418	0.5774433	0.144021	0.52497	0.184071	0.146938	2.271068	0.9275641
42222	-1031.543	-1245.708	214.1656	0.7272322	0.151361	0.364895	0.33224	0.151503	2.339727	0.7377258
42228	-1042.565	-1256.739	214.1745	0.8297217	0.0600854	0.322981	0.581211	0.0357228	2.069526	0.9307135
42234	-1034.098	-1247.37	213.272	0.966863	0.131551	0.17811	0.473166	0.217173	1.956093	1.656585
42240	-1025.802	-1240.284	214.4814	0.4149055	0.0789599	0.375594	0.520946	0.0244999	2.049387	1.069513
42246	-1015.714	-1229.96	214.2458	0.704557	0.257963	0.26065	0.411243	0.0701439	2.291363	0.7254651
42252	-1024.712	-1238.82	214.1078	0.6544774	0.315995	0.421031	0.180197	0.0827771	2.237092	1.017034
42258	-1029.446	-1243.314	213.8675	0.8477758	0.250652	0.271072	0.412615	0.0656602	2.287467	1.003565
42264	-1024.444	-1238.394	213.9498	0.8872627	0.258966	0.20918	0.403473	0.128381	2.372471	0.7614153
42270	-1009.385	-1223.031	213.6453	1.198148	0.472702	0.132825	0.139703	0.25477	2.430233	0.6591143
42276	-998.4356	-1211.906	213.4701	1.33649	0.347057	0.0975204	0.470618	0.0848046	2.430233	0.7419783
42282	-1017.687	-1231.726	214.0391	0.8285951	0.421989	0.0675682	0.355009	0.155434	2.375949	0.711546
42288	-1006.483	-1219.869	213.3859	1.271245	0.34942	0.0559486	0.406859	0.187773	2.146474	1.193377
42294	-1021.741	-1235.806	214.0644	0.9210677	0.176068	0.478965	0.140289	0.204677	2.185549	0.8131007
42300	-1040.822	-1254.906	214.0846	0.7564664	0.0882494	0.369796	0.310669	0.231285	2.29951	0.8589967
42306	-1033.947	-1248.011	214.0636	0.7964542	0.16049	0.298029	0.232921	0.30856	2.450795	0.5488673
42312	-1034.672	-1245.554	210.882	1.726364	0.522763	0.00608074	0.328098	0.143058	1.804192	2.856288
42318	-1026.375	-1239.439	213.0638	0.83676	0.549254	0.00638887	0.263573	0.180784	1.677614	2.080625
42324	-1047.895	-1259.372	211.4765	1.727155	0.26649	0.503846	0.105898	0.123766	2.002736	2.365108
42330	-1039.567	-1253.976	214.4096	0.5277178	0.172301	0.253205	0.473877	0.100617	2.193603	0.8839497
42336	-1019.554	-1233.915	214.361	0.5172097	0.18733	0.228058	0.512003	0.0726093	2.125866	1.018091
42342	-1022.172	-1236.52	214.3476	0.6295613	0.266545	0.202656	0.314323	0.216476	2.022575	1.018091
42348	-1018.09	-1231.363	213.2736	1.491257	0.333978	0.162786	0.201508	0.301729	2.165683	1.101671
42354	-1013.716	-1227.157	213.441	1.136574	0.244682	0.228394	0.305868	0.221055	2.153151	1.248573
42360	-1010.528	-1221.33	210.8014	6.170774	0.257935	0.240765	0.322435	0.178865	2.206486	0.9754692
42366	-1024.469	-1237.839	213.3703	1.527536	0.230698	0.184695	0.288388	0.29622	2.225469	0.9149305
42372	-1008.246	-1222.065	213.8188	0.3996475	0.367214	0.210909	0.363781	0.0580962	1.964364	1.673803
42378	-1004.715	-1218.277	213.5614	0.828294	0.408429	0.155827	0.30379	0.131954	2.043847	1.484212
42384	-1018.074	-1231.477	213.4027	1.140916	0.384705	0.20409	0.144528	0.266677	1.888889	1.484212
42390	-1021.58	-1235.351	213.7706	0.8922028	0.380449	0.201832	0.153994	0.263726	1.911756	1.373986
42396	-1018.203	-1231.329	213.1254	1.466523	0.375774	0.199352	0.164388	0.260486	2.011603	1.373986
42402	-1029.221	-1241.966	212.7445	1.92405	0.306831	0.157926	0.218028	0.317216	1.956676	1.422396
42408	-1007.619	-1221.187	213.5677	1.216997	0.331304	0.170522	0.235418	0.262756	2.128295	1.092838
42414	-1000.004	-1213.973	213.9683	0.6980728	0.0823511	0.540653	0.247507	0.129489	2.172244	1.163332
42420	-987.1004	-1201.306	214.2056	0.4944714	0.0769383	0.240381	0.592116	0.0905649	2.168204	1.144494
42426	-1008.569	-1222.184	213.6149	0.7836213	0.0817491	0.480025	0.321407	0.116819	1.8888	1.59406
42432	-1005.673	-1219.742	214.069	0.6981882	0.124661	0.337123	0.474292	0.0639245	2.10008	1.137992
42438	-1003.808	-1217.749	213.9408	0.9883896	0.108464	0.451748	0.318126	0.121662	2.269216	0.7749339
42444	-1007.66	-1221.971	214.3108	0.5669287	0.0898685	0.156839	0.727729	0.0255627	2.301569	0.8241235
42450	-1005.687	-1219.656	213.969	0.9081664	0.0189493	0.372368	0.604883	0.00380014	2.394327	0.6545382
42456	-1000.162	-1214.508	214.3461	0.4465899	0.00513992	0.309993	0.665525	0.0193428	2.448912	0.7366284
42462	-1007.244	-1220.988	213.7436	0.8330235	0.00612311	0.569376	0.399303	0.0251983	2.215089	1.1978
42468	-993.6674	-1207.733	214.0661	0.5333671	0.0859397	0.316843	0.578009	0.019208	2.099064	1.288527
42474	-991.7525	-1205.447	213.6949	1.16624	0.106484	0.167521	0.716185	0.00981073	2.078738	1.065199
42480	-1008.058	-1220.593	212.5353	0.9023822	0.225352	0.288203	0.342811	0.143634	1.798998	2.300506
42486	-1025.841	-1238.462	212.6216	0.9119362	0.39481	0.189497	0.259459	0.156235	1.870761	2.192533
42492	-1017.419	-1228.6	211.1814	1.456944	0.475779	0.0064833	0.269601	0.248137	1.867436	2.7734
42498	-1010.215	-1219.858	209.6431	2.218274	0.554088	0.00701604	0.228546	0.21035	1.479693	3.562034
42504	-1018.722	-1227.727	209.0051	1.826935	0.350981	0.000743922	0.51503	0.133244	1.47796	4.098277
42510	-1025.728	-1236.332	210.6035	0.9323576	0.469883	0.000694072	0.480519	0.0489036	1.389004	3.692678
42516	-1032.292	-1244.865	212.5728	0.7688817	0.281111	0.000705561	0.665129	0.0530549	1.477386	2.56677
42522	-1024.261	-1238.366	214.1053	0.8158595	0.17293	0.286324	0.350681	0.190066	2.256273	0.8093056
42528	-1025.722	-1239.54	213.8182	0.8977947	0.120607	0.410174	0.324165	0.145053	2.450218	0.8200358
42534	-1043.229	-1256.467	213.2389	1.195733	0.142472	0.369812	0.283308	0.204408	1.879741	1.573955
42540	-1022.8	-1236.541	213.7407	0.9070544	0.309972	0.12092	0.400099	0.169009	1.983807	1.328437
42546	-1028.436	-1242.403	213.9671	0.6586116	0.248527	0.134277	0.421664	0.195532	2.017707	1.328437
42552	-1032.023	-1244.786	212.7631	0.8091283	0.492454	0.192825	0.180114	0.134607	1.746726	2.249914
42558	-1015.191	-1227.395	212.2032	1.331479	0.456175	0.151191	0.113556	0.279078	1.649129	2.343215
42564	-1012.276	-1223.771	211.4948	1.954326	0.350976	0.209087	0.225217	0.21472	1.670889	2.450579
42570	-1010.433	-1221.813	211.3797	2.001704	0.310571	0.301836	0.197936	0.189658	1.507615	2.601829
42576	-1003.411	-1214.447	211.0366	1.549319	0.303415	0.294881	0.228457	0.173247	1.640388	2.950477
42582	-1007.745	-1218.485	210.7402	1.916871	0.278516	0.232387	0.276376	0.212721	1.639974	2.950477
42588	-1006.126	-1217.353	211.227	1.78253	0.273176	0.167379	0.271077	0.288368	1.631338	2.723967
42594	-1005.91	-1216.611	210.7019	1.029668	0.36223	0.15426	0.225142	0.258367	1.453844	3.541189
42600	-1021.824	-1231.969	210.1453	1.029668	0.506368	0.064682	0.264845	0.164104	1.759478	3.686832
42606	-1029.62	-1241.909	212.2891	1.005076	0.34506	0.17626	0.231392	0.247288	1.986987	2.271207
42612	-1035.014	-1247.728	212.7135	1.5101	0.380858	0.213667	0.0475237	0.357951	1.969439	1.683806
42618	-1032.02	-1244.213	212.1931	1.918584	0.29128	0.289189	0.239228	0.180303	1.969439	1.815974
42624	-1028.815	-1241.277	212.4617	1.637963	0.257063	0.234761	0.340604	0.167572	1.961507	1.790416
42630	-1032.689	-1246.562	213.8724	0.6077249	0.355964	0.336364	0.222885	0.0847865	2.786197	0.3465041
42636	-1031.205	-1245.233	214.0278	0.5044551	0.386163	0.200321	0.240496	0.17302	2.786197	0.4300798
42642	-1022.995	-1236.924	213.929	0.529191	0.300569	0.422841	0.198783	0.0778072	2.836615	0.3803518
42648	-1003.909	-1217.839	213.9297	0.529191	0.0849968	0.425218	0.257976	0.23181	2.844897	0.395995
42654	-1004.055	-1217.915	213.8599	0.7437993	0.307151	0.426802	0.0995974	0.16645	2.689269	0.395995
42660	-1028.503	-1239.778	211.2743	3.141911	0.473786	0.040279	0.248581	0.237354	1.70298	2.065946
42666	-1015.179	-1225.562	210.3832	3.355357	0.26583	0.265063	0.281947	0.18716	1.584717	2.630544
42672	-1024.972	-1236.614	211.642	1.614633	0.114429	0.0889914	0.719274	0.0773055	1.373543	2.711474
42678	-1021.159	-1230.581	209.4222	6.718379	0.345913	0.0599707	0.25656	0.337556	1.651649	2.263459
42684	-1020.071	-1230.609	210.5377	3.751812	0.27967	0.222577	0.242495	0.255259	1.734373	2.305412
42690	-1013.859	-1226.468	212.6093	1.808339	0.321279	0.255692	0.332948	0.0900805	1.759407	1.732162
42696	-1013.506	-1225.254	211.7484	2.416198	0.136093	0.304508	0.448948	0.110451	1.870968	1.941629
42702	-1002.08	-1215.316	213.2354	0.9023845	0.125967	0.414565	0.329668	0.129799	1.808166	1.831958
42708	-1021.947	-1234.638	212.6914	1.065633	0.197595	0.226488	0.517124	0.0587928	1.881593	2.038806
42714	-1020.484	-1233.403	212.919	1.275611	0.201357	0.253377	0.278771	0.266495	1.819793	1.791203
42720	-1026.176	-1239.767	213.5912	0.6025151	0.214122	0.504574	0.196989	0.0843146	3.00241	0.2862953
42726	-1012.632	-1226.254	213.622	0.6025151	0.147335	0.547456	0.21373	0.09148	2.973995	0.2879383
42732	-1017.469	-1231.221	213.7525	0.5098425	0.233317	0.26778	0.328842	0.17006	2.973623	0.3140059
42738	-1020.533	-1234.407	213.8735	0.5098425	0.205185	0.356068	0.289192	0.149555	2.799231	0.2757386
42744	-1015.653	-1227.844	212.1907	3.294489	0.488661	0.00895266	0.308987	0.1934	2.313213	0.7565955
42750	-1024.964	-1238.562	213.5989	1.201981	0.455378	0.0457534	0.441724	0.0571452	2.360948	0.8311
42756	-1010.309	-1223.943	213.634	1.18458	0.349595	0.0272966	0.495868	0.127241	2.360948	0.8070866
42762	-1002.927	-1216.126	213.1984	1.665899	0.312252	0.0307679	0.558927	0.098053	2.454704	0.6795075
42768	-995.1049	-1208.281	213.1757	1.665899	0.307903	0.0303395	0.551144	0.110613	2.517493	0.5821366
42774	-1005.517	-1218.234	212.7171	2.26299	0.243878	0.26331	0.380645	0.112167	2.331107	0.8902625
42780	-1002.23	-1215.309	213.0796	1.84474	0.222228	0.0286652	0.646897	0.102209	2.22226	0.9520733
42786	-1008.04	-1220.764	212.7245	2.120986	0.18889	0.499598	0.282344	0.0291669	2.141724	1.167714
42792	-1008.78	-1222.204	213.4242	1.007997	0.340253	0.0180235	0.575445	0.0662788	2.024963	1.463475
42798	-1013.664	-1227.215	213.5507	1.007997	0.380337	0.0749089	0.470667	0.0740869	2.054342	1.342296
42804	-1013.928	-1227.58	213.6522	1.007997	0.317772	0.0824722	0.518189	0.0815673	2.18712	1.14617
42810	-1018.166	-1231.095	212.929	1.860241	0.345067	0.0959833	0.507304	0.0516456	2.158087	1.14617
42816	-1018.151	-1230.811	212.6607	1.773696	0.225265	0.0626593	0.669252	0.0428238	2.040632	1.511485
42822	-1018.207	-1232.305	214.0979	0.7564605	0.397311	0.131287	0.441465	0.0299367	2.217963	0.9361814
42828	-1026.871	-1241.004	214.133	0.757221	0.361653	0.126644	0.479207	0.0324961	2.109806	1.010515
42834	-1036.06	-1249.643	213.583	0.9871801	0.314485	0.183892	0.416707	0.0849155	2.114709	1.284279
42840	-1008.766	-1222.901	214.1352	0.5870238	0.189026	0.014308	0.752323	0.0443436	1.933818	1.321398
42846	-1025.948	-1239.638	213.6898	0.8998024	0.233687	0.0258037	0.452073	0.288436	1.998913	1.362785
42852	-1023.424	-1236.706	213.2825	0.7915759	0.379675	0.0531768	0.383438	0.18371	1.846974	1.851973
42858	-1027.625	-1240.848	213.2228	0.7915759	0.166192	0.0644814	0.573307	0.196019	1.961308	1.814417
42864	-1013.353	-1226.648	213.2949	1.613457	0.300943	0.113234	0.448947	0.136877	2.220372	0.9236452
42870	-1005.221	-1219.159	213.9374	0.8578282	0.211788	0.0778838	0.544361	0.165967	2.465344	0.6794224
42876	-1014.171	-1228.051	213.8803	0.8578282	0.287582	0.117568	0.512257	0.0825932	2.56768	0.561358
42882	-1009.822	-1223.226	213.4039	1.355379	0.28497	0.0166322	0.507605	0.190793	2.568529	0.5075151
42888	-1007.009	-1220.842	213.8331	0.8441534	0.283633	0.00103991	0.637712	0.0776156	2.635953	0.5075151
42894	-1002.599	-1216.7	214.1005	0.8441534	0.283653	0.000969592	0.637757	0.0776211	2.337045	0.636463
42900	-1029.733	-1243.86	214.1272	0.7003294	0.352314	0.00282624	0.57489	0.0699696	2.48567	0.5634129
42906	-1022.038	-1236.098	214.0598	0.7346768	0.411148	0.0197368	0.426447	0.142668	2.505478	0.6030394
42912	-1027.627	-1241.627	214.0006	0.7893954	0.365681	0.0175542	0.489874	0.126891	2.506993	0.6030394
42918	-1011.653	-1225.796	214.143	0.6712803	0.300532	0.0144268	0.580756	0.104284	2.506993	0.5239846
42924	-994.1796	-1207.882	213.7021	0.9497265	0.325119	0.013618	0.641107	0.0201558	2.635643	0.6150867
42930	-1033.229	-1246.957	213.7281	0.8074856	0.318948	0.12921	0.31312	0.238722	2.237145	1.215005
42936	-1033.382	-1246.385	213.0038	1.488876	0.436718	0.0821928	0.115928	0.365161	2.169038	1.330115
42942	-1030.012	-1242.486	212.4733	1.167801	0.348952	0.0744298	0.154573	0.422045	1.661988	2.25967
42948	-1027.735	-1240.333	212.5977	0.6918087	0.484347	0.0750706	0.171892	0.26869	1.666988	2.483837
42954	-1024.428	-1236.697	212.2687	0.886539	0.300025	0.262717	0.156221	0.281037	1.791903	2.483837
42960	-1038.629	-1252.458	213.8293	0.7889913	0.201583	0.00472185	0.564501	0.229194	2.683439	0.4209129
42966	-1036.588	-1248.274	211.686	3.714853	0.326809	0.0607173	0.421548	0.190926	2.683439	0.4542965
42972	-1012.159	-1225.735	213.5759	0.9705974	0.201082	0.36336	0.318084	0.117474	2.751003	0.4243646
42978	-1018.78	-1232.42	213.6403	0.9705974	0.212636	0.335156	0.427044	0.0251635	2.699037	0.4877701
42984	-1016.985	-1230.757	213.7718	0.9705974	0.336646	0.184767	0.398824	0.0797622	2.567044	0.4801517
42990	-1021.387	-1235.382	213.9952	0.7661011	0.231716	0.186878	0.481098	0.100308	2.548252	0.5631809
42996	-1007.833	-1221.622	213.7884	1.006469	0.19216	0.254258	0.39897	0.154613	2.510981	0.5473647
43002	-1010.015	-1223.475	213.4592	1.353478	0.166483	0.423513	0.212035	0.197968	2.510981	0.5461339
43008	-1021.895	-1234.127	212.2324	3.036223	0.210061	0.112782	0.0685892	0.608568	2.510981	0.5711224
43014	-1015.867	-1228.879	213.0125	2.022709	0.353057	0.0966881	0.0285271	0.521728	2.404132	0.5711224
43020	-1026.944	-1240.403	213.4582	1.484699	0.424092	0.0234445	0.0145281	0.537936	2.118555	0.9743511
43026	-1020.752	-1232.175	211.4234	4.801451	0.40179	0.0222117	0.06635	0.509648	2.378101	0.6712209
43032	-1026.684	-1238.145	211.4603	3.630887	0.41282	0.120499	0.178577	0.288104	1.924469	1.597522
43038	-1018.783	-1230.918	212.1352	1.244837	0.26659	0.307641	0.162922	0.262847	1.819257	2.328891
43044	-1015.921	-1229.343	213.4224	1.442134	0.277401	0.0887017	0.339777	0.294119	2.307315	0.8454726
43050	-1009.296	-1223.168	213.8729	0.89844	0.25413	0.0932567	0.406709	0.245904	2.230891	1.002404
43056	-1009.976	-1223.949	213.9732	0.8696363	0.30657	0.13217	0.368945	0.192315	2.160292	1.002404
43062	-1006.511	-1220.264	213.7528	0.8395091	0.388987	0.0886337	0.278364	0.244016	2.174222	1.219125
43068	-1020.973	-1234.826	213.8533	0.7741232	0.388987	0.0886337	0.278364	0.244016	2.04592	1.298926
43074	-1014.585	-1227.921	213.3352	1.270395	0.167011	0.30991	0.427003	0.0960761	2.211863	1.181433
43080	-1009.988	-1222.963	212.9747	1.56558	0.260889	0.0157472	0.317899	0.405465	2.24972	1.234015
43086	-1011.036	-1223.923	212.8864	2.185389	0.227643	0.0194706	0.25155	0.501336	1.897547	1.198603
43092	-1016.56	-1230.866	214.3061	0.6309268	0.31715	0.0271263	0.451503	0.204221	2.090464	0.9903922
43098	-1022.043	-1236.078	214.0346	0.8591043	0.20258	0.149868	0.386298	0.261254	2.239182	0.862603
43104	-1026.406	-1240.267	213.8616	0.8290975	0.250807	0.317421	0.0954974	0.336274	2.01428	1.270859
43110	-1009.865	-1223.732	213.8664	0.8839234	0.207665	0.253952	0.0556181	0.482765	2.20595	1.047676
43116	-1025.121	-1238.496	213.3743	1.275413	0.173841	0.235059	0.0366906	0.55441	2.279763	1.081299
43122	-1024.536	-1236.801	212.2649	1.398562	0.156501	0.211614	0.132773	0.499112	1.83095	2.147826
43128	-1018.389	-1228.168	209.7789	3.317233	0.190086	0.117699	0.293494	0.398721	1.572964	3.017983
43134	-1019.601	-1228.338	208.7374	2.465422	0.284327	0.157367	0.171023	0.387283	1.533774	3.954818
43140	-1030.5	-1240.019	209.5188	1.581649	0.312691	0.203823	0.188084	0.295401	1.415152	3.954818
43146	-1034.567	-1246.024	211.457	0.9845315	0.292162	0.0988839	0.465641	0.143313	1.68023	2.988059
43152	-1012.608	-1222.418	209.8097	2.067205	0.274125	0.109597	0.464218	0.152061	1.844294	3.315298
43158	-1011.115	-1221.868	210.7531	1.302981	0.35641	0.204228	0.151085	0.288276	1.675215	3.228435
43164	-1005.346	-1215.72	210.3741	2.325539	0.228769	0.196157	0.26353	0.311544	1.715987	2.945784
43170	-1008.364	-1219.1	210.736	1.422726	0.297981	0.0103776	0.285841	0.4058	1.98846	2.987855
43176	-1005.216	-1218.128	212.9119	1.095042	0.362746	0.0200885	0.574204	0.042962	1.957473	1.819253
43182	-1033.357	-1245.604	212.2465	1.66977	0.358221	0.00446247	0.594891	0.042426	1.943412	1.931974
43188	-1012.144	-1224.463	212.3185	1.555037	0.374573	0.0170234	0.461994	0.146409	1.943412	1.948006
43194	-1025.998	-1237.965	211.9676	1.403905	0.393582	0.0173491	0.261512	0.327557	1.862305	2.316151
43200	-1021.42	-1233.331	211.911	1.240873	0.186014	0.0545615	0.391032	0.368393	1.847476	2.455148
43206	-1021.495	-1233.825	212.3301	1.161187	0.387716	0.0410414	0.294136	0.277107	1.830347	2.247567
43212	-1022.73	-1236.241	213.5116	1.071372	0.382955	0.0686454	0.358545	0.189855	2.009119	1.359494
43218	-1017.928	-1231.558	213.6302	1.142629	0.168966	0.297908	0.262489	0.270637	2.090271	1.134678
43224	-1015.942	-1229.737	213.7947	1.05468	0.337235	0.167084	0.165466	0.330216	1.968279	1.172583
43230	-1020.775	-1234.969	214.1935	0.7823928	0.276069	0.319258	0.266863	0.13781	2.011836	1.021268
43236	-1035.269	-1247.3	212.0315	3.279936	0.0643239	0.220659	0.348656	0.366361	2.104654	1.156925
43242	-1002.365	-1215.86	213.4951	1.235752	0.0429752	0.274501	0.513412	0.169112	1.985331	1.264938
43248	-1016.831	-1227.899	211.0689	5.931463	0.0511277	0.136873	0.610807	0.201193	2.011158	0.9947507
43254	-1034.375	-1248.722	214.3472	0.5899113	0.180195	0.304057	0.354957	0.160791	2.377232	0.5834021
43260	-1029.677	-1243.175	213.4977	0.7912779	0.296146	0.183055	0.455957	0.0648417	1.879586	1.679267
43266	-1035.351	-1248.543	213.1924	0.7912779	0.252891	0.364416	0.273336	0.109357	1.775423	1.961752
43272	-1029.453	-1243.624	214.1704	0.5090342	0.247133	0.0680072	0.604742	0.0801177	2.464513	0.8690216
43278	-1021.165	-1235.238	214.0725	0.739397	0.291105	0.193419	0.400008	0.115468	2.226824	0.9724195
43284	-1025.885	-1239.997	214.1118	0.7150818	0.124772	0.344807	0.390652	0.13977	2.134158	1.050616
43290	-1023.395	-1236.777	213.3824	1.607902	0.363141	0.343359	0.0469884	0.246512	2.012305	1.050616
43296	-1012.491	-1226.697	214.2068	0.5887518	0.260108	0.203286	0.367303	0.169303	2.172707	1.050616
43302	-1001.866	-1216.024	214.1583	0.7081338	0.400036	0.0995372	0.447076	0.0533505	2.405265	0.6723688
43308	-1008.342	-1222.211	213.8698	0.9782815	0.350046	0.24409	0.327704	0.0781598	2.259454	0.889163
43314	-1004.074	-1217.924	213.8494	0.7339222	0.428791	0.118584	0.411246	0.0413802	2.08804	1.302352
43320	-1006.986	-1221.421	214.435	0.5471129	0.538867	0.0604466	0.367222	0.0334644	2.044553	0.9949941
43326	-1014.114	-1227.891	213.7765	0.6525409	0.262144	0.250189	0.454958	0.0327083	2.041789	1.463211
43332	-1017.732	-1231.633	213.9016	0.9869211	0.332394	0.153568	0.468194	0.0458433	1.955918	1.148732
43338	-1032.734	-1246.187	213.4534	1.221578	0.294618	0.136115	0.350623	0.218643	1.885623	1.389101
43344	-1020.855	-1233.997	213.1427	1.657355	0.246563	0.310479	0.256831	0.186128	2.028104	1.214607
43350	-1018.699	-1231.027	212.3276	1.210873	0.219155	0.166774	0.514092	0.0999788	1.82892	2.219745
43356	-1019.407	-1231.243	211.8362	1.210873	0.0334623	0.585242	0.285409	0.095887	1.793095	2.553367
43362	-1023.773	-1236.756	212.9828	1.536555	0.302489	0.00615719	0.458752	0.232602	1.824662	1.57766
43368	-1013.808	-1227.487	213.6792	0.8210812	0.205327	0.0989337	0.644087	0.0516515	1.824662	1.565261
43374	-1016.61	-1230.077	213.4672	0.8210812	0.20054	0.0966271	0.652386	0.0504472	1.666715	1.827758
43380	-1023.454	-1236.092	212.638	1.40944	0.29064	0.14765	0.493539	0.0681714	1.775295	1.931092
43386	-1034.54	-1246.804	212.264	2.275116	0.215211	0.0608073	0.690735	0.0332461	1.674137	1.790369
43392	-1026.294	-1239.369	213.0746	1.149012	0.389795	0.0549514	0.398052	0.157201	1.784425	1.790369
43398	-1045.184	-1258.659	213.4747	1.06138	0.482714	0.164221	0.32029	0.0327754	1.744853	1.594764
43404	-1005.138	-1219.153	214.0151	0.8162156	0.258748	0.319343	0.40434	0.0175686	2.091452	1.081704
43410	-1014.169	-1228.61	214.4407	0.4004968	0.281864	0.184305	0.503765	0.030065	2.081898	1.088679
43416	-1019.809	-1233.882	214.0738	0.805969	0.46426	0.128575	0.36274	0.0444255	2.094791	1.03301
43422	-1034.931	-1245.114	210.1821	6.274056	0.232806	0.270709	0.350138	0.146347	2.007588	1.618421
43428	-1043.988	-1256.111	212.123	3.097517	0.123159	0.425415	0.337888	0.113538	2.221439	1.063252
43434	-1034.617	-1247.668	213.0514	1.862911	0.0883633	0.423456	0.249431	0.23875	2.227006	0.9617004
43440	-1012.978	-1223.313	210.3353	6.473028	0.0708751	0.360065	0.309446	0.259614	1.92619	1.511956
43446	-1021.373	-1234.135	212.762	0.9694824	0.169885	0.127844	0.464572	0.237699	1.901939	2.041935
43452	-1017.123	-1229.053	211.9295	2.898511	0.176117	0.137832	0.280105	0.405946	1.901939	1.576141
43458	-1024.083	-1235.349	211.2655	4.227841	0.102014	0.458789	0.0118744	0.427323	2.017381	1.44791
43464	-1011.624	-1223.503	211.8786	2.623988	0.237662	0.323254	0.00482689	0.434257	1.793272	1.811966
43470	-1014.431	-1224.901	210.4701	5.328682	0.187986	0.434022	0.00413332	0.373858	1.816471	1.811966
43476	-1011.896	-1224.038	212.1422	2.612433	0.204867	0.365178	0.0219376	0.408017	1.724059	1.681038
43482	-1029.847	-1241.393	211.5458	3.798144	0.300857	0.354425	0.0979798	0.246738	1.889834	1.49502
43488	-1032.075	-1245.618	213.5428	1.244262	0.264894	0.372657	0.10302	0.25943	1.832927	1.34346
43494	-1023.037	-1235.752	212.715	1.710275	0.18104	0.160954	0.419578	0.238429	1.845187	1.652012
43500	-1009.557	-1223.45	213.8922	0.595493	0.188204	0.407138	0.232579	0.172078	2.052914	1.41214
43506	-1005.295	-1219.278	213.9836	0.8474734	0.300222	0.0351417	0.37101	0.293626	2.31108	0.8519224
43512	-1013.037	-1226.874	213.8374	0.8474734	0.358036	0.100228	0.23321	0.308526	2.153516	1.15679
43518	-1004.412	-1218.177	213.7652	1.139152	0.273421	0.144345	0.305954	0.27628	2.140083	0.9607364
43524	-1016.099	-1230.262	214.1627	0.6795889	0.251732	0.180096	0.325045	0.243127	2.165398	1.00734
43530	-1013.25	-1226.417	213.1676	1.253403	0.0796541	0.294615	0.531735	0.0939959	2.066502	1.447256
43536	-1010.869	-1225.301	214.4318	0.4813344	0.354587	0.187933	0.438096	0.0193836	2.169789	0.9370485
43542	-1001.504	-1215.809	214.3057	0.4813344	0.325911	0.172735	0.483538	0.017816	2.097497	1.129773
43548	-1005.022	-1218.856	213.834	0.714782	0.259089	0.137319	0.589429	0.0141632	1.941493	1.445612
43554	-1008.527	-1222.635	214.1086	0.7062858	0.263025	0.177786	0.508365	0.0508241	2.26583	0.9301886
43560	-1000.274	-1214.62	214.3461	0.6762487	0.156076	0.221817	0.591948	0.0301585	2.107539	0.8771362
43566	-1001.684	-1215.845	214.1606	0.6632378	0.244587	0.288133	0.422409	0.0448717	2.476222	0.614423
43572	-1003	-1217.397	214.3965	0.4717216	0.236763	0.252735	0.457984	0.0525173	2.424138	0.6471897
43578	-1027.882	-1241.966	214.0834	0.731816	0.263797	0.335817	0.305502	0.0948842	2.138259	1.056951
43584	-1012.624	-1226.943	214.3185	0.5539269	0.19112	0.116388	0.623749	0.0687432	1.913929	1.214893
43590	-1021.817	-1235.895	214.0776	0.5884257	0.103961	0.14185	0.683902	0.0702867	2.034308	1.285415
43596	-1020.694	-1234.383	213.6882	1.137608	0.145603	0.190979	0.568789	0.0946298	1.954071	1.207102
43602	-1027.802	-1241.823	214.0213	0.7784717	0.111447	0.349977	0.481753	0.0568228	2.153913	1.054282
43608	-1014.095	-1228.307	214.2127	0.8137399	0.0919095	0.235904	0.3973	0.274886	2.179588	0.7704756
43614	-1012.573	-1226.069	213.4968	1.496755	0.189599	0.334811	0.345595	0.129996	2.2049	0.8211589
43620	-1028.949	-1242.142	213.1934	1.720806	0.400862	0.0637291	0.32936	0.206049	2.456475	0.5767011
43626	-1019.441	-1231.629	212.1876	3.088009	0.419576	0.0657028	0.339561	0.175161	2.503564	0.6347253
43632	-1010.785	-1224.719	213.9339	0.9943888	0.36907	0.235008	0.216362	0.179559	2.348508	0.6404379
43638	-1024.282	-1238.268	213.9865	0.8485953	0.10767	0.266336	0.176954	0.44904	2.444669	0.6404379
43644	-1008.625	-1222.549	213.924	0.8879303	0.0385928	0.278542	0.19303	0.489836	2.436796	0.6990883
43650	-1003.733	-1216.59	212.8562	2.118752	0.0398333	0.599736	0.0742007	0.28623	2.369555	0.7990578
43656	-997.2836	-1211.145	213.8614	1.000123	0.0873962	0.527968	0.0903262	0.29431	2.319318	0.7990578
43662	-1006.063	-1219.576	213.5126	1.247092	0.14568	0.498628	0.100523	0.255169	2.439555	0.7857862
43668	-1016.827	-1229.81	212.9827	1.554042	0.298938	0.28037	0.178691	0.242001	2.800403	0.4164467
43674	-1023.347	-1236.037	212.6899	1.954588	0.333715	0.208252	0.042898	0.415135	2.773933	0.422643
43680	-1023.637	-1236.481	212.844	1.844179	0.237327	0.150899	0.349479	0.262295	2.716207	0.5335523
43686	-1023.557	-1236.653	213.0958	1.844179	0.338839	0.169186	0.403788	0.0881861	2.440552	0.6229703
43692	-1005.331	-1218.536	213.2053	1.742422	0.353798	0.33367	0.138612	0.173921	2.338543	0.7570937
43698	-1009.924	-1222.897	212.973	1.99695	0.388283	0.221735	0.231833	0.15815	2.431195	0.6570909
43704	-994.2069	-1207.905	213.6976	1.109695	0.0378539	0.474494	0.290252	0.1974	2.424399	0.7276006
43710	-995.3678	-1209.244	213.8765	1.005481	0.0393815	0.393866	0.232967	0.333785	2.424399	0.5441408
43716	-996.844	-1210.619	213.7749	0.9159017	0.246864	0.243048	0.481832	0.0282565	2.548931	0.7133026
43722	-1017.796	-1231.838	214.0421	0.5982681	0.449991	0.235039	0.20594	0.109029	2.598503	0.7395366
43728	-1002.611	-1216.996	214.3851	0.5367553	0.158886	0.210773	0.374455	0.255885	2.265971	0.8144891
43734	-1015.224	-1228.658	213.4338	1.234767	0.169115	0.320161	0.255752	0.254971	2.159987	1.16956
43740	-1019.37	-1232.857	213.4873	0.867311	0.164745	0.230223	0.353396	0.251635	1.779739	1.701298
43746	-1018.061	-1230.767	212.7069	1.136784	0.248696	0.267103	0.027597	0.456604	1.729879	2.083073
43752	-1014.661	-1228.647	213.9861	0.8670495	0.0769512	0.52872	0.272518	0.121811	2.116377	1.035447
43758	-1014.993	-1229.088	214.0943	0.7484282	0.242929	0.441591	0.247245	0.0682348	2.444429	0.6344178
43764	-1026.09	-1240.168	214.078	0.7545912	0.360565	0.3478	0.125045	0.16659	2.480916	0.5460001
43770	-1025.571	-1238.767	213.1959	1.695957	0.360565	0.3478	0.125045	0.16659	2.480916	0.5460001
43776	-1000.474	-1214.333	213.859	0.8623098	0.238272	0.267422	0.176912	0.317394	2.589571	0.5296411
43782	-1007.932	-1221.869	213.937	0.944995	0.289613	0.152228	0.18452	0.373639	2.426821	0.5296411
43788	-1024.62	-1238.233	213.6132	1.111014	0.266871	0.26784	0.171306	0.293983	2.58757	0.5029035
43794	-1028.149	-1242.287	214.1378	0.6999188	0.283842	0.214439	0.300228	0.201491	2.482737	0.4885839
43800	-1008.649	-1221.373	212.7241	1.796815	0.344636	0.379309	0.0314084	0.244646	2.823994	0.3561612
43806	-1015.93	-1229.549	213.6187	0.789142	0.177807	0.280108	0.465881	0.0762044	2.823994	0.3221257
43812	-1006.255	-1219.939	213.6841	0.789142	0.223558	0.352182	0.319002	0.105258	2.796939	0.3638729
43818	-1012.709	-1226.587	213.8779	0.6754877	0.209536	0.359788	0.339812	0.0908636	2.757222	0.4278925
43824	-1020.186	-1233.838	213.6521	0.6268939	0.258	0.273829	0.377045	0.0911258	3.023944	0.4022352
43830	-1011.022	-1224.399	213.3772	0.8366416	0.250407	0.382646	0.194396	0.172551	3.0428	0.3496904
43836	-1005.529	-1218.492	212.9633	0.8366416	0.203727	0.311315	0.432667	0.0522906	3.222338	0.2086439
43842	-1004.183	-1217.768	213.5848	0.5816042	0.197686	0.302083	0.464745	0.0354855	3.037246	0.2908043
43848	-1014.749	-1228.386	213.6368	0.5921509	0.309977	0.10157	0.529333	0.0591203	3.021936	0.3296341
43854	-1015.762	-1229.904	214.1418	0.719524	0.216472	0.400764	0.150916	0.231848	2.420268	0.6506704
43860	-1019.294	-1233.734	214.4399	0.6458703	0.177256	0.498287	0.18764	0.136817	2.105065	0.8041159
43866	-1007.155	-1221.402	214.2478	0.6458703	0.381838	0.0910269	0.404208	0.122926	2.297115	0.8041159
43872	-1017.37	-1231.646	214.2754	0.5351701	0.150498	0.149773	0.640015	0.0597137	2.363088	0.8325292
43878	-1031.617	-1245.882	214.2648	0.5879921	0.290595	0.197551	0.40461	0.107244	2.191328	0.9757169
43884	-1020.306	-1232.916	212.6094	0.8020659	0.221989	0.269452	0.43297	0.0755889	3.411073	0.1524838
43890	-1019.461	-1233.739	214.2777	0.5109536	0.265208	0.200152	0.461339	0.0733016	2.491861	0.6726766
43896	-1016.931	-1230.73	213.7988	1.089779	0.450606	0.32438	0.15854	0.0664744	2.402511	0.607035
43902	-1028.092	-1242.577	214.4851	0.3729519	0.488534	0.123425	0.298196	0.0898448	2.403084	0.686171
43908	-1010.777	-1224.362	213.5853	1.368142	0.430355	0.10215	0.344934	0.122561	2.35296	0.6143879
43914	-1015.161	-1229.04	213.8789	1.006678	0.0830337	0.196198	0.621473	0.0992951	2.291268	0.8043006
43920	-1014.19	-1228.185	213.9954	0.9890609	0.0863153	0.164431	0.646035	0.103219	2.191347	0.8056588
43926	-1025.675	-1239.544	213.8693	0.9937422	0.12926	0.254306	0.25118	0.365254	2.149274	0.9908705
43932	-1022.276	-1234.881	212.6051	0.8322667	0.232303	0.16696	0.336038	0.264699	3.487493	0.1779771
43938	-998.0511	-1210.8	212.7485	0.8322667	0.253947	0.182516	0.427478	0.136059	3.371928	0.1859461
43944	-990.7813	-1203.621	212.8399	0.8451483	0.266375	0.330422	0.156885	0.246318	3.267182	0.1859461
43950	-991.6551	-1203.117	211.462	2.336907	0.314693	0.103867	0.165977	0.415463	3.289401	0.1625224
43956	-1005.631	-1215.753	210.1224	4.567187	0.284594	0.0821593	0.423733	0.209514	3.378413	0.1611353
43962	-995.9128	-1206.746	210.8328	3.140032	0.285419	0.348577	0.0076065	0.358398	3.378413	0.1551987
43968	-993.2758	-1204.242	210.9658	3.089512	0.247501	0.420829	0.0445529	0.287117	3.319158	0.1656057
43974	-995.498	-1207.178	211.6802	2.309843	0.116799	0.36311	0.158767	0.361324	3.202372	0.1934643
43980	-1008.042	-1218.488	210.4461	4.315818	0.153324	0.379373	0.070197	0.397106	3.274018	0.1883233
43986	-1012.496	-1224.917	212.4203	1.273253	0.0922112	0.178995	0.30157	0.427224	3.274018	0.1883233
43992	-1012.27	-1224.63	212.3594	1.273253	0.135287	0.263882	0.442447	0.158383	3.274018	0.1712587
43998	-1022.871	-1235.335	212.4644	1.260629	0.346188	0.217987	0.218141	0.217684	3.274018	0.1985693
44004	-1009.975	-1223.742	213.7675	0.8746133	0.224937	0.344044	0.392264	0.0387549	2.670026	0.5023629
44010	-1007.261	-1221.469	214.2074	0.6488232	0.0466896	0.172848	0.709023	0.07144	2.44275	0.6196022
44016	-1011.554	-1225.863	214.309	0.3942359	0.217185	0.305068	0.46093	0.0168173	2.613121	0.4520791
44022	-999.1861	-1213.029	213.8434	0.8125462	0.236199	0.206324	0.539187	0.0182896	2.650845	0.4401446
44028	-999.0499	-1212.492	213.4424	1.426307	0.260942	0.227937	0.470192	0.040929	2.465392	0.5279702
44034	-1006.162	-1218.754	212.5922	2.511545	0.260942	0.227937	0.470192	0.040929	2.476975	0.5843699
44040	-1001.106	-1215.027	213.9209	0.7492301	0.153859	0.47834	0.344516	0.0232851	2.633337	0.4199034
44046	-1005.331	-1219.299	213.9685	0.7492301	0.123895	0.414423	0.441509	0.0201737	2.59158	0.4376123
44052	-1010.39	-1224.303	213.9136	0.8825444	0.0967917	0.132284	0.716034	0.0548899	2.50746	0.5672286
44058	-1021.957	-1236.11	214.1531	0.6546363	0.0642389	0.356656	0.551366	0.0277392	2.506077	0.5722699
44064	-1001.79	-1216.085	214.2949	0.492408	0.187237	0.364236	0.435005	0.0135219	2.541736	0.5054933
44070	-1004.721	-1218.575	213.853	0.932788	0.050419	0.286019	0.659337	0.00422494	2.491824	0.6397959
44076	-1013.559	-1227.58	214.0214	0.7370613	0.312758	0.060237	0.618381	0.00862395	2.559896	0.4903071
44082	-1008.346	-1222.38	214.0342	0.6438685	0.204935	0.100854	0.658504	0.0357068	2.645713	0.4903071
44088	-1017.96	-1231.945	213.985	0.5872817	0.251524	0.123782	0.42744	0.197254	2.721051	0.3812549
44094	-1029.985	-1244.05	214.0649	0.6604372	0.162833	0.294977	0.383006	0.159184	2.579309	0.4100895
44100	-1009.537	-1223.831	214.2942	0.5554762	0.241825	0.27975	0.381509	0.0969156	2.478177	0.4857186
44106	-1005.668	-1219.966	214.2976	0.3796368	0.343215	0.248009	0.338222	0.070554	2.640852	0.5131164
44112	-1013.246	-1227.739	214.4926	0.3848593	0.312232	0.264112	0.359471	0.0641849	2.441272	0.5202235
44118	-1026.412	-1240.624	214.2125	0.4788778	0.315154	0.274681	0.39512	0.0150449	2.636741	0.5202235
44124	-1022.928	-1237.024	214.0967	0.5514137	0.207381	0.356561	0.428568	0.00749065	2.679573	0.4810156
44130	-1017.612	-1231.739	214.1268	0.4871636	0.20114	0.345125	0.451459	0.00227624	2.692724	0.401576
44136	-1036.101	-1250.21	214.1093	0.573058	0.207317	0.338863	0.452367	0.00145313	2.634622	0.4304565
44142	-1024.507	-1238.625	214.1174	0.5053696	0.0487972	0.350184	0.499797	0.101222	2.675418	0.3856639
44148	-1046.188	-1260.095	213.907	0.6910422	0.0387543	0.292159	0.594565	0.0745221	2.692242	0.3856639
44154	-1031.639	-1244.668	213.0289	1.524317	0.145093	0.50782	0.0351352	0.311952	1.858613	1.52632
44160	-1022.551	-1235.928	213.3765	0.7283299	0.0593528	0.553942	0.166764	0.219941	1.850756	1.830651
44166	-1012.387	-1225.577	213.1897	1.176201	0.244189	0.230421	0.491281	0.0341098	1.951078	1.571222
44172	-1007.791	-1219.988	212.1972	2.688653	0.136388	0.203294	0.545164	0.115154	1.863867	1.503142
44178	-1005.953	-1218.133	212.1793	1.546809	0.214566	0.277396	0.397208	0.110831	1.886719	2.082968
44184	-1011.433	-1225.314	213.8801	0.5489883	0.172064	0.262837	0.432867	0.132231	2.017788	1.485165
44190	-1038.783	-1252.695	213.9119	0.5893544	0.272494	0.085993	0.535609	0.105905	2.79528	0.3866596
44196	-1015.739	-1229.63	213.8906	0.5351676	0.249504	0.229394	0.435075	0.0860263	2.872674	0.3866596
44202	-1035.566	-1248.733	213.1676	0.9773856	0.0866296	0.157488	0.533502	0.22238	1.94316	1.732323
44208	-1035.604	-1248.479	212.8751	1.139323	0.189772	0.585071	0.062351	0.162806	1.859148	1.882534
44214	-1038.133	-1250.073	211.94	1.987782	0.208416	0.315131	0.13194	0.344512	1.671636	2.149413
44220	-1034.823	-1246.521	211.6978	1.210867	0.148334	0.409525	0.196945	0.245196	1.746177	2.667995
44226	-1017.3	-1229.246	211.9462	0.7722611	0.13438	0.366336	0.213731	0.285553	1.637021	2.850963
44232	-1023.467	-1237.2	213.7328	0.4962654	0.252502	0.314441	0.239815	0.193242	1.808081	1.781222
44238	-1011.587	-1225.531	213.9443	0.6210577	0.179291	0.17347	0.475445	0.171794	1.881325	1.482836
44244	-1023.622	-1235.386	211.7644	1.183729	0.516838	0.0711178	0.194919	0.217125	1.979868	2.49768
44250	-1024.539	-1237.026	212.4871	1.183729	0.230113	0.34431	0.201321	0.224256	1.986849	2.028929
44256	-1025.868	-1238.223	212.354	1.146328	0.106782	0.0409303	0.689696	0.162592	2.052405	2.096987
44262	-1017.064	-1230.843	213.7792	0.7668559	0.180179	0.0509096	0.693064	0.0758479	2.485882	0.9778066
44268	-1036.018	-1250.105	214.0868	0.6750686	0.390222	0.255673	0.296907	0.0571976	2.292437	0.9602275
44274	-1027.456	-1241.672	214.2165	0.6566778	0.0776659	0.326448	0.372904	0.222982	2.449908	0.5099999
44280	-1016.884	-1230.943	214.0594	0.8043553	0.156857	0.098919	0.599468	0.144756	2.449908	0.4750274
44286	-997.0181	-1210.955	213.9371	0.8259669	0.331607	0.0709283	0.415389	0.182076	2.395984	0.8321932
44292	-1006.383	-1220.527	214.1437	0.7105576	0.146837	0.279976	0.368552	0.204635	2.410199	0.6856975
44298	-998.5552	-1212.418	213.8628	0.9288123	0.245195	0.150652	0.355829	0.248324	2.371042	0.8236277
44304	-1018.499	-1231.817	213.3177	1.19602	0.263221	0.142442	0.350048	0.244289	1.93769	1.471931
44310	-1008.313	-1221.183	212.87	1.493524	0.175649	0.136902	0.347561	0.339888	1.983026	1.571399
44316	-1009.915	-1220.822	210.9073	2.677517	0.165879	0.127407	0.385732	0.320982	2.017801	2.28383
44322	-1010.051	-1222.905	212.8532	1.287212	0.156163	0.123199	0.418455	0.302182	1.996404	1.706169
44328	-1023.107	-1235.467	212.3609	0.8030929	0.327562	0.166317	0.315137	0.190984	1.793063	2.479637
44334	-1020.05	-1231.415	211.3658	1.010253	0.373212	0.189495	0.3849	0.0523933	1.76256	2.977931
44340	-1033.268	-1246.525	213.2569	1.075284	0.194751	0.101705	0.392682	0.310861	2.2901	1.335521
44346	-1032.102	-1245.915	213.8129	0.7303747	0.230235	0.0860397	0.331269	0.352456	2.402606	1.064164
44352	-1031.504	-1244.779	213.2752	0.9404946	0.239886	0.236806	0.316485	0.206822	2.125507	1.550575
44358	-1018.695	-1232.426	213.7307	1.078746	0.433059	0.187389	0.274747	0.104804	2.163948	1.03025
44364	-1032.393	-1245.534	213.1413	1.190186	0.416837	0.138022	0.344582	0.100558	2.24427	1.375834
44370	-1035.273	-1248.561	213.2871	0.9704034	0.102452	0.148246	0.590141	0.159161	1.896031	1.686111
44376	-1038.04	-1252.011	213.9713	0.8393101	0.15489	0.224123	0.380363	0.240624	2.11159	1.081323
44382	-1035.134	-1248.208	213.0737	1.01641	0.159803	0.379163	0.392428	0.0686055	2.155202	1.620312
44388	-1044.271	-1257.286	213.0154	0.9425353	0.0770533	0.429902	0.378276	0.114769	2.018588	1.810331
44394	-1035.789	-1248.648	212.8592	0.8602739	0.182952	0.0416182	0.603864	0.171565	2.032713	1.964429
44400	-1015.637	-1228.376	212.739	1.007157	0.456444	0.162992	0.272424	0.10814	2.137928	1.873503
44406	-1007.766	-1220.897	213.131	0.8531615	0.26677	0.245055	0.21912	0.269056	2.000877	1.806075
44412	-1042.276	-1253.992	211.7161	1.229627	0.451838	0.0311157	0.264086	0.252961	1.413576	2.849224
44418	-1039.619	-1250.721	211.1027	1.809984	0.220856	0.0127569	0.305871	0.460517	1.477005	2.880288
44424	-1034.816	-1248.367	213.5512	0.7512451	0.0957615	0.590205	0.114992	0.199041	2.232823	1.409405
44430	-1026.063	-1240.109	214.0467	0.6154033	0.203154	0.124588	0.243951	0.428307	2.336269	1.020203
44436	-1023.818	-1238.048	214.2295	0.6154033	0.296547	0.0603862	0.569871	0.0731959	2.44596	0.6436527
44442	-1033.419	-1247.204	213.7855	0.9569453	0.369638	0.0478268	0.481857	0.100678	2.554428	0.5866475
44448	-1040.046	-1254.05	214.0048	0.83795	0.288618	0.0373437	0.37624	0.297799	2.41464	0.6867428
44454	-1033.574	-1247.546	213.9726	0.83795	0.179076	0.0136502	0.604317	0.202958	2.446831	0.6867428
44460	-1033.815	-1247.642	213.827	1.09045	0.235531	0.00216381	0.713572	0.048733	2.337634	0.6867428
44466	-1028.146	-1242.325	214.1792	0.6684276	0.300951	0.0714641	0.546998	0.0805869	2.46653	0.5678471
44472	-1026.729	-1240.313	213.5839	1.300937	0.233683	0.0770051	0.541098	0.148213	2.398607	0.6538124
44478	-1023.906	-1237.439	213.5336	1.078622	0.272024	0.00457169	0.550873	0.172531	2.675046	0.6169906
44484	-1023.99	-1237.278	213.2887	1.510228	0.430821	0.0246619	0.321097	0.22342	2.295435	0.9435858
44490	-1014.058	-1228.032	213.9734	0.9441272	0.524862	0.0449077	0.167555	0.262675	2.326897	0.7043896
44496	-1037.99	-1251.667	213.6767	1.047184	0.27568	0.338367	0.0960068	0.289947	2.58571	0.5207007
44502	-1036.715	-1249.928	213.2139	1.390232	0.424637	0.0262725	0.378072	0.171019	2.557831	0.8503034
44508	-1041.702	-1255.638	213.9362	0.7127363	0.173159	0.269039	0.427026	0.130776	2.50124	0.8504353
44514	-1028.016	-1240.951	212.9355	1.656681	0.0119469	0.641359	0.151618	0.195076	2.187521	1.255179
44520	-1017.955	-1230.426	212.4718	1.489567	0.307308	0.498612	0.0990944	0.0949857	2.064196	1.799344
44526	-1004.911	-1218.085	213.1749	1.221553	0.366608	0.180013	0.181704	0.271676	1.877651	1.604442
44532	-1008.326	-1220.528	212.2019	3.06157	0.506988	0.191848	0.0679237	0.23324	1.994287	1.214441
44538	-1004.188	-1216.791	212.6035	2.44916	0.064654	0.38076	0.258189	0.296397	1.955601	1.233992
44544	-1010.759	-1221.912	211.1533	4.436716	0.119117	0.333963	0.286729	0.260191	2.146397	1.357586
44550	-996.4248	-1209.655	213.2303	1.782987	0.404936	0.259078	0.134137	0.201849	2.279263	0.7597417
44556	-1013.835	-1227.83	213.9946	0.8778201	0.106254	0.4984	0.347404	0.0479423	2.279263	0.8389542
44562	-1005.689	-1219.898	214.2091	0.6555737	0.251487	0.404157	0.281713	0.0626422	2.279991	0.8612367
44568	-1015.625	-1229.841	214.2164	0.6338747	0.179394	0.516321	0.256069	0.0482153	2.34711	0.7962536
44574	-1033.36	-1247.362	214.0025	0.8124714	0.3153	0.296655	0.303302	0.0847423	2.37833	0.7882322
44580	-1028.498	-1241.018	212.5205	2.567214	0.388291	0.238131	0.289229	0.084349	2.37833	0.8214748
44586	-1026.588	-1240.589	214.0018	0.7053041	0.319116	0.26506	0.321936	0.0938875	2.49643	0.7821714
44592	-1021.169	-1235.325	214.1558	0.7053041	0.482634	0.208518	0.270542	0.0383064	2.419086	0.6555202
44598	-1017.244	-1231.135	213.8913	0.9326367	0.354315	0.414257	0.155326	0.0761025	2.248636	0.9285755
44604	-1015.855	-1230.091	214.2356	0.780502	0.421682	0.0103421	0.469047	0.0989295	2.064562	0.925754
44610	-1024.142	-1237.823	213.6811	1.006476	0.219359	0.0285276	0.608628	0.143485	2.198258	1.11162
44616	-1008.973	-1222.736	213.7634	0.9781763	0.247256	0.0282946	0.403234	0.321215	2.401271	0.8474876
44622	-1001.516	-1215.72	214.2041	0.6878168	0.249197	0.0206672	0.406399	0.323736	2.409361	0.6072546
44628	-1012.904	-1227.229	214.3244	0.6878168	0.36978	0.00317355	0.457413	0.169634	2.234722	0.7185903
44634	-1027.215	-1241.232	214.0172	0.8403449	0.440426	0.0322854	0.289235	0.238053	2.089276	1.058085
44640	-1023.913	-1238.076	214.1628	0.7528715	0.310609	0.110598	0.191855	0.386938	2.080573	1.014447
44646	-1016.507	-1230.922	214.4147	0.5917626	0.290931	0.113711	0.435257	0.160101	2.132962	0.8715211
44652	-1028.793	-1242.602	213.8094	0.7046083	0.240133	0.460796	0.28972	0.00935163	2.784379	0.4022623
44658	-1023.262	-1237.186	213.9246	0.5599438	0.143549	0.23776	0.535793	0.0828993	2.815647	0.391016
44664	-1040.84	-1254.489	213.6491	0.7955809	0.096075	0.262632	0.576164	0.0651284	2.85406	0.4141749
44670	-1028.363	-1241.965	213.6025	0.7955809	0.14658	0.13823	0.626976	0.0882132	2.85406	0.342594
44676	-1018.137	-1231.777	213.6406	0.9485993	0.422083	0.0721966	0.242162	0.263559	2.720815	0.4855142
44682	-1003.346	-1217.498	214.1521	0.8079154	0.158186	0.454563	0.10804	0.279212	2.143534	0.8989223
44688	-1016.617	-1230.589	213.9721	0.903154	0.14898	0.325946	0.0710814	0.453993	2.235588	0.886764
44694	-1013.859	-1227.753	213.8939	1.087932	0.267698	0.29507	0.192324	0.244908	2.221361	0.7696791
44700	-1028.915	-1243.033	214.1185	0.7350112	0.208326	0.338176	0.172813	0.280685	2.388119	0.7226188
44706	-1023.234	-1236.217	212.9832	1.059759	0.306783	0.315274	0.21971	0.158233	2.403449	1.471972
44712	-1014.384	-1228.182	213.7987	0.8708237	0.440008	0.0351356	0.297909	0.226948	2.087103	1.226524
44718	-1020.386	-1233.782	213.3957	0.967546	0.440008	0.0351356	0.297909	0.226948	2.070234	1.481507
44724	-1021.597	-1235.236	213.6395	0.7799063	0.463056	0.0993898	0.198718	0.238836	1.662956	1.740629
44730	-1010.35	-1224.033	213.683	0.892957	0.21511	0.339852	0.27997	0.165068	1.80114	1.524735
44736	-1014.728	-1227.2	212.4721	1.686341	0.214938	0.108643	0.557977	0.118442	1.87247	1.817251
44742	-1022.545	-1235.843	213.2983	0.7182001	0.244027	0.123347	0.498154	0.134472	1.9242	1.84123
44748	-1027.691	-1240.979	213.2873	1.108408	0.372573	0.0997358	0.402797	0.124894	2.037642	1.482699
44754	-1047.964	-1261.991	214.0275	0.7544324	0.259716	0.223737	0.331074	0.185473	2.514776	0.6091066
44760	-1020.234	-1234.197	213.9638	0.7161452	0.279148	0.217099	0.323784	0.179969	2.639666	0.5076565
44766	-1020.493	-1234.072	213.5798	1.021936	0.312337	0.24291	0.248859	0.195894	2.704927	0.4591062
44772	-1022.226	-1236.146	213.9195	0.8094151	0.204712	0.291885	0.43657	0.0668331	2.584861	0.5222413
44778	-1025.685	-1240.006	214.3208	0.4092189	0.340802	0.169721	0.480827	0.00864982	2.592637	0.5222413
44784	-1020.775	-1234.897	214.1227	0.7180943	0.205966	0.168336	0.617119	0.00857926	2.469846	0.569987
44790	-1018.559	-1232.351	213.7915	0.8663844	0.334743	0.186644	0.465943	0.0126702	2.65326	0.5264811
44796	-1033.099	-1246.86	213.7604	0.8663844	0.413819	0.235369	0.335972	0.0148413	2.674733	0.4295299
44802	-1015.262	-1228.674	213.4117	0.93076	0.151387	0.437626	0.408128	0.00285883	2.846669	0.2921764
44808	-1010.5	-1224.65	214.1497	0.5393576	0.154531	0.425946	0.416604	0.0029182	2.625947	0.4217337
44814	-1002.991	-1217.059	214.0685	0.5785011	0.284098	0.31552	0.394555	0.00582643	2.666683	0.4217337
44820	-1003.853	-1217.991	214.1384	0.5785011	0.379966	0.33516	0.283568	0.00130466	2.607959	0.465003
44826	-1008.594	-1222.706	214.1116	0.5822583	0.232178	0.325019	0.440776	0.00202795	2.628988	0.4544215
44832	-1016.558	-1230.854	214.2959	0.5053746	0.312442	0.257516	0.427313	0.00272902	2.513828	0.5886817
44838	-1006.418	-1220.335	213.9168	0.6961564	0.179373	0.206357	0.610791	0.00347823	2.707668	0.5119233
44844	-1008.18	-1222.451	214.2712	0.5439893	0.0800395	0.222794	0.691874	0.00529189	2.504058	0.5717618
44850	-1016.887	-1230.896	214.0092	0.7781478	0.172314	0.343727	0.469665	0.0142935	2.489871	0.6530882
44856	-1010.651	-1224.831	214.1802	0.5977956	0.231182	0.350304	0.381434	0.0370809	2.54259	0.5564314
44862	-1001.815	-1216.068	214.253	0.521376	0.27132	0.343143	0.373636	0.0119009	2.539155	0.5934038
44868	-1011.642	-1225.909	214.2676	0.455449	0.323406	0.314099	0.329704	0.0327912	2.600025	0.5507724
44874	-1012.611	-1226.683	214.0719	0.4839867	0.200805	0.427585	0.337995	0.0336158	2.768993	0.4561907
44880	-1016.583	-1230.471	213.8879	0.6161279	0.338113	0.340048	0.268799	0.0530401	2.780459	0.3701036
44886	-1039.483	-1253.184	213.7012	0.8080515	0.31238	0.314168	0.248342	0.12511	2.787465	0.4108845
44892	-1039.178	-1252.925	213.7469	0.6218381	0.365007	0.190792	0.368223	0.0759784	2.938468	0.4108845
44898	-1039.233	-1252.792	213.5591	0.8374488	0.211149	0.16592	0.400467	0.222464	2.908081	0.4360908
44904	-1029.684	-1243.098	213.4142	1.257984	0.11252	0.353064	0.295432	0.238984	2.647033	0.5115949
44910	-1048.364	-1258.562	210.1983	5.698616	0.287185	0.0176734	0.0637723	0.631369	1.66027	2.000341
44916	-1024.228	-1236.656	212.4285	1.358634	0.301386	0.122762	0.371723	0.204129	1.611971	2.206921
44922	-1026.278	-1238.003	211.7246	2.108864	0.525255	0.0316191	0.232734	0.210391	1.753828	2.177569
44928	-1026.844	-1238.457	211.6124	1.060151	0.258533	0.0478475	0.307517	0.386102	1.531234	2.939024
44934	-1032.961	-1243.964	211.0039	2.391358	0.544952	0.0469703	0.30188	0.106198	1.760934	2.504685
44940	-1026.611	-1238.589	211.9777	1.745801	0.16689	0.211009	0.310357	0.311744	1.772124	2.182006
44946	-1024.473	-1236.805	212.3319	0.8458177	0.245594	0.455717	0.128354	0.170336	1.696716	2.530097
44952	-1022.484	-1234.107	211.6236	1.747177	0.381723	0.0463835	0.12996	0.441933	1.793343	2.39428
44958	-1028.368	-1239.199	210.8318	1.338537	0.434021	0.0750061	0.154216	0.336757	1.465686	3.286607
44964	-1027.919	-1238.801	210.8817	1.986085	0.420404	0.0507403	0.411718	0.117137	1.364584	2.999286
44970	-1021.999	-1233.628	211.629	1.430405	0.43127	0.0110696	0.296592	0.261068	1.626658	2.660934
44976	-1033.231	-1246.102	212.8711	1.4238	0.465717	0.0161192	0.217815	0.300349	1.626658	1.865118
44982	-1022.716	-1236.328	213.6118	1.072905	0.471361	0.0733472	0.408105	0.0471876	1.757835	1.475043
44988	-1026.843	-1240.199	213.3559	1.459011	0.332866	0.251028	0.310595	0.105511	1.89369	1.289079
44994	-1037.769	-1250.211	212.442	2.252873	0.411964	0.282708	0.177561	0.127768	1.992508	1.44165
45000	-1035.725	-1248.841	213.1166	1.592952	0.430114	0.0578965	0.378592	0.133397	1.855346	1.418308
45006	-1013.227	-1226.634	213.4077	1.435659	0.520674	0.0515463	0.337068	0.0907124	1.855346	1.294793
45012	-1031.658	-1243.841	212.1831	3.046212	0.402309	0.0554255	0.482433	0.0598327	1.894294	1.320075
45018	-1027.262	-1240.947	213.6851	1.4386	0.339298	0.263764	0.258846	0.138092	1.994047	0.9079708
45024	-1024.494	-1238.268	213.7746	1.071313	0.323946	0.140119	0.415779	0.120157	1.869924	1.259331
45030	-1029.544	-1243.543	213.9998	0.8288027	0.274372	0.322609	0.270778	0.132241	2.081103	1.093256
45036	-1020.391	-1233.446	213.0552	1.562788	0.318107	0.214633	0.31394	0.15332	1.957704	1.406303
45042	-1011.72	-1225.442	213.7221	0.576295	0.383242	0.200125	0.395174	0.0214583	2.004847	1.590798
45048	-1010.165	-1223.79	213.6248	1.098812	0.335245	0.031014	0.439596	0.194145	1.943533	1.29986
45054	-1021.923	-1235.701	213.7777	0.9275561	0.377548	0.175829	0.372223	0.0744002	2.212451	1.08297
45060	-1009.247	-1223.288	214.041	0.8200064	0.411038	0.163463	0.346044	0.0794551	2.241638	0.8993742
45066	-1005.935	-1219.937	214.0018	0.8200064	0.31835	0.340622	0.24802	0.0930087	2.300859	0.8764895
45072	-1018.18	-1231.955	213.7757	0.7386711	0.303129	0.350412	0.281142	0.0653165	2.165382	1.295255
45078	-1011.642	-1224.69	213.0489	0.7386711	0.257854	0.301074	0.426173	0.0148983	2.066058	1.899877
45084	-1018.446	-1232.409	213.9623	0.5554559	0.120477	0.54886	0.293297	0.0373657	1.970066	1.453935
45090	-1015.571	-1229.171	213.6	0.5936633	0.121917	0.55542	0.296803	0.0258605	2.159356	1.553719
45096	-1011.141	-1224.744	213.6033	0.6186058	0.22696	0.337119	0.208427	0.227494	1.963465	1.674264
45102	-1034.626	-1247.882	213.2561	0.9974037	0.292	0.308317	0.126883	0.272799	1.939196	1.658118
45108	-1026.4	-1238.883	212.4826	0.9974037	0.253946	0.316029	0.227038	0.202987	1.941322	2.180805
45114	-1027.553	-1240.299	212.7457	0.8221343	0.243981	0.303627	0.208908	0.243484	2.013733	2.078793
45120	-1019.042	-1231.797	212.7554	1.036083	0.203356	0.25307	0.284744	0.25883	2.287833	1.738576
45126	-1021.957	-1234.87	212.9128	0.944278	0.12332	0.580543	0.179895	0.116242	2.007112	1.887298
45132	-1025.751	-1239.139	213.3888	0.9497681	0.137489	0.536731	0.19234	0.133441	2.199626	1.401468
45138	-1032.524	-1246.313	213.7882	0.8539657	0.199415	0.371191	0.196915	0.232479	2.295686	1.066092
45144	-1039.725	-1252.966	213.2408	0.5743969	0.0886893	0.406925	0.329011	0.175375	2.103832	1.861529
45150	-1032.559	-1246.079	213.5196	1.221262	0.375383	0.221981	0.26264	0.139997	2.247565	1.021485
45156	-1024.261	-1237.965	213.7042	1.00139	0.433415	0.0584511	0.331456	0.176678	2.075877	1.20352
45162	-1019.011	-1232.718	213.7066	1.00139	0.348104	0.213511	0.296483	0.141902	2.040035	1.231902
45168	-1012.132	-1225.401	213.2691	1.00139	0.365301	0.146168	0.311129	0.177403	2.066961	1.553012
45174	-1032.93	-1245.911	212.9809	0.9204806	0.244598	0.309691	0.284464	0.161247	2.030887	1.841097
45180	-1042.492	-1255.329	212.8366	0.7785369	0.157937	0.601043	0.141789	0.0992308	2.094717	1.995112
45186	-1048.58	-1261.01	212.4295	1.064481	0.140707	0.55163	0.12632	0.181342	1.669912	2.346437
45192	-1031.572	-1243.464	211.8916	1.064481	0.201348	0.214329	0.262422	0.321902	2.073473	2.431381
45198	-1041.623	-1254.395	212.7718	0.9648781	0.353743	0.0613469	0.467981	0.116929	2.143241	1.876466
45204	-1028.825	-1242.549	213.724	1.109096	0.308717	0.140286	0.395473	0.155524	2.216401	0.9543357
45210	-1018.759	-1232.135	213.3761	0.8862096	0.20321	0.316065	0.260316	0.220409	2.350192	1.344094
45216	-1025.726	-1238.951	213.2248	1.082935	0.239734	0.326857	0.173385	0.260024	2.303976	1.344094
45222	-1014.214	-1227.869	213.6556	1.108544	0.275896	0.0986549	0.201169	0.42428	2.216425	1.024074
45228	-1018.775	-1231.516	212.7405	2.369094	0.151696	0.166587	0.369204	0.312513	1.973671	1.147196
45234	-1015.079	-1228.068	212.9891	1.425775	0.243125	0.292093	0.251717	0.213065	1.80725	1.655283
45240	-1019.517	-1233.717	214.2008	0.4893992	0.184073	0.384334	0.298184	0.13341	2.15104	1.168238
45246	-1028.345	-1242.549	214.2037	0.7061464	0.0769421	0.290174	0.475879	0.157004	2.162822	0.938899
45252	-1014.329	-1227.979	213.6496	1.127919	0.0955813	0.250097	0.540812	0.113509	2.355914	0.861479
45258	-1017.169	-1231.271	214.102	0.662278	0.221118	0.310585	0.407861	0.0604365	2.404475	0.8312685
45264	-1008.143	-1222.25	214.1071	0.6459002	0.153341	0.326117	0.439369	0.0811728	2.322489	0.9396456
45270	-1014.698	-1229.005	214.3077	0.5170969	0.0774384	0.0955073	0.817049	0.0100056	2.480277	0.6179213
45276	-1015.276	-1229.187	213.9105	0.7650363	0.179521	0.372201	0.44748	0.000798007	2.421219	0.9089582
45282	-1011.132	-1225.43	214.2981	0.3973855	0.192636	0.337077	0.469431	0.000856305	2.131947	1.173932
45288	-1008.914	-1223.351	214.4379	0.3973855	0.251152	0.133613	0.612028	0.00320587	2.404279	0.7310428
45294	-1028.275	-1241.951	213.6763	0.7274041	0.167388	0.372908	0.351802	0.107902	2.114603	1.423544
45300	-1018.84	-1232.984	214.1443	0.6653237	0.106635	0.278378	0.447269	0.167717	2.192655	1.013488
45306	-1009.565	-1222.214	212.649	2.374643	0.279	0.180515	0.146062	0.394423	2.198156	1.020065
45312	-1014.876	-1227.724	212.8484	1.475607	0.196905	0.196003	0.31126	0.295832	2.088268	1.521005
45318	-1022.902	-1236.805	213.9037	0.7566673	0.278697	0.347143	0.180302	0.193859	2.242464	1.102787
45324	-1021.468	-1233.831	212.3628	2.309327	0.402373	0.0322251	0.264519	0.300883	2.477087	1.070245
45330	-1017.068	-1230.222	213.1539	1.628137	0.385759	0.113348	0.234339	0.266555	2.238322	1.036897
45336	-1010.176	-1224.28	214.1043	0.6983655	0.113293	0.213446	0.549892	0.123369	2.173707	1.036897
45342	-1015.896	-1229.789	213.8926	0.9090906	0.0565341	0.255321	0.643988	0.0441572	2.020694	1.169063
45348	-1007.193	-1221.032	213.8392	0.7271652	0.136732	0.239686	0.327827	0.295755	1.935774	1.435996
45354	-1019.388	-1233.181	213.7925	1.089537	0.143372	0.359914	0.315482	0.181231	2.093946	1.028027
45360	-1006.893	-1220.726	213.8333	0.8846479	0.121197	0.360091	0.188241	0.330471	2.258664	1.028027
45366	-1006.005	-1219.96	213.9546	0.9500819	0.161074	0.47857	0.193684	0.166672	2.158297	0.9386796
45372	-1014.027	-1227.869	213.8418	1.002699	0.124575	0.273388	0.207727	0.39431	2.076581	1.079144
45378	-1007.882	-1221.959	214.0767	0.8837394	0.252959	0.477021	0.183011	0.0870083	1.978309	1.064326
45384	-1003.279	-1217.134	213.8551	0.9763101	0.337806	0.37653	0.208434	0.07723	1.99792	1.162099
45390	-1023.56	-1237.419	213.8587	1.033235	0.166983	0.330495	0.366664	0.135858	1.982772	1.121791
45396	-1016.559	-1230.428	213.869	0.7347718	0.140388	0.19297	0.514847	0.151795	2.041564	1.32333
45402	-1009.613	-1223.724	214.111	0.6673557	0.149536	0.45524	0.265997	0.129226	2.137085	1.096023
45408	-1002.803	-1216.977	214.1737	0.6967239	0.271098	0.467133	0.0787862	0.182983	2.367665	0.7320049
45414	-1001.86	-1215.799	213.9382	0.8285331	0.215819	0.325639	0.13544	0.323102	2.529703	0.599402
45420	-1013.926	-1225.779	211.8535	3.810242	0.0306194	0.369914	0.232435	0.367032	2.273503	0.88284
45426	-1000.687	-1212.572	211.8849	3.719259	0.118285	0.255882	0.171883	0.45395	2.291211	0.8808349
45432	-1017.767	-1230.618	212.851	2.125974	0.0503654	0.31916	0.34681	0.283664	2.379291	0.7857649
45438	-1017.652	-1231.226	213.574	1.134451	0.280507	0.121938	0.30027	0.297285	2.569328	0.64384
45444	-1002.599	-1216.335	213.7364	0.9913605	0.0664312	0.333037	0.447917	0.152614	2.569328	0.5850328
45450	-998.896	-1213.214	214.3182	0.5320137	0.20227	0.224348	0.527527	0.0458549	2.451665	0.6254042
45456	-993.4234	-1207.412	213.9883	0.7258835	0.27634	0.0972888	0.572022	0.0543488	2.592153	0.5844833
45462	-1002.959	-1217.131	214.1724	0.6337401	0.25172	0.0886212	0.610152	0.0495068	2.510382	0.5664347
45468	-1000.519	-1214.842	214.3232	0.6402041	0.0465741	0.193325	0.556935	0.203167	2.341752	0.6039803
45474	-1004.364	-1218.229	213.8654	1.007166	0.145312	0.225775	0.497571	0.131342	2.418515	0.6039803
45480	-1009.752	-1223.874	214.1217	0.7398236	0.235497	0.125028	0.42662	0.212856	2.308724	0.8235954
45486	-1007.546	-1221.744	214.1985	0.6790291	0.328651	0.174485	0.262582	0.234282	2.330588	0.7779228
45492	-1020.054	-1234.118	214.0644	0.727083	0.276956	0.107396	0.373972	0.241675	2.413811	0.7779228
45498	-1019.983	-1233.831	213.8478	0.9795427	0.363457	0.126569	0.490773	0.0192006	2.282127	0.8868752
45504	-1005.962	-1220.242	214.2804	0.5015851	0.202022	0.106691	0.62552	0.0657661	2.332155	0.9032233
45510	-1008.521	-1222.578	214.0572	0.7789683	0.218343	0.139782	0.398164	0.243711	2.26849	0.8993344
45516	-1020.398	-1234.306	213.908	0.7254609	0.239389	0.179998	0.436543	0.14407	2.0719	1.274924
45522	-1017.542	-1231.122	213.5799	0.9175074	0.250524	0.257323	0.264796	0.227358	1.905413	1.505099
45528	-1017.369	-1231.33	213.9605	0.8928008	0.349622	0.184737	0.31244	0.153201	1.972294	1.166686
45534	-1018.416	-1232.434	214.0176	0.8928008	0.315317	0.154988	0.281783	0.247913	1.994201	1.095894
45540	-1022.418	-1236.083	213.6646	1.087319	0.182983	0.0257228	0.419051	0.372243	2.075036	1.16503
45546	-1008.971	-1222.789	213.8183	0.7977124	0.195158	0.234087	0.233134	0.337621	2.057039	1.298188
45552	-1011.953	-1225.69	213.7366	0.7362068	0.178398	0.296489	0.338067	0.187046	1.705577	1.674407
45558	-1001.049	-1214.64	213.5901	0.6281189	0.199014	0.256067	0.377136	0.167783	1.966439	1.674407
45564	-1002.209	-1216.623	214.4137	0.3491231	0.172903	0.22247	0.498811	0.105815	1.921193	1.285238
45570	-1046.042	-1259.939	213.8967	0.8184929	0.369914	0.148728	0.280452	0.200906	1.922418	1.32607
45576	-1032.075	-1246.106	214.0309	0.7602529	0.218283	0.337436	0.412195	0.0320863	2.023186	1.181395
45582	-1030.579	-1244.06	213.4811	1.113577	0.259088	0.484288	0.131263	0.125361	1.717434	1.572938
45588	-1034.58	-1246.87	212.2896	1.113577	0.180255	0.496117	0.157805	0.165823	1.673973	2.402134
45594	-1026.322	-1239.766	213.4436	1.036414	0.199229	0.163682	0.584109	0.0529802	1.775933	1.612664
45600	-1011.75	-1224.175	212.4242	0.9643221	0.341509	0.114888	0.260755	0.282848	1.965194	2.224629
45606	-1010.833	-1224.304	213.4708	0.936337	0.182641	0.130524	0.414808	0.272027	2.078825	1.441903
45612	-999.8344	-1213.293	213.459	0.8875955	0.282789	0.257121	0.308935	0.151155	1.908828	1.614178
45618	-1003.43	-1217.8	214.37	0.6058077	0.162686	0.189477	0.563557	0.0842802	1.86049	1.169947
45624	-1008.16	-1221.652	213.4914	1.174792	0.379736	0.397275	0.160565	0.0624232	1.724313	1.516798
45630	-1005.759	-1218.713	212.9539	0.9713961	0.296297	0.396469	0.117258	0.189976	1.745898	2.016823
45636	-1025.434	-1237.261	211.8266	1.384967	0.32382	0.215976	0.362158	0.0980465	1.616012	2.570301
45642	-1007.537	-1220.769	213.2323	0.7721984	0.158217	0.246061	0.522845	0.0728767	1.95977	1.823006
45648	-1023.567	-1237.111	213.5439	0.65276	0.171242	0.279273	0.514027	0.0354573	1.957427	1.695137
45654	-1020.301	-1233.918	213.617	0.7139923	0.0401899	0.292933	0.647709	0.0191685	1.988641	1.573252
45660	-1034.752	-1247.383	212.6317	0.9299533	0.225185	0.041611	0.389136	0.344068	1.749976	2.252064
45666	-1014.559	-1226.448	211.889	1.735273	0.471038	0.0158748	0.338051	0.175036	1.837777	2.202403
45672	-1021.12	-1235.552	214.4318	0.5312583	0.275955	0.227942	0.344069	0.152035	2.27154	0.7497212
45678	-1027.054	-1240.88	213.8258	0.9675597	0.246048	0.203239	0.320199	0.230514	2.246022	0.9633641
45684	-1013.307	-1225.543	212.2354	0.9746852	0.412305	0.147552	0.0773941	0.362749	1.692356	2.510711
45690	-1027.732	-1241.134	213.4026	1.567158	0.0511481	0.0545843	0.756336	0.137932	2.343334	0.6588516
45696	-1028.652	-1242.153	213.5015	1.471965	0.192035	0.162181	0.380405	0.265379	2.340861	0.6253294
45702	-1018.594	-1231.646	213.0521	1.839475	0.169425	0.294005	0.110778	0.425792	2.34596	0.8482824
45708	-1015.791	-1229.458	213.6673	1.113218	0.357002	0.192846	0.211568	0.238584	2.454604	0.7223508
45714	-1010.815	-1224.822	214.0074	0.8402391	0.191788	0.496214	0.0543248	0.257673	2.217797	0.9392381
45720	-1013.189	-1226.362	213.173	1.544718	0.0356263	0.500644	0.0807836	0.382946	2.307846	1.018873
45726	-1027.217	-1241.183	213.9667	0.9799741	0.260558	0.20831	0.128454	0.402678	2.030542	1.025764
45732	-1021.963	-1235.231	213.2686	1.49504	0.122673	0.399775	0.168033	0.309519	2.184148	1.086246
45738	-1032.771	-1245.785	213.0137	1.586265	0.100733	0.328275	0.0892972	0.481695	2.090728	1.318332
45744	-1037.696	-1251.716	214.0198	0.9544115	0.119185	0.50922	0.17072	0.200875	2.309658	0.6240554
45750	-1025.375	-1239.749	214.3736	0.7046369	0.196579	0.290813	0.211361	0.301247	2.022267	0.908593
45756	-1041.125	-1254.668	213.5433	1.013762	0.0983435	0.397118	0.288623	0.215915	1.884258	1.475465
45762	-1047.712	-1261.146	213.4337	1.546379	0.383259	0.0285681	0.336467	0.251706	2.075633	0.9890491
45768	-1033.834	-1247.682	213.8478	1.107002	0.41119	0.158811	0.15995	0.27005	2.039849	1.010163
45774	-1026.765	-1240.503	213.7383	0.9133819	0.259735	0.239664	0.242243	0.258359	2.221138	1.124339
45780	-1011.005	-1224.675	213.6698	1.00466	0.249407	0.142615	0.357078	0.2509	2.197351	1.124339
45786	-1020.479	-1234.29	213.8106	0.675348	0.130533	0.271522	0.171163	0.426782	2.073799	1.393807
45792	-1026.004	-1239.445	213.4415	1.192439	0.267429	0.1469	0.395947	0.189723	2.23079	1.135372
45798	-1025.011	-1239.189	214.1783	0.8004143	0.244316	0.243295	0.361727	0.150661	2.190015	0.8215315
45804	-1013.067	-1226.762	213.6947	0.9411324	0.327193	0.152819	0.475283	0.0447054	2.235795	1.124905
45810	-1011.718	-1225.58	213.8624	0.833475	0.387909	0.111736	0.372832	0.127523	1.974714	1.298916
45816	-1023.006	-1237.234	214.2279	0.6581708	0.405681	0.160026	0.325169	0.109124	1.78858	1.303285
45822	-1014.77	-1228.265	213.4951	0.9153559	0.325413	0.128363	0.458692	0.0875325	1.674184	1.735401
45828	-1010.925	-1222.736	211.8108	1.81709	0.318397	0.0447355	0.528597	0.108271	1.715681	2.28929
45834	-1015.307	-1227.679	212.3718	1.117802	0.308969	0.0485285	0.573415	0.069087	1.568299	2.414366
45840	-1013.371	-1225.049	211.6776	1.666458	0.259004	0.059359	0.597131	0.0845057	1.637115	2.499795
45846	-1023.89	-1236.474	212.5846	1.106764	0.284592	0.0575065	0.565048	0.0928542	1.702689	2.199515
45852	-1003.047	-1215.059	212.0121	1.108728	0.479414	0.067977	0.38992	0.0626892	1.410527	2.740919
45858	-1020.321	-1231.665	211.3438	4.206023	0.040466	0.614802	0.328241	0.0164908	1.74534	1.600014
45864	-1002.044	-1216.05	214.006	0.5024252	0.119429	0.424406	0.449842	0.00632402	1.760621	1.616906
45870	-1006.615	-1219.767	213.1517	0.7795329	0.138567	0.338417	0.521929	0.00108663	1.667418	2.068865
45876	-1009.417	-1223.508	214.0916	0.6363901	0.256284	0.129699	0.613601	0.000416451	2.157781	1.124598
45882	-1004.254	-1218.739	214.4844	0.5391493	0.102633	0.405062	0.49224	6.59936e-05	1.964887	1.032947
45888	-994.315	-1208.907	214.5915	0.4120145	0.0669324	0.588759	0.344241	6.75137e-05	1.980087	1.032947
45894	-1008.858	-1222.987	214.1282	0.6915698	0.0773208	0.473046	0.449576	5.69599e-05	1.892455	1.270971
45900	-1023.524	-1237.112	213.5875	0.6915698	0.0956786	0.512335	0.391871	0.000115945	2.023927	1.586373
45906	-1016.196	-1229.998	213.8026	0.7191265	0.159653	0.291037	0.549287	2.35321e-05	1.776561	1.588685
45912	-995.5327	-1209.449	213.9164	0.907554	0.245359	0.261346	0.493251	4.38251e-05	2.098929	1.078611
45918	-998.9278	-1212.385	213.4569	1.564876	0.278751	0.160816	0.56038	5.23513e-05	2.137526	0.8806699
45924	-1010.263	-1223.779	213.5157	1.533064	0.186575	0.0666685	0.746666	9.09003e-05	2.137526	0.8428149
45930	-1009.867	-1223.072	213.205	1.533188	0.390471	0.139527	0.46943	0.000572117	1.781565	1.445957
45936	-1004.89	-1218.335	213.4446	0.7085134	0.286461	0.115428	0.598006	0.000105834	1.79785	1.834601
45942	-999.8183	-1213.467	213.6488	0.5435316	0.42186	0.169986	0.407999	0.000155857	1.81793	1.799514
45948	-1005.893	-1219.474	213.5809	0.7579756	0.275982	0.122001	0.601869	0.000149173	1.842068	1.671739
45954	-1013.252	-1226.444	213.1924	0.485614	0.30916	0.136667	0.554143	2.95968e-05	1.875432	2.106975
45960	-1012.011	-1225.463	213.4523	0.7461289	0.345104	0.233736	0.421119	4.19374e-05	1.915907	1.719392
45966	-1019.255	-1232.386	213.1313	0.9301271	0.312806	0.128268	0.558903	2.30142e-05	1.93076	1.799688
45972	-1008.057	-1221.202	213.1454	0.9071717	0.293419	0.236265	0.470293	2.25297e-05	1.841074	1.867777
45978	-1019.996	-1233.912	213.9156	0.5809948	0.216125	0.174027	0.609832	1.68462e-05	1.945626	1.487704
45984	-1010.144	-1223.757	213.613	0.5787047	0.234409	0.287327	0.478242	2.28591e-05	2.072786	1.618914
45990	-995.3008	-1209.152	213.8512	0.5900958	0.292352	0.146428	0.561154	6.52588e-05	2.106111	1.407085
45996	-999.0887	-1212.313	213.2245	0.6693399	0.189659	0.491854	0.318444	4.37896e-05	1.963986	1.899811
46002	-1010.693	-1223.911	213.2182	0.3988786	0.214889	0.430356	0.354717	3.79675e-05	1.728944	2.237218
46008	-1009.701	-1221.841	212.1399	0.7275588	0.273057	0.297328	0.42956	5.56598e-05	1.519501	2.833336
46014	-1002.489	-1214.896	212.4073	0.7275588	0.266682	0.138763	0.594525	2.98427e-05	1.656369	2.585417
46020	-1012.165	-1225.482	213.3174	0.6647044	0.17003	0.0884716	0.741405	9.40351e-05	1.900431	1.883189
46026	-1009.853	-1223.299	213.4464	0.6647044	0.309149	0.216357	0.474274	0.000219878	1.771388	1.883189
46032	-1017.475	-1231.127	213.6523	0.4798873	0.237033	0.207083	0.555627	0.000256916	1.920561	1.770182
46038	-1031.498	-1245.504	214.0054	0.6742515	0.237768	0.207726	0.55431	0.000196073	1.746562	1.495996
46044	-1037.156	-1250.945	213.7896	0.4213536	0.104526	0.294759	0.600503	0.000212412	2.031618	1.633105
46050	-1012.619	-1226.463	213.8436	0.8406906	0.346568	0.115423	0.537163	0.000845282	2.21176	1.105285
46056	-1011.279	-1225.301	214.0217	0.9068123	0.404387	0.179459	0.415817	0.000336852	2.138007	0.9356939
46062	-1013.799	-1227.089	213.2899	1.020142	0.30195	0.0375949	0.656029	0.00442664	2.183083	1.43603
46068	-1011.629	-1225.267	213.6379	0.6931625	0.30195	0.0375949	0.656029	0.00442664	2.151529	1.452418
46074	-1016.147	-1230.207	214.0598	0.6662158	0.500946	0.0406687	0.418104	0.0402814	2.107405	1.169542
46080	-1010.921	-1224.695	213.7739	1.163766	0.331471	0.0450728	0.590933	0.0325232	2.166057	0.8977055
46086	-999.6405	-1213.268	213.6277	1.312232	0.411954	0.139198	0.217611	0.231237	2.166057	0.9062832
46092	-1012.51	-1226.036	213.5259	1.001391	0.361872	0.183716	0.269142	0.18527	2.228818	1.225026
46098	-1017.72	-1231.473	213.7534	1.001391	0.510595	0.141656	0.281231	0.0665181	2.238624	1.009784
46104	-1006.419	-1220.076	213.6566	0.9963595	0.267301	0.273488	0.314934	0.144277	2.61598	0.6574215
46110	-1009.272	-1223.017	213.7446	0.9272916	0.225896	0.248311	0.266201	0.259592	2.505215	0.804909
46116	-1009.045	-1223.331	214.286	0.4947477	0.251708	0.125738	0.492555	0.129999	2.45443	0.7491255
46122	-1012.367	-1226.59	214.2229	0.5657655	0.178237	0.243569	0.401649	0.176546	2.531157	0.5664158
46128	-1009.736	-1223.749	214.0129	0.8547501	0.323478	0.225994	0.280501	0.170027	2.435608	0.5726995
46134	-1001.748	-1215.754	214.0057	0.7947915	0.327	0.133603	0.386787	0.15261	2.505278	0.5726995
46140	-999.187	-1213.448	214.2612	0.4650329	0.260404	0.310052	0.308015	0.12153	2.584957	0.4129365
46146	-1005.241	-1219.367	214.126	0.4736426	0.24899	0.386109	0.248698	0.116203	2.697352	0.3843807
46152	-1001.64	-1215.652	214.0122	0.5552564	0.189906	0.321767	0.293507	0.19482	2.729132	0.3843807
46158	-1001.341	-1215.439	214.0978	0.476786	0.249951	0.236281	0.395015	0.118753	2.680738	0.3319669
46164	-1004.801	-1219.019	214.2179	0.6263344	0.340617	0.183797	0.365659	0.109928	2.480213	0.4832656
46170	-1000.054	-1213.734	213.6799	0.9436281	0.11886	0.189746	0.531584	0.15981	2.648185	0.3733173
46176	-1006.855	-1220.256	213.4009	1.188636	0.329487	0.0249377	0.370086	0.27549	2.656355	0.3362675
46182	-999.8632	-1213.168	213.3051	1.066856	0.258631	0.00440465	0.704187	0.032777	2.869567	0.3362675
46188	-1008.787	-1222.422	213.6346	0.6467421	0.274499	0.000990746	0.657102	0.0674076	2.869567	0.2605275
46194	-1013.285	-1225.827	212.5416	2.118917	0.390469	0.0082724	0.505373	0.0958857	2.741924	0.3341157
46200	-1018.434	-1231.745	213.3113	1.272363	0.317109	0.0261433	0.609361	0.0473871	2.69194	0.3646457
46206	-1012	-1225.59	213.5899	0.9253604	0.085391	0.0313306	0.808684	0.0745939	2.775319	0.4060704
46212	-1000.901	-1214.086	213.1852	1.872321	0.345996	0.144073	0.215976	0.293955	2.30329	0.6789452
46218	-1017.464	-1231.477	214.0133	0.915849	0.336733	0.0248737	0.62354	0.0148529	2.339552	0.6598665
46224	-1008.88	-1222.087	213.2069	1.692138	0.332999	0.0200833	0.637357	0.00956077	2.429664	0.6699022
46230	-1010.273	-1224.454	214.1813	0.8391924	0.20015	0.157904	0.632459	0.0094873	2.245688	0.6699022
46236	-1040.721	-1255.202	214.4807	0.6001654	0.0941386	0.210174	0.685406	0.0102815	2.134391	0.7740939
46242	-1033.533	-1248.198	214.6647	0.4159362	0.139429	0.31129	0.540856	0.00842534	2.106515	0.8096969
46248	-1039.923	-1254.639	214.7159	0.2648671	0.233997	0.306384	0.453028	0.0065908	1.980316	0.996115
46254	-1041.885	-1253.985	212.1001	0.7589216	0.347164	0.231034	0.243472	0.17833	1.698335	2.728426
46260	-1013.909	-1227.927	214.0175	0.8100351	0.320828	0.194102	0.481315	0.00375594	2.327891	0.8377054
46266	-1003.406	-1217.416	214.01	0.8811964	0.200664	0.289813	0.504597	0.00492498	2.261392	0.8377054
46272	-1022.253	-1236.81	214.5568	0.4007057	0.110562	0.677956	0.199395	0.0120873	2.136831	0.9175025
46278	-1035.544	-1249.412	213.8678	0.702803	0.235832	0.313072	0.425314	0.0257826	1.941258	1.42961
46284	-1025.824	-1239.758	213.9339	0.8642275	0.173601	0.220418	0.570943	0.0350387	1.918051	1.2605
46290	-1020.474	-1234.88	214.4065	0.4929013	0.371482	0.0602383	0.565233	0.00304721	1.960443	1.151926
46296	-1015.936	-1230.132	214.1955	0.6897232	0.363558	0.0802842	0.553176	0.00298221	2.067985	1.059565
46302	-1011.468	-1225.98	214.5121	0.5147541	0.231166	0.26346	0.502939	0.00243522	2.122498	0.8625382
46308	-1001.604	-1215.455	213.8508	0.8433156	0.215019	0.183699	0.599017	0.00226512	2.212639	1.095431
46314	-1006.174	-1219.996	213.8225	1.054297	0.223851	0.298141	0.470732	0.00727683	2.027118	1.095431
46320	-1020.849	-1235.007	214.1582	0.7141811	0.0954421	0.384443	0.510732	0.00938323	2.040911	1.095431
46326	-1009.645	-1223.679	214.0339	0.713841	0.127234	0.194856	0.655387	0.0225226	1.872315	1.344461
46332	-1028.665	-1242.036	213.3711	1.428829	0.214156	0.239575	0.4798	0.0664702	1.584294	1.537545
46338	-1005.473	-1218.649	213.1757	0.9094296	0.18338	0.348853	0.410849	0.0569179	1.657417	1.969917
46344	-1007.528	-1219.464	211.9358	1.430088	0.201955	0.249798	0.287809	0.260438	1.682896	2.43523
46350	-1017.479	-1230.132	212.6531	1.215268	0.323604	0.0732484	0.461172	0.141976	1.838236	1.997578
46356	-1018.53	-1231.816	213.2856	0.7599458	0.254049	0.0426818	0.642976	0.0602928	1.668728	1.992827
46362	-1012.593	-1226.35	213.7569	0.5394902	0.421067	0.0167062	0.477679	0.0845484	1.624065	1.861361
46368	-1033.539	-1247.492	213.9524	0.5952642	0.250846	0.0673387	0.570528	0.111287	1.795779	1.560756
46374	-1024.572	-1237.573	213.0008	1.379283	0.204789	0.437966	0.219234	0.13801	1.865778	1.634461
46380	-1019.426	-1233.276	213.8494	0.9433436	0.468319	0.0494362	0.469595	0.0126496	2.023193	1.174101
46386	-1007.147	-1221.399	214.2518	0.5733801	0.0853659	0.418894	0.484423	0.0113163	2.172271	1.023051
46392	-1007.886	-1221.895	214.0093	0.8140435	0.356181	0.0697799	0.550007	0.0240319	2.022319	1.151622
46398	-1038.255	-1251.833	213.5781	0.9473768	0.186805	0.263966	0.464845	0.0843836	2.00256	1.40935
46404	-1010.88	-1225.515	214.6342	0.4952464	0.2318	0.249361	0.439125	0.0797146	2.091282	0.7702429
46410	-1015.822	-1230.097	214.2752	0.6764264	0.267764	0.196965	0.443189	0.0920824	2.140251	0.9199804
46416	-1027.187	-1240.781	213.5941	1.335563	0.322926	0.150357	0.238045	0.288672	2.208964	0.8714285
46422	-1012.928	-1224.535	211.6069	1.218954	0.327276	0.087823	0.341299	0.243602	1.684299	2.757008
46428	-1008.223	-1219.791	211.5683	1.315251	0.454018	0.105803	0.0956239	0.344555	1.651501	2.746197
46434	-1020.35	-1231.406	211.0566	1.231832	0.39919	0.082106	0.25132	0.267384	1.748568	3.043415
46440	-1026.972	-1239.779	212.8073	0.9951891	0.206139	0.571453	0.0843337	0.138075	1.931751	1.974734
46446	-1018.593	-1230.952	212.3586	2.272825	0.176397	0.148316	0.265247	0.41004	2.06633	1.438279
46452	-1012.144	-1225.635	213.4902	0.8282687	0.253025	0.212745	0.380472	0.153759	2.175535	1.438279
46458	-1019.027	-1232.379	213.3512	1.096607	0.295776	0.219177	0.30531	0.179738	2.418122	1.130716
46464	-1026.185	-1239.763	213.5775	0.8703201	0.187058	0.19621	0.310626	0.306105	2.26304	1.264715
46470	-1027.173	-1240.677	213.5047	0.736015	0.241739	0.174246	0.238075	0.34594	2.120456	1.541714
46476	-1021.549	-1235.359	213.8092	0.6110697	0.0901718	0.319067	0.449868	0.140893	2.136575	1.398891
46482	-1020.825	-1234.294	213.4695	0.7752651	0.212293	0.246604	0.39561	0.145493	2.204618	1.474113
46488	-1002.461	-1215.168	212.7073	0.7243603	0.201593	0.193251	0.540048	0.0651078	1.960641	2.205511
46494	-1016.973	-1230.133	213.1593	0.7243603	0.0467664	0.362784	0.422109	0.16834	2.176847	1.758047
46500	-1015.148	-1227.886	212.7378	1.809445	0.0997172	0.312449	0.325788	0.262046	2.328617	1.198939
46506	-1008.47	-1222.41	213.9398	0.4922018	0.284926	0.359894	0.282052	0.0731278	2.532845	1.055906
46512	-1023.64	-1237.282	213.6421	0.7500715	0.393217	0.268436	0.255532	0.0828157	1.695207	1.738205
46518	-1023.142	-1235.973	212.8307	1.108794	0.264426	0.301979	0.273048	0.160547	1.781811	1.984465
46524	-1023.508	-1237.142	213.6332	1.00923	0.326387	0.236285	0.311708	0.125621	1.731104	1.526248
46530	-1025.344	-1238.885	213.5407	0.8501877	0.289548	0.122692	0.276526	0.311235	1.927987	1.568823
46536	-1033.794	-1246.874	213.0802	1.578028	0.343961	0.0690733	0.217243	0.369723	1.704198	1.568823
46542	-1042.327	-1254.986	212.6587	0.9977	0.218312	0.237641	0.301254	0.242792	1.793622	2.162177
46548	-1045.792	-1255.701	209.9092	0.9977	0.223567	0.207459	0.320338	0.248636	1.736894	3.854336
46554	-1044.461	-1254.164	209.7029	0.9022362	0.225234	0.361422	0.219495	0.193849	1.598006	4.107031
46560	-1044.41	-1256.606	212.1958	1.060611	0.312282	0.116307	0.304326	0.267086	1.522976	2.587549
46566	-1039.255	-1250.457	211.202	1.997285	0.274636	0.0937787	0.425027	0.206558	1.474779	2.733408
46572	-1043.859	-1255.404	211.545	0.9762308	0.386992	0.181229	0.290567	0.141212	1.706302	2.924427
46578	-1042.708	-1253.96	211.2519	1.246008	0.142268	0.242034	0.427107	0.188592	1.453958	3.094813
46584	-1034.211	-1245.719	211.5076	1.474287	0.294383	0.0363106	0.343666	0.325641	1.767291	2.625402
46590	-1038.855	-1251.024	212.1695	1.241535	0.306363	0.218907	0.29776	0.17697	1.711376	2.377588
46596	-1041.5	-1250.975	209.4752	1.000762	0.279751	0.110076	0.428854	0.18132	1.478671	4.247451
46602	-1017.6	-1229.211	211.6118	1.023712	0.225094	0.114507	0.535863	0.124536	1.513826	2.971523
46608	-1023.287	-1233.833	210.5452	0.8368323	0.225094	0.114507	0.535863	0.124536	1.576239	3.674986
46614	-1015.472	-1227.281	211.8096	0.9389843	0.188286	0.137743	0.644599	0.0293729	1.553189	2.879852
46620	-1016.182	-1228.324	212.1419	0.7157951	0.299329	0.208469	0.415575	0.0766274	1.788043	2.675672
46626	-1005.179	-1217.555	212.3755	0.648877	0.299329	0.208469	0.415575	0.0766274	1.625379	2.675672
46632	-1024.711	-1236.847	212.1353	0.842544	0.103814	0.307272	0.53029	0.0586244	1.661487	2.675672
46638	-1021.873	-1234.067	212.1941	0.7612557	0.192107	0.358504	0.417128	0.032262	1.687871	2.675672
46644	-1029.865	-1243.005	213.1403	0.7612557	0.177159	0.33061	0.384673	0.107558	1.573247	2.150667
46650	-1022.9	-1235.317	212.4171	0.6208237	0.0677438	0.387267	0.450594	0.0943954	1.602498	2.682356
46656	-1036.823	-1248.555	211.7322	0.7639668	0.0489661	0.155335	0.684736	0.110963	1.715259	2.938296
46662	-1018.935	-1230.15	211.2147	1.297799	0.118254	0.570653	0.157718	0.153376	1.84212	2.855101
46668	-1019.872	-1233.455	213.5836	0.7824943	0.259835	0.308141	0.271044	0.16098	1.865861	1.634195
46674	-1019.689	-1231.073	211.384	1.663367	0.377587	0.285096	0.105929	0.231387	1.783221	2.593128
46680	-1032.126	-1245.161	213.0356	1.630301	0.162507	0.131351	0.388981	0.317161	1.906625	1.417233
46686	-1039.141	-1252.32	213.1789	0.9759743	0.138491	0.212635	0.385549	0.263324	2.051978	1.647991
46692	-1031.962	-1244.01	212.0486	2.467312	0.166294	0.16923	0.462949	0.201527	1.972675	1.638573
46698	-1032.395	-1244.638	212.2434	2.06554	0.261748	0.199981	0.290857	0.247413	1.862094	1.778844
46704	-1017.563	-1231.407	213.8439	0.7802677	0.276437	0.107258	0.502663	0.113642	1.9247	1.397596
46710	-1019.913	-1233.777	213.8641	0.805618	0.180625	0.257575	0.442922	0.118878	2.248682	1.086174
46716	-1031.415	-1245.244	213.8283	1.033855	0.113884	0.329516	0.428428	0.128172	2.30012	0.8234586
46722	-1014.923	-1228.689	213.7657	1.115065	0.243907	0.0811153	0.548146	0.126832	2.193673	0.9279562
46728	-1006.748	-1220.474	213.7257	1.115065	0.293426	0.115982	0.393051	0.197541	2.418112	0.6810475
46734	-1016.022	-1230.066	214.0447	0.7556679	0.0973514	0.0252748	0.796157	0.0812172	2.34885	0.848627
46740	-1020.555	-1234.264	213.7094	0.7780165	0.391515	0.178766	0.380122	0.0495967	2.153753	1.324778
46746	-1006.596	-1219.792	213.1961	1.06679	0.196266	0.416114	0.363762	0.0238576	2.076846	1.551777
46752	-1008.736	-1222.077	213.3409	0.6505965	0.219755	0.114262	0.617709	0.0482733	1.999115	1.809638
46758	-1017.371	-1230.314	212.9423	1.527138	0.277066	0.0663311	0.580772	0.0758317	1.805577	1.626807
46764	-1021.901	-1234.792	212.8902	1.020001	0.168634	0.071911	0.52671	0.232745	1.905182	1.920189
46770	-1026.31	-1238.753	212.4433	0.8689504	0.122003	0.238424	0.381063	0.25851	1.773351	2.397074
46776	-1018.034	-1229.942	211.9081	0.7647219	0.257362	0.184763	0.357546	0.200328	1.712248	2.833273
46782	-1021.135	-1232.99	211.8545	0.7647219	0.250741	0.179936	0.335953	0.233369	1.727574	2.856467
46788	-1031.296	-1243.718	212.4217	0.9621623	0.282684	0.202859	0.344129	0.170327	1.774508	2.349645
46794	-1017.834	-1231.589	213.7547	1.06029	0.367454	0.0664425	0.387892	0.178212	2.264181	0.9212727
46800	-1019.494	-1233.487	213.993	0.8554721	0.134431	0.210311	0.463125	0.192133	2.079212	1.075567
46806	-1011.622	-1226.176	214.5532	0.4938229	0.259937	0.274001	0.432376	0.0336857	2.105229	0.8591038
46812	-1021.296	-1234.402	213.1062	1.567577	0.371527	0.0645027	0.52047	0.0435002	2.017838	1.315256
46818	-1020.698	-1234.074	213.3759	0.8643595	0.325688	0.164661	0.471518	0.0381331	1.807169	1.762473
46824	-1026.777	-1239.505	212.728	0.8748331	0.244363	0.192318	0.517485	0.0458338	1.762423	2.218438
46830	-1024.809	-1238.416	213.6078	0.6459143	0.23883	0.123093	0.578769	0.0593073	2.081226	1.564959
46836	-1031.104	-1244.646	213.5424	0.8542439	0.277537	0.132014	0.564616	0.0258326	1.927365	1.564959
46842	-1010.718	-1224.62	213.9025	0.7737666	0.212364	0.170471	0.603214	0.0139517	1.927365	1.354846
46848	-1005.73	-1219.842	214.1118	0.545579	0.41776	0.121217	0.428927	0.0320963	2.0771	1.258659
46854	-1019.413	-1233.354	213.9414	0.7074409	0.40313	0.115682	0.356334	0.124854	2.007777	1.315513
46860	-1022.211	-1235.124	212.9134	1.36247	0.158287	0.21041	0.467498	0.163805	1.771743	1.773546
46866	-1028.485	-1241.828	213.3432	1.011182	0.0716437	0.215017	0.423777	0.289562	2.108179	1.459359
46872	-1029.598	-1242.481	212.8826	1.429388	0.11987	0.116138	0.255834	0.508159	2.220561	1.425574
46878	-1019.465	-1232.385	212.9206	1.429388	0.405161	0.0916615	0.177397	0.325781	2.005133	1.559081
46884	-1038.033	-1249.692	211.6596	1.861865	0.24038	0.102498	0.283083	0.37404	1.795488	2.312482
46890	-1023.363	-1235.47	212.1078	0.8471913	0.15706	0.33424	0.308358	0.200342	1.789716	2.610573
46896	-1021.885	-1234.849	212.9634	0.911792	0.419981	0.0922272	0.324933	0.162859	1.915514	1.937486
46902	-1026.538	-1238.525	211.9868	1.201219	0.333796	0.0266478	0.297698	0.341858	1.69374	2.527114
46908	-1020.343	-1233.356	213.0132	1.261905	0.25258	0.255874	0.187396	0.30415	1.921313	1.662389
46914	-1008.481	-1220.447	211.9657	1.287469	0.277043	0.338433	0.013782	0.370742	1.807613	2.41867
46920	-999.9507	-1213.061	213.11	0.9723798	0.28425	0.355981	0.0710455	0.288723	2.027374	1.71713
46926	-999.3115	-1212.299	212.9879	0.9723798	0.176873	0.329287	0.102428	0.391413	2.027985	1.801956
46932	-1008.542	-1222.25	213.708	0.8149458	0.150858	0.450581	0.189636	0.208925	1.835593	1.540641
46938	-1021.621	-1234.489	212.8675	1.856723	0.204955	0.220997	0.290738	0.28331	1.788905	1.496105
46944	-1009.087	-1221.954	212.8674	1.856723	0.292115	0.319935	0.151557	0.236392	1.910597	1.403282
46950	-1015.456	-1229.467	214.0112	0.7322583	0.197624	0.412339	0.276527	0.113509	2.093055	1.163381
46956	-1005.267	-1219.097	213.8299	0.9546313	0.217205	0.269409	0.352583	0.160803	2.516069	0.5732063
46962	-1012.586	-1226.437	213.8515	0.915589	0.338069	0.135593	0.255195	0.271144	2.395262	0.8242888
46968	-1002.349	-1216.357	214.0082	0.9416563	0.278517	0.111708	0.382037	0.227738	2.204405	0.8338687
46974	-1012.824	-1226.436	213.612	1.244994	0.317737	0.0868021	0.435834	0.159627	2.234005	0.9171068
46980	-987.2571	-1201.442	214.1849	0.6192769	0.20498	0.447639	0.275885	0.0714953	2.263409	0.9496388
46986	-998.8109	-1212.356	213.5452	0.9224881	0.237812	0.511211	0.169327	0.0816488	2.075674	1.397761
46992	-1008.801	-1222.412	213.6111	0.9224881	0.332482	0.318799	0.224367	0.124352	1.798856	1.557298
46998	-1029.014	-1242.759	213.7452	1.188166	0.328035	0.2116	0.0668498	0.393515	1.996416	1.07568
47004	-995.3377	-1209.032	213.6944	0.8045181	0.207856	0.134078	0.408719	0.249347	1.902699	1.508956
47010	-1004.109	-1217.105	212.996	1.130452	0.389395	0.157919	0.362098	0.0905873	1.774905	1.863286
47016	-1011.999	-1225.373	213.374	0.7021151	0.127108	0.30674	0.543807	0.0223448	1.686058	1.963032
47022	-1011.72	-1224.516	212.7965	1.003484	0.121421	0.249474	0.442282	0.186823	1.951674	1.963032
47028	-1013.144	-1226.593	213.4492	0.8924331	0.122079	0.223725	0.488268	0.165929	1.681572	1.778732
47034	-1030.302	-1243.539	213.2364	1.089303	0.219493	0.2451	0.353625	0.181782	1.697144	1.778732
47040	-1028.363	-1241.461	213.0977	1.039511	0.54327	0.0118637	0.267317	0.177549	1.969899	1.719049
47046	-1046.361	-1258.591	212.2295	1.032754	0.436001	0.00197359	0.455891	0.106135	1.976998	2.298137
47052	-1032.339	-1245.683	213.3441	1.111475	0.58753	0.0050365	0.264412	0.143022	1.928459	1.519765
47058	-1025.356	-1239.162	213.8064	0.9628573	0.379157	0.10021	0.305503	0.21513	2.05413	1.167436
47064	-1018.018	-1230.736	212.7181	1.393649	0.354715	0.158215	0.285809	0.201261	1.996477	1.733489
47070	-1025.297	-1237.87	212.5733	1.016907	0.321293	0.125004	0.255569	0.298134	1.894911	2.139343
47076	-1030.94	-1242.31	211.37	2.06871	0.341777	0.166762	0.057011	0.43445	1.732671	2.436349
47082	-1021.592	-1235.499	213.9074	0.836495	0.0954304	0.412631	0.298602	0.193337	1.953301	1.277058
47088	-1009.541	-1223.26	213.7192	1.123234	0.139458	0.304026	0.48925	0.0672667	2.195357	0.9670465
47094	-1013.429	-1227.11	213.6804	1.030582	0.07485	0.453698	0.345519	0.125933	2.194708	1.093527
47100	-1017.52	-1230.021	212.5017	2.537751	0.209267	0.104085	0.368502	0.318147	2.158408	1.093527
47106	-1017.493	-1231.564	214.0711	0.8160404	0.285671	0.142086	0.359034	0.213209	2.121278	0.9992246
47112	-1018.181	-1231.884	213.7035	1.197513	0.346465	0.0545857	0.378555	0.220394	2.337814	0.7222294
47118	-1015.349	-1227.033	211.6837	4.103428	0.183674	0.210809	0.488677	0.11684	2.12056	1.063158
47124	-1007.312	-1220.6	213.2881	1.702067	0.250177	0.287136	0.197465	0.265223	2.12056	0.9594305
47130	-1006.082	-1219.052	212.9696	2.0865	0.292039	0.209278	0.266407	0.232276	2.056125	1.045073
47136	-1021.656	-1231.088	209.4329	11.29674	0.147236	0.406288	0.0830183	0.363458	2.008391	1.007856
47142	-1019.035	-1231.899	212.8639	1.977224	0.0217557	0.414335	0.450975	0.112935	2.122973	1.155349
47148	-1016.498	-1228.549	212.0511	3.743908	0.367931	0.218218	0.226907	0.186944	2.046234	0.9533611
47154	-1011.056	-1224.318	213.2618	1.777516	0.193312	0.413315	0.0392936	0.354079	2.10961	0.9344656
47160	-1023.569	-1234.646	211.0768	6.002088	0.18319	0.444034	0.0372361	0.33554	2.137575	0.8133564
47166	-1027.731	-1241.628	213.8976	1.089185	0.165751	0.564931	0.0692165	0.200101	1.993166	1.024137
47172	-1048.19	-1260.324	212.1339	2.120678	0.24064	0.403357	0.0213959	0.334607	1.902103	1.798987
47178	-1022.787	-1236.233	213.4456	1.237068	0.171878	0.375322	0.160513	0.292286	1.829021	1.427839
47184	-1035.294	-1246.299	211.0048	3.450038	0.29694	0.275173	0.138795	0.289092	1.501897	2.258703
47190	-1016.237	-1228.689	212.452	2.008134	0.0817387	0.388754	0.394663	0.134844	1.643898	1.815113
47196	-1007.053	-1219.798	212.7447	2.29153	0.0640622	0.520939	0.309315	0.105683	1.824495	1.314672
47202	-1042.602	-1254.33	211.7274	1.049085	0.188369	0.276062	0.412389	0.12318	1.636491	2.812296
47208	-1034.982	-1246.743	211.7607	1.310494	0.177343	0.377777	0.353987	0.0908928	1.539338	2.699723
47214	-1028.487	-1241.405	212.9185	1.470497	0.376792	0.172132	0.358918	0.092159	1.863929	1.637134
47220	-1021.19	-1235.274	214.0837	0.7372508	0.0492016	0.279209	0.417726	0.253863	2.018303	1.160734
47226	-1023.129	-1236.916	213.7863	1.130419	0.0214154	0.288134	0.42116	0.269291	2.018303	1.068387
47232	-1012.773	-1226.505	213.7316	1.277933	0.0220976	0.297311	0.402723	0.277868	2.1101	0.8877258
47238	-1028.53	-1242.64	214.1093	0.8460065	0.087928	0.166023	0.590882	0.155166	2.033554	1.017389
47244	-1051.556	-1264.68	213.1237	1.350305	0.154471	0.0832993	0.538986	0.223243	2.174823	1.327547
47250	-1024.508	-1237.88	213.3711	1.570045	0.0883642	0.0203266	0.614571	0.276738	2.024183	1.080057
47256	-1016.069	-1230.411	214.3429	0.5339743	0.130464	0.090643	0.738776	0.0401164	2.1093	1.035281
47262	-1021.718	-1235.976	214.2571	0.6255241	0.202453	0.223357	0.286128	0.288062	2.072694	1.061039
47268	-1014.745	-1228.738	213.9933	0.6770146	0.198633	0.219142	0.528957	0.0532679	2.072694	1.246108
47274	-1012.121	-1225.563	213.4426	1.291719	0.104338	0.205659	0.639338	0.0506649	1.962937	1.283975
47280	-1009.808	-1223.158	213.3505	0.9703931	0.0339296	0.303806	0.624193	0.0380719	1.924829	1.620048
47286	-1017.336	-1231.17	213.8342	0.9073514	0.272447	0.101396	0.495258	0.130899	1.950279	1.279535
47292	-1017.999	-1231.276	213.2773	1.128991	0.0376006	0.104226	0.836169	0.0220047	1.89936	1.578066
47298	-1023.047	-1236.711	213.6639	0.9600072	0.15804	0.200873	0.42521	0.215877	2.042892	1.299173
47304	-1034.505	-1248.414	213.909	0.8255031	0.154518	0.121868	0.662695	0.0609192	1.915503	1.31581
47310	-1010.943	-1224.465	213.5215	1.330524	0.236516	0.0875965	0.617915	0.057972	2.153635	1.01289
47316	-997.1526	-1211.222	214.069	0.7740572	0.0854389	0.304286	0.571643	0.0386317	2.153635	1.01289
47322	-1012.578	-1226.896	214.3177	0.6237965	0.161118	0.274494	0.515675	0.0487123	2.212991	0.8516045
47328	-1003.555	-1217.61	214.0553	0.7519582	0.22868	0.173998	0.359675	0.237647	2.339698	0.8516045
47334	-1014.104	-1227.951	213.8477	0.9387539	0.117874	0.280008	0.442004	0.160114	2.357248	0.8469419
47340	-1024.578	-1238.046	213.4672	1.391105	0.323158	0.0924227	0.480784	0.103635	2.276796	0.8821074
47346	-1018.466	-1232.819	214.3531	0.5586495	0.330646	0.0713915	0.491925	0.106037	2.285651	0.8010406
47352	-1024.296	-1238.239	213.9434	0.8129447	0.303246	0.0707164	0.384616	0.241422	2.508487	0.6747661
47358	-1029.15	-1243.051	213.9013	0.8534899	0.339507	0.115748	0.311817	0.232928	2.436821	0.7883352
47364	-1022.925	-1236.864	213.9387	0.8534899	0.122119	0.24978	0.253158	0.374943	2.498053	0.6140632
47370	-1013.017	-1227.029	214.012	0.8084977	0.220941	0.352738	0.22801	0.198311	2.428952	0.703243
47376	-1015.987	-1229.649	213.6619	1.145829	0.164305	0.122393	0.624797	0.0885049	2.375613	0.7997239
47382	-1015.775	-1229.356	213.5805	1.212701	0.206668	0.211475	0.434071	0.147787	2.352056	0.8522537
47388	-997.532	-1211.685	214.1526	0.8276182	0.245708	0.160969	0.409598	0.183725	2.261532	0.7148577
47394	-1000.683	-1214.555	213.8721	1.02168	0.105818	0.330759	0.421262	0.14216	2.285678	0.8009813
47400	-1003.437	-1216.916	213.4791	1.346495	0.121893	0.35013	0.39476	0.133217	2.283876	0.9059535
47406	-1011.867	-1225.831	213.9634	0.831798	0.196077	0.210219	0.278623	0.315081	2.181578	1.029713
47412	-999.1208	-1212.617	213.4959	1.206856	0.232266	0.230482	0.360715	0.176536	2.355163	0.9500995
47418	-1020.65	-1234.131	213.4809	1.138658	0.0654491	0.280563	0.439094	0.214895	2.34056	1.044805
47424	-1022.898	-1236.271	213.3727	1.425727	0.148332	0.328625	0.137217	0.385825	2.351471	0.8694455
47430	-1027.981	-1239.679	211.6979	3.315847	0.157313	0.160981	0.385958	0.295748	2.851106	0.3689872
47436	-1029.697	-1241.609	211.9121	3.572298	0.332967	0.188041	0.218833	0.260159	2.528373	0.4353614
47442	-1005.491	-1216.647	211.156	1.971232	0.28265	0.36385	0.272585	0.080915	1.72136	2.622214
47448	-1007.534	-1219.087	211.5529	0.7878559	0.161476	0.432006	0.230911	0.175606	1.72749	3.023577
47454	-1015.465	-1228.344	212.8792	0.7878559	0.143574	0.671006	0.105323	0.0800968	1.755078	2.18397
47460	-1026.583	-1240.585	214.0017	1.050165	0.372415	0.0411424	0.555002	0.0314412	2.191167	0.7067846
47466	-1011.383	-1225.119	213.7352	1.143152	0.353058	0.231288	0.36686	0.0487933	2.379042	0.6857634
47472	-1011.948	-1226.032	214.0841	0.7675557	0.233689	0.370795	0.308087	0.0874282	2.376442	0.741201
47478	-1005.496	-1217.109	211.6134	4.410398	0.0762729	0.382042	0.436166	0.105519	2.243217	0.8529001
47484	-1013.267	-1226.457	213.1904	1.702711	0.165373	0.461838	0.0208577	0.351931	2.070208	1.102834
47490	-1021.383	-1233.373	211.9895	1.96645	0.0571616	0.630703	0.0409329	0.271202	1.823512	2.027629
47496	-1022.126	-1235.025	212.8988	1.276278	0.402816	0.205498	0.0709315	0.320755	1.870341	1.769683
47502	-1019.932	-1234.004	214.0721	0.7573622	0.234558	0.315303	0.210348	0.239791	2.073434	1.10273
47508	-1016.602	-1230.104	213.5017	1.340135	0.237999	0.319929	0.213433	0.228639	2.214353	0.9626583
47514	-1006.857	-1220.574	213.7171	1.053841	0.374528	0.154451	0.303548	0.167473	2.086626	1.137465
47520	-1021.314	-1235.622	214.3081	0.671814	0.364216	0.150198	0.232602	0.252984	2.118825	0.9127588
47526	-1023.84	-1238.214	214.3736	0.6459516	0.312722	0.167224	0.410878	0.109176	2.048099	0.9479587
47532	-1013.832	-1226.844	213.0115	1.280257	0.31105	0.0542561	0.562175	0.0725186	1.937821	1.639589
47538	-1013.785	-1226.532	212.7471	1.636473	0.408311	0.141872	0.423381	0.026436	1.753787	1.737094
47544	-1005.374	-1218.916	213.5421	1.027353	0.382238	0.0551719	0.497429	0.0651605	1.922521	1.436983
47550	-1011.515	-1225.652	214.1368	0.6390685	0.360113	0.10986	0.468637	0.0613889	2.032596	1.192534
47556	-1008.489	-1222.26	213.7713	1.074767	0.51397	0.103436	0.294977	0.087617	2.083588	1.071886
47562	-998.1539	-1211.35	213.1965	1.718994	0.326096	0.0965902	0.38765	0.189663	2.352952	0.7762228
47568	-1012.086	-1223.657	211.5709	4.375226	0.281004	0.167938	0.250727	0.300332	2.473907	0.4928114
47574	-1007.24	-1220.472	213.2325	1.825326	0.225459	0.134742	0.293849	0.345949	2.317219	0.62649
47580	-1011.005	-1222.668	211.6635	4.301369	0.18652	0.258957	0.243097	0.311426	2.252144	0.8439635
47586	-1013.392	-1227.143	213.7515	1.173807	0.185943	0.377513	0.242346	0.194199	2.289423	0.7574945
47592	-1000.267	-1213.559	213.2921	1.788889	0.198998	0.540672	0.052497	0.207833	2.090558	0.9123527
47598	-1002.857	-1215.588	212.7303	2.231891	0.0981506	0.32849	0.0272852	0.546074	2.000258	1.21588
47604	-1020.328	-1232.725	212.3971	2.944669	0.223624	0.180828	0.0259646	0.569583	2.000258	1.098757
47610	-1004.432	-1215.685	211.2529	5.490519	0.299272	0.191943	0.36076	0.148025	2.108568	0.8802459
47616	-1005.726	-1217.609	211.8834	4.061202	0.358916	0.0144041	0.432658	0.194022	2.193772	0.7863428
47622	-1007.734	-1219.343	211.6083	3.819512	0.0876687	0.029324	0.672626	0.210381	2.001325	1.352362
47628	-1015.446	-1227.159	211.7125	3.591148	0.188196	0.0165192	0.343664	0.451621	2.144558	1.248954
47634	-1030.282	-1241.822	211.5402	4.394234	0.226731	0.00496716	0.443952	0.324349	2.23736	0.9502311
47640	-1019.721	-1231.011	211.2893	4.487116	0.305317	0.00543669	0.24964	0.439607	2.065515	1.294428
47646	-1020.22	-1233.222	213.0026	1.65739	0.283372	0.1695	0.333513	0.213615	1.706565	1.575433
47652	-1011.654	-1223.86	212.2058	1.729054	0.197953	0.257445	0.057249	0.487353	1.877183	1.971412
47658	-1018.757	-1231.549	212.792	1.754162	0.242817	0.211165	0.0702238	0.475794	1.968896	1.478505
47664	-1018.795	-1232.589	213.7941	0.9256501	0.173145	0.353399	0.268213	0.205243	2.006919	1.250424
47670	-1025.233	-1239.483	214.2495	0.4042787	0.0856925	0.423107	0.418608	0.072593	1.946784	1.362326
47676	-1026.859	-1241.049	214.1902	0.7484556	0.0680179	0.315582	0.475572	0.140828	2.047005	1.025089
47682	-1015.642	-1229.747	214.1049	0.5832941	0.08151	0.243594	0.591668	0.0832283	2.066815	1.240398
47688	-1022.844	-1237.081	214.2368	0.7027554	0.132245	0.408068	0.338311	0.121375	2.068913	1.00522
47694	-1033.036	-1246.883	213.8469	0.9041579	0.243661	0.356031	0.29517	0.105139	2.168447	1.081815
47700	-1020.793	-1234.931	214.1385	0.7616218	0.259488	0.222691	0.501338	0.0164833	2.208609	0.8956912
47706	-1029.663	-1243.875	214.2115	0.7704292	0.342014	0.194121	0.425523	0.0383422	2.045452	0.9822696
47712	-1034.551	-1248.229	213.6779	0.8630591	0.212362	0.211006	0.524145	0.0524877	1.879829	1.492773
47718	-1020.616	-1234.224	213.6082	0.8630591	0.231489	0.158534	0.552762	0.0572152	1.85152	1.565594
47724	-1022.75	-1234.827	212.0768	0.8674661	0.253043	0.219755	0.477751	0.0494509	1.618182	2.722328
47730	-1018.815	-1231.581	212.7658	0.9415961	0.173901	0.180536	0.551957	0.0936061	1.935711	2.035746
47736	-1022.266	-1234.458	212.192	1.406146	0.370207	0.24611	0.113815	0.269868	1.906078	2.141956
47742	-1017.684	-1230.522	212.8375	0.8213604	0.377514	0.126605	0.442966	0.0529155	1.855418	2.12292
47748	-1018.847	-1231.623	212.776	0.7851571	0.230254	0.121115	0.617854	0.0307778	1.954848	2.12292
47754	-1010.529	-1223.144	212.6157	1.211509	0.44466	0.294287	0.111845	0.149208	1.787345	2.058465
47760	-1010.064	-1222.266	212.2019	1.008877	0.265221	0.3675	0.0667111	0.300568	2.115908	2.241958
47766	-1011.647	-1224.557	212.91	0.7492095	0.200272	0.526649	0.218801	0.0542782	2.135562	1.93927
47772	-1013.396	-1225.476	212.0792	0.9074717	0.268746	0.176695	0.293611	0.260948	2.071935	2.41344
47778	-1019.537	-1232.352	212.8144	0.9212012	0.316362	0.208001	0.345631	0.130006	1.938086	2.015677
47784	-1011.552	-1224.92	213.3677	0.6590615	0.509781	0.0956223	0.336497	0.0581	1.953676	1.816355
47790	-1013.065	-1226.099	213.0345	0.7325756	0.291593	0.133136	0.542039	0.033233	1.931179	2.00456
47796	-1034.737	-1248.124	213.3869	0.5830537	0.10754	0.462559	0.417599	0.0123013	2.039047	1.799374
47802	-1047.541	-1258.3	210.7586	1.000658	0.20285	0.221048	0.568171	0.00793057	1.2854	3.622924
47808	-1043.724	-1254.593	210.8692	0.5589538	0.200157	0.218114	0.560628	0.0211005	1.334428	3.796408
47814	-1022.143	-1235.206	213.0631	0.8269989	0.0750269	0.40269	0.360722	0.161561	1.921253	1.925474
47820	-1024.024	-1237.618	213.5938	0.9682555	0.463565	0.0564498	0.22105	0.258936	1.931747	1.435569
47826	-1023.191	-1237.13	213.9395	0.9008292	0.243022	0.294214	0.302631	0.160132	2.053318	1.105738
47832	-1018.097	-1232.055	213.9582	0.7944264	0.172147	0.31646	0.325513	0.185881	2.209868	1.045091
47838	-1030.962	-1244.949	213.9863	0.5774655	0.0890647	0.56309	0.320188	0.0276572	2.090632	1.323102
47844	-1036.579	-1250.017	213.4375	0.7340553	0.238895	0.210808	0.518734	0.0315628	1.937038	1.723912
47850	-1030.832	-1244.506	213.674	0.7340553	0.2116	0.473737	0.27465	0.0400132	2.070594	1.453609
47856	-1025.058	-1238.807	213.7494	0.7340553	0.311588	0.171502	0.45799	0.0589206	2.12139	1.355671
47862	-1022.095	-1235.684	213.5883	0.7340553	0.384411	0.0551624	0.496546	0.0638809	2.253103	1.378775
47868	-1027.015	-1240.919	213.9039	0.6479206	0.161151	0.366088	0.422267	0.050494	2.137318	1.292008
47874	-1018.691	-1232.658	213.9664	0.6820631	0.236609	0.537506	0.174451	0.0514332	2.083375	1.255202
47880	-1013.164	-1227.087	213.9227	0.7491476	0.427576	0.274033	0.177881	0.120511	2.097022	1.220848
47886	-1008.81	-1222.514	213.7037	0.8322619	0.37825	0.0747959	0.440346	0.106608	2.141146	1.29362
47892	-1020.011	-1233.694	213.6834	0.8322619	0.377867	0.0513485	0.418905	0.15188	2.102681	1.341012
47898	-1024.719	-1237.81	213.0902	1.65946	0.293775	0.0387324	0.325681	0.341812	2.047006	1.241463
47904	-1033.576	-1247.031	213.4551	1.432622	0.632594	0.076585	0.0988792	0.191942	2.272938	0.8576796
47910	-1028.921	-1242.462	213.5413	1.137536	0.414787	0.132927	0.170884	0.281402	2.074272	1.229842
47916	-1021.352	-1235.337	213.9846	0.9279536	0.338618	0.269148	0.317476	0.0747581	2.120564	0.9704191
47922	-1035.335	-1247.704	212.3693	0.9818006	0.229062	0.189888	0.387705	0.193345	1.905816	2.286732
47928	-1024.589	-1237.479	212.8899	0.6628374	0.236826	0.370463	0.202757	0.189954	1.877112	2.18356
47934	-1021.425	-1234.907	213.4823	0.7924393	0.292474	0.220648	0.285404	0.201474	2.081515	1.54311
47940	-1014.566	-1226.766	212.1999	1.318922	0.189764	0.100147	0.548427	0.161662	1.848245	2.22516
47946	-1013.646	-1226.755	213.109	1.143248	0.322077	0.156679	0.25953	0.261714	1.744533	1.798038
47952	-1020.63	-1233.536	212.9064	1.994168	0.323636	0.178377	0.403279	0.0947079	2.003786	1.210727
47958	-1019.81	-1233.983	214.1728	0.8963248	0.206059	0.213927	0.515032	0.0649827	2.006114	0.9265636
47964	-1016.916	-1230.787	213.8706	0.7769387	0.374532	0.147249	0.319967	0.158252	2.042264	1.285409
47970	-1018.003	-1231.139	213.1359	0.6793569	0.185567	0.114256	0.269252	0.430925	1.914568	1.985568
47976	-1018.29	-1230.888	212.5975	1.94408	0.381539	0.0603935	0.214604	0.343464	1.807674	1.631244
47982	-1040.079	-1253.146	213.0677	1.382652	0.260386	0.308956	0.231801	0.198856	2.277831	1.265605
47988	-1016.145	-1229.923	213.7776	0.7983774	0.1584	0.305489	0.29942	0.23669	1.979374	1.391846
47994	-1020.769	-1234.02	213.2504	0.9819402	0.225917	0.273799	0.295301	0.204983	2.191014	1.489026
48000	-1030.505	-1243.434	212.9291	1.652769	0.178141	0.297538	0.420003	0.104319	1.90033	1.489026
48006	-1018.836	-1231.017	212.1811	1.88515	0.128678	0.320285	0.245584	0.305453	1.823047	1.941481
48012	-1012.829	-1226.677	213.8479	0.7452719	0.234205	0.197362	0.307884	0.26055	2.028016	1.342169
48018	-1008.331	-1221.154	212.8228	1.738687	0.182968	0.272053	0.282152	0.262826	2.253199	1.23864
48024	-1036.836	-1249.855	213.019	0.6995881	0.24295	0.200081	0.324534	0.232435	1.913779	2.049571
48030	-1030.029	-1243.146	213.1167	1.714211	0.0624057	0.24785	0.56915	0.120594	2.216248	1.025742
48036	-1038.252	-1251.655	213.4024	1.270599	0.1312	0.202149	0.433394	0.233256	2.314484	1.025742
48042	-1028.318	-1241.256	212.9386	1.644276	0.116147	0.226163	0.451197	0.206493	2.208631	1.243561
48048	-1030.307	-1244.533	214.2263	0.5740614	0.129741	0.0902488	0.562622	0.217387	2.458325	0.7092973
48054	-1020.088	-1234.024	213.9359	0.816413	0.142873	0.284816	0.50113	0.0711806	2.561323	0.5197163
48060	-1023.437	-1237.214	213.7769	0.8570847	0.160817	0.360933	0.388073	0.0901769	2.667521	0.4286283
48066	-1035.488	-1248.98	213.4918	1.303806	0.416984	0.177284	0.289718	0.116014	2.504149	0.6159764
48072	-1021.199	-1234.838	213.6384	1.174438	0.243865	0.128032	0.435448	0.192656	2.419752	0.7303862
48078	-1015.305	-1229.112	213.8076	0.9707666	0.312719	0.161448	0.364546	0.161287	2.476182	0.6859559
48084	-1019.606	-1233.601	213.9956	0.7299948	0.176167	0.0770272	0.451837	0.294968	2.478873	0.7788089
48090	-1036.418	-1250.459	214.0406	0.6735536	0.169459	0.315225	0.368199	0.147116	2.124264	1.164712
48096	-1026.215	-1239.967	213.7512	0.7314795	0.132463	0.408649	0.185288	0.273599	1.948583	1.489618
48102	-1040.511	-1254.588	214.0774	0.6705967	0.161019	0.370066	0.234871	0.234044	2.568927	0.5544145
48108	-1021.309	-1235.362	214.0525	0.5619164	0.209432	0.342855	0.330473	0.11724	2.713283	0.4875919
48114	-1017.744	-1231.589	213.8448	1.087768	0.313958	0.248736	0.204025	0.233281	2.173597	0.8918321
48120	-1005.479	-1219.538	214.059	0.7963935	0.119494	0.392174	0.264404	0.223928	2.35945	0.7588423
48126	-1017.09	-1231.087	213.9972	0.7963935	0.182651	0.302767	0.251127	0.263455	2.431966	0.7428634
48132	-1023.706	-1237.636	213.9296	0.8627797	0.180921	0.2999	0.24875	0.270428	2.228712	0.9845243
48138	-1015.44	-1229.464	214.0245	0.8577271	0.237055	0.249107	0.280812	0.233027	2.20078	0.9195157
48144	-996.0141	-1209.954	213.94	0.8749835	0.177181	0.227183	0.383117	0.212519	2.267419	0.9195157
48150	-1014.266	-1228.958	214.6917	0.343825	0.0201781	0.398874	0.515026	0.0659218	2.245385	0.6272078
48156	-1010.504	-1224.976	214.4716	0.5577953	0.014328	0.442748	0.481317	0.0616072	2.26967	0.6306954
48162	-1013.01	-1227.636	214.6268	0.3456218	0.0135782	0.365388	0.54652	0.0745132	2.329299	0.5636417
48168	-1006.9	-1220.858	213.9578	0.8865247	0.144481	0.515257	0.29837	0.0418916	2.437518	0.6325802
48174	-1025.794	-1239.851	214.0567	0.8153911	0.177332	0.545333	0.232997	0.0443369	2.437518	0.5511384
48180	-1015.41	-1229.482	214.0722	0.6523502	0.149562	0.487778	0.295884	0.0667753	2.512442	0.7377734
48186	-1009.128	-1223.157	214.0283	0.6200327	0.233925	0.159495	0.502139	0.104441	2.674116	0.5392024
48192	-1009.052	-1222.941	213.8885	0.9057204	0.224404	0.188209	0.450208	0.137179	2.514141	0.5392024
48198	-1012.818	-1226.212	213.3934	1.169342	0.30642	0.256998	0.155696	0.280886	2.719534	0.3841751
48204	-1013.519	-1227.072	213.553	1.040161	0.29331	0.328053	0.11041	0.268227	2.698223	0.4088361
48210	-1017.322	-1230.773	213.4503	1.078437	0.328726	0.41485	0.0706754	0.185748	2.739134	0.3672369
48216	-1034.01	-1247.207	213.1973	1.475713	0.185611	0.573026	0.184411	0.0569517	2.66567	0.4614011
48222	-1029.303	-1242.797	213.4943	0.8305344	0.175743	0.297134	0.469532	0.0575915	2.92038	0.3369182
48228	-1031.17	-1244.944	213.7735	0.5403526	0.0902394	0.416276	0.412395	0.0810894	2.881312	0.284032
48234	-1024.465	-1236.808	212.3432	1.349168	0.30372	0.0559795	0.544718	0.0955821	1.834224	2.123471
48240	-1027.829	-1240.954	213.1258	1.090768	0.42479	0.0323939	0.235927	0.306889	1.88236	1.725512
48246	-1024.289	-1237.42	213.1311	1.465956	0.479683	0.026679	0.222782	0.270856	2.093499	1.304502
48252	-1045.883	-1259.358	213.4746	0.8143302	0.263468	0.247389	0.465085	0.0240585	2.296648	1.367563
48258	-1017.483	-1231.282	213.7989	0.8143302	0.260956	0.144281	0.511853	0.0829095	2.30606	1.085008
48264	-1019.841	-1233.548	213.7069	0.8580128	0.280809	0.098244	0.398441	0.222506	2.30606	1.127469
48270	-1036.861	-1250.63	213.7692	0.8580128	0.285209	0.0997834	0.389015	0.225993	2.168741	1.193343
48276	-1035.216	-1248.686	213.4694	0.6534162	0.304436	0.10651	0.445926	0.143128	1.895464	1.790401
48282	-1023.028	-1235.714	212.686	0.8592962	0.234703	0.119034	0.585036	0.0612275	1.971119	2.120549
48288	-1014.114	-1226.909	212.7952	0.9134632	0.270005	0.106256	0.513867	0.109872	1.798961	2.125295
48294	-1016.843	-1230.295	213.4528	0.8968902	0.498064	0.162096	0.199728	0.140112	2.904656	0.3494743
48300	-1030.986	-1244.722	213.7366	0.7263291	0.31714	0.453158	0.140486	0.0892158	2.805114	0.3567432
48306	-1023.172	-1236.641	213.4693	0.7263291	0.0821068	0.507916	0.27626	0.133717	2.952658	0.2616917
48312	-1011.92	-1225.438	213.5182	0.6108162	0.187597	0.435299	0.28366	0.0934442	2.980626	0.2389598
48318	-1032.31	-1246.026	213.7157	0.6108162	0.332342	0.326764	0.313597	0.0272965	2.900926	0.3096678
48324	-1012.671	-1226.483	213.8127	0.5616052	0.254648	0.295629	0.413712	0.0360108	2.856552	0.3106794
48330	-1008.547	-1222.038	213.491	0.8729855	0.285987	0.399232	0.274338	0.0404425	2.850976	0.3105992
48336	-1006.313	-1219.035	212.7221	1.877692	0.283747	0.351517	0.268996	0.0957409	2.784987	0.3888374
48342	-1017.145	-1230.656	213.5109	0.9023885	0.397489	0.050609	0.376824	0.175078	2.869015	0.3888374
48348	-1025.488	-1238.972	213.4842	0.9987622	0.367403	0.242191	0.228579	0.161827	2.80354	0.3991164
48354	-1022.428	-1236.161	213.7331	0.7709271	0.309644	0.204116	0.349853	0.136386	2.812146	0.4851669
48360	-1023.838	-1237.634	213.796	0.6084649	0.359029	0.153566	0.345618	0.141787	2.921447	0.493659
48366	-1039.711	-1253.774	214.0631	0.4935603	0.210671	0.389961	0.313136	0.0862327	2.768273	0.455652
48372	-1026.378	-1239.9	213.5216	1.01795	0.285573	0.0828647	0.515973	0.115589	2.768273	0.4667557
48378	-1018.357	-1232.201	213.8439	0.7148985	0.337792	0.0683488	0.464809	0.129051	2.733883	0.3923662
48384	-1009.864	-1223.313	213.4488	1.089771	0.166426	0.421866	0.312825	0.0988835	2.743701	0.3891654
48390	-1004.28	-1217.678	213.3979	1.21047	0.185804	0.220092	0.151007	0.443097	2.683733	0.397914
48396	-1019.183	-1232.388	213.2049	1.504274	0.0668586	0.4162	0.149274	0.367668	2.613374	0.4000351
48402	-1014.136	-1227.931	213.7943	0.9064103	0.169794	0.391327	0.151263	0.287616	2.597105	0.4225022
48408	-1010.919	-1224.316	213.3967	1.313775	0.196144	0.408422	0.174737	0.220697	2.601217	0.4257504
48414	-1017.812	-1232.092	214.2798	0.5285806	0.353833	0.376618	0.145239	0.124309	2.503769	0.4138089
48420	-1013.855	-1227.868	214.0136	0.5648925	0.254556	0.270948	0.385065	0.0894309	2.732649	0.4138089
48426	-998.8622	-1212.893	214.0304	0.6767454	0.0549943	0.334624	0.475559	0.134823	2.596395	0.4098942
48432	-1014.752	-1228.825	214.0734	0.5128947	0.318144	0.299021	0.33749	0.0453452	2.70228	0.3707704
48438	-1007.195	-1221.296	214.1012	0.508169	0.175886	0.300018	0.502362	0.021734	2.70228	0.4120446
48444	-1010.471	-1224.337	213.8658	0.6498292	0.231578	0.256545	0.399363	0.112514	2.790428	0.4120446
48450	-1000.94	-1214.753	213.8126	0.7001005	0.134222	0.265891	0.382349	0.217538	2.790428	0.4120446
48456	-1021.873	-1235.849	213.9759	0.7105163	0.349138	0.232085	0.214229	0.204547	2.631657	0.4693416
48462	-1012.888	-1226.841	213.9531	0.6428159	0.402819	0.212998	0.226449	0.157734	2.710517	0.4119394
48468	-1009.771	-1223.635	213.864	0.6428159	0.410306	0.140752	0.376694	0.0722489	2.791401	0.394717
48474	-1003.54	-1217.421	213.881	0.7727712	0.344598	0.262876	0.331847	0.0606788	2.649531	0.4229154
48480	-993.81	-1207.869	214.0588	0.7008424	0.260649	0.131415	0.562039	0.0458965	2.559836	0.5247844
48486	-1006.034	-1220.335	214.3006	0.5962832	0.226762	0.222051	0.517862	0.0333245	2.419471	0.5750594
48492	-1001.658	-1215.848	214.1895	0.5563119	0.215707	0.158519	0.492616	0.133159	2.57221	0.5750594
48498	-1003.189	-1217.035	213.8458	0.9328046	0.27539	0.297031	0.220531	0.207049	2.498847	0.6403039
48504	-997.5049	-1211.689	214.1839	0.6544334	0.230593	0.188445	0.455097	0.125866	2.362557	0.789889
48510	-1011.806	-1226.054	214.2477	0.733594	0.264104	0.235677	0.328761	0.171458	2.219874	0.7830996
48516	-1016.68	-1230.973	214.2927	0.5599042	0.214173	0.235165	0.41162	0.139042	2.357942	0.7830996
48522	-1002.992	-1217.4	214.408	0.4951249	0.188505	0.106533	0.58127	0.123693	2.308464	0.7830996
48528	-1000.43	-1214.955	214.5254	0.4811499	0.172904	0.514657	0.231657	0.0807819	2.308464	0.5880436
48534	-996.5191	-1210.867	214.3479	0.5592132	0.375588	0.0860948	0.469549	0.0687685	2.365424	0.6857568
48540	-994.4824	-1208.468	213.9853	0.7559043	0.281847	0.283188	0.208229	0.226737	2.576092	0.5098287
48546	-1006.608	-1220.438	213.8305	0.7559043	0.235109	0.278844	0.243009	0.243038	2.71099	0.4063047
48552	-1010.174	-1224	213.8257	0.7454567	0.412628	0.0621501	0.301127	0.224095	2.737934	0.4359992
48558	-1003.154	-1216.932	213.778	0.798458	0.299066	0.106032	0.341077	0.253825	2.737972	0.4796183
48564	-1007.178	-1221.049	213.8707	0.6487973	0.25455	0.334107	0.290307	0.121036	2.800584	0.4583851
48570	-1003.991	-1217.85	213.8591	0.7200117	0.291309	0.0828496	0.33223	0.293612	2.736768	0.4583851
48576	-987.8546	-1201.327	213.4726	1.101812	0.271588	0.254075	0.271009	0.203328	2.736768	0.5136607
48582	-998.0009	-1211.539	213.5385	1.126345	0.273242	0.203285	0.273827	0.249646	2.647103	0.5136607
48588	-997.3656	-1210.901	213.5356	0.876828	0.192933	0.291625	0.438066	0.0773766	2.86811	0.3846364
48594	-1004.096	-1217.433	213.3372	1.011981	0.275908	0.264525	0.317285	0.142283	2.91079	0.3578532
48600	-1006.65	-1220.062	213.412	1.195667	0.218055	0.365128	0.342009	0.074807	2.693758	0.4207621
48606	-1010.08	-1223.447	213.3661	1.17413	0.385284	0.0877488	0.394916	0.132051	2.765766	0.4379467
48612	-1004.505	-1218.678	214.1726	0.5794979	0.296179	0.347404	0.252178	0.104239	2.570981	0.547915
48618	-1000.532	-1214.696	214.1642	0.5784385	0.377518	0.308041	0.178792	0.135649	2.570981	0.5876594
48624	-1001.013	-1214.67	213.6569	0.970078	0.288533	0.0226669	0.544045	0.144755	2.683043	0.4909543
48630	-1010.283	-1224.264	213.9802	0.7126228	0.402421	0.0248411	0.449627	0.123111	2.626923	0.4909543
48636	-999.1252	-1212.876	213.7509	0.8812828	0.252697	0.0194126	0.587277	0.140614	2.679662	0.4927082
48642	-1007.612	-1221.444	213.8319	0.7826196	0.254562	0.123797	0.37912	0.24252	2.701462	0.4927082
48648	-1020.48	-1233.65	213.1699	1.583265	0.134435	0.345327	0.335199	0.185038	2.591936	0.5826545
48654	-1006.983	-1221.138	214.1557	0.6247404	0.198305	0.208068	0.277725	0.315902	2.522192	0.6136431
48660	-1010.242	-1223.729	213.4867	0.850069	0.245599	0.0792956	0.421466	0.253639	2.94803	0.3903787
48666	-1010.627	-1224.128	213.5017	0.7296492	0.132763	0.248312	0.476789	0.142136	2.979951	0.3023814
48672	-1007.725	-1221.62	213.8948	0.4792859	0.075815	0.196189	0.468896	0.2591	2.890123	0.341089
48678	-1003.775	-1217.175	213.3996	0.879498	0.131028	0.186992	0.446914	0.235066	2.968277	0.341089
48684	-1009.507	-1222.928	213.421	0.8392808	0.244508	0.21028	0.40668	0.138532	2.988539	0.341089
48690	-1009.26	-1222.494	213.2335	0.8764634	0.28767	0.0986971	0.400152	0.213481	3.054592	0.2751692
48696	-1017.08	-1230.492	213.412	0.7200739	0.266659	0.257453	0.219037	0.256851	3.060004	0.2881699
48702	-1005.748	-1219.497	213.749	0.8748215	0.228655	0.190407	0.438246	0.142691	2.637571	0.6766785
48708	-1011.499	-1225.58	214.0802	0.6763609	0.196671	0.16655	0.463151	0.173628	2.565538	0.4984007
48714	-1020.597	-1234.547	213.9508	0.6480315	0.130254	0.0728017	0.721048	0.0758954	2.72496	0.4984007
48720	-1014.098	-1227.856	213.7577	0.8110517	0.222099	0.383585	0.134538	0.259779	2.74591	0.4984007
48726	-1015.156	-1229.181	214.0246	0.7325136	0.0386691	0.295292	0.634263	0.0317749	2.5197	0.6590974
48732	-1003.325	-1217.319	213.9937	0.8774127	0.19145	0.0935745	0.638548	0.0764283	2.356853	0.7339948
48738	-1013.234	-1227.477	214.2425	0.5663042	0.20894	0.168653	0.577178	0.0452297	2.299601	0.9081078
48744	-1022.603	-1236.844	214.2405	0.7125037	0.240805	0.236363	0.415256	0.107575	2.273792	0.7479248
48750	-1017.586	-1231.805	214.2197	0.6813859	0.122345	0.209037	0.583923	0.0846947	2.341376	0.7265015
48756	-998.8798	-1213.164	214.2846	0.7094824	0.173659	0.473111	0.163472	0.189758	2.224745	0.7600571
48762	-1003.204	-1217.362	214.1578	0.7024508	0.157181	0.301731	0.448654	0.0924337	2.375767	0.7346345
48768	-1005.347	-1219.385	214.0381	0.875979	0.147993	0.304208	0.518341	0.0294577	2.309121	0.7414717
48774	-1015.571	-1229.905	214.3342	0.5753696	0.19199	0.273172	0.440805	0.0940334	2.328999	0.7414717
48780	-1008.456	-1222.736	214.2799	0.6756253	0.181921	0.612476	0.149105	0.0564992	2.249386	0.78259
48786	-1006.82	-1220.803	213.9826	0.7644218	0.230596	0.408795	0.298418	0.0621907	2.554563	0.5931539
48792	-1011.758	-1225.712	213.9546	0.8071135	0.175265	0.44527	0.226812	0.152654	2.540826	0.5827788
48798	-1005.227	-1219.224	213.9965	0.8071135	0.153358	0.112241	0.451023	0.283378	2.496472	0.5909581
48804	-1010.994	-1225.13	214.1353	0.6948176	0.111225	0.141015	0.566646	0.181114	2.476103	0.5909581
48810	-1015.905	-1229.554	213.6482	1.20196	0.242693	0.227848	0.134266	0.395192	2.4509	0.5909581
48816	-1006.676	-1220.849	214.1734	0.6652674	0.316102	0.311512	0.168472	0.203914	2.472809	0.5788694
48822	-1007.168	-1221.245	214.0768	0.7760694	0.296729	0.172115	0.454201	0.0769549	2.462329	0.5252168
48828	-1007.101	-1221.198	214.0971	0.7760694	0.139364	0.475075	0.213323	0.172239	2.390576	0.6802912
48834	-1011.125	-1225.053	213.9284	0.616062	0.114201	0.320281	0.493507	0.0720113	2.736918	0.3657023
48840	-1012.105	-1225.898	213.793	0.6451459	0.174429	0.298399	0.45979	0.0673825	2.864946	0.4048294
48846	-1004.335	-1216.933	212.5981	2.137127	0.174374	0.305341	0.262817	0.257469	2.72349	0.4063088
48852	-1008.197	-1221.718	213.5207	0.8633478	0.376057	0.104642	0.335932	0.183369	2.885215	0.3668644
48858	-1009.735	-1223.932	214.1973	0.426092	0.258184	0.355906	0.252619	0.133292	2.69942	0.4632647
48864	-1005.533	-1219.464	213.9309	0.7550437	0.171817	0.422616	0.299969	0.105598	2.627314	0.4554157
48870	-1006.027	-1220.122	214.0949	0.535439	0.158484	0.389822	0.276692	0.175002	2.694272	0.4554157
48876	-997.7439	-1211.694	213.9502	0.5975595	0.339564	0.375519	0.152181	0.132736	2.759595	0.4083366
48882	-997.6917	-1211.405	213.7129	0.5975595	0.255708	0.28435	0.323959	0.135983	2.890523	0.2894716
48888	-1005.166	-1218.847	213.6814	0.5975595	0.1291	0.221166	0.370574	0.279159	2.944287	0.3058004
48894	-1007.647	-1221.589	213.9425	0.5308828	0.149791	0.0928636	0.537992	0.219353	2.789662	0.339715
48900	-1012.233	-1226.104	213.8711	0.5067248	0.117832	0.355717	0.348316	0.178135	2.840647	0.3000999
48906	-1018.317	-1231.823	213.5054	0.9218923	0.0670757	0.380458	0.365528	0.186938	2.792306	0.3155738
48912	-1019.196	-1233.049	213.8524	0.6166723	0.283725	0.498886	0.0656592	0.15173	2.792306	0.3416304
48918	-1027.102	-1241.071	213.9694	0.5556304	0.143379	0.359224	0.28981	0.207587	2.739127	0.3416304
48924	-1023.877	-1237.72	213.8422	0.5556304	0.168177	0.248401	0.339933	0.243489	2.815433	0.2968691
48930	-1018.472	-1232.353	213.881	0.6902801	0.200648	0.264097	0.360579	0.174676	2.714355	0.3781285
48936	-1008.503	-1222.446	213.9424	0.7403262	0.262381	0.184363	0.296426	0.256829	2.617287	0.4102633
48942	-1018.94	-1232.516	213.576	0.9567435	0.183128	0.330293	0.396833	0.0897461	2.757286	0.4058787
48948	-1029.544	-1243.657	214.1126	0.7345945	0.285034	0.198064	0.448855	0.068047	2.451175	0.607526
48954	-1028.223	-1241.946	213.7229	1.126781	0.239539	0.16231	0.274297	0.323854	2.136185	1.019418
48960	-1031.171	-1244.57	213.3987	1.465337	0.401728	0.240244	0.101022	0.257006	2.454261	0.6126727
48966	-1025.163	-1238.448	213.2845	1.57529	0.225463	0.134832	0.367551	0.272154	2.474601	0.6116915
48972	-1022.002	-1234.993	212.9904	1.930189	0.25891	0.165029	0.304676	0.271384	2.504806	0.5180783
48978	-1013.577	-1227.67	214.0929	0.6409281	0.140945	0.164405	0.356207	0.338443	2.587545	0.5384869
48984	-1025.791	-1238.992	213.2011	1.719531	0.210956	0.107765	0.404522	0.276758	2.40983	0.6764772
48990	-1028.042	-1240.349	212.3072	1.150824	0.190882	0.0565637	0.498591	0.253964	1.621677	2.401387
48996	-1026.093	-1238.487	212.394	1.076232	0.378027	0.0482925	0.425683	0.147998	1.6071	2.401387
49002	-1016.311	-1228.48	212.1692	2.882634	0.247318	0.131459	0.303131	0.318091	2.672725	0.4597415
49008	-1017.589	-1230.336	212.7471	2.158569	0.332899	0.283699	0.282558	0.100844	2.574129	0.551242
49014	-1022.171	-1233.726	211.5555	4.032444	0.345112	0.3716	0.0920773	0.191211	2.586594	0.7098444
49020	-1025.254	-1234.787	209.5337	10.35628	0.210775	0.226953	0.44549	0.116781	2.390015	0.7098444
49026	-1010.257	-1219.617	209.3598	11.51076	0.203268	0.244314	0.403457	0.148961	2.138307	0.8931199
49032	-1013.563	-1226.251	212.6878	2.645596	0.19997	0.568989	0.0959648	0.135076	2.238986	0.7069675
49038	-1004.618	-1216.698	212.0803	3.502871	0.278041	0.288765	0.282399	0.150794	2.315197	0.7456775
49044	-995.7061	-1207.553	211.8469	3.446857	0.236458	0.395135	0.240165	0.128242	2.025592	1.300737
49050	-1008.187	-1219.417	211.23	4.066012	0.145571	0.672702	0.118468	0.063259	2.108324	1.465999
49056	-1003.857	-1212.538	208.681	10.83676	0.41396	0.211555	0.181349	0.193136	1.791855	1.853738
49062	-1024.067	-1238.174	214.1069	0.8061702	0.150385	0.0515633	0.645405	0.152647	2.022795	1.069831
49068	-1015.179	-1229.165	213.986	0.9270195	0.379662	0.0338183	0.255527	0.330992	2.064628	1.025991
49074	-1007.968	-1220.716	212.7478	1.100582	0.29805	0.114955	0.429064	0.157931	1.716063	2.0883
49080	-1011.584	-1223.833	212.2483	2.360854	0.333278	0.0612579	0.462726	0.142739	1.54718	1.847676
49086	-1027.111	-1240.762	213.6513	1.264774	0.378565	0.307132	0.169827	0.144475	1.730566	1.323293
49092	-1041.067	-1252.013	210.9462	5.451341	0.491249	0.241466	0.0499812	0.217303	1.905966	1.36067
49098	-1025.986	-1238.51	212.5239	2.804978	0.162611	0.322146	0.189668	0.325574	2.287979	0.7297815
49104	-1019.579	-1230.115	210.5355	7.213559	0.238229	0.42605	0.110333	0.225388	2.301597	0.7316105
49110	-1024.515	-1234.816	210.3017	7.817865	0.261968	0.349611	0.137533	0.250888	2.367791	0.6794232
49116	-1026.272	-1238.986	212.7139	2.326692	0.131627	0.268387	0.35917	0.240817	2.463798	0.6318417
49122	-1013.583	-1227.246	213.6632	1.114955	0.197245	0.251005	0.427465	0.124285	2.335806	0.8838252
49128	-1016.43	-1229.934	213.5046	1.272316	0.428359	0.087081	0.25568	0.22888	2.311036	0.9225492
49134	-1011.727	-1224.487	212.7602	2.119244	0.238531	0.348897	0.15918	0.253392	2.119701	1.15682
49140	-1011.212	-1225.146	213.9337	1.027575	0.137325	0.379892	0.0449949	0.437789	2.256956	0.7460891
49146	-1023.565	-1236.821	213.256	1.555082	0.340147	0.353585	0.00970284	0.296565	2.530443	0.5796393
49152	-1007.214	-1220.675	213.4606	1.258745	0.344818	0.326693	0.021298	0.307191	2.597913	0.4671164
49158	-1016.514	-1228.505	211.9906	3.275755	0.488154	0.117028	0.0794561	0.315361	2.609333	0.4221951
49164	-1028.729	-1240.314	211.5848	3.749586	0.178247	0.313679	0.333283	0.174791	2.76835	0.4651426
49170	-1029.087	-1241.495	212.4084	2.374125	0.25818	0.180596	0.287535	0.27369	2.758947	0.4418846
49176	-997.4261	-1210.988	213.5624	0.9875253	0.33713	0.0984781	0.331336	0.233056	2.760172	0.4940081
49182	-1006.635	-1220.624	213.9898	0.7572246	0.302691	0.114327	0.219099	0.363883	2.495507	0.7191953
49188	-992.6649	-1205.793	213.1284	1.234636	0.231131	0.25517	0.269841	0.243858	2.943171	0.427632
49194	-1002.248	-1215.304	213.0558	1.257678	0.298784	0.366003	0.253409	0.0818045	2.936138	0.3356311
49200	-1008.7	-1222.047	213.3478	1.098205	0.184512	0.418391	0.358327	0.0387694	2.832208	0.3819301
49206	-1000.796	-1214.354	213.5579	0.8504738	0.187159	0.424394	0.349122	0.0393256	2.832208	0.3330343
49212	-1005.631	-1219.217	213.586	0.8131123	0.135646	0.293766	0.535286	0.0353021	2.835321	0.3255614
49218	-1024.492	-1238.389	213.8965	0.4961691	0.104656	0.203576	0.412993	0.278775	2.880454	0.3507473
49224	-1021.096	-1234.079	212.9831	1.424338	0.0955408	0.34361	0.306354	0.254496	2.871904	0.3507473
49230	-1018.148	-1231.752	213.6037	0.8551114	0.0868533	0.442217	0.239575	0.231355	2.798021	0.3507473
49236	-1013.887	-1227.628	213.7406	0.5827766	0.159353	0.0575629	0.698386	0.0846981	2.890227	0.2979361
49242	-1001.759	-1214.91	213.1506	1.256752	0.205432	0.197191	0.522603	0.0747749	2.787634	0.2902443
49248	-1010.235	-1223.922	213.687	0.8005149	0.409125	0.121368	0.345873	0.123633	2.787634	0.3715488
49254	-1003.515	-1217.073	213.558	0.6654177	0.289486	0.150275	0.472759	0.0874796	2.945772	0.2715295
49260	-1011.399	-1225.289	213.8894	0.6851616	0.207304	0.236911	0.419988	0.135797	2.742065	0.4517591
49266	-1009.012	-1222.955	213.9428	0.7967381	0.269482	0.151418	0.492308	0.0867923	2.562033	0.4215861
49272	-997.6251	-1211.559	213.9341	0.5403755	0.166703	0.196258	0.524544	0.112494	2.813146	0.3700359
49278	-1005.552	-1219.369	213.8172	0.7785689	0.0418196	0.480962	0.384996	0.0922224	2.711654	0.4364936
49284	-1023.273	-1236.743	213.47	1.033868	0.024163	0.203667	0.625694	0.146476	2.804347	0.4687673
49290	-1021.339	-1234.779	213.4406	1.391133	0.0371895	0.377406	0.474357	0.111048	2.495698	0.5471917
49296	-1009.958	-1223.828	213.8707	0.9622928	0.00632214	0.214779	0.723903	0.0549952	2.233446	0.9347978
49302	-1022.252	-1235.845	213.5928	1.214203	0.0435032	0.17462	0.679186	0.102691	2.162252	1.039652
49308	-1029.721	-1243.956	214.2351	0.6053253	0.191663	0.373147	0.242813	0.192378	2.292619	0.8781782
49314	-1034.626	-1248.499	213.8733	1.092217	0.157492	0.30662	0.470204	0.0656844	2.244877	0.7594914
49320	-1018.01	-1231.627	213.6174	1.22593	0.184581	0.142849	0.446957	0.225613	2.429199	0.6648998
49326	-1026.011	-1240.181	214.1706	0.5777979	0.167886	0.242635	0.470892	0.118587	2.208368	1.061936
49332	-1016.177	-1230.063	213.8854	0.8366255	0.230153	0.212729	0.453147	0.103971	2.246608	1.037393
49338	-1020.611	-1234.548	213.937	0.6954382	0.244065	0.244254	0.33023	0.181451	2.169881	1.194943
49344	-1016.373	-1229.704	213.3303	1.108369	0.272757	0.12939	0.501733	0.0961205	2.169881	1.347136
49350	-1019.534	-1233.581	214.0466	0.7326382	0.244421	0.370773	0.298671	0.086135	1.9977	1.214798
49356	-1028.569	-1242.211	213.6416	0.8876255	0.213734	0.467353	0.210341	0.108572	1.975004	1.428788
49362	-1025.77	-1239.612	213.8417	0.6662669	0.227779	0.306962	0.306865	0.158394	1.975004	1.453406
49368	-1021.429	-1234.423	212.9937	1.029431	0.205473	0.221337	0.280593	0.292597	1.736175	1.957988
49374	-1019.36	-1232.464	213.1043	1.165928	0.196401	0.324069	0.178097	0.301433	2.120795	1.516105
49380	-1015.286	-1228.224	212.938	1.203643	0.320279	0.0388562	0.465989	0.174875	1.864197	1.793788
49386	-1009.962	-1223.04	213.0788	1.286087	0.313338	0.0380142	0.455891	0.192756	1.975377	1.559425
49392	-1028.272	-1241.346	213.074	0.8047154	0.351035	0.123355	0.309664	0.215946	2.065588	1.835596
49398	-1014.91	-1228.651	213.7411	0.8658674	0.184957	0.0602133	0.702635	0.0521942	2.364371	1.033753
49404	-1021.227	-1235.166	213.9391	0.6922724	0.27161	0.333937	0.343886	0.0505666	2.405157	0.9775203
49410	-1011.459	-1225.658	214.1987	0.6922724	0.12172	0.437307	0.368905	0.0720688	2.292012	0.8108131
49416	-1001.043	-1215.034	213.9916	0.8166635	0.132103	0.474611	0.31891	0.074376	2.423791	0.7312306
49422	-1004.422	-1218.572	214.1501	0.650847	0.0789594	0.268318	0.596744	0.0559791	2.441922	0.7286282
49428	-1013.015	-1225.734	212.719	2.452857	0.204637	0.237419	0.374398	0.183546	2.270029	0.8028611
49434	-1017.984	-1231.486	213.5012	1.326771	0.200111	0.278897	0.324884	0.196108	2.249613	0.9388057
49440	-1010.933	-1224.765	213.8323	0.926794	0.195695	0.361327	0.317716	0.125262	2.350475	0.8876079
49446	-1010.454	-1224.411	213.9567	0.9058713	0.161975	0.316093	0.418254	0.103678	2.114437	1.027094
49452	-1019.5	-1233.154	213.654	1.155456	0.15703	0.306442	0.405484	0.131045	2.358197	0.8207066
49458	-1020.568	-1234.849	214.2809	0.7687465	0.12147	0.322089	0.418704	0.137736	2.138731	0.7978824
49464	-1007.658	-1221.16	213.5022	1.433199	0.0953001	0.304271	0.448417	0.152012	2.231156	0.8506385
49470	-1018.732	-1232.35	213.6181	1.344275	0.113813	0.512824	0.0169054	0.356458	2.326389	0.6508955
49476	-1003.598	-1215.318	211.7203	3.644065	0.0474861	0.607917	0.0129009	0.331696	2.676358	0.4193448
49482	-1016.689	-1228.538	211.8485	3.644065	0.0611058	0.352696	0.00556102	0.580637	2.562756	0.4995974
49488	-1038.988	-1249.761	210.774	6.001209	0.0734081	0.348075	0.00548815	0.573029	2.580283	0.5174169
49494	-1018.271	-1230.977	212.7062	2.194252	0.380751	0.328943	0.00736048	0.282946	2.593156	0.4758755
49500	-1029.807	-1243.35	213.5427	1.153388	0.0964242	0.321759	0.0700316	0.511785	2.610638	0.5602227
49506	-1005.934	-1219.754	213.8202	0.7542504	0.136981	0.109123	0.658792	0.0951033	2.720352	0.4007328
49512	-1016.724	-1230.631	213.9066	0.6748673	0.250851	0.435244	0.181676	0.132229	2.720352	0.4058533
49518	-1027.87	-1241.79	213.92	0.6196139	0.0326401	0.183524	0.40483	0.379006	2.750169	0.3782406
49524	-1013.03	-1226.667	213.637	0.8466804	0.216956	0.189881	0.31077	0.282393	2.793894	0.3782406
49530	-1009.7	-1223.539	213.8389	0.6286251	0.186521	0.0642647	0.511673	0.23754	2.788815	0.3370253
49536	-1008.493	-1221.763	213.2704	0.9461955	0.216737	0.0702782	0.559553	0.153432	3.004228	0.3170124
49542	-1008.834	-1222.367	213.5326	0.9068994	0.203514	0.412312	0.327417	0.0567575	2.858313	0.4224904
49548	-1013.854	-1228.047	214.1932	0.573063	0.31073	0.102702	0.499909	0.0866588	2.478805	0.7315864
49554	-1009.585	-1223.727	214.1422	0.6925325	0.206471	0.124766	0.534867	0.133895	2.419262	0.7063053
49560	-1027.147	-1241.562	214.4152	0.5002559	0.222654	0.242691	0.456173	0.0784816	2.212232	0.8878508
49566	-1027.986	-1242.533	214.5463	0.4877321	0.194936	0.347122	0.420282	0.0376605	2.261581	0.6407985
49572	-1031.168	-1244.365	213.1969	1.911286	0.253554	0.0564002	0.633298	0.0567484	2.279907	0.6407985
49578	-1032.881	-1246.78	213.8989	0.907433	0.211664	0.0871199	0.391339	0.309877	2.215266	0.9826548
49584	-1033.052	-1245.96	212.9083	2.313023	0.139363	0.186171	0.499216	0.175251	2.215266	0.7480002
49590	-1030.419	-1244.26	213.8408	1.141852	0.393847	0.0730761	0.107281	0.425796	2.237091	0.7480002
49596	-1033.616	-1247.178	213.5622	1.073064	0.234547	0.222699	0.28918	0.253574	2.422203	0.9449528
49602	-1024.592	-1238.085	213.4936	1.350876	0.22823	0.14432	0.380705	0.246745	2.423179	0.6934742
49608	-1014.138	-1227.992	213.8536	1.030454	0.0712255	0.271723	0.322068	0.334984	2.366304	0.6934742
49614	-1016.155	-1229.945	213.7898	0.8627735	0.170407	0.361563	0.258286	0.209744	2.600217	0.6934742
49620	-1021.699	-1235.306	213.607	1.34204	0.111131	0.497478	0.0999304	0.291461	2.253458	0.792111
49626	-1031.899	-1245.985	214.0862	0.9109503	0.324924	0.336536	0.0830598	0.25548	2.152631	0.8401864
49632	-1024.597	-1238.454	213.8568	0.9109503	0.272347	0.318404	0.12072	0.288528	2.281395	0.9540772
49638	-1031.022	-1244.463	213.4404	1.435716	0.0602009	0.41867	0.233133	0.287997	2.043756	1.104867
49644	-1042.229	-1250.677	208.4472	11.99863	0.0476244	0.459403	0.303364	0.189608	1.697889	1.885351
49650	-1013.068	-1223.904	210.8353	3.537779	0.132429	0.489258	0.285245	0.0930685	1.715221	2.199591
49656	-1015.952	-1226.167	210.214	3.423358	0.385598	0.10641	0.0384657	0.469526	1.576026	2.716662
49662	-1026.276	-1237.269	210.9928	2.139149	0.249366	0.422115	0.0248757	0.303643	1.555947	2.747682
49668	-1028.365	-1239.358	210.9925	2.029485	0.225441	0.376905	0.0811726	0.316481	1.63684	2.747682
49674	-1026.923	-1236.846	209.9223	3.301416	0.310909	0.0429538	0.472861	0.173276	1.533214	2.961058
49680	-1025.69	-1235.102	209.4121	2.910972	0.090114	0.193367	0.397822	0.318697	1.516937	3.40931
49686	-1031.898	-1243.384	211.4868	0.9729016	0.155326	0.557623	0.160722	0.126329	1.443747	3.118655
49692	-1027.683	-1239.891	212.2081	0.88748	0.180382	0.521188	0.0977318	0.200698	1.799684	2.516204
49698	-1012.549	-1226.398	213.8492	0.8516259	0.0647638	0.594709	0.111518	0.229009	1.958006	1.307815
49704	-1012.301	-1225.208	212.9074	1.899484	0.202871	0.263553	0.215366	0.31821	1.957843	1.307815
49710	-1005.424	-1218.954	213.5303	1.371764	0.00980796	0.623519	0.0103739	0.356299	1.998113	1.116261
49716	-1031.962	-1244.278	212.316	2.673504	0.0797786	0.518561	0.0170336	0.384627	1.884369	1.404371
49722	-1037.202	-1248.486	211.2839	4.44776	0.162285	0.485407	0.0149407	0.337367	2.026782	1.344732
49728	-1034.367	-1246.861	212.4945	2.365262	0.269372	0.468516	0.0286371	0.233474	2.025142	1.313467
49734	-1019.823	-1229.691	209.8671	7.438805	0.146143	0.538724	0.12115	0.193983	2.013978	1.546245
49740	-1010.721	-1222.002	211.2807	3.702841	0.542429	0.228999	0.0868084	0.141764	1.985652	1.655505
49746	-1020.741	-1234.052	213.3112	0.8464263	0.450968	0.245595	0.218389	0.0850475	2.060389	1.64219
49752	-1014.582	-1227.127	212.5446	1.120322	0.210543	0.135093	0.510391	0.143973	1.980651	2.035133
49758	-1026.342	-1239.658	213.3157	1.120322	0.269817	0.0162684	0.654082	0.0598333	1.955086	1.514685
49764	-1041.767	-1255.982	214.215	0.4259835	0.363348	0.341554	0.290264	0.00483361	2.122671	1.231758
49770	-1025.81	-1239.314	213.5044	1.16526	0.380303	0.382801	0.232226	0.00467001	1.700178	1.53189
49776	-1022.373	-1236.074	213.7011	1.091427	0.333605	0.146018	0.501044	0.019332	2.203936	1.007913
49782	-1039.517	-1253.881	214.3644	0.758888	0.230705	0.438913	0.0527015	0.277681	2.123796	0.7114889
49788	-1032.277	-1246.472	214.1951	0.8379184	0.208085	0.230234	0.337726	0.223955	2.151924	0.7981079
49794	-1025.759	-1240.247	214.4878	0.5167239	0.294669	0.342003	0.269259	0.0940694	1.92083	1.092899
49800	-1026.222	-1240.324	214.1025	0.7801832	0.46565	0.169654	0.187693	0.177003	1.940354	1.172856
49806	-1022.292	-1235.679	213.3873	1.119397	0.380838	0.0627906	0.364336	0.192035	2.168136	1.294109
49812	-1034.734	-1248.345	213.611	0.9948992	0.25055	0.0413094	0.427634	0.280507	2.066962	1.294109
49818	-1024.031	-1238.112	214.0804	0.8382791	0.152111	0.198413	0.484177	0.1653	2.164665	0.919888
49824	-1036.256	-1250.332	214.0764	0.7073646	0.161026	0.210043	0.543137	0.0857935	2.013119	1.199024
49830	-1031.618	-1244.962	213.344	1.518726	0.209303	0.106183	0.644922	0.0395917	2.470767	0.5892137
49836	-1017.393	-1231.468	214.0754	0.708581	0.262419	0.225971	0.434538	0.0770716	2.406479	0.799596
49842	-1009.498	-1223.589	214.091	0.8070204	0.160306	0.19336	0.512339	0.133995	2.345599	0.7132185
49848	-1023.336	-1236.946	213.6092	1.179503	0.216657	0.302316	0.0757842	0.405243	2.519439	0.5590688
49854	-1015.71	-1229.259	213.549	1.249161	0.138506	0.251869	0.437281	0.172344	2.519439	0.5250642
49860	-1004.297	-1217.797	213.5002	1.280744	0.23018	0.450803	0.242802	0.0762149	2.530188	0.5745727
49866	-1004.649	-1218.093	213.4438	1.186883	0.162719	0.229262	0.35416	0.253859	2.682797	0.4723525
49872	-1002.31	-1216.202	213.8918	0.7677566	0.331385	0.109407	0.536811	0.0223969	2.642312	0.4184165
49878	-1003.028	-1217.155	214.1263	0.5073316	0.266325	0.138733	0.557692	0.0372503	2.684899	0.4305111
49884	-1011.665	-1225.955	214.2897	0.6527248	0.237225	0.123575	0.496755	0.142445	2.378225	0.5386328
49890	-1012.458	-1226.588	214.13	0.6527248	0.281748	0.0814879	0.58679	0.0499747	2.537943	0.5386328
49896	-1013.732	-1227.562	213.8306	0.7546102	0.192938	0.165287	0.590408	0.0513657	2.72634	0.4471088
49902	-1015.447	-1229.309	213.8622	0.7423982	0.0889122	0.191279	0.511783	0.208026	2.684607	0.3889667
49908	-1019.856	-1232.919	213.0632	1.448547	0.325695	0.0602033	0.379466	0.234636	2.786885	0.3720606
49914	-1019.569	-1232.803	213.2331	1.051796	0.247661	0.129505	0.555409	0.0674249	1.717363	1.792506
49920	-1012.867	-1226.751	213.8839	1.111913	0.316833	0.265187	0.332502	0.0854772	1.850043	1.149008
49926	-1017.176	-1231.288	214.1114	0.6551479	0.189639	0.366222	0.337962	0.106177	1.950715	1.268528
49932	-1022.262	-1235.952	213.6902	1.181413	0.37433	0.0876852	0.339215	0.19877	2.229851	0.9011756
49938	-1026.72	-1240.828	214.1077	0.7837997	0.192106	0.045	0.655754	0.10714	2.307728	0.7820271
49944	-1009.846	-1222.93	213.0846	1.718505	0.263978	0.00745125	0.673898	0.0546727	1.939936	1.294671
49950	-1008.92	-1221.441	212.5216	2.449044	0.52992	0.0526422	0.208319	0.209118	2.073222	1.203811
49956	-1023.308	-1236.945	213.6367	1.090393	0.108768	0.0928993	0.759018	0.0393145	2.168241	1.104022
49962	-1031.235	-1245.119	213.884	0.7119991	0.145695	0.373339	0.45728	0.0236855	2.09338	1.28866
49968	-1023.003	-1237.213	214.2099	0.7119991	0.223566	0.295396	0.451167	0.0298711	2.241897	0.8337847
49974	-1025.517	-1238.62	213.103	1.785258	0.262749	0.0584328	0.460307	0.218511	2.471663	0.642278
49980	-1026.187	-1240.372	214.1848	0.6457655	0.149969	0.198153	0.585683	0.0661947	2.306285	0.8710943
49986	-1015.637	-1229.846	214.2093	0.681108	0.262399	0.100231	0.603888	0.0334829	2.289206	0.8159863
49992	-1015.03	-1229.287	214.2565	0.6876975	0.309887	0.0694479	0.581123	0.0395425	2.262192	0.7796222
49998	-1010.205	-1224.091	213.8862	0.8840883	0.370307	0.0361107	0.503589	0.0899929	2.478279	0.6996359
50004	-1026.038	-1239.659	213.621	1.129474	0.32348	0.0806586	0.428716	0.167146	2.558675	0.4604115
50010	-1026.18	-1240.287	214.1071	0.6815312	0.358985	0.0407821	0.427393	0.17284	2.519145	0.4208494
50016	-1042.795	-1256.888	214.0925	0.6815312	0.338298	0.0675091	0.402764	0.191429	2.54766	0.5079263
50022	-1022.946	-1236.549	213.6033	1.253697	0.18823	0.341173	0.283566	0.187031	2.455091	0.5618574
50028	-1003.828	-1217.479	213.651	1.206191	0.12073	0.511439	0.129383	0.238449	2.451801	0.5618574
50034	-1003.908	-1217.727	213.8187	0.9346535	0.134634	0.440695	0.179799	0.244872	2.51422	0.6615622
50040	-1009.48	-1223.423	213.9428	0.8413189	0.110925	0.350867	0.268382	0.269826	2.51422	0.5917153
50046	-1005.032	-1218.779	213.7461	1.034919	0.155974	0.413181	0.163776	0.26707	2.51422	0.5917153
50052	-1003.869	-1217.83	213.9613	0.8631615	0.14786	0.380005	0.290899	0.181237	2.471052	0.5981016
50058	-1018.528	-1232.425	213.897	0.6996219	0.220449	0.215504	0.347529	0.216519	2.707038	0.5981016
50064	-1040.015	-1253.947	213.9321	0.7611797	0.509285	0.156355	0.141771	0.19259	2.62271	0.4755171
50070	-1019.262	-1233.304	214.0416	0.5805325	0.237488	0.0687316	0.62547	0.0683104	2.697071	0.4390365
50076	-1031.018	-1244.921	213.9027	0.6935886	0.319718	0.0843649	0.4448	0.151117	2.722902	0.470218
50082	-1009.986	-1223.086	213.1001	0.933629	0.42444	0.256176	0.123601	0.195783	2.180214	1.643274
50088	-1018.621	-1231.145	212.5234	1.907295	0.196488	0.301829	0.057219	0.444463	2.072942	1.511721
50094	-1014.796	-1228.094	213.2988	1.112661	0.289972	0.270542	0.0410958	0.39839	2.071516	1.445138
50100	-1012.133	-1224.506	212.3727	2.113369	0.31916	0.267527	0.202005	0.211308	2.157327	1.445138
50106	-1023.574	-1237.143	213.5693	0.8742129	0.313194	0.181898	0.254951	0.249957	2.598945	0.9621388
50112	-1023.195	-1236.873	213.6783	0.8742129	0.387694	0.0903266	0.212563	0.309416	2.583401	0.8582837
50118	-1011.43	-1225.154	213.7238	0.7150939	0.420058	0.19422	0.230308	0.155414	2.398073	1.163846
50124	-1013.826	-1226.552	212.726	1.17899	0.378958	0.146702	0.28322	0.191119	2.105623	1.789587
50130	-1032.29	-1244.684	212.3932	1.831446	0.343713	0.226063	0.256879	0.173344	2.069443	1.652583
50136	-1029.045	-1242.791	213.746	1.030428	0.326436	0.2147	0.0200056	0.438859	2.069443	1.147547
50142	-1028.32	-1241.91	213.5898	0.7985684	0.165009	0.327607	0.245494	0.261891	1.833053	1.641212
50148	-1022.064	-1234.295	212.2312	1.276346	0.243967	0.393873	0.0758522	0.286308	1.613909	2.37982
50154	-1037.875	-1248.699	210.8242	2.380787	0.350515	0.268564	0.0497953	0.331125	1.741204	2.632953
50160	-1034.434	-1244.416	209.9821	3.076561	0.480044	0.0323043	0.0912389	0.396412	1.968074	2.739831
50166	-1055.557	-1265.976	210.4191	2.674882	0.250779	0.0419938	0.538106	0.169121	1.851032	2.694961
50172	-1020.006	-1231.039	211.0328	1.34321	0.48205	0.0574956	0.198993	0.261461	1.543649	3.118847
50178	-1011.047	-1223.451	212.4038	0.9856271	0.290097	0.234127	0.288465	0.187311	1.671033	2.41156
50184	-1020.723	-1233.467	212.7444	0.9552286	0.224466	0.301669	0.438595	0.03527	1.753948	2.160051
50190	-1005.344	-1218.433	213.089	0.9822873	0.330263	0.0825619	0.28133	0.305846	1.756427	1.911845
50196	-1017.287	-1229.587	212.2993	1.35012	0.51719	0.133652	0.121256	0.227901	1.608972	2.296836
50202	-1017.764	-1230.002	212.2379	1.190128	0.219267	0.147838	0.445003	0.187893	1.818198	2.296836
50208	-1015.445	-1228.175	212.7297	0.6176007	0.246822	0.130387	0.392476	0.230315	1.86109	2.327498
50214	-1019.472	-1232.506	213.0331	0.8263908	0.349304	0.255908	0.0996197	0.295168	1.939134	1.934082
50220	-1014.597	-1226.904	212.307	2.327814	0.06121	0.431727	0.257804	0.249259	1.934024	1.54774
50226	-1008.078	-1220.894	212.8169	0.6229275	0.0417782	0.24891	0.565603	0.143709	1.648849	2.403255
50232	-1023.173	-1235.796	212.6229	1.265386	0.0579333	0.34516	0.522492	0.0744145	1.618794	2.131424
50238	-1009.105	-1222.229	213.1243	0.7779396	0.121622	0.61995	0.103907	0.154522	1.77802	2.01489
50244	-1021.325	-1233.916	212.5912	0.7779396	0.118043	0.457504	0.100849	0.323603	1.68097	2.42194
50250	-1007.753	-1219.137	211.3847	2.188114	0.291011	0.384409	0.091301	0.233279	1.695774	2.39563
50256	-995.4954	-1207.606	212.1107	1.501587	0.227365	0.330432	0.0753553	0.366848	1.790721	2.215443
50262	-1009.388	-1222.506	213.1188	1.758012	0.0466287	0.56207	0.0361149	0.355186	2.117286	1.084318
50268	-1008.678	-1222.003	213.3255	1.330776	0.142079	0.550094	0.0353454	0.272482	2.083737	1.251505
50274	-1019.132	-1232.394	213.2627	1.41636	0.0802975	0.61303	0.099033	0.20764	2.140871	1.191381
50280	-1002.86	-1215.794	212.9341	0.897878	0.318844	0.36701	0.137409	0.176738	2.112252	1.833226
50286	-1001.703	-1215.571	213.868	0.5744089	0.223848	0.245986	0.411709	0.118458	2.264704	1.280365
50292	-1010.425	-1223.698	213.2733	0.5113927	0.242848	0.266866	0.446655	0.0436308	1.984779	1.96387
50298	-1009.654	-1222.118	212.4644	0.6981387	0.234837	0.307257	0.425541	0.0323644	1.92852	2.398985
50304	-1013.282	-1226.048	212.7662	0.68763	0.196876	0.453596	0.305482	0.044046	1.80681	2.291606
50310	-1015.67	-1228.446	212.7763	0.9566629	0.123959	0.458605	0.372903	0.0445324	1.710204	2.166762
50316	-993.9247	-1207.436	213.5114	0.9566629	0.199764	0.198561	0.528123	0.073551	1.744244	1.644202
50322	-1005.812	-1216.513	210.7006	1.870265	0.303814	0.141696	0.273072	0.281418	1.808614	2.894342
50328	-1006.194	-1218.769	212.5743	1.544062	0.156487	0.346888	0.237292	0.259333	1.941576	1.780809
50334	-1005.237	-1216.414	211.1775	2.1215	0.100058	0.174306	0.48114	0.244496	1.652989	2.582162
50340	-1004.272	-1216.984	212.7121	0.9849577	0.103371	0.254564	0.349608	0.292457	1.968074	2.020814
50346	-1015.266	-1228.683	213.4178	1.033621	0.0826279	0.191313	0.292124	0.433935	1.788319	1.624422
50352	-1028.2	-1236.738	208.5379	3.459374	0.166496	0.285635	0.217656	0.330212	1.522167	3.730284
50358	-1033.229	-1243.743	210.514	1.754324	0.437814	0.152377	0.152486	0.257323	1.473691	3.260453
50364	-1024.122	-1234.584	210.4618	1.914689	0.347365	0.299458	0.294924	0.0582528	1.403271	3.258507
50370	-1015.737	-1230.116	214.3793	0.7218913	0.141225	0.207294	0.18748	0.464001	2.09299	0.7936357
50376	-1022.081	-1235.777	213.696	0.9737897	0.176721	0.0902146	0.497477	0.235587	1.92757	1.35484
50382	-1014.648	-1227.774	213.1263	0.9518774	0.373668	0.129557	0.137714	0.359061	1.741306	1.917562
50388	-1008.586	-1221.763	213.1772	1.21056	0.385665	0.127025	0.158374	0.328936	1.991246	1.526823
50394	-1033.359	-1246.916	213.5569	0.9780059	0.183814	0.57781	0.0194971	0.21888	2.059411	1.357226
50400	-1025.798	-1238.329	212.531	2.02898	0.370623	0.149515	0.163968	0.315893	2.05446	1.450372
50406	-1025.365	-1236.388	211.0232	2.835273	0.107174	0.366009	0.227121	0.299696	1.653154	2.379004
50412	-1019.492	-1230.272	210.7793	3.320453	0.312873	0.211575	0.286832	0.18872	1.494997	2.451998
50418	-1027.302	-1239.5	212.1979	1.474082	0.399472	0.143275	0.106581	0.350672	1.760885	2.193723
50424	-1024.967	-1237.113	212.1455	2.013468	0.385355	0.173552	0.102814	0.338279	2.03482	1.753685
50430	-1004.48	-1216.95	212.4703	1.416936	0.392137	0.141506	0.109431	0.356927	2.097488	1.821246
50436	-999.7584	-1212.861	213.1029	1.590817	0.166764	0.57671	0.104736	0.15179	1.946289	1.359385
50442	-1003.174	-1215.852	212.6778	1.141072	0.144221	0.612613	0.222275	0.020891	2.096476	1.854043
50448	-1000.102	-1212.103	212.0004	0.9105411	0.196114	0.282082	0.493396	0.0284078	1.968955	2.5254
50454	-1000.358	-1212.541	212.1825	1.236512	0.348422	0.0781003	0.497947	0.0755302	1.891077	2.25772
50460	-1016.121	-1230.48	214.3594	0.6594347	0.436355	0.0978107	0.381456	0.0843783	2.028332	0.9685928
50466	-1005.75	-1219.491	213.7414	0.6558946	0.265079	0.310232	0.334472	0.0902177	1.789668	1.671664
50472	-1016.22	-1229.604	213.3843	0.9099585	0.0791287	0.192623	0.701933	0.0263144	1.800788	1.728169
50478	-999.2999	-1213.028	213.7281	0.9099585	0.19784	0.140776	0.624353	0.0370316	2.026473	1.30177
50484	-1000.785	-1214.667	213.8821	0.8841375	0.328732	0.178992	0.363632	0.128643	1.995534	1.221775
50490	-1001.975	-1215.001	213.0264	1.769192	0.162273	0.109341	0.411412	0.316973	2.414078	0.8642213
50496	-1009.401	-1223.2	213.7988	0.9801363	0.294542	0.305447	0.218848	0.181163	2.066951	1.147499
50502	-1005.58	-1219.626	214.0462	0.6786005	0.0867457	0.251847	0.512035	0.149373	2.178289	1.106698
50508	-1004.52	-1218.846	214.3251	0.6388048	0.146625	0.261303	0.280146	0.311926	2.178289	0.8653068
50514	-1009.309	-1223.278	213.9695	0.8529526	0.274644	0.204296	0.199641	0.321419	2.192969	0.9906327
50520	-1007.722	-1221.675	213.9529	0.8529526	0.166735	0.266212	0.368454	0.198599	2.256274	0.9422205
50526	-1001.735	-1215.805	214.0699	0.7226817	0.258153	0.181434	0.412464	0.14795	2.237056	0.9827297
50532	-1011.393	-1225.613	214.2198	0.8143557	0.236056	0.165904	0.421021	0.17702	2.014971	0.9576781
50538	-1002.794	-1217.118	214.3239	0.6176908	0.230138	0.24308	0.453666	0.0731155	1.964492	1.107184
50544	-1003.728	-1218.152	214.4242	0.6731747	0.205315	0.140997	0.559286	0.0944019	2.158886	0.7043431
50550	-1010.688	-1224.98	214.2917	0.7019321	0.225827	0.273317	0.397023	0.103833	2.260913	0.7043431
50556	-1003.791	-1218.072	214.2813	0.7019321	0.213041	0.257842	0.462031	0.0670856	2.226446	0.773836
50562	-1006.471	-1220.459	213.9882	0.9722963	0.173138	0.323829	0.356552	0.146481	2.226446	0.7909151
50568	-1029.283	-1242.928	213.6452	1.308319	0.3732	0.107121	0.487374	0.0323056	2.24673	0.7909151
50574	-1009.374	-1223.706	214.3322	0.6254658	0.118571	0.390514	0.48739	0.00352477	2.210138	0.8350864
50580	-1028.576	-1242.323	213.7465	0.9592857	0.057105	0.121657	0.816821	0.00441763	2.063509	1.214088
50586	-1014.667	-1228.235	213.5675	0.8747362	0.0291055	0.51729	0.240191	0.213413	1.938574	1.522371
50592	-1015.756	-1229.92	214.1633	0.7921062	0.380025	0.276536	0.181857	0.161582	1.940704	1.107209
50598	-1012.266	-1226.57	214.3041	0.6256108	0.264366	0.303803	0.34432	0.0875116	2.27596	0.7856136
50604	-1022.851	-1237.299	214.4476	0.5657209	0.216174	0.248422	0.406352	0.129052	2.283079	0.6362901
50610	-1019.975	-1234.272	214.2964	0.5534317	0.164927	0.340465	0.376155	0.118453	2.472831	0.5549882
50616	-1018.915	-1232.256	213.3407	1.29243	0.117871	0.46522	0.136627	0.280282	2.472831	0.9044517
50622	-1029.872	-1242.755	212.883	1.731424	0.176908	0.407346	0.143884	0.271862	2.193508	1.2431
50628	-1023.715	-1236.972	213.2568	0.9366176	0.180933	0.416614	0.124404	0.278048	1.843593	1.768443
50634	-1016.866	-1229.447	212.5804	0.9366176	0.21458	0.3054	0.27937	0.20065	2.036423	2.094917
50640	-1042.533	-1255.506	212.9727	1.148736	0.311664	0.148393	0.488689	0.0512538	3.019681	0.2609856
50646	-1032.271	-1245.846	213.5744	0.4948485	0.209209	0.193881	0.567462	0.0294476	3.099366	0.267494
50652	-1006.24	-1219.63	213.3895	1.19118	0.320139	0.21379	0.275082	0.190989	2.119517	1.27593
50658	-1014.62	-1227.797	213.1773	1.774769	0.286927	0.207154	0.269367	0.236551	2.219619	0.909032
50664	-1009.551	-1223.37	213.8192	0.9365947	0.210393	0.170897	0.521464	0.0972455	2.219619	1.028031
50670	-1007.608	-1221.43	213.8221	0.9365947	0.210393	0.170897	0.521464	0.0972455	2.157135	1.084611
50676	-1002.341	-1216.164	213.8235	1.002694	0.185054	0.175014	0.458661	0.181271	2.170086	1.006918
50682	-996.5522	-1210.619	214.0672	0.7375273	0.190179	0.279395	0.397029	0.133397	2.277838	0.9262457
50688	-1003.944	-1217.978	214.0343	0.7375273	0.188961	0.342962	0.393435	0.0746419	2.485371	0.6960178
50694	-1009.517	-1223.662	214.1456	0.6111347	0.173123	0.314217	0.443552	0.0691077	2.508344	0.6950511
50700	-1014.288	-1228.38	214.0927	0.6632304	0.412648	0.142516	0.419921	0.0249156	2.462634	0.7644542
50706	-1014.709	-1228.879	214.1705	0.6294357	0.228535	0.137464	0.605394	0.0286072	2.433199	0.7457226
50712	-1015.812	-1229.82	214.008	0.814129	0.303621	0.201298	0.479841	0.0152405	2.433199	0.6923531
50718	-1017.632	-1231.566	213.9344	0.9357122	0.231743	0.210773	0.502427	0.0550577	2.092378	1.040493
50724	-1026.102	-1240.118	214.0159	0.7626628	0.331101	0.216487	0.319646	0.132766	2.538562	0.5025045
50730	-1014.234	-1228.29	214.0558	0.6100724	0.235315	0.436825	0.152643	0.175216	2.659114	0.4791093
50736	-1008.654	-1222.811	214.1576	0.5765393	0.214693	0.181398	0.543833	0.0600758	2.591105	0.4672906
50742	-1022.399	-1236.454	214.0541	0.5765393	0.391904	0.164693	0.398565	0.0448377	2.674351	0.4012289
50748	-1015.877	-1229.456	213.5789	0.7177497	0.315728	0.153434	0.505075	0.0257638	2.878265	0.2768888
50754	-1017.982	-1231.908	213.9262	0.884936	0.228671	0.400813	0.173158	0.197358	2.485784	0.5915807
50760	-1008.748	-1221.788	213.0395	1.756598	0.407841	0.0549186	0.308832	0.228408	2.577295	0.5915807
50766	-1013.476	-1227.118	213.6423	1.079717	0.357775	0.185414	0.175043	0.281768	2.577295	0.5804644
50772	-1007.297	-1220.39	213.0929	1.695287	0.402005	0.090954	0.297261	0.20978	2.582057	0.5587165
50778	-1026.094	-1239.551	213.4575	1.272308	0.340731	0.0539508	0.288976	0.316342	2.582057	0.5690649
50784	-1019.322	-1233.616	214.2941	0.5418951	0.309576	0.0937426	0.538866	0.0578154	2.449067	0.662677
50790	-1013.879	-1228.036	214.157	0.6179627	0.194274	0.0588282	0.602832	0.144066	2.361471	0.8733668
50796	-1018.411	-1232.815	214.404	0.5510443	0.262557	0.145069	0.462867	0.129507	2.184348	0.8733668
50802	-1020.435	-1234.364	213.9287	0.8179656	0.223617	0.0590541	0.653189	0.0641395	2.196076	1.062834
50808	-1020.894	-1235.348	214.4545	0.3865195	0.224196	0.438663	0.315061	0.0220796	1.98691	1.171802
50814	-1020.258	-1234.195	213.9374	0.6336958	0.257181	0.247171	0.467375	0.0282734	1.990491	1.394292
50820	-1014.084	-1227.69	213.6067	0.3687824	0.0638192	0.400819	0.504823	0.0305387	1.726339	2.000258
50826	-1011.464	-1225.159	213.6956	0.4352884	0.260717	0.368125	0.354555	0.0166029	1.581546	2.000258
50832	-1007.681	-1221.547	213.8655	0.5588165	0.0975535	0.289976	0.314617	0.297854	1.554116	1.821172
50838	-1001.763	-1214.852	213.0884	0.988482	0.0937388	0.171978	0.727256	0.0070271	1.663068	1.970891
50844	-991.353	-1205.181	213.8276	0.72519	0.205761	0.379463	0.325355	0.0894207	1.960508	1.427455
50850	-1006.974	-1220.544	213.5699	0.4885451	0.152939	0.354038	0.409593	0.0834294	1.97079	1.786696
50856	-997.3971	-1211.643	214.2463	0.5843	0.08827	0.317809	0.497428	0.0964925	2.19006	0.9996428
50862	-1004.705	-1218.753	214.0487	0.8296895	0.123084	0.311873	0.391444	0.173598	2.244264	0.875994
50868	-1010.776	-1224.462	213.6856	1.166026	0.17738	0.293281	0.349374	0.179966	2.214406	0.9391558
50874	-1022.341	-1235.736	213.3949	1.623774	0.147046	0.399361	0.0526003	0.400993	2.289413	0.686398
50880	-1028.998	-1241.893	212.8951	1.623774	0.148113	0.365589	0.0580774	0.428221	1.786424	1.615873
50886	-1010.538	-1223.684	213.1461	0.8725219	0.127561	0.416336	0.151431	0.304673	1.759832	1.946507
50892	-1004.207	-1217.658	213.4515	0.8052338	0.200974	0.358068	0.274024	0.166934	1.809964	1.750689
50898	-1008.628	-1220.99	212.3612	1.152704	0.160779	0.311108	0.383071	0.145041	1.998374	2.123727
50904	-1004.559	-1218.02	213.4618	0.6330388	0.217432	0.464289	0.309831	0.0084488	1.97714	1.753793
50910	-1023.966	-1236.43	212.4638	0.7533191	0.14075	0.503302	0.335865	0.0200829	1.567819	2.588425
50916	-1008.465	-1220.934	212.4687	0.9931717	0.189815	0.200087	0.452948	0.15715	1.714319	2.338237
50922	-999.3015	-1211.117	211.8155	0.8082575	0.223917	0.0520067	0.656215	0.067861	1.472301	3.006306
50928	-1009.45	-1221.856	212.4066	0.5867898	0.205046	0.160523	0.600912	0.0335188	1.534812	2.752178
50934	-995.1749	-1208.308	213.1327	0.6791263	0.149163	0.264336	0.523347	0.0631535	1.63826	2.169837
50940	-1012.946	-1225.186	212.24	0.5730921	0.0831272	0.295248	0.584547	0.0370776	1.514636	2.874457
50946	-1021.702	-1234.395	212.6929	0.5310463	0.0605525	0.328461	0.574544	0.036443	1.464687	2.654966
50952	-1006.38	-1218.062	211.6829	0.9060522	0.0434419	0.241771	0.687963	0.0268247	1.618057	2.93751
50958	-1023.007	-1233.886	210.8787	1.0404	0.0593247	0.236561	0.699954	0.00416014	1.44135	3.439147
50964	-1014.098	-1228.148	214.0501	0.7567575	0.198499	0.147203	0.614506	0.0397916	2.509285	0.4755519
50970	-1014.424	-1225.289	210.8655	0.931053	0.188753	0.193449	0.49989	0.117907	1.338079	3.571051
50976	-1023.149	-1232.084	208.9351	0.7450955	0.163838	0.271284	0.399531	0.165348	1.402865	4.742366
50982	-1024.851	-1238.987	214.1351	0.5629244	0.134051	0.204026	0.509878	0.152045	2.626381	0.5435729
50988	-1028.17	-1242.285	214.1152	0.5249467	0.232139	0.28348	0.445915	0.038467	2.688707	0.4912749
50994	-1029.065	-1243.359	214.2934	0.5249467	0.264294	0.181536	0.546437	0.00773311	2.443528	0.7063786
51000	-1030.743	-1244.683	213.9398	0.9806518	0.136225	0.305254	0.551141	0.00738012	2.312909	0.7222697
51006	-1025.937	-1240.051	214.1134	0.8419563	0.226717	0.106081	0.446099	0.221103	2.281267	0.7222697
51012	-1020.738	-1234.893	214.1547	0.7414058	0.163295	0.041989	0.690832	0.103884	2.345383	0.7222697
51018	-1034.264	-1248.449	214.1851	0.7590898	0.289868	0.070649	0.418561	0.220923	2.333911	0.6533568
51024	-1026.374	-1240.138	213.7635	0.9951129	0.389284	0.0604541	0.24018	0.310081	2.54011	0.4283917
51030	-1014.01	-1227.428	213.4182	1.355643	0.261716	0.311252	0.207491	0.21954	2.552546	0.4724142
51036	-1028.129	-1241.032	212.9028	1.486832	0.194462	0.230705	0.154172	0.420661	2.861229	0.3146937
51042	-1024.132	-1236.179	212.0471	2.273356	0.243052	0.420433	0.0270533	0.309462	3.043464	0.2713274
51048	-1031.183	-1244.042	212.8583	1.264299	0.385523	0.345818	0.0141182	0.254541	3.043464	0.2713274
51054	-1020.162	-1234.028	213.8656	1.039472	0.252845	0.149591	0.431468	0.166095	2.038086	1.058604
51060	-1024.281	-1238.372	214.0906	0.6859192	0.231779	0.355229	0.369971	0.0430213	2.544379	0.481923
51066	-1021.455	-1235.384	213.9283	0.6696154	0.0947899	0.0800665	0.718079	0.107064	2.724097	0.4843648
51072	-1022.033	-1236.277	214.244	0.7049481	0.240004	0.271268	0.451907	0.0368206	2.341704	0.6320596
51078	-1027.989	-1242.236	214.2468	0.6920058	0.126768	0.238068	0.540894	0.0942704	2.318624	0.7004435
51084	-1018.882	-1232.447	213.5655	1.239406	0.395506	0.262573	0.130783	0.211138	2.284634	0.9182546
51090	-1022.094	-1235.753	213.6586	0.765511	0.246138	0.290561	0.331902	0.131399	1.982015	1.507091
51096	-1034.178	-1248.082	213.9042	0.765511	0.380516	0.214408	0.229107	0.175969	2.015746	1.289385
51102	-1033.688	-1246.889	213.2015	0.9097231	0.216751	0.15042	0.57334	0.0594886	1.892681	1.791854
51108	-1024.19	-1237.144	212.9542	0.9306933	0.20011	0.187556	0.508768	0.103566	1.892681	1.946083
51114	-1024.154	-1236.893	212.7387	1.115432	0.179876	0.254735	0.418444	0.146945	1.826325	2.011887
51120	-1022.887	-1235.289	212.4021	1.115432	0.171765	0.243247	0.399574	0.185414	1.871761	2.202735
51126	-1008.554	-1219.919	211.3653	1.713714	0.281321	0.355693	0.268251	0.0947341	1.677207	2.644778
51132	-1007.559	-1220.379	212.8201	1.436366	0.213148	0.410381	0.309495	0.0669761	2.083151	1.571073
51138	-1016.961	-1229	212.0399	2.404245	0.193157	0.46568	0.280468	0.0606946	2.240457	1.479182
51144	-1008.436	-1221.619	213.1826	1.113109	0.119953	0.624317	0.159785	0.0959448	2.134806	1.484951
51150	-1012.533	-1224.618	212.0859	1.899084	0.0678157	0.581809	0.00164844	0.348726	2.030542	1.857958
51156	-1001.419	-1213.823	212.4039	1.986154	0.320505	0.289613	0.00408595	0.385796	2.122741	1.518901
51162	-1013.566	-1226.318	212.7518	1.294217	0.270253	0.403367	0.0219049	0.304475	1.936184	1.814533
51168	-1019.111	-1231.145	212.0335	1.57412	0.179335	0.362117	0.023181	0.435367	1.822553	2.204802
51174	-1010.333	-1222.245	211.9121	2.081677	0.379391	0.282892	0.0433441	0.294373	1.880363	1.983986
51180	-1003.519	-1215.531	212.012	1.871728	0.215997	0.0430301	0.372517	0.368456	1.818346	2.064188
51186	-1016.836	-1228.406	211.5701	2.278141	0.373118	0.0503554	0.319268	0.257259	1.828521	2.150724
51192	-1033.32	-1244.512	211.1925	1.996443	0.272543	0.0659284	0.580795	0.0807337	1.828521	2.521228
51198	-1014.827	-1227.654	212.8265	1.366973	0.288443	0.0779375	0.53818	0.0954397	1.888281	1.750052
51204	-1008.3	-1221.115	212.8155	1.334565	0.388584	0.104996	0.377846	0.128574	1.757089	1.868477
51210	-1020.885	-1231.996	211.1102	2.113382	0.417324	0.0940362	0.33296	0.15568	1.652225	2.627949
51216	-1025.727	-1237.78	212.0527	1.958289	0.113896	0.137753	0.445503	0.302848	1.888642	1.945958
51222	-1034.981	-1249.071	214.0897	0.6305674	0.300757	0.261995	0.35117	0.0860789	2.297545	1.000119
51228	-1024.863	-1238.929	214.0663	0.7174459	0.282626	0.241201	0.23488	0.241293	2.467502	0.7084753
51234	-1011.98	-1226.036	214.0559	0.8012581	0.288352	0.234985	0.230482	0.246181	2.389556	0.7084753
51240	-1020.508	-1234.316	213.8082	0.7918926	0.313458	0.274448	0.25055	0.161543	2.189824	1.200989
51246	-1024.442	-1238.258	213.8161	0.79719	0.236758	0.147815	0.493413	0.122015	2.176318	1.200989
51252	-1006.145	-1220.07	213.9243	0.7126577	0.322414	0.131226	0.438038	0.108322	2.181571	1.180067
51258	-1013.44	-1227.219	213.7792	0.7005322	0.253911	0.156675	0.504108	0.0853066	2.119267	1.361796
51264	-1024.903	-1238.498	213.5954	1.033425	0.473355	0.0774982	0.318635	0.130512	2.239259	1.127793
51270	-1019.461	-1233.293	213.8315	1.036097	0.415806	0.0427726	0.32492	0.216501	2.17079	0.9643827
51276	-1025.683	-1239.351	213.668	1.044278	0.312076	0.109175	0.208626	0.370123	2.597961	0.4909183
51282	-1016.605	-1230.28	213.6748	1.044278	0.455532	0.0864086	0.16512	0.292939	2.590177	0.4765456
51288	-1014.335	-1227.838	213.5024	1.026223	0.357926	0.138453	0.12974	0.373881	2.748058	0.3814912
51294	-1013.209	-1225.53	212.3214	2.343391	0.226402	0.409967	0.103809	0.259822	2.867391	0.4433674
51300	-996.3917	-1209.621	213.2294	1.677954	0.254399	0.283372	0.170279	0.291951	2.462859	0.5413441
51306	-1009.034	-1222.123	213.0887	1.677954	0.319647	0.292627	0.225813	0.161912	2.604178	0.4650094
51312	-1003.959	-1217.644	213.685	0.9371219	0.221225	0.265005	0.367275	0.146496	2.66261	0.3946183
51318	-1020.4	-1233.392	212.9919	1.707974	0.212967	0.356076	0.00798745	0.422969	2.66261	0.414541
51324	-1017.6	-1230.576	212.9761	1.830437	0.370716	0.284284	0.00731036	0.33769	2.584346	0.4246463
51330	-1014.465	-1227.415	212.9499	1.834851	0.447639	0.176907	0.00764332	0.367811	2.594978	0.3968399
51336	-1007.489	-1218.64	211.1508	4.727638	0.301886	0.178032	0.105165	0.414917	2.731468	0.4911545
51342	-1010.624	-1221.258	210.6337	6.305923	0.323931	0.0772481	0.0692556	0.529565	2.606247	0.4911545
51348	-1016.419	-1228.107	211.6882	3.566989	0.297104	0.0318872	0.185302	0.485707	2.753647	0.430479
51354	-1017.018	-1226.855	209.8377	8.562925	0.508333	0.05134	0.0281693	0.412157	2.654357	0.4973372
51360	-995.2438	-1205.293	210.0496	8.562925	0.404791	0.103083	0.0124082	0.479717	2.442462	0.4973372
51366	-1008.776	-1220.427	211.6515	4.043725	0.238262	0.284972	0.0343023	0.442463	2.554149	0.5055197
51372	-1008.028	-1219.783	211.7558	3.971618	0.317643	0.199157	0.033685	0.449515	2.452886	0.6401458
51378	-1015.609	-1227.142	211.5338	3.706178	0.375788	0.113957	0.0185439	0.491711	2.839815	0.4524527
51384	-1010.448	-1221.994	211.5454	4.00375	0.38745	0.0723134	0.0332661	0.50697	2.676156	0.4556322
51390	-1017.345	-1228.187	210.8429	5.572489	0.139618	0.0849556	0.124033	0.651394	2.676156	0.4556322
51396	-1010.338	-1221.535	211.1975	4.950218	0.172049	0.344003	0.276959	0.206989	2.58166	0.5505853
51402	-1027.749	-1238.288	210.5391	5.679812	0.0695727	0.541742	0.164367	0.224319	2.891165	0.358095
51408	-1018.141	-1228.963	210.8227	4.853618	0.18942	0.114857	0.033968	0.661756	2.854669	0.2743181
51414	-1018.573	-1230.806	212.2329	2.19855	0.305182	0.203597	0.0156379	0.475582	2.948567	0.2961511
51420	-1018.299	-1230.689	212.3905	2.082281	0.260951	0.28293	0.0494645	0.406655	2.948567	0.3677564
51426	-1028.273	-1239.155	210.8826	4.592049	0.208587	0.136429	0.0904847	0.5645	2.955382	0.3036256
51432	-1016.451	-1227.671	211.2203	4.12605	0.355116	0.177258	0.0152583	0.452367	2.898939	0.3634871
51438	-1019.019	-1230.424	211.4045	3.72289	0.109257	0.585307	0.00996619	0.29547	2.919285	0.3634871
51444	-1012.092	-1223.376	211.2842	3.72289	0.373335	0.162954	0.0806509	0.38306	2.981579	0.305354
51450	-1015.933	-1228.376	212.4433	2.538417	0.241509	0.402741	0.0184908	0.33726	2.619559	0.4749872
51456	-1007.255	-1218.513	211.2585	4.736515	0.209965	0.131935	0.331348	0.326753	2.619559	0.4853983
51462	-1017.826	-1230.68	212.8541	2.205092	0.190545	0.051761	0.656354	0.101339	2.269387	0.849979
51468	-1007.871	-1220.782	212.9108	2.173283	0.372986	0.0885599	0.196938	0.341516	2.284073	0.7873732
51474	-1017.993	-1231.74	213.7468	1.176771	0.357648	0.0778248	0.293279	0.271248	2.345019	0.6671869
51480	-1017.006	-1231.337	214.3308	0.5802445	0.214168	0.230217	0.363725	0.19189	2.4137	0.5366859
51486	-1012.932	-1226.5	213.568	1.283536	0.15837	0.402593	0.268962	0.170075	2.459902	0.5741898
51492	-1006.27	-1220.112	213.8412	0.9545555	0.315907	0.0826749	0.452936	0.148482	2.504617	0.5741898
51498	-1013.258	-1227.247	213.9889	0.8238262	0.28167	0.0655119	0.547351	0.105467	2.497342	0.5461901
51504	-1015.736	-1229.555	213.8187	0.9940755	0.311222	0.0531046	0.499704	0.13597	2.493213	0.5468793
51510	-1011.764	-1225.868	214.1039	0.721276	0.219139	0.209621	0.416019	0.155221	2.493213	0.5231764
51516	-1011.151	-1225.245	214.0941	0.6573204	0.378313	0.267924	0.293343	0.0604211	2.564069	0.4402742
51522	-998.3061	-1212.384	214.0779	0.6573204	0.192629	0.193265	0.465699	0.148407	2.587586	0.4857546
51528	-994.793	-1208.722	213.9286	0.814372	0.224075	0.301499	0.280836	0.19359	2.543946	0.3914652
51534	-1008.262	-1221.431	213.169	1.698211	0.313225	0.172093	0.304666	0.210016	2.50713	0.5380256
51540	-1016.091	-1230.087	213.996	0.8114586	0.345632	0.329653	0.136791	0.187925	2.50713	0.5040588
51546	-1005.838	-1219.875	214.0375	0.6794848	0.269855	0.241103	0.342319	0.146724	2.603114	0.4703515
51552	-1017.263	-1231.137	213.8736	0.6709618	0.347486	0.13231	0.464089	0.0561153	2.775576	0.4670182
51558	-1003.077	-1217.355	214.2776	0.4084185	0.221192	0.343131	0.35394	0.0817371	2.635225	0.4670182
51564	-1016.392	-1230.837	214.4446	0.3674465	0.0882806	0.36631	0.377849	0.167561	2.489446	0.5885966
51570	-1007.678	-1221.879	214.2012	0.7306223	0.0882806	0.36631	0.377849	0.167561	2.373038	0.5885966
51576	-1010.002	-1224.091	214.089	0.7382953	0.140805	0.307999	0.149565	0.401631	2.484965	0.5579628
51582	-1013.358	-1227.401	214.0427	0.7129818	0.140805	0.307999	0.149565	0.401631	2.560345	0.5452097
51588	-1033.217	-1245.682	212.4654	2.576399	0.176965	0.387095	0.0816038	0.354336	2.570359	0.5427865
51594	-1013.472	-1227.27	213.7978	0.9094185	0.155256	0.358895	0.147135	0.338714	2.570359	0.6411292
51600	-1018.065	-1231.439	213.3743	1.214652	0.102441	0.220906	0.658079	0.0185732	2.416915	1.003893
51606	-1036.697	-1250.739	214.0418	0.6744904	0.0722558	0.155814	0.480633	0.291297	2.379293	0.9160701
51612	-1027.898	-1240.988	213.0895	1.577077	0.180054	0.0188055	0.747117	0.054024	2.683437	0.4454483
51618	-1033.418	-1246.761	213.343	1.149293	0.116307	0.372806	0.482603	0.0282849	2.789904	0.3855773
51624	-1025.644	-1239.258	213.6143	0.757552	0.192555	0.461093	0.253357	0.0929958	2.89801	0.361229
51630	-1024.259	-1237.747	213.4886	0.757552	0.25546	0.601214	0.0737385	0.0695877	2.985919	0.3208917
51636	-1029.621	-1242.479	212.8581	1.295547	0.575417	0.115312	0.0684297	0.240841	3.031612	0.2816841
51642	-1037.553	-1250.99	213.4367	0.7582897	0.14888	0.535178	0.0339055	0.282036	2.976493	0.2762019
51648	-1004.592	-1218.125	213.5329	0.8763275	0.287223	0.429017	0.168093	0.115667	2.851999	0.3569968
51654	-995.0581	-1208.452	213.3937	0.982885	0.233876	0.267596	0.187465	0.311064	2.892613	0.370225
51660	-1014.388	-1227.758	213.3705	1.185949	0.292315	0.270496	0.0962434	0.340946	2.721263	0.3755918
51666	-1021.442	-1235.18	213.7385	0.9512905	0.367551	0.27426	0.0760603	0.282129	2.620187	0.4848813
51672	-1026.733	-1240.478	213.7449	1.027346	0.414012	0.182521	0.0856748	0.317792	2.527079	0.4297572
51678	-1014.627	-1227.705	213.0777	1.706845	0.229705	0.180585	0.0932049	0.496506	2.589246	0.4520195
51684	-1021.154	-1234.729	213.575	0.7275802	0.186316	0.333463	0.241754	0.238466	1.916858	1.645371
51690	-1015.83	-1229.949	214.1186	0.7466703	0.293561	0.159642	0.249924	0.296873	2.022843	1.116669
51696	-1013.511	-1227.527	214.0166	0.6955079	0.284323	0.178382	0.316055	0.221239	2.433092	0.8576702
51702	-1000.908	-1214.717	213.8087	0.9267467	0.262421	0.25917	0.442898	0.0355107	2.533052	0.6599962
51708	-1008.582	-1222.665	214.0831	0.7195456	0.293789	0.0990696	0.495838	0.111304	2.416523	0.7585894
51714	-1009.175	-1222.055	212.88	0.6315385	0.0938639	0.464544	0.314923	0.126669	3.30463	0.1490345
51720	-1012.757	-1224.531	211.7747	2.064811	0.468211	0.153406	0.171741	0.206643	3.179334	0.1645169
51726	-1008.876	-1221.706	212.8295	0.9102402	0.409079	0.351492	0.182935	0.0564933	3.175041	0.1759215
51732	-1000.037	-1213.062	213.0248	0.7854563	0.162465	0.456648	0.259279	0.121608	3.136196	0.1834723
51738	-1008.568	-1220.661	212.0921	1.799164	0.37019	0.378871	0.17082	0.0801189	3.136196	0.1834723
51744	-1006.423	-1217.258	210.8344	3.188376	0.24539	0.464344	0.130609	0.159657	3.364881	0.1588728
51750	-1009.411	-1221.647	212.2361	1.503001	0.276529	0.45496	0.115524	0.152987	3.182925	0.1688086
51756	-1012.52	-1225.036	212.5162	1.52005	0.355806	0.523649	0.0419962	0.0785479	3.063911	0.2253258
51762	-1015.572	-1228.283	212.7107	1.310971	0.334883	0.11791	0.362058	0.185149	3.094004	0.2427758
51768	-1014.27	-1226.075	211.8052	2.760458	0.205122	0.288831	0.418127	0.0879195	2.979797	0.282345
51774	-1031.912	-1245.223	213.3109	0.9275385	0.125257	0.26051	0.335787	0.278446	2.971361	0.3075823
51780	-1021.8	-1235.57	213.7697	0.5244338	0.35286	0.197159	0.308106	0.141874	2.898293	0.2820465
51786	-1019.907	-1233.212	213.3053	0.9304851	0.331171	0.252403	0.382294	0.0341315	2.938294	0.2820465
51792	-1013.551	-1227.495	213.9442	0.598452	0.335262	0.115859	0.459644	0.0892352	2.776741	0.4427352
51798	-1020.758	-1234.608	213.8501	0.697231	0.273864	0.262132	0.410995	0.0530095	2.766421	0.4427352
51804	-1012.407	-1226.398	213.99	0.4971102	0.273614	0.169185	0.528248	0.0289525	2.834921	0.4427352
51810	-1021.13	-1234.933	213.8031	0.6805004	0.213282	0.111547	0.652603	0.0225684	2.817055	0.4040339
51816	-1017.094	-1230.309	213.2142	1.25129	0.180925	0.199154	0.247174	0.372747	2.817055	0.3769081
51822	-1029.572	-1242.269	212.6969	1.576419	0.310915	0.27037	0.256856	0.161859	3.018656	0.3414316
51828	-1019.842	-1233.15	213.308	0.7303455	0.207418	0.18037	0.504231	0.10798	3.103499	0.2583051
51834	-1023.977	-1237.601	213.624	0.716589	0.159384	0.127621	0.606753	0.106241	2.891624	0.3189677
51840	-1023.042	-1236.758	213.7157	1.037542	0.268811	0.0491753	0.411936	0.270078	2.521528	0.6454169
51846	-1021.136	-1234.948	213.8118	0.7627479	0.240398	0.0766026	0.419962	0.263038	2.592419	0.8261987
51852	-1007.243	-1220.972	213.729	0.6370719	0.213554	0.142256	0.283951	0.360238	2.841671	0.2956918
51858	-1001.714	-1213.942	212.2279	2.278528	0.141872	0.107399	0.214375	0.536354	2.895094	0.2948428
51864	-1008.299	-1221.602	213.3035	0.8837629	0.115064	0.373445	0.173867	0.337623	2.953169	0.2613337
51870	-1002.483	-1215.902	213.4193	0.6637783	0.2095	0.410316	0.229779	0.150405	3.009342	0.2326188
51876	-1021.274	-1234.879	213.6053	0.4151575	0.303859	0.224726	0.253266	0.218148	3.009342	0.2074659
51882	-1016.777	-1230.061	213.2842	0.5902417	0.246562	0.370914	0.205509	0.177014	3.14845	0.2041817
51888	-1018.342	-1231.596	213.2546	0.8891184	0.216827	0.216175	0.244271	0.322727	3.069526	0.3096539
51894	-1012.209	-1225.523	213.3143	0.8538924	0.200725	0.197772	0.30625	0.295253	3.046249	0.3096539
51900	-1015.956	-1228.858	212.9026	1.197291	0.388201	0.146522	0.246534	0.218742	3.044062	0.2612442
51906	-1016.472	-1230.145	213.6727	0.6692319	0.0884829	0.427409	0.290471	0.193637	2.876522	0.3051828
51912	-1016.192	-1229.603	213.4103	0.7957416	0.0913015	0.409804	0.299089	0.199805	2.950395	0.2683764
51918	-1019.928	-1233.371	213.4433	0.7350818	0.204321	0.410221	0.202335	0.183123	2.981319	0.2683764
51924	-1015.522	-1229.142	213.6203	0.6062859	0.344975	0.145672	0.400241	0.109112	2.981319	0.2946267
51930	-1029.39	-1242.701	213.3112	0.7135967	0.323168	0.129129	0.481566	0.0661366	3.1271	0.2632523
51936	-1009.52	-1222.168	212.6478	1.079267	0.309829	0.172151	0.461689	0.0563308	3.248146	0.1936724
51942	-1019.527	-1231.878	212.3502	1.574026	0.295973	0.162161	0.373261	0.168605	3.135316	0.2068316
51948	-999.6851	-1212.335	212.6498	1.117099	0.139021	0.331149	0.219027	0.310803	3.261011	0.2112325
51954	-1002.03	-1213.857	211.8273	1.851355	0.0817948	0.311157	0.289739	0.31731	3.341998	0.1783674
51960	-1011.328	-1223.77	212.4424	1.365753	0.18033	0.323338	0.333022	0.16331	3.222391	0.2061116
51966	-1019.956	-1233.133	213.1766	1.014268	0.241678	0.0732407	0.446315	0.238766	2.895301	0.2354573
51972	-1015.738	-1229.202	213.4636	0.530427	0.101963	0.12066	0.735283	0.0420936	3.112288	0.2360601
51978	-1011.734	-1225.191	213.4575	0.530427	0.0744611	0.496441	0.409783	0.0193149	3.112288	0.233346
51984	-1014.533	-1228.099	213.5655	0.530427	0.15135	0.26233	0.523639	0.0626804	3.073263	0.2678996
51990	-1024.82	-1238.226	213.4063	0.7304875	0.218825	0.365197	0.322171	0.0938074	3.022364	0.2678996
51996	-1013.123	-1226.488	213.3644	0.7304875	0.254963	0.305465	0.314211	0.125361	3.037623	0.253443
52002	-1018.896	-1231.976	213.0802	0.8600063	0.211035	0.337797	0.124547	0.326621	3.051345	0.1984068
52008	-1019.402	-1231.44	212.038	1.874901	0.255485	0.144543	0.212123	0.387849	3.11438	0.1787771
52014	-1040.982	-1253.455	212.4725	2.805128	0.223902	0.0675207	0.341503	0.367074	2.217319	0.8900296
52020	-1017.472	-1230.446	212.9743	0.9969516	0.11154	0.277054	0.222302	0.389104	3.08283	0.2219449
52026	-1033.02	-1246.534	213.5147	0.4520498	0.136909	0.34007	0.272865	0.250156	3.071266	0.2091823
52032	-1022.396	-1235.003	212.6076	1.24545	0.225751	0.306434	0.269255	0.19856	3.154733	0.2018311
52038	-1034.096	-1246.932	212.8364	1.071715	0.262289	0.30609	0.256867	0.174754	3.130395	0.2156423
52044	-1016.467	-1228.54	212.0725	3.483547	0.446324	0.118288	0.0356519	0.399737	2.308796	0.7816701
52050	-1003.891	-1217.728	213.8372	0.5699577	0.264386	0.0837808	0.501157	0.150677	2.850593	0.3354582
52056	-1006.2	-1219.895	213.6943	0.8657512	0.259301	0.141797	0.423071	0.175831	2.731319	0.4041741
52062	-997.8168	-1211.492	213.6753	0.8822382	0.0714949	0.53462	0.298003	0.0958825	2.736807	0.4118955
52068	-1002.02	-1215.659	213.6388	0.8822382	0.053521	0.466753	0.139361	0.340365	2.77326	0.4119306
52074	-994.1435	-1206.722	212.5788	2.05938	0.295962	0.0408178	0.551582	0.111638	2.794222	0.3951768
52080	-997.5175	-1210.42	212.903	1.751198	0.437583	0.0307695	0.239306	0.292341	2.714772	0.4104025
52086	-1010.333	-1223.274	212.9404	1.751198	0.42129	0.0745576	0.230396	0.273756	2.673726	0.4024143
52092	-1009.548	-1221.697	212.1496	2.637762	0.219528	0.0676343	0.459306	0.253532	2.757724	0.3149731
52098	-1021.771	-1235.506	213.7344	0.8249794	0.133514	0.407579	0.215985	0.242922	2.743491	0.4290054
52104	-1013.668	-1227.044	213.3758	1.217092	0.154528	0.526209	0.0917126	0.227551	2.722549	0.4753853
52110	-1014.123	-1227.583	213.4606	1.217092	0.154063	0.524627	0.0616191	0.259691	2.62721	0.4269755
52116	-1012.576	-1226.627	214.0507	0.7929851	0.178574	0.351477	0.39099	0.0789586	2.46798	0.5452899
52122	-1019.701	-1234.214	214.5129	0.5484681	0.166449	0.342987	0.381545	0.109019	2.247118	0.6068529
52128	-1031.981	-1246.184	214.2021	0.7535375	0.212262	0.29701	0.381673	0.109056	2.264418	0.7545114
52134	-1036.924	-1251.168	214.2433	0.6399235	0.307557	0.144691	0.501959	0.045793	2.422119	0.6035721
52140	-1019.564	-1233.844	214.2799	0.4924653	0.195163	0.0562536	0.566995	0.181588	2.535272	0.6108194
52146	-1025.027	-1239.073	214.0458	0.9032884	0.210227	0.260804	0.421499	0.10747	2.339256	0.6150395
52152	-1023.079	-1237.067	213.9886	0.7486652	0.167328	0.260993	0.455532	0.116148	2.185583	1.084744
52158	-1022.329	-1235.701	213.3723	0.7486652	0.217471	0.0905553	0.523091	0.168882	2.289253	1.504689
52164	-1032.882	-1246.437	213.5544	0.8572047	0.279767	0.0805344	0.352543	0.287155	2.120544	1.407965
52170	-1019.347	-1233.278	213.9309	0.729315	0.218835	0.207743	0.366483	0.20694	2.182424	1.158165
52176	-1018.345	-1231.645	213.2996	1.017252	0.331017	0.219896	0.196514	0.252574	2.127909	1.472891
52182	-1012.243	-1225.917	213.6746	1.090631	0.145967	0.153226	0.560375	0.140432	1.941157	1.267538
52188	-1021.284	-1234.977	213.6925	1.090631	0.158921	0.0302467	0.76921	0.0416219	1.846629	1.329834
52194	-1019.4	-1232.48	213.0799	1.367496	0.289298	0.0461857	0.300366	0.36415	1.955319	1.518726
52200	-1010.342	-1224.197	213.855	0.9340437	0.277266	0.109574	0.537529	0.0756306	2.37954	0.8158867
52206	-1012.089	-1225.71	213.6201	1.251476	0.417759	0.0744605	0.365275	0.142506	2.30898	0.8111334
52212	-1006.896	-1221.278	214.3821	0.5975219	0.204046	0.161039	0.581921	0.0529934	2.208492	0.8111334
52218	-999.7136	-1213.72	214.0064	0.7999303	0.162786	0.234195	0.560741	0.0422776	2.505761	0.5404918
52224	-1011.727	-1225.928	214.2004	0.7999303	0.108733	0.488479	0.374548	0.0282394	2.295729	0.6042595
52230	-1009.117	-1223.013	213.8967	0.9909299	0.126184	0.101693	0.593255	0.178868	2.379704	0.6607992
52236	-1004.399	-1218.101	213.7016	1.373752	0.434491	0.125821	0.252567	0.187121	2.147066	0.768743
52242	-998.1195	-1212.227	214.1076	0.7066913	0.325811	0.0906819	0.443191	0.140316	2.412698	0.7481092
52248	-1007.922	-1222.066	214.1431	0.7300567	0.176378	0.247384	0.442466	0.133772	2.407796	0.6506722
52254	-1022.229	-1236.315	214.0862	0.6631568	0.349418	0.0629817	0.482496	0.105105	2.552937	0.6084076
52260	-1031.48	-1245.411	213.9318	0.9189471	0.221326	0.0398934	0.305618	0.433163	2.411016	0.6737787
52266	-1028.292	-1242.583	214.2912	0.5748601	0.265227	0.209291	0.217381	0.308101	2.451624	0.5735155
52272	-1018.993	-1233.146	214.153	0.5940766	0.384639	0.10821	0.324837	0.182314	2.570357	0.5710378
52278	-1005.091	-1218.769	213.6778	1.101076	0.268441	0.153377	0.319772	0.258411	2.52444	0.5669127
52284	-1013.478	-1227.409	213.9305	0.6903264	0.248505	0.141986	0.37029	0.239219	2.692228	0.5669127
52290	-1003.026	-1216.985	213.9593	0.6873731	0.200569	0.137235	0.46912	0.193075	2.674115	0.5188046
52296	-1012.831	-1226.795	213.9641	0.6597867	0.143397	0.209766	0.44716	0.199677	2.538878	0.8388896
52302	-1000.945	-1215.078	214.1338	0.6233827	0.143397	0.209766	0.44716	0.199677	2.474276	0.7487673
52308	-1013.82	-1227.714	213.8936	0.873719	0.347963	0.16522	0.329543	0.157274	2.519724	0.6207362
52314	-1018.159	-1231.843	213.6848	0.9532166	0.341959	0.101882	0.401599	0.15456	2.500614	0.8529118
52320	-1043.316	-1256.019	212.7025	2.11633	0.362064	0.127143	0.357488	0.153305	1.852236	1.424539
52326	-1020.103	-1233.276	213.1727	0.7732988	0.348291	0.122306	0.381929	0.147473	1.906687	1.899227
52332	-1018.852	-1232.086	213.2337	1.107816	0.319365	0.172502	0.295833	0.2123	2.007243	1.545832
52338	-1012.356	-1225.578	213.2217	1.034896	0.302504	0.254556	0.129329	0.313611	1.785216	1.764822
52344	-1025.449	-1239.032	213.5826	1.258598	0.14179	0.0106717	0.494257	0.353281	2.069185	1.097803
52350	-1014.405	-1225.86	211.4551	4.690491	0.0862315	0.0178245	0.681092	0.214852	2.063489	1.071373
52356	-1009.556	-1221.742	212.1853	3.414097	0.442855	0.0317918	0.399319	0.126034	1.970053	1.071373
52362	-1023.129	-1236.502	213.3731	1.590838	0.234241	0.0133253	0.475532	0.276902	2.210275	0.8679126
52368	-1027.631	-1241.227	213.5958	1.292268	0.125745	0.00440309	0.549739	0.320112	2.151625	0.9753286
52374	-1024.652	-1237.339	212.6878	2.303581	0.238483	0.0198127	0.611599	0.130105	2.151625	1.074437
52380	-1014.552	-1228.399	213.8462	1.034697	0.125975	0.52216	0.253325	0.0985405	2.19371	0.9259693
52386	-1011.847	-1225.984	214.1367	0.7166321	0.0424712	0.372558	0.452138	0.132834	2.230624	0.9259693
52392	-1028.233	-1241.476	213.2427	1.207673	0.508392	0.058625	0.133408	0.299575	2.021934	1.45651
52398	-1027.878	-1240.058	212.1799	1.207673	0.403861	0.0336786	0.390362	0.172099	1.888465	2.278397
52404	-1014.018	-1227.295	213.2767	1.107658	0.333467	0.0598784	0.464553	0.142101	1.882047	1.606133
52410	-1009.926	-1223.493	213.5668	1.190107	0.405464	0.0856429	0.295391	0.213502	1.92021	1.294783
52416	-995.3613	-1208.152	212.7909	1.410385	0.399792	0.0844449	0.305247	0.210515	1.704999	1.874492
52422	-991.1742	-1203.853	212.679	1.498757	0.382469	0.110006	0.34748	0.160045	1.739636	1.874492
52428	-998.7959	-1212.983	214.1874	0.5160523	0.30658	0.170494	0.477318	0.045607	1.744159	1.485049
52434	-992.8692	-1206.287	213.4176	0.6469451	0.279472	0.279613	0.365719	0.0751965	1.718437	1.951254
52440	-1000.697	-1212.661	211.9637	0.8973557	0.286332	0.249529	0.384982	0.0791573	1.81938	2.649243
52446	-1008.887	-1220.531	211.6445	0.6328261	0.149441	0.462179	0.36929	0.0190894	1.729201	3.065764
52452	-1006.581	-1219.337	212.7557	0.3869437	0.166586	0.444227	0.350256	0.0389316	1.588108	2.62341
52458	-1009.399	-1221.701	212.302	0.6994304	0.270609	0.263979	0.429279	0.036133	1.593635	2.707374
52464	-990.7965	-1204.474	213.6777	0.4781757	0.255887	0.249617	0.389287	0.105209	1.784161	1.848033
52470	-1002.665	-1214.585	211.9196	0.827631	0.265285	0.222057	0.403584	0.109073	1.805976	2.728894
52476	-1011.959	-1224.58	212.6207	0.7855183	0.207639	0.173805	0.387989	0.230567	1.793835	2.326715
52482	-1011.375	-1224.546	213.1705	0.9010713	0.233548	0.2336	0.447616	0.0852359	1.68078	1.963481
52488	-1006.571	-1218.78	212.2094	0.7997697	0.250081	0.250137	0.479303	0.0204781	1.665551	2.655031
52494	-1011.739	-1224.662	212.9229	1.248203	0.310391	0.287502	0.376956	0.0251512	1.867987	1.772693
52500	-1009.307	-1221.049	211.7422	1.19096	0.289604	0.0976983	0.351712	0.260986	1.708524	2.675423
52506	-1005.049	-1217.153	212.1038	1.621588	0.14286	0.117228	0.422018	0.317894	1.698285	2.213952
52512	-1011.137	-1225.114	213.977	0.678119	0.112825	0.287697	0.514542	0.0849362	1.985596	1.32968
52518	-1014.597	-1228.295	213.6984	0.6082487	0.132386	0.388743	0.39025	0.0886215	1.961966	1.614885
52524	-1009.457	-1223.008	213.5506	0.8460197	0.176343	0.222462	0.465369	0.135825	2.01326	1.501482
52530	-1014.715	-1228.519	213.8036	0.6093966	0.168833	0.212988	0.488139	0.130041	2.317283	1.259952
52536	-1005.926	-1219.958	214.0315	0.6093966	0.168619	0.342877	0.385743	0.102762	2.089334	1.259952
52542	-1013.932	-1227.856	213.9241	0.3985451	0.285213	0.334085	0.375852	0.0048493	2.072171	1.519245
52548	-1013.321	-1227.793	214.4728	0.4939618	0.183748	0.215234	0.589976	0.0110423	2.198535	0.8432041
52554	-1027.367	-1241.844	214.4765	0.4785216	0.211666	0.0929036	0.679614	0.015816	2.161098	0.9005693
52560	-1023.097	-1237.426	214.3285	0.5775602	0.136444	0.177218	0.616566	0.0697716	2.257463	0.8433863
52566	-1016.913	-1231.3	214.3867	0.5731491	0.236183	0.327726	0.307064	0.129027	2.227398	0.8136576
52572	-1012.225	-1226.237	214.0112	0.8743413	0.369762	0.0819319	0.480731	0.0675749	2.409892	0.5973446
52578	-1001.361	-1215.262	213.9009	0.8320942	0.213691	0.0728721	0.427573	0.285864	2.469677	0.774121
52584	-1012.833	-1226.761	213.9279	0.8706698	0.162849	0.106556	0.437856	0.292739	2.404523	0.771402
52590	-1014.937	-1228.022	213.0851	1.626681	0.205675	0.307366	0.351116	0.135843	2.611747	0.6570971
52596	-1027.363	-1241.378	214.0145	0.6361212	0.204232	0.241517	0.269533	0.284719	2.673234	0.5168274
52602	-1024.186	-1238.253	214.0665	0.7203259	0.207138	0.364339	0.289246	0.139277	2.515888	0.5974123
52608	-1017.748	-1231.871	214.1222	0.7315341	0.207138	0.364339	0.289246	0.139277	2.457363	0.5649578
52614	-1025.701	-1239.931	214.2301	0.5568009	0.146825	0.258254	0.44564	0.149281	2.534111	0.5625964
52620	-1012.582	-1226.851	214.2685	0.5568009	0.293738	0.282517	0.277371	0.146374	2.485699	0.5985707
52626	-1015.625	-1229.843	214.2184	0.604482	0.0934564	0.236367	0.547713	0.122464	2.501593	0.4711539
52632	-1020.002	-1233.989	213.9865	0.5987295	0.308623	0.244474	0.414007	0.0328965	2.718396	0.4006549
52638	-1016.047	-1230.053	214.0065	0.5987295	0.16899	0.236011	0.540123	0.054877	2.689322	0.3841608
52644	-1016.236	-1230.489	214.2529	0.63418	0.21613	0.304383	0.458765	0.0207226	2.437467	0.49491
52650	-1015.386	-1229.742	214.3564	0.4300837	0.162072	0.491681	0.289494	0.0567525	2.539527	0.4998071
52656	-1020.035	-1234.098	214.0628	0.6677743	0.113775	0.313095	0.547113	0.0260173	2.591401	0.4824749
52662	-1003.948	-1217.99	214.0416	0.6677743	0.397586	0.363138	0.226705	0.0125705	2.606522	0.5601234
52668	-1012.656	-1227.049	214.3928	0.44219	0.346797	0.0215647	0.620674	0.0109647	2.492051	0.5008438
52674	-1019.083	-1233.316	214.2325	0.7658755	0.274277	0.378307	0.336399	0.0110168	2.298602	0.6067037
52680	-1024.876	-1238.908	214.0323	0.7658755	0.300352	0.213085	0.309509	0.177054	2.506025	0.5841219
52686	-1033.163	-1247.123	213.9595	0.8659207	0.171041	0.147295	0.348242	0.333422	2.411577	0.7201979
52692	-1055.338	-1269.2	213.8617	1.036075	0.244249	0.0985628	0.164834	0.492354	2.410596	0.5312099
52698	-1047.675	-1260.6	212.9252	2.02091	0.343807	0.188201	0.236861	0.231131	2.469589	0.6383221
52704	-1035.527	-1249.036	213.509	1.423493	0.385626	0.17016	0.177335	0.26688	2.361304	0.6582384
52710	-1046.7	-1260.797	214.0968	0.5030153	0.197183	0.211777	0.565927	0.025114	2.199252	1.204759
52716	-1040.693	-1254.149	213.4564	1.046059	0.254106	0.0992197	0.572993	0.0736811	2.242784	1.23451
52722	-1022.04	-1235.798	213.7582	1.046059	0.197116	0.109278	0.399115	0.294491	2.113023	1.083002
52728	-1012.761	-1227.26	214.4986	0.5734653	0.208936	0.115831	0.363082	0.312151	2.066568	0.8732989
52734	-1025.142	-1239.145	214.003	0.9307046	0.327296	0.321919	0.339046	0.0117392	2.179482	0.8833202
52740	-1011.452	-1225.84	214.3882	0.5645096	0.245937	0.241897	0.505415	0.0067506	2.138103	0.9275048
52746	-1013.625	-1227.973	214.348	0.7025029	0.256391	0.128946	0.607625	0.00703754	2.080596	0.8738853
52752	-1009.981	-1224.229	214.248	0.8332007	0.136961	0.368916	0.459196	0.0349271	2.066403	0.8460335
52758	-991.5286	-1205.809	214.2809	0.7293837	0.301331	0.174951	0.414377	0.109341	2.176919	0.8023353
52764	-991.0849	-1205.23	214.1447	0.713867	0.236921	0.271174	0.405935	0.0859694	2.181231	0.9728764
52770	-1001.068	-1215.07	214.0021	0.7470179	0.176033	0.415045	0.331059	0.0778638	2.227881	1.033571
52776	-993.0387	-1207.351	214.3126	0.6798015	0.160493	0.265387	0.464801	0.109319	2.274777	0.6841324
52782	-1004.047	-1218.039	213.9917	0.7873612	0.165282	0.230302	0.423936	0.18048	2.39272	0.8183343
52788	-1028.079	-1242.003	213.9245	0.7733659	0.207909	0.0950331	0.470031	0.227027	2.413656	0.8918115
52794	-1011.893	-1224.858	212.9646	1.973347	0.278425	0.0549013	0.342513	0.324161	2.250471	0.9391575
52800	-1009.872	-1223.546	213.6745	1.200453	0.341932	0.107428	0.377259	0.17338	2.182343	0.9503037
52806	-999.5541	-1213.144	213.5899	1.353089	0.27897	0.168807	0.255458	0.296765	2.231355	0.8301239
52812	-1003.117	-1217.284	214.1666	0.8292577	0.111183	0.61279	0.0522119	0.223816	2.212425	0.7661794
52818	-1017.32	-1231.078	213.7584	1.284457	0.207006	0.0676416	0.30864	0.416713	2.212425	0.7046913
52824	-1023.251	-1237.269	214.0181	0.9024839	0.215742	0.293846	0.334946	0.155467	2.260891	0.7999154
52830	-1015.465	-1229.688	214.223	0.7483084	0.270145	0.280483	0.355504	0.0938679	2.301587	0.6653938
52836	-1018.268	-1232.486	214.2178	0.7483084	0.209349	0.217361	0.496966	0.0763243	2.301587	0.6756348
52842	-1022.828	-1237.005	214.1774	0.664519	0.309621	0.295673	0.281824	0.112881	2.458463	0.6133889
52848	-1022.042	-1236.352	214.3098	0.664519	0.306359	0.245721	0.33461	0.11331	2.312094	0.6473071
52854	-1008.171	-1222.424	214.2532	0.664519	0.178006	0.398247	0.240625	0.183122	2.373697	0.6360294
52860	-1013.361	-1226.286	212.925	2.192745	0.337226	0.156878	0.338304	0.167591	2.099653	0.9695901
52866	-1011.105	-1225.137	214.0315	0.6494352	0.116523	0.203758	0.492425	0.187294	2.04857	1.258734
52872	-1001.036	-1214.885	213.8492	0.6494352	0.155837	0.195794	0.575298	0.0730703	1.956314	1.475374
52878	-1007.509	-1221.487	213.9787	0.7491989	0.271794	0.135007	0.54905	0.0441497	2.004452	1.251513
52884	-1035.39	-1249.565	214.1748	0.6818311	0.247008	0.309364	0.441058	0.00256983	2.462189	0.5394179
52890	-1017.114	-1231.404	214.2898	0.6503741	0.157667	0.13337	0.636813	0.0721499	2.13118	0.9437455
52896	-1021.706	-1235.667	213.961	0.9111474	0.129585	0.319344	0.141783	0.409288	2.309046	0.7999017
52902	-1029.322	-1243.019	213.697	1.244455	0.0595676	0.463706	0.190662	0.286065	2.309046	0.7077593
52908	-1025.112	-1238.606	213.4947	1.203604	0.113272	0.502287	0.191798	0.192643	2.53157	0.7370831
52914	-1025.743	-1239.784	214.0414	0.7649485	0.0826195	0.451982	0.331487	0.133912	2.376137	0.8059202
52920	-1024.267	-1238.482	214.2154	0.5962813	0.22535	0.20635	0.469307	0.0989925	2.394457	0.7870511
52926	-1017.411	-1231.436	214.0246	0.7498539	0.173477	0.178695	0.547965	0.0998626	2.221055	1.01537
52932	-1010.36	-1224.189	213.8289	0.8148338	0.237505	0.244649	0.381126	0.13672	2.154554	1.192882
52938	-1026.075	-1239.806	213.7318	0.6867702	0.164767	0.169723	0.570662	0.0948484	2.386682	1.192882
52944	-1021.25	-1234.561	213.311	0.7861084	0.112764	0.303808	0.511482	0.0719455	3.115762	0.3059938
52950	-1030.962	-1244.618	213.6562	0.6713974	0.17366	0.124888	0.529784	0.171668	2.96157	0.3818617
52956	-1018.861	-1232.767	213.9065	0.5406662	0.151783	0.35207	0.431195	0.0649515	2.834384	0.3616698
52962	-1004.947	-1218.948	214.0015	0.8110535	0.160598	0.419769	0.31382	0.105813	2.49391	0.5666899
52968	-1024.064	-1238.019	213.9555	0.7851717	0.136815	0.34609	0.450889	0.0662062	2.574972	0.4875297
52974	-1038.881	-1251.977	213.0959	1.700303	0.112137	0.283664	0.358568	0.245632	2.574972	0.5586178
52980	-1025.429	-1239.682	214.2534	0.6283463	0.225739	0.319138	0.245246	0.209877	2.396167	0.6692183
52986	-1042.933	-1257.298	214.3644	0.4809234	0.15909	0.177382	0.502075	0.161452	2.403059	0.7284252
52992	-1023.562	-1237.808	214.2457	0.5347295	0.063244	0.293658	0.594078	0.0490203	2.543109	0.5534016
52998	-1006.888	-1220.912	214.0242	0.7035383	0.0944521	0.28266	0.582283	0.040605	2.591103	0.5288741
53004	-1012.954	-1226.504	213.5503	1.064625	0.157769	0.335282	0.458523	0.0484258	2.694531	0.5250031
53010	-1016.152	-1230.107	213.9555	0.6922501	0.297236	0.267752	0.330511	0.104501	2.672199	0.5250031
53016	-1029.426	-1243.321	213.8949	0.8891536	0.396154	0.139891	0.318662	0.145293	2.525055	0.4649013
53022	-1024.575	-1237.447	212.8727	1.371985	0.275758	0.170005	0.273173	0.281064	1.913667	1.696474
53028	-1030.03	-1243.591	213.5618	1.371985	0.329836	0.173018	0.211098	0.286047	1.988241	1.096343
53034	-1009.506	-1223.465	213.9582	0.7101238	0.103365	0.331365	0.346762	0.218508	2.157378	1.173943
53040	-1012.774	-1225.863	213.0889	1.290175	0.39357	0.255716	0.18209	0.168623	2.19828	1.379867
53046	-1011.266	-1224.032	212.7662	1.873316	0.196464	0.0692991	0.650063	0.0841742	1.849326	1.516977
53052	-999.7253	-1213.326	213.6011	1.153331	0.482092	0.0816701	0.283025	0.153212	2.026146	1.207126
53058	-1001.62	-1214.7	213.0791	1.890127	0.227718	0.0529635	0.503165	0.216154	2.134437	1.00621
53064	-1004.008	-1216.597	212.5888	2.322527	0.315298	0.101405	0.495099	0.0881978	2.308305	1.00621
53070	-1011.699	-1225.691	213.9926	0.7949506	0.274975	0.0421741	0.5796	0.103251	2.328631	0.8853342
53076	-1032.612	-1246.084	213.4723	1.458288	0.260318	0.0146953	0.125946	0.599041	2.190594	0.9069317
53082	-1011.045	-1225.079	214.0344	0.8125283	0.173123	0.0244884	0.610876	0.191512	2.249246	0.9069317
53088	-1019.653	-1233.748	214.0951	0.6365889	0.322624	0.0242105	0.448234	0.204932	2.236278	1.048455
53094	-1007.147	-1221.389	214.2427	0.5406303	0.362619	0.0672718	0.503801	0.0663084	2.14817	1.086825
53100	-1014.281	-1228.245	213.9645	0.826017	0.240895	0.343729	0.367064	0.0483117	2.203576	1.012974
53106	-1011.797	-1225.72	213.9228	0.826017	0.220976	0.448362	0.192874	0.137787	2.242049	1.016155
53112	-1023.186	-1237.166	213.9801	0.7709535	0.250068	0.26092	0.398301	0.0907112	2.341663	0.9131401
53118	-1009.417	-1223.611	214.1942	0.6333603	0.23232	0.168224	0.550676	0.0487799	2.306242	0.8754352
53124	-1009.366	-1222.983	213.6173	0.8978954	0.311073	0.258026	0.356081	0.0748196	2.175039	1.281066
53130	-1001.805	-1215.332	213.5275	0.8978954	0.192392	0.122323	0.397837	0.287448	1.9272	1.542851
53136	-1006.981	-1221.222	214.241	0.6758247	0.411176	0.152762	0.278986	0.157075	2.149641	0.9474023
53142	-1025.373	-1239.429	214.0562	0.8046228	0.312838	0.0990901	0.464926	0.123146	2.163306	0.9838876
53148	-1018.907	-1232.303	213.3963	0.873221	0.187486	0.15486	0.278634	0.37902	2.19575	1.458883
53154	-1004.631	-1217.745	213.1132	0.873221	0.123309	0.355646	0.235853	0.285192	2.157852	1.694149
53160	-1006.921	-1219.946	213.0247	0.5604123	0.115729	0.26683	0.431768	0.185673	2.080841	2.032219
53166	-1019.36	-1232.459	213.0993	1.189314	0.1874	0.180906	0.397078	0.234616	2.197478	1.445251
53172	-1008.146	-1221.368	213.2212	1.189314	0.109449	0.227145	0.468665	0.194742	2.323131	1.248138
53178	-1025.755	-1239.103	213.348	0.7978852	0.27294	0.185944	0.276173	0.264944	2.380364	1.414495
53184	-1036.186	-1249.18	212.9937	0.7970985	0.197685	0.134675	0.475746	0.191894	2.307336	1.728942
53190	-1036.018	-1248.462	212.4443	0.7970985	0.147446	0.195202	0.427412	0.22994	1.993979	2.303836
53196	-1022.604	-1235.778	213.1739	0.7061479	0.310417	0.162733	0.45493	0.0719192	1.850984	1.983695
53202	-1031.531	-1243.607	212.0756	1.454469	0.26931	0.124365	0.431108	0.175218	1.905862	2.190096
53208	-1030.409	-1241.534	211.1242	2.541995	0.31293	0.144508	0.0770907	0.465471	1.864589	2.299413
53214	-1025.568	-1237.591	212.0222	3.123426	0.303076	0.211788	0.0567407	0.428395	1.916511	1.393879
53220	-1031.337	-1244.357	213.0199	1.014181	0.0867828	0.56549	0.145186	0.202542	1.974562	1.787789
53226	-1026.108	-1238.634	212.5255	1.578886	0.441342	0.101419	0.240419	0.216819	1.988156	1.761834
53232	-1025.994	-1238.954	212.9597	1.651824	0.411162	0.126334	0.243188	0.219316	2.028418	1.367455
53238	-1023.264	-1236.032	212.7677	1.642575	0.310422	0.0235409	0.310793	0.355244	2.228131	1.367455
53244	-1024.232	-1236.82	212.588	2.447047	0.283426	0.0171733	0.440248	0.259153	2.228131	1.00209
53250	-1033.102	-1244.084	210.9825	4.020806	0.32789	0.0598618	0.312439	0.29981	2.275503	1.54306
53256	-1029.95	-1243.155	213.205	1.493541	0.188679	0.557274	0.010839	0.243208	2.193968	1.136271
53262	-1029.874	-1242.837	212.9633	1.163742	0.321673	0.390424	0.0259921	0.261911	2.307458	1.48343
53268	-1039.738	-1252.432	212.6948	1.921608	0.274948	0.0912039	0.297753	0.336094	2.188754	1.279053
53274	-1039.189	-1253.128	213.9387	0.7183769	0.293204	0.420062	0.0353158	0.251418	2.043692	1.279053
53280	-1040.918	-1254.314	213.3953	0.8210875	0.194852	0.0848679	0.347837	0.372443	1.741196	1.825964
53286	-1027.302	-1240.33	213.0276	1.01814	0.305088	0.113545	0.380759	0.200608	1.907685	1.825964
53292	-1031.953	-1244.347	212.3942	1.485418	0.359257	0.133705	0.270811	0.236227	1.977166	1.91446
53298	-1061.406	-1274.582	213.1763	0.7806398	0.0737421	0.452068	0.297244	0.176946	2.235695	1.662482
53304	-1032.82	-1246.93	214.1101	0.7794573	0.16466	0.501686	0.189873	0.143781	2.16247	0.9563381
53310	-1024.048	-1237.125	213.0777	1.155943	0.140561	0.382765	0.227963	0.24871	1.977374	1.647399
53316	-1029.513	-1242.566	213.0532	1.131541	0.155402	0.365456	0.161355	0.317787	1.660934	1.901227
53322	-1018.073	-1231.085	213.0116	0.8919302	0.200158	0.365639	0.277236	0.156967	1.744766	2.032997
53328	-1024.807	-1237.465	212.6587	0.8919302	0.319314	0.241581	0.10899	0.330115	2.012039	2.08951
53334	-1032.49	-1246.146	213.6553	0.7528216	0.152674	0.247018	0.325759	0.274549	2.08488	1.441883
53340	-1034.679	-1247.786	213.1062	1.062873	0.159513	0.212244	0.302612	0.32563	2.316923	1.441883
53346	-1029.405	-1242.904	213.4992	0.8169357	0.310613	0.193621	0.432903	0.0628637	2.032666	1.547779
53352	-1029.55	-1242.599	213.0492	1.092479	0.363833	0.0848597	0.434694	0.116614	2.298452	1.477223
53358	-1014.594	-1227.819	213.225	1.194523	0.506992	0.025246	0.302188	0.165574	2.294941	1.264333
53364	-1018.82	-1232.683	213.8633	0.7157917	0.34001	0.274932	0.372343	0.0127142	1.986278	1.387541
53370	-1014.372	-1228.155	213.783	0.8913336	0.113358	0.341083	0.453532	0.0920269	2.231935	1.094374
53376	-1019.258	-1233.142	213.8835	0.9498417	0.156387	0.5255	0.229379	0.0887341	2.269054	0.8952883
53382	-1023.878	-1237.694	213.8162	0.9498417	0.0241806	0.248461	0.291708	0.435651	2.150989	1.083248
53388	-1007.8	-1221.339	213.5397	1.138895	0.012199	0.694033	0.23854	0.0552276	2.205439	1.115676
53394	-996.7863	-1210.799	214.013	0.7480942	0.0120985	0.688316	0.210804	0.0887819	2.161565	1.084966
53400	-1000.722	-1213.295	212.5728	2.475834	0.0696472	0.632241	0.17594	0.122172	2.118089	1.103068
53406	-1010.38	-1222.596	212.2157	2.978917	0.026913	0.483097	0.207474	0.282515	2.03127	1.21313
53412	-1009.904	-1223.372	213.468	1.149853	0.0299648	0.560204	0.231	0.178831	2.063656	1.289649
53418	-996.3176	-1210.299	213.9813	0.8484099	0.291716	0.305534	0.280069	0.122681	2.201826	0.9743878
53424	-1008.059	-1221.852	213.7929	0.9216798	0.394299	0.281265	0.218428	0.106008	2.270912	1.018403
53430	-1020.61	-1234.357	213.7468	0.9216798	0.228711	0.290857	0.343104	0.137328	2.248677	1.083644
53436	-1012.352	-1225.905	213.5535	0.835034	0.259854	0.28295	0.379922	0.0772734	2.072947	1.462823
53442	-996.58	-1209.823	213.2431	0.8285105	0.295697	0.283127	0.359533	0.0616433	1.995408	1.749788
53448	-1009.51	-1223.107	213.5967	0.8941488	0.339881	0.287849	0.301415	0.0708544	2.037731	1.409816
53454	-998.995	-1212.718	213.7231	0.8315455	0.323608	0.188886	0.394719	0.0927875	1.996597	1.393922
53460	-1009.93	-1223.953	214.0229	0.8417204	0.30236	0.184664	0.362266	0.15071	2.27989	0.8493297
53466	-1012.14	-1226.143	214.0022	0.8417204	0.110259	0.429593	0.344209	0.11594	2.272694	0.8823764
53472	-1005.954	-1220.334	214.3797	0.6551864	0.254165	0.119107	0.468816	0.157911	2.079381	0.8965036
53478	-1017.444	-1230.987	213.5426	0.7630421	0.311459	0.206334	0.323082	0.159125	2.068933	1.530655
53484	-1020.337	-1234.236	213.8997	0.7458114	0.249664	0.163746	0.561598	0.0249915	2.442511	0.9197919
53490	-1026.311	-1240.721	214.4105	0.5311642	0.19518	0.174187	0.597407	0.0332264	2.273141	0.7783733
53496	-1011.283	-1225.68	214.3966	0.5341227	0.132449	0.266447	0.550279	0.0508252	2.312547	0.7363627
53502	-1013.228	-1227.474	214.2464	0.5237367	0.303297	0.242616	0.40677	0.0473158	2.103382	1.13971
53508	-1015.557	-1229.324	213.7669	0.8475344	0.234188	0.473099	0.200448	0.0922653	2.304939	1.083594
53514	-1014.041	-1228.022	213.9808	0.7751348	0.379834	0.132982	0.337536	0.149647	2.437696	0.7902757
53520	-1007.908	-1221.929	214.0206	0.8063058	0.391971	0.158868	0.288572	0.160589	2.179869	1.001304
53526	-1013.482	-1226.928	213.446	1.296395	0.377479	0.152994	0.277903	0.191624	2.24097	1.031746
53532	-1019.28	-1232.216	212.9368	1.15119	0.367515	0.175351	0.270568	0.186566	2.251207	1.55404
53538	-1012.497	-1226.249	213.7515	0.7935621	0.242216	0.124884	0.429951	0.202949	2.248456	1.197807
53544	-1026.945	-1240.91	213.9645	0.8915049	0.392779	0.16353	0.355496	0.0881954	2.422301	0.6404337
53550	-1018.607	-1233.107	214.5007	0.4473751	0.05588	0.461083	0.440184	0.0428536	2.346041	0.6404337
53556	-1005.276	-1219.449	214.1724	0.6247973	0.198836	0.331726	0.373069	0.0963687	2.527914	0.4983709
53562	-1013.694	-1227.753	214.0594	0.7014307	0.168164	0.303096	0.458451	0.0702891	2.55978	0.4983709
53568	-1012.359	-1226.357	213.9982	0.7578965	0.307125	0.207208	0.411991	0.0736759	2.516316	0.6652393
53574	-996.5453	-1210.669	214.1234	0.5302622	0.133127	0.121093	0.692406	0.0533748	2.631182	0.6635138
53580	-1001.006	-1215.246	214.2394	0.5244027	0.343707	0.279185	0.319045	0.0580629	2.466046	0.7569327
53586	-1005.237	-1218.999	213.762	0.9296781	0.263169	0.0809108	0.460091	0.195829	2.581139	0.6505736
53592	-1010.919	-1224.445	213.5255	1.214427	0.212473	0.0433057	0.359274	0.384947	2.498589	0.7244332
53598	-1026.605	-1240.497	213.8921	0.8147398	0.121214	0.409313	0.284628	0.184844	2.605517	0.5332733
53604	-1028.73	-1241.807	213.0775	1.904968	0.123739	0.363897	0.264411	0.247954	1.987556	1.134913
53610	-1026.886	-1240.426	213.5403	1.282487	0.136925	0.321864	0.279298	0.261914	1.987556	1.188355
53616	-1022.412	-1236.122	213.7104	1.115065	0.126453	0.155519	0.476145	0.241883	2.257114	0.9190998
53622	-1020.726	-1234.471	213.7448	1.031809	0.132845	0.196191	0.449252	0.221711	2.430428	0.7628354
53628	-1023.955	-1236.93	212.9748	2.078175	0.238306	0.285808	0.0781675	0.397719	2.375408	0.6433114
53634	-1025.356	-1238.091	212.7348	2.417205	0.206198	0.435862	0.148465	0.209475	2.27853	0.8026132
53640	-1012.098	-1225.913	213.8143	1.060029	0.128715	0.0898981	0.612322	0.169066	2.27853	0.8357147
53646	-1008.088	-1221.79	213.7013	1.193978	0.0458498	0.210004	0.564011	0.180136	2.169782	0.9416885
53652	-1008.298	-1222.34	214.0416	0.8061358	0.342745	0.117044	0.504131	0.0360792	2.259071	0.8953829
53658	-998.5002	-1212.402	213.9018	0.8061358	0.246211	0.0840787	0.643793	0.0259175	2.101129	1.183918
53664	-1011.977	-1224.938	212.9607	2.081776	0.0704272	0.462629	0.404342	0.062602	1.913949	1.185279
53670	-1007.612	-1221.171	213.5591	0.7674747	0.264986	0.16052	0.352631	0.221863	1.849518	1.674815
53676	-1018.111	-1232.328	214.2165	0.7410585	0.417694	0.125635	0.319859	0.136813	1.953005	1.09646
53682	-1013.918	-1228.048	214.1302	0.7346287	0.242306	0.149745	0.519409	0.0885409	2.034813	1.106809
53688	-1024.272	-1238.467	214.1952	0.7548038	0.274205	0.169458	0.326875	0.229462	2.143146	0.9136154
53694	-1017.104	-1230.898	213.7934	1.053992	0.288292	0.178164	0.136162	0.397381	2.006448	1.14079
53700	-1010.144	-1223.759	213.6151	1.126303	0.188378	0.116418	0.344123	0.351081	2.149234	1.109278
53706	-1003.168	-1217.45	214.2815	0.7722807	0.322394	0.20602	0.245573	0.226013	2.022204	0.9312789
53712	-1005.393	-1219.59	214.1975	0.8329121	0.196793	0.165929	0.331856	0.305423	2.14389	0.8123721
53718	-1002.267	-1216.487	214.2201	0.6032892	0.3036	0.256577	0.402849	0.0369745	2.363399	0.8123721
53724	-1003.536	-1217.552	214.0163	0.7096642	0.16685	0.186429	0.570711	0.0760103	2.545653	0.672263
53730	-1006.119	-1219.866	213.7472	0.8137105	0.22489	0.0793338	0.536158	0.159618	2.483147	0.9629085
53736	-1010.332	-1223.449	213.1161	1.412031	0.0915392	0.293274	0.406488	0.208698	2.500811	0.998194
53742	-1009.192	-1222.978	213.7855	0.8858585	0.0609133	0.391446	0.375147	0.172494	2.181113	1.143149
53748	-993.96	-1207.444	213.4844	1.292557	0.0366811	0.544164	0.151148	0.268007	2.211059	1.026964
53754	-1002.025	-1215.417	213.3916	1.292557	0.15202	0.282119	0.100767	0.465094	2.045747	1.257148
53760	-1009.136	-1222.252	213.1165	1.292557	0.189385	0.482578	0.00844932	0.319588	1.876036	1.60014
53766	-1004.086	-1217.765	213.6783	1.052929	0.144205	0.406681	0.00819132	0.440923	1.996647	1.249064
53772	-1015.24	-1228.139	212.8987	2.249108	0.342365	0.247994	0.0369963	0.372645	1.863617	1.17817
53778	-1007.334	-1221.133	213.7996	1.067395	0.219224	0.204578	0.183176	0.393022	1.996674	1.132166
53784	-1011.37	-1225.394	214.0243	0.8728656	0.203743	0.252417	0.220086	0.323754	1.968026	1.132166
53790	-1009.08	-1223.366	214.2861	0.7098053	0.28527	0.232585	0.26978	0.212364	2.160485	0.8431272
53796	-1006.573	-1220.248	213.6752	1.319999	0.0912453	0.476144	0.258917	0.173694	2.110366	0.9076075
53802	-1001.04	-1214.745	213.7052	1.099668	0.116398	0.200843	0.307777	0.374983	2.087549	1.106873
53808	-1001.428	-1215.014	213.5865	1.277262	0.201931	0.453743	0.0787056	0.265621	2.263095	0.8792815
53814	-1004.765	-1218.441	213.6764	1.073753	0.260308	0.279922	0.276984	0.182786	2.404383	0.8339014
53820	-1017.086	-1231.555	214.4684	0.5328399	0.265868	0.272074	0.272689	0.18937	2.16059	0.8472318
53826	-1017.897	-1232.004	214.1065	0.7918757	0.31216	0.138625	0.324125	0.22509	2.16059	0.9483725
53832	-1008.628	-1222.621	213.9927	0.8912074	0.260983	0.130645	0.413713	0.19466	2.302221	0.794086
53838	-1024.976	-1238.788	213.8111	1.127453	0.257969	0.314536	0.236488	0.191007	2.358838	0.5916617
53844	-1017.324	-1231.296	213.9719	0.9473161	0.350262	0.336431	0.173319	0.139987	2.359247	0.6373359
53850	-1015.683	-1229.562	213.8786	1.036055	0.184111	0.272357	0.0436765	0.499855	2.363626	0.6373359
53856	-1003.396	-1216.869	213.4731	1.511832	0.147868	0.225151	0.225523	0.401457	2.276154	0.7363648
53862	-1005.47	-1219.176	213.7065	1.247749	0.0842179	0.288585	0.487099	0.140098	2.278166	0.7375389
53868	-1006.909	-1221.44	214.5314	0.612598	0.187756	0.406399	0.311503	0.0943415	2.098486	0.7327615
53874	-1011.248	-1224.547	213.2992	1.791657	0.136554	0.388475	0.297765	0.177207	2.261723	0.6610312
53880	-1026.873	-1241.144	214.2716	0.7420139	0.100141	0.398378	0.348978	0.152504	2.261723	0.6610312
53886	-1023.411	-1237.607	214.1958	0.5969516	0.0471106	0.529695	0.320857	0.102337	2.528634	0.5522925
53892	-1022.154	-1235.619	213.4653	1.285856	0.412288	0.374237	0.145231	0.0682447	2.528634	0.6588544
53898	-1027.462	-1240.647	213.1855	1.792548	0.206494	0.401412	0.205864	0.18623	2.358953	0.6912413
