Iteration	Posterior	Likelihood	Prior	beta_scale	matrix_probs[1]	matrix_probs[2]	matrix_probs[3]	matrix_probs[4]	rate_log_sd	tree_length
0	-1027.06	-1238.083	211.0228	1.501173	0.128824	0.435424	0.408135	0.0276163	1.360029	3.151061
6	-1045.509	-1257.589	212.08	1.154824	0.109952	0.452321	0.348346	0.0893812	1.483559	2.627054
12	-1021.126	-1232.611	211.4848	1.572907	0.358918	0.277345	0.0950666	0.26867	1.922127	2.490875
18	-1010.021	-1223.584	213.5636	0.7161878	0.175331	0.332869	0.372972	0.118828	1.922127	1.658428
24	-1017.23	-1229.399	212.1688	1.44099	0.157765	0.618035	0.195709	0.0284908	2.003459	2.073174
30	-1025.053	-1235.076	210.023	4.986849	0.168495	0.14028	0.450808	0.240417	2.172703	1.972294
36	-1020.947	-1233.147	212.2003	2.83473	0.304029	0.19106	0.148264	0.356647	2.350181	1.017329
42	-1030.188	-1242.806	212.618	2.485789	0.223369	0.14324	0.108929	0.524463	2.366854	0.7784857
48	-1021.688	-1231.901	210.2129	7.329398	0.221514	0.227039	0.0520297	0.499417	2.179932	1.168352
54	-1031.262	-1242.623	211.3609	3.684772	0.258915	0.21076	0.0820023	0.448323	1.855629	1.697843
60	-1032.646	-1244.113	211.4671	3.598178	0.51525	0.165971	0.0854284	0.233351	1.816543	1.682861
66	-1028.713	-1238.267	209.5543	6.999769	0.249873	0.261691	0.120505	0.367931	1.737689	2.057626
72	-1021.199	-1233.403	212.2046	1.132451	0.147131	0.161801	0.584662	0.106405	1.687777	2.435495
78	-1032.636	-1245.391	212.7546	1.225766	0.298911	0.32433	0.226693	0.150066	1.875399	1.897658
84	-1033.61	-1246.638	213.0281	1.192309	0.153647	0.247289	0.416327	0.182737	1.968388	1.664653
90	-1025.379	-1237.751	212.3723	2.095053	0.379088	0.382148	0.163028	0.0757371	1.968388	1.596268
96	-1030.958	-1242.275	211.3176	2.381023	0.168181	0.238614	0.11511	0.478095	1.702785	2.348153
102	-1039.895	-1249.475	209.5799	3.003542	0.107361	0.388017	0.0905765	0.414046	1.687509	3.176901
108	-1028.508	-1235.054	206.5462	18.27469	0.218528	0.423286	0.268569	0.0896162	1.636991	2.356784
114	-1036.4	-1247.419	211.0186	1.195452	0.142615	0.142586	0.4256	0.289199	1.634669	3.154321
120	-1046.068	-1258.676	212.6082	1.195452	0.428854	0.0658233	0.0855202	0.419803	1.834277	2.0424
126	-1029.795	-1242.617	212.8226	0.8712094	0.367855	0.0614237	0.352139	0.218582	1.968918	2.023851
132	-1022.736	-1234.669	211.9336	1.345584	0.493084	0.101967	0.189105	0.215844	1.791695	2.4156
138	-1020.815	-1231.552	210.7376	1.345584	0.393545	0.0205127	0.237923	0.348019	1.723604	3.186008
144	-1031.065	-1242.363	211.2977	1.757485	0.220549	0.234096	0.249815	0.295541	1.610623	2.705586
150	-1021.287	-1232.638	211.3512	1.92857	0.355136	0.221534	0.0349498	0.38838	1.687764	2.542121
156	-1025.588	-1237.962	212.3739	0.7487768	0.421244	0.0853701	0.281668	0.211718	1.512156	2.681209
162	-1028.544	-1240.234	211.69	0.7487768	0.327054	0.156658	0.442329	0.073959	1.351772	3.190291
168	-1031.871	-1244.938	213.0664	0.8760283	0.390307	0.17055	0.35088	0.0882629	2.007354	1.82985
174	-1025.743	-1238.275	212.5323	2.463867	0.18293	0.167329	0.376341	0.2734	1.878621	1.346928
180	-994.9425	-1206.867	211.9249	2.868513	0.218635	0.0537396	0.445061	0.282564	1.885873	1.604607
186	-1013.842	-1224.961	211.1184	3.703857	0.330559	0.0356855	0.206542	0.427213	1.801095	1.896685
192	-1024.035	-1234.513	210.4776	5.968231	0.315141	0.0365074	0.211299	0.437053	1.735887	1.684223
198	-1025.158	-1238.106	212.9485	1.519303	0.340853	0.0649818	0.275726	0.318439	1.73595	1.677156
204	-1033.789	-1246.78	212.9915	1.586083	0.184504	0.252922	0.180681	0.381893	1.805472	1.554558
210	-1024.879	-1237.675	212.7952	2.092963	0.121698	0.476354	0.0859855	0.315963	1.929533	1.303771
216	-1025.324	-1238.012	212.6871	2.478436	0.217763	0.166197	0.161037	0.455003	2.214755	0.8886598
222	-1022.904	-1236.797	213.893	0.8041826	0.424842	0.109321	0.264189	0.201648	1.957555	1.312752
228	-1011.845	-1226.04	214.1952	0.7027513	0.209613	0.262017	0.421552	0.106818	2.136374	0.9791645
234	-1021.553	-1235.963	214.4093	0.5900499	0.0958691	0.394727	0.444082	0.0653218	2.044309	0.9760745
240	-1037.167	-1250.361	213.1934	0.6195919	0.131967	0.364961	0.497591	0.00548044	1.673975	2.148043
246	-1020.56	-1234.666	214.1065	0.5806812	0.249573	0.344426	0.36243	0.0435712	1.873067	1.397416
252	-1011.342	-1225.423	214.0815	0.7940794	0.179179	0.247278	0.4987	0.074843	1.865259	1.242472
258	-1019.221	-1232.416	213.1948	1.036289	0.111907	0.304174	0.474492	0.109427	1.852294	1.735746
264	-1016.759	-1230.866	214.1072	0.794052	0.166785	0.405193	0.422719	0.00530327	1.913831	1.179211
270	-1022.795	-1236.98	214.1846	0.794052	0.150013	0.202684	0.600438	0.046865	1.824153	1.189826
276	-1015.422	-1228.988	213.5659	1.390423	0.391216	0.0553425	0.375998	0.177443	1.987072	1.078345
282	-1018.442	-1231.989	213.547	1.156482	0.391216	0.0553425	0.375998	0.177443	2.089687	1.196396
288	-1016.568	-1229.992	213.424	1.44635	0.332224	0.27749	0.330484	0.0598016	2.153863	1.006982
294	-1008.398	-1221.913	213.5158	1.392932	0.267549	0.196632	0.431707	0.104112	2.096139	1.019875
300	-1024.743	-1236.846	212.1028	2.754315	0.0530758	0.324859	0.414294	0.207772	2.059683	1.393954
306	-1033.876	-1243.772	209.8953	6.611212	0.219167	0.232196	0.32684	0.221797	1.994159	1.74455
312	-1035.517	-1248.131	212.6143	1.550713	0.156426	0.33679	0.16768	0.339105	2.170605	1.585339
318	-1039.566	-1252.691	213.1254	1.418922	0.156426	0.33679	0.16768	0.339105	1.78347	1.578186
324	-1029.046	-1243.48	214.4342	0.5616473	0.158985	0.379002	0.447168	0.0148448	2.047899	0.9772073
330	-1031.641	-1245.659	214.0173	0.9145774	0.302712	0.131834	0.561671	0.0037832	2.043959	1.027959
336	-1026.493	-1240.422	213.9291	1.031881	0.339204	0.232901	0.397258	0.0306366	2.013902	1.028159
342	-1027.017	-1240.195	213.1781	2.075704	0.444935	0.145771	0.280605	0.12869	2.064177	0.8187486
348	-1027.57	-1241.337	213.7675	0.9566587	0.300537	0.273229	0.185022	0.241213	2.103693	1.163593
354	-1020.646	-1234.097	213.4518	1.479864	0.300537	0.273229	0.185022	0.241213	2.258145	0.829239
360	-1018.769	-1232.652	213.8836	0.9398168	0.315365	0.131064	0.313454	0.240117	2.232053	0.9467567
366	-1018.503	-1231.896	213.393	1.434951	0.348669	0.040388	0.411439	0.199504	2.088436	1.107996
372	-1018.913	-1230.27	211.3567	4.561534	0.242771	0.0913042	0.2243	0.441625	2.088436	1.190002
378	-1017.338	-1230.614	213.2754	1.656847	0.482124	0.0564641	0.188303	0.273109	1.983253	1.138499
384	-1018.268	-1232.617	214.3491	0.5857093	0.219473	0.257688	0.360342	0.162497	2.039354	1.045075
390	-1016.453	-1230.548	214.0947	0.7588997	0.258104	0.363798	0.240631	0.137466	2.110844	1.045075
396	-1013.372	-1227.408	214.0362	0.971214	0.238352	0.322765	0.302453	0.13643	2.042011	0.9527927
402	-1014.774	-1228.915	214.1413	0.7436783	0.358678	0.3352	0.256055	0.0500669	2.355368	0.72393
408	-1012.055	-1226.312	214.2573	0.7398472	0.235108	0.477495	0.235587	0.05181	2.24344	0.72393
414	-1017.661	-1231.619	213.9577	1.031343	0.360422	0.052887	0.336262	0.250429	2.24344	0.72393
420	-1013.849	-1224.846	210.9975	2.12701	0.0190136	0.596664	0.0667306	0.317592	1.659529	2.68674
426	-1005.739	-1217.578	211.8394	1.175426	0.090196	0.541572	0.0623249	0.305907	1.657765	2.655896
432	-1023.416	-1235.394	211.978	1.285551	0.0544316	0.61873	0.0246378	0.302201	1.46124	2.628116
438	-1012.843	-1224.401	211.5576	1.341025	0.37269	0.277967	0.0387521	0.31059	1.560698	2.793902
444	-1009.361	-1223.48	214.1186	0.6467215	0.252334	0.114631	0.58372	0.0493144	2.555913	0.537322
450	-1020.72	-1234.991	214.2709	0.5023349	0.189793	0.1939	0.551404	0.0649034	2.555913	0.5027423
456	-1018.345	-1231.67	213.3245	1.396423	0.324746	0.147469	0.319786	0.207999	2.605151	0.4466584
462	-1028.525	-1242.011	213.4863	1.494421	0.28685	0.000389672	0.297499	0.415262	2.357422	0.4466584
468	-1014.778	-1227.928	213.15	1.585721	0.260073	0.000203811	0.522528	0.217195	2.617462	0.4536261
474	-1020.453	-1234.039	213.5859	1.202637	0.372925	0.124636	0.428631	0.073808	2.163448	1.055518
480	-1015.926	-1229.742	213.8164	0.9693932	0.402486	0.00155582	0.542494	0.0534649	2.504469	0.6067573
486	-1015.56	-1229.389	213.8291	0.8210301	0.177802	0.00220009	0.767139	0.0528592	2.607762	0.6870448
492	-1011.138	-1223.571	212.4327	0.3820453	0.141594	0.405138	0.432828	0.0204394	1.750231	2.72476
498	-1014.706	-1227.789	213.0836	1.056158	0.120455	0.207222	0.654936	0.0173879	1.796166	1.838296
504	-1012.068	-1226.437	214.3693	0.6417001	0.345164	0.00331386	0.627689	0.0238329	2.272125	0.6572002
510	-1021.687	-1233.769	212.082	1.677716	0.0889372	0.450995	0.404074	0.0559941	1.827394	2.114004
516	-1010.626	-1221.458	210.8319	0.7576583	0.0751531	0.494613	0.382918	0.0473158	1.487582	3.608284
522	-1019.511	-1233.434	213.9227	0.9000713	0.515531	0.0136958	0.359776	0.110997	2.171595	1.010119
528	-1020.714	-1234.548	213.8338	0.9000713	0.455616	0.169829	0.149982	0.224572	2.274422	0.9962747
534	-1010.1	-1224.58	214.4804	0.4441091	0.278996	0.190211	0.393277	0.137516	2.200529	0.8886607
540	-1009.535	-1224.071	214.536	0.4660024	0.279659	0.198483	0.455023	0.0668349	2.124213	0.8886607
546	-1018.121	-1231.944	213.8231	1.056226	0.25295	0.179527	0.507071	0.0604519	2.199778	0.9213099
552	-1028.312	-1242.109	213.7973	0.7801659	0.280278	0.038922	0.636927	0.0438725	1.737898	1.573703
558	-1020.565	-1233.099	212.5345	0.9281681	0.307385	0.267838	0.292599	0.132178	1.807317	2.27882
564	-1029.202	-1243.2	213.9985	0.6624585	0.24342	0.295892	0.314665	0.146022	1.788006	1.479385
570	-1019.287	-1233.422	214.1355	0.6624585	0.158632	0.272848	0.439438	0.129083	1.916318	1.270636
576	-1018.416	-1232.171	213.7546	0.8090852	0.171598	0.211704	0.487223	0.129476	2.006652	1.37971
582	-1009.244	-1222.064	212.82	1.584103	0.245897	0.42023	0.0793823	0.254491	1.926574	1.592721
588	-1006.2	-1219.107	212.9079	1.489104	0.165598	0.464978	0.0878351	0.281589	1.892803	1.612277
594	-1005.959	-1218.499	212.5404	1.565746	0.199696	0.0745659	0.60744	0.118298	1.866095	1.843667
600	-1006.051	-1219.452	213.4008	1.332378	0.194327	0.404184	0.217894	0.183595	1.883502	1.3518
606	-1016.253	-1230.303	214.0499	1.059932	0.0913553	0.190012	0.410814	0.307819	2.02475	0.8580035
612	-1014.146	-1227.007	212.8608	2.629865	0.170803	0.574481	0.0677386	0.186977	1.959801	0.8673214
618	-1010.707	-1223.269	212.5619	2.387923	0.0871834	0.435594	0.0298295	0.447393	2.309623	0.9867131
624	-1000.622	-1214.336	213.7145	1.035076	0.0376965	0.510137	0.253429	0.198738	2.102365	1.142268
630	-1001.428	-1214.915	213.4871	1.276602	0.0568166	0.398349	0.321849	0.222986	2.180535	1.067584
636	-1000.725	-1214.223	213.4973	0.9425285	0.288665	0.0586967	0.584363	0.0682744	2.042348	1.444733
642	-1010.445	-1223.941	213.4955	1.350958	0.331003	0.0579224	0.521394	0.0896805	2.204138	0.9695365
648	-996.6021	-1210.616	214.0141	0.7924837	0.254222	0.0584098	0.564924	0.122445	2.10888	1.089466
654	-998.2612	-1212.457	214.1962	0.7426985	0.231037	0.0650667	0.629308	0.0745882	2.33575	0.6624999
660	-1038.239	-1252.557	214.3178	0.6318785	0.281244	0.336645	0.268546	0.113565	2.324129	0.6769268
666	-1032.475	-1246.898	214.4231	0.5038608	0.279505	0.340745	0.266886	0.112863	2.398651	0.5437447
672	-1023.269	-1237.593	214.3245	0.5607069	0.0424633	0.419617	0.275802	0.262118	2.44222	0.5191705
678	-1012.349	-1226.124	213.7742	1.088978	0.0483773	0.478058	0.208943	0.264623	2.44796	0.5058867
684	-1015.292	-1228.301	213.0082	1.766778	0.0407125	0.402315	0.399484	0.157489	2.615271	0.5058867
690	-1005.897	-1220.014	214.1168	0.5911756	0.10692	0.0727082	0.690066	0.130306	2.615271	0.543516
696	-1031.623	-1244.906	213.283	1.436541	0.139285	0.159214	0.279476	0.422024	2.615271	0.4683064
702	-1028.653	-1241.127	212.4734	2.349269	0.273637	0.0864013	0.290062	0.3499	2.70357	0.4189164
708	-1022.982	-1235.51	212.5283	2.292918	0.346971	0.250377	0.145378	0.257275	2.669672	0.3826249
714	-1008.857	-1222.251	213.3936	1.240719	0.321218	0.236752	0.198755	0.243275	2.678779	0.4508274
720	-1011.316	-1225.095	213.7788	0.8525176	0.24524	0.185783	0.378076	0.190901	2.679042	0.4650422
726	-1011.66	-1225.477	213.8178	1.020546	0.26364	0.249541	0.281594	0.205224	2.459769	0.5816722
732	-1006.885	-1220.695	213.8098	1.138926	0.0732262	0.460235	0.33279	0.133749	2.281005	0.73235
738	-1024.916	-1238.914	213.9985	0.9224123	0.184017	0.270863	0.388842	0.156277	2.306996	0.73235
744	-1031.397	-1245.318	213.9211	0.9034158	0.132239	0.145748	0.687213	0.0347998	2.092719	1.083959
750	-1031.111	-1245.471	214.3593	0.6805519	0.231112	0.171737	0.394714	0.202437	1.944607	1.030107
756	-1023.54	-1237.985	214.4452	0.494129	0.198691	0.33673	0.339342	0.125236	1.931957	1.141859
762	-1006.501	-1219.683	213.1818	1.82049	0.332149	0.0988883	0.415588	0.153375	1.921744	1.159106
768	-1016.763	-1230.011	213.248	1.95875	0.469836	0.139881	0.293729	0.0965538	2.01023	0.9040367
774	-1026.942	-1239.95	213.0087	1.95422	0.531369	0.168947	0.11354	0.186143	2.252941	0.9040367
780	-1022.165	-1234.76	212.5944	1.394815	0.235514	0.270163	0.184717	0.309606	1.776853	1.968117
786	-1019.553	-1231.227	211.6743	1.458658	0.224975	0.234619	0.271532	0.268873	1.580176	2.646436
792	-1013.388	-1226.653	213.2649	1.203056	0.147479	0.397691	0.258352	0.196477	1.77112	1.628985
798	-1016.555	-1229.945	213.3897	1.283194	0.221326	0.173303	0.387716	0.217655	1.964802	1.331601
804	-1013.002	-1225.984	212.9824	1.722718	0.275083	0.102551	0.481886	0.14048	1.984181	1.338592
810	-1002.456	-1215.193	212.7372	0.9616942	0.189487	0.0706409	0.470437	0.269435	1.734537	2.173103
816	-1000.39	-1212.642	212.2519	1.975947	0.1696	0.314359	0.274545	0.241496	1.879087	1.807559
822	-1012.386	-1225.511	213.1257	0.6824347	0.239605	0.132403	0.261076	0.366916	1.97372	1.950596
828	-1009.901	-1222.948	213.0467	0.9350002	0.310251	0.164717	0.39053	0.134502	2.280624	1.608348
834	-1007.464	-1220.5	213.0354	0.5737484	0.133854	0.503557	0.30456	0.0580293	2.031571	2.048584
840	-1010.305	-1222.793	212.4874	0.679659	0.0751929	0.333459	0.461262	0.130087	1.896374	2.41706
846	-1024.451	-1236.257	211.8052	1.784522	0.0969246	0.45036	0.109805	0.34291	1.735767	2.296515
852	-1037.682	-1250.651	212.969	1.048965	0.224454	0.162585	0.206083	0.406878	1.667219	2.007679
858	-1035.054	-1247.55	212.4955	2.191616	0.358545	0.129505	0.187858	0.324093	1.810996	1.570087
864	-1014.573	-1227.596	213.0238	1.77691	0.373671	0.0927803	0.195783	0.337766	1.90682	1.332585
870	-1028.597	-1241.38	212.7824	1.664299	0.386743	0.101568	0.189747	0.321943	1.875352	1.608779
876	-1038.35	-1250.462	212.1123	2.412249	0.186632	0.393946	0.0972114	0.32221	1.866006	1.695855
882	-1030.111	-1243.165	213.0539	1.117889	0.19759	0.12257	0.390187	0.289652	1.91472	1.734789
888	-1033.496	-1246.473	212.9769	1.309186	0.359995	0.145782	0.293725	0.200498	1.858235	1.702136
894	-1027.572	-1239.945	212.3732	1.309186	0.248467	0.100618	0.387008	0.263907	1.836118	2.126278
900	-1018.111	-1231.706	213.5948	1.399583	0.167007	0.526642	0.101378	0.204973	2.059043	0.9719214
906	-1015.453	-1229.44	213.9871	1.002954	0.0764064	0.340001	0.358009	0.225584	2.006219	1.006999
912	-1019.402	-1233.274	213.8719	0.8037822	0.119366	0.477099	0.174427	0.229108	1.933093	1.349605
918	-1000.367	-1214.167	213.8005	0.8037822	0.182108	0.081191	0.542621	0.194081	2.019765	1.337461
924	-990.618	-1204.594	213.9755	0.8037822	0.232744	0.156222	0.471068	0.139966	2.116867	1.106674
930	-1005.601	-1219.431	213.8293	0.802292	0.342016	0.190633	0.409315	0.058036	2.152285	1.205715
936	-1011.601	-1224.912	213.3102	0.8113059	0.379509	0.172872	0.332608	0.115011	1.961127	1.739363
942	-1049.607	-1263.027	213.4203	0.8269384	0.161153	0.299526	0.319352	0.219969	2.32019	1.381364
948	-1033.757	-1246.817	213.0605	1.433084	0.337227	0.127168	0.157027	0.378578	2.330719	1.189371
954	-1010.889	-1224.63	213.7414	0.7721516	0.280661	0.293826	0.240799	0.184714	2.09631	1.349959
960	-1005.992	-1219.738	213.7457	0.6380334	0.196501	0.363627	0.237184	0.202687	2.206644	1.371533
966	-1011.06	-1224.099	213.0388	1.942424	0.163941	0.303374	0.160456	0.372229	2.199446	0.93946
972	-1007.173	-1219.935	212.7621	1.302331	0.158584	0.349383	0.229134	0.262899	2.119588	1.673534
978	-1019.18	-1231.904	212.7241	1.597699	0.113865	0.328464	0.164357	0.393314	1.898875	1.673534
984	-1016.049	-1228.315	212.2656	1.597699	0.212338	0.302897	0.162137	0.322628	1.772367	2.073147
990	-1027.139	-1240.346	213.2067	1.152723	0.238517	0.324458	0.0746208	0.362404	2.024392	1.521021
996	-1010.38	-1223.63	213.2502	1.140753	0.499545	0.139404	0.253696	0.107356	2.150259	1.401024
1002	-1005.009	-1218.423	213.4137	0.8245655	0.375822	0.317869	0.190863	0.115447	2.129582	1.533466
1008	-1002.077	-1214.717	212.6399	1.601996	0.210793	0.0608606	0.610896	0.11745	2.140877	1.556625
1014	-1004.623	-1218.012	213.3894	1.606001	0.138726	0.191309	0.276537	0.393428	2.008895	1.048753
1020	-1006.226	-1220.183	213.9569	0.9431637	0.112025	0.385765	0.184507	0.317703	2.053693	1.048753
1026	-1010.651	-1223.96	213.3086	1.045819	0.130872	0.095325	0.50429	0.269513	1.968275	1.564038
1032	-1006.888	-1220.725	213.8368	1.045819	0.132801	0.187654	0.626561	0.0529844	2.004004	1.1112
1038	-995.831	-1209.833	214.0016	0.5971464	0.261471	0.0801952	0.592093	0.0662408	2.02936	1.343415
1044	-1004.059	-1217.974	213.9144	0.863314	0.322823	0.143653	0.404557	0.128967	2.02936	1.183601
1050	-1014.092	-1227.862	213.7707	1.00262	0.206289	0.238979	0.404689	0.150044	2.030693	1.184101
1056	-1011.659	-1225.411	213.7518	0.7785212	0.168469	0.31261	0.343224	0.175697	1.842346	1.531495
1062	-1014.267	-1227.226	212.9591	1.192427	0.168469	0.31261	0.343224	0.175697	1.81168	1.822821
1068	-1010.6	-1222.66	212.0596	1.934614	0.209076	0.383855	0.113112	0.293958	1.94845	1.91313
1074	-1006.228	-1217.461	211.2328	1.482349	0.188966	0.453668	0.135751	0.221615	1.650861	2.860364
1080	-1028.837	-1240.699	211.8624	1.253248	0.0559442	0.336681	0.405167	0.202207	1.653355	2.599247
1086	-1009.159	-1222.731	213.5716	0.7746683	0.0413606	0.510884	0.341229	0.106527	1.824354	1.678443
1092	-1006.324	-1220.75	214.4258	0.4230961	0.0932481	0.391549	0.38121	0.133993	1.945936	1.20513
1098	-1018.079	-1231.749	213.6697	0.9349504	0.284172	0.347684	0.338503	0.0296412	2.013341	1.338819
1104	-1021.813	-1235.433	213.62	1.163582	0.252135	0.308488	0.300342	0.139035	1.99995	1.204996
1110	-1010.624	-1224.809	214.1849	0.6727309	0.157353	0.32776	0.397981	0.116906	2.191562	0.9656537
1116	-1018.595	-1232.418	213.8228	0.6727309	0.219516	0.18529	0.556357	0.0388368	2.191562	1.292431
1122	-1021.573	-1235.353	213.7803	0.8123873	0.165117	0.109026	0.543238	0.182619	1.99113	1.369007
1128	-1004.855	-1218.401	213.5462	0.8227198	0.345661	0.0513983	0.442003	0.160937	2.156452	1.414291
1134	-1008.098	-1222.022	213.9237	0.8524526	0.329942	0.0645182	0.445111	0.160429	2.301346	0.9257045
1140	-1011.179	-1225.23	214.0513	0.7845354	0.233246	0.0240437	0.691242	0.0514686	2.420615	0.6928298
1146	-1018.495	-1232.613	214.1176	0.8085233	0.296823	0.00507415	0.631841	0.0662616	2.385469	0.5412241
1152	-1007.668	-1221.888	214.2197	0.6761118	0.442281	0.0106339	0.395904	0.151182	2.418744	0.5639763
1158	-996.4777	-1210.749	214.271	0.6043874	0.253071	0.036428	0.498418	0.212084	2.438255	0.5832848
1164	-994.2651	-1207.86	213.5951	1.078335	0.263312	0.0292021	0.378389	0.329097	2.63753	0.4972563
1170	-1004.818	-1217.75	212.9321	1.832787	0.302181	0.031108	0.356581	0.31013	2.636771	0.535919
1176	-1011.273	-1222.932	211.6584	3.570422	0.196872	0.361462	0.186893	0.254773	2.779141	0.4234775
1182	-1014.268	-1226.557	212.2883	2.702276	0.117921	0.111904	0.128957	0.641218	2.661274	0.4378499
1188	-1005.163	-1217.846	212.6823	2.093062	0.349565	0.112355	0.0457091	0.492371	2.683084	0.4378499
1194	-1016.495	-1229.068	212.5732	2.093062	0.377081	0.147001	0.173832	0.302087	2.72495	0.3298682
1200	-1016.626	-1228.609	211.9829	2.502033	0.300065	0.294237	0.22165	0.184048	2.948659	0.2696981
1206	-1013.743	-1226.452	212.7085	1.682014	0.223121	0.199351	0.324614	0.252914	2.916835	0.3387581
1212	-1007.641	-1221.447	213.8056	0.6891477	0.216132	0.188772	0.307388	0.287708	2.773474	0.3542558
1218	-1007.73	-1221.2	213.47	1.091353	0.173157	0.186054	0.357224	0.283566	2.676567	0.3321293
1224	-1025.6	-1239.087	213.4877	1.091353	0.0460092	0.300919	0.194441	0.458631	2.712686	0.4075586
1230	-1022.504	-1235.771	213.267	1.32581	0.0923734	0.359668	0.234042	0.313916	2.712686	0.4075586
1236	-1004.64	-1218.274	213.6345	0.8940839	0.134297	0.356758	0.261358	0.247587	2.762984	0.4065435
1242	-1021.938	-1234.323	212.3854	1.05779	0.280218	0.0934746	0.26259	0.363717	1.546056	2.456629
1248	-1009.366	-1222.249	212.8831	0.8207295	0.481652	0.160669	0.135748	0.221931	1.691111	2.200566
1254	-1006.862	-1219.171	212.3092	1.784301	0.387075	0.313341	0.0641154	0.235469	2.004823	1.783731
1260	-1009.011	-1221.739	212.7285	2.099205	0.306647	0.362745	0.262142	0.0684657	2.623481	0.4126433
1266	-1029.142	-1243.17	214.0279	0.599303	0.356317	0.187495	0.361716	0.0944722	2.68488	0.4200054
1272	-1011.507	-1224.025	212.5181	0.9838025	0.349038	0.249591	0.278127	0.123244	1.903733	2.191029
1278	-1005.13	-1217.225	212.0958	1.392328	0.397369	0.0968972	0.36768	0.138054	1.978988	2.165128
1284	-1005.547	-1218.019	212.4715	0.9832091	0.178253	0.315785	0.205723	0.300238	1.83394	2.266425
1290	-1015.395	-1228.827	213.4319	1.288363	0.11181	0.332297	0.524863	0.0310304	2.598806	0.5380386
1296	-998.667	-1213.072	214.4048	0.6227973	0.252779	0.211422	0.440523	0.0952757	2.188189	0.7717619
1302	-1003.185	-1217.392	214.2069	0.772211	0.18905	0.272543	0.493608	0.0447993	2.109992	0.9169723
1308	-1009.41	-1223.667	214.2575	0.8201304	0.340024	0.190651	0.446768	0.0225578	2.055096	0.8645895
1314	-1000.07	-1214.388	214.3184	0.6059853	0.17264	0.142668	0.52361	0.161082	2.24033	0.8402112
1320	-1002.864	-1217.069	214.2044	0.6795892	0.178132	0.199863	0.455798	0.166206	2.383208	0.6840249
1326	-1001.103	-1215.432	214.3284	0.5344791	0.239509	0.295513	0.34073	0.124247	2.459571	0.558987
1332	-1001.302	-1215.393	214.0916	0.6833642	0.260336	0.32121	0.370359	0.0480945	2.545437	0.4756108
1338	-1010.643	-1224.602	213.9587	0.8285728	0.279302	0.215814	0.415785	0.0890995	2.493355	0.6402887
1344	-1007.271	-1221.153	213.8821	0.8285728	0.24349	0.177213	0.497132	0.0821642	2.570014	0.6402887
1350	-1000.79	-1214.934	214.1445	0.6813457	0.215778	0.407147	0.272002	0.105073	2.494976	0.521928
1356	-993.9612	-1207.723	213.7616	0.8453959	0.197472	0.0639362	0.482069	0.256522	2.705074	0.4765842
1362	-1011.104	-1224.686	213.5812	1.006498	0.225455	0.23195	0.319863	0.222732	2.705433	0.4134882
1368	-1002.093	-1216.113	214.02	0.5524236	0.179834	0.230568	0.317956	0.271642	2.738953	0.4134882
1374	-1004.082	-1217.771	213.6881	0.9485767	0.359186	0.180148	0.248426	0.21224	2.670223	0.4589354
1380	-997.9813	-1211.323	213.342	1.261365	0.289645	0.256314	0.20033	0.253711	2.714583	0.470611
1386	-1008.168	-1221.924	213.7559	0.993978	0.315968	0.395542	0.145007	0.143482	2.560124	0.492195
1392	-1013.206	-1226.942	213.7353	0.9931599	0.0754863	0.0931879	0.724818	0.106508	2.578424	0.541288
1398	-1003.173	-1217.08	213.9071	0.6694416	0.217996	0.198252	0.482168	0.101583	2.738927	0.4431687
1404	-1016.212	-1229.411	213.1986	1.546773	0.163109	0.0814714	0.390691	0.364728	2.207834	1.088065
1410	-1007.182	-1221.361	214.179	0.7417016	0.219778	0.121266	0.349498	0.309458	2.396419	0.5246617
1416	-1020.62	-1234.221	213.6017	1.272924	0.179838	0.086752	0.438837	0.294572	2.417901	0.6279576
1422	-1009.177	-1223.332	214.1551	0.8080286	0.113215	0.542779	0.264184	0.079822	2.323632	0.6279576
1428	-1020.048	-1233.239	213.191	1.745843	0.152938	0.418937	0.269455	0.158669	2.424181	0.6206611
1434	-1010.157	-1223.792	213.6348	1.303788	0.154009	0.151914	0.493203	0.200874	2.35878	0.6220903
1440	-1009.612	-1222.77	213.1579	1.883946	0.127025	0.510973	0.21325	0.148753	2.363165	0.5753982
1446	-1014.623	-1226.915	212.292	2.917552	0.0357879	0.18152	0.155772	0.62692	2.519213	0.5843721
1452	-1005.596	-1219.209	213.6126	1.152572	0.207854	0.229693	0.13194	0.430513	2.527215	0.6094799
1458	-1013.289	-1226.9	213.6111	1.166952	0.166756	0.315485	0.0832452	0.434513	2.527215	0.5690751
1464	-997.2825	-1211.232	213.9494	0.85026	0.258044	0.3342	0.0582979	0.349458	2.489564	0.6172704
1470	-999.9804	-1213.091	213.1106	1.387335	0.251304	0.32547	0.0198351	0.403391	2.300638	1.206969
1476	-1008.723	-1221.745	213.0223	1.143046	0.115594	0.336	0.122929	0.425477	1.979337	1.694391
1482	-1003.893	-1217.21	213.317	1.398059	0.107242	0.349243	0.0176366	0.525878	2.277806	1.032212
1488	-999.0426	-1213.237	214.1942	0.6915396	0.140713	0.458243	0.193866	0.207178	2.364814	0.7121107
1494	-1014.754	-1228.079	213.3249	1.630592	0.168587	0.292527	0.228538	0.310348	2.168051	0.9323081
1500	-1019.074	-1233.05	213.9755	0.7820938	0.392436	0.205248	0.2025	0.199816	2.198898	1.051439
1506	-1025.523	-1238.893	213.3703	1.302723	0.0711819	0.483959	0.313988	0.130871	2.247857	1.091396
1512	-1013.19	-1226.846	213.6557	0.8868475	0.0799465	0.522142	0.179714	0.218198	2.131906	1.294232
1518	-1012.882	-1226.255	213.3734	1.239146	0.0535857	0.328973	0.367727	0.249714	2.150693	1.225846
1524	-1011.655	-1225.109	213.4549	1.156488	0.0646732	0.397042	0.443814	0.094471	2.071942	1.288355
1530	-1021.071	-1234.857	213.7861	1.037898	0.323336	0.365232	0.0814392	0.229993	2.147009	1.031941
1536	-1020.726	-1234.848	214.1216	0.6234494	0.253375	0.502578	0.063818	0.180229	2.240801	1.031941
1542	-1017.718	-1231.616	213.8982	0.8658232	0.231635	0.378591	0.225008	0.164765	2.346658	0.888167
1548	-1025.771	-1239.499	213.7283	0.5966351	0.349435	0.247859	0.311259	0.0914468	2.222974	1.406435
1554	-1029.034	-1242.038	213.0032	1.413074	0.417212	0.101973	0.371632	0.109184	2.183152	1.372059
1560	-1029.449	-1242.291	212.8426	1.499823	0.409781	0.0622051	0.433388	0.0946255	1.992101	1.580828
1566	-1037.526	-1250.616	213.0898	1.16296	0.484091	0.0647801	0.308948	0.142181	1.726834	1.81046
1572	-1027.354	-1240.205	212.8509	1.214215	0.367962	0.04924	0.417829	0.164969	1.917231	1.81046
1578	-1010.132	-1223.453	213.3203	1.460875	0.282327	0.0562094	0.476969	0.184495	2.029678	1.203839
1584	-1012.592	-1226.391	213.7992	0.95108	0.245463	0.0927144	0.463308	0.198514	2.29548	0.9568788
1590	-1017.703	-1229.622	211.9184	1.515709	0.365611	0.154167	0.241849	0.238373	1.568572	2.471211
1596	-1023.666	-1237.571	213.905	0.872698	0.402249	0.169616	0.171823	0.256312	2.30514	0.9191195
1602	-1019.469	-1232.441	212.9725	1.488607	0.273708	0.307082	0.0861017	0.333109	1.889407	1.567943
1608	-1015.263	-1228.139	212.8759	1.488607	0.401222	0.359774	0.0406838	0.198319	2.013865	1.547443
1614	-1022.144	-1234.949	212.8056	1.516344	0.293441	0.178185	0.409347	0.119028	2.106125	1.513408
1620	-1015.696	-1228.81	213.1143	0.9127718	0.296876	0.294649	0.359108	0.0493678	1.975485	1.79275
1626	-1025.446	-1238.981	213.5348	1.057875	0.13669	0.314948	0.230081	0.31828	1.931369	1.41252
1632	-1006.021	-1219.527	213.5054	0.9442295	0.0803158	0.41696	0.315711	0.187014	2.212127	1.303465
1638	-1006.213	-1220.106	213.8936	1.093807	0.0605339	0.542771	0.0632641	0.333431	2.245294	0.7253487
1644	-1007.459	-1221.361	213.9015	0.8780073	0.437323	0.136146	0.366293	0.0602381	2.453964	0.7253487
1650	-1016.048	-1229.003	212.9554	1.940617	0.280141	0.139703	0.200962	0.379193	2.529564	0.5386799
1656	-1019.296	-1233.283	213.9871	0.9438277	0.407054	0.190014	0.120565	0.282367	2.374263	0.5532887
1662	-1029.01	-1242.434	213.4244	1.067929	0.253375	0.241807	0.362761	0.142057	2.191476	1.285707
1668	-1017.218	-1231.202	213.984	0.6382306	0.151875	0.359713	0.474783	0.0136293	2.075179	1.285707
1674	-1035.292	-1249.574	214.2817	0.5073014	0.20175	0.329023	0.454666	0.0145608	2.365491	0.8564119
1680	-1031.725	-1245.022	213.2967	0.8630993	0.187528	0.220223	0.388892	0.203357	3.02404	0.2872498
1686	-1039.434	-1252.915	213.4809	0.9710398	0.190784	0.588886	0.0890052	0.131324	2.857297	0.5219171
1692	-1020.338	-1234.388	214.0498	0.7510129	0.351143	0.180804	0.318551	0.149502	2.306939	0.8974399
1698	-1014.304	-1228.494	214.1896	0.6667862	0.287698	0.042319	0.563791	0.106192	2.298097	0.8485533
1704	-1027.259	-1241.357	214.0972	0.6667862	0.287637	0.180097	0.523614	0.0086521	2.390472	0.8485533
1710	-1013.806	-1228.032	214.2261	0.5906747	0.202204	0.214891	0.569717	0.0131867	2.273978	0.9264048
1716	-1015.112	-1229.014	213.9021	0.7768957	0.0910083	0.301158	0.462445	0.145389	2.302622	1.027499
1722	-1014.3	-1227.475	213.1746	1.324923	0.292116	0.0920933	0.276747	0.339044	2.241443	1.2503
1728	-1032.727	-1246.437	213.7109	1.231959	0.23927	0.179118	0.256096	0.325516	2.256074	0.7848052
1734	-1014	-1228.038	214.0382	0.8173377	0.118594	0.308212	0.389048	0.184147	2.340082	0.7848052
1740	-1021.256	-1235.035	213.7788	1.233457	0.135946	0.206992	0.445971	0.21109	2.186717	0.7848052
1746	-1013.931	-1228.173	214.2415	0.7647257	0.115587	0.172113	0.574039	0.138261	2.267607	0.6616671
1752	-1004.546	-1218.566	214.0195	1.015971	0.198628	0.385665	0.206631	0.209075	2.23107	0.6624678
1758	-1003.729	-1217.9	214.1711	0.7961125	0.130432	0.284471	0.376302	0.208795	2.304608	0.6624678
1764	-1006.857	-1221.536	214.6782	0.4717982	0.156073	0.234688	0.378246	0.230993	2.117683	0.6955746
1770	-1003.953	-1218.278	214.3248	0.6090906	0.232055	0.283695	0.412353	0.0718971	2.192575	0.8855294
1776	-1008.059	-1221.927	213.8679	1.050801	0.318968	0.0229403	0.564466	0.093625	2.28561	0.7670914
1782	-1013.726	-1228.011	214.2847	0.7189078	0.327159	0.0414429	0.535369	0.096029	2.209754	0.7670914
1788	-1028.057	-1242.521	214.4635	0.598098	0.388418	0.0492029	0.404233	0.158146	2.158664	0.7670914
1794	-1025.921	-1240.019	214.0985	0.8746835	0.34395	0.0481857	0.452916	0.154948	2.304364	0.6434811
1800	-1023.053	-1237.493	214.4396	0.5348342	0.282023	0.0483105	0.423228	0.246438	2.165491	0.8732721
1806	-1020.822	-1234.852	214.031	0.9159378	0.266539	0.173878	0.412364	0.147219	2.175238	0.8732721
1812	-1017.392	-1231.414	214.0219	0.7622997	0.280262	0.145822	0.440229	0.133687	2.16661	1.057894
1818	-1020.797	-1234.262	213.4647	1.143294	0.333874	0.120571	0.351548	0.194007	2.02866	1.325725
1824	-1027.119	-1240.949	213.8293	0.8870016	0.221138	0.237461	0.390281	0.15112	2.035339	1.230245
1830	-1035.086	-1247.089	212.0025	1.757903	0.240386	0.231131	0.306372	0.222111	1.887494	2.084092
1836	-1023.848	-1237.052	213.2043	1.588968	0.243501	0.118311	0.510667	0.127521	1.823306	1.377595
1842	-1019.022	-1232.473	213.4516	0.9871027	0.205772	0.177585	0.359478	0.257165	1.973962	1.497044
1848	-1017.957	-1231.44	213.4823	0.6584743	0.339429	0.292933	0.269352	0.0982866	1.827904	1.824442
1854	-1012.831	-1225.056	212.2244	1.688011	0.191041	0.402527	0.1516	0.254833	2.108351	1.824442
1860	-1003.231	-1216.139	212.908	0.7754446	0.0987051	0.473189	0.325589	0.102518	2.060993	1.972102
1866	-1013.243	-1226.258	213.0154	0.7754446	0.220191	0.283485	0.266337	0.229987	1.835039	2.05101
1872	-1005.405	-1218.969	213.5641	1.094686	0.23604	0.0542554	0.32695	0.382755	2.122309	1.204888
1878	-1008.135	-1221.858	213.7226	1.048686	0.229676	0.156976	0.291411	0.321937	2.478786	0.6943802
1884	-1022.432	-1235.01	212.5778	0.798549	0.190595	0.358465	0.268629	0.182311	1.845011	2.312756
1890	-1018.703	-1231.783	213.0803	1.354372	0.590297	0.00578633	0.186069	0.217848	1.733539	1.688192
1896	-1011.393	-1224.163	212.77	1.513324	0.320795	0.133342	0.25736	0.288503	2.535905	1.202734
1902	-1017.92	-1229.812	211.8925	2.142523	0.571427	0.0837831	0.125552	0.219238	2.113133	1.809009
1908	-1035.718	-1247.021	211.3028	2.368849	0.289678	0.506388	0.042106	0.161828	2.105689	2.103197
1914	-1021.463	-1234.144	212.6809	1.954703	0.35815	0.177622	0.134846	0.329382	2.254144	1.214996
1920	-1034.902	-1248.833	213.9313	0.8937208	0.303671	0.160345	0.236419	0.299565	2.172494	1.007216
1926	-1035.937	-1249.167	213.23	1.225466	0.385464	0.0207088	0.371436	0.222391	2.144255	1.35856
1932	-1020.099	-1233.021	212.9218	1.030865	0.501381	0.0269364	0.379908	0.0917747	2.030983	1.805209
1938	-1022.858	-1236.152	213.2946	0.7969428	0.34567	0.0603868	0.500697	0.0932459	1.971722	1.753414
1944	-1019.186	-1231.013	211.8272	1.656385	0.404047	0.0555714	0.431388	0.108993	1.900723	2.243174
1950	-1037.62	-1251.407	213.7878	0.7314513	0.155911	0.311791	0.449699	0.0825996	2.288721	1.188274
1956	-1049.519	-1263.49	213.971	0.8612434	0.175622	0.224782	0.506554	0.0930425	2.10699	1.06457
1962	-1029.014	-1240.835	211.8214	1.106797	0.440304	0.0684383	0.408191	0.0830664	1.937286	2.534747
1968	-1007.636	-1219.784	212.1476	0.876509	0.320266	0.102873	0.516441	0.0604204	1.871587	2.516127
1974	-1004.618	-1216.608	211.9904	0.876509	0.179613	0.212634	0.532099	0.0756545	1.671152	2.737014
1980	-1000.896	-1212.631	211.7353	0.9442974	0.144106	0.288183	0.51623	0.0514805	1.856955	2.737014
1986	-1004.191	-1216.432	212.2412	0.8116313	0.224191	0.233056	0.50112	0.0416327	1.882242	2.493155
1992	-994.003	-1206.528	212.5249	0.8677667	0.251882	0.166863	0.536669	0.044586	1.778368	2.342967
1998	-989.1934	-1202.28	213.0863	0.8677667	0.378931	0.116456	0.474517	0.0300955	2.139582	1.730013
2004	-1005.186	-1218.582	213.3965	0.6191109	0.277194	0.473712	0.196995	0.0520987	1.950159	1.828025
2010	-1014.247	-1227.808	213.5611	0.5482256	0.287861	0.202597	0.501201	0.00834091	2.104405	1.656254
2016	-1015.024	-1228.503	213.4793	0.5482256	0.234652	0.110251	0.648298	0.00679914	2.01941	1.77399
2022	-1007.282	-1220.76	213.4789	0.9056595	0.428927	0.0912754	0.343834	0.135964	2.28091	1.301082
2028	-990.78	-1203.186	212.4056	1.103453	0.325849	0.0600424	0.405014	0.209094	2.005471	2.121045
2034	-1003.568	-1217.027	213.459	1.103453	0.248047	0.227004	0.36134	0.16361	2.052794	1.341758
2040	-999.2922	-1211.788	212.4958	0.9632322	0.15206	0.296508	0.419105	0.132327	1.997632	2.157946
2046	-992.3527	-1205.398	213.0454	0.9048777	0.155826	0.288879	0.51928	0.0360144	1.8067	1.960317
2052	-998.1754	-1211.152	212.9767	1.108405	0.390538	0.0175659	0.488777	0.103119	2.082213	1.677426
2058	-1002.598	-1214.957	212.3592	1.308717	0.266818	0.0120012	0.333936	0.387244	2.162601	1.919019
2064	-1011.168	-1223.548	212.3799	1.308717	0.27944	0.0125689	0.349733	0.358258	2.052231	1.979291
2070	-1012.952	-1225.584	212.6319	1.308717	0.12303	0.0296217	0.753684	0.0936646	1.8002	1.979291
2076	-1026.497	-1239.738	213.2417	1.062427	0.283057	0.107431	0.542137	0.0673745	1.939747	1.621726
2082	-1010.122	-1223.69	213.5681	1.042077	0.266124	0.0717465	0.509705	0.152425	2.115235	1.251062
2088	-1025.684	-1239.748	214.0646	0.773983	0.235295	0.150802	0.568635	0.0452682	2.237739	0.9308475
2094	-1028.558	-1242.617	214.0598	0.7767381	0.516896	0.0246921	0.426017	0.0323945	2.029498	1.1351
2100	-1017.085	-1230.745	213.6598	0.7877303	0.430732	0.222087	0.173011	0.17417	2.868026	0.4892798
2106	-1006.112	-1219.72	213.6085	0.9254261	0.0994223	0.428191	0.152388	0.319998	2.771647	0.4504268
2112	-1013.171	-1226.08	212.9092	1.680778	0.199337	0.450681	0.190524	0.159458	2.771647	0.4256689
2118	-1016.706	-1230.484	213.7783	0.6640588	0.158498	0.464559	0.128181	0.248762	2.837397	0.3672273
2124	-1033.453	-1247.407	213.9538	0.7838175	0.0980232	0.212194	0.665342	0.0244401	1.978541	1.263391
2130	-1027.45	-1238.529	211.0787	4.240148	0.0971964	0.237753	0.65973	0.00532007	1.702056	1.806715
2136	-1021.999	-1233.661	211.6621	1.912338	0.11528	0.0875059	0.786317	0.0108975	1.636045	2.387357
2142	-1022.933	-1236.459	213.5256	0.9405385	0.295669	0.117906	0.402698	0.183726	2.843141	0.4745966
2148	-1013.387	-1227.16	213.7731	0.9552951	0.242966	0.343255	0.335141	0.0786374	2.580687	0.4745966
2154	-1028.132	-1241.976	213.8447	0.9454118	0.208061	0.313278	0.305872	0.172788	2.520154	0.489424
2160	-1013.724	-1227.085	213.3614	1.53252	0.248263	0.256374	0.242897	0.252467	2.113583	1.034774
2166	-1019.101	-1231.659	212.5583	1.637461	0.257604	0.290941	0.252036	0.199419	2.136839	1.597702
2172	-1013.935	-1226.444	212.5084	2.062058	0.244206	0.259135	0.143271	0.353388	2.185896	1.34648
2178	-1016.552	-1230.04	213.4878	1.509454	0.250679	0.389536	0.215367	0.144418	2.200173	0.8246461
2184	-1013.064	-1227.323	214.2594	0.7026476	0.211208	0.387989	0.236753	0.16405	2.135	0.9125447
2190	-1030.453	-1244.55	214.0968	0.7189656	0.109067	0.467819	0.245831	0.177283	2.280333	0.9125447
2196	-1027.021	-1241.084	214.0635	0.7189656	0.218652	0.410914	0.31791	0.0525239	2.313651	0.9125447
2202	-1023.477	-1237.735	214.2581	0.5947053	0.205635	0.351709	0.294886	0.147771	2.338958	0.8064593
2208	-1021.605	-1235.683	214.0776	0.6788094	0.0583726	0.543384	0.16994	0.228303	2.240758	1.017764
2214	-1014.409	-1228.265	213.8557	0.6788094	0.103905	0.407269	0.435374	0.0534521	2.206097	1.247996
2220	-1008.218	-1221.831	213.6123	1.399726	0.231307	0.133844	0.504454	0.130395	2.055127	0.9576729
2226	-1009.666	-1222.752	213.0862	1.737229	0.419706	0.0315332	0.188324	0.360437	1.819466	1.377575
2232	-1016.524	-1228.825	212.3018	3.069726	0.308361	0.0231677	0.235544	0.432927	1.863653	1.236285
2238	-1040.212	-1253.244	213.0322	1.679814	0.351133	0.147984	0.132588	0.368294	1.863653	1.421454
2244	-1018.366	-1232.341	213.9751	0.879594	0.281238	0.171742	0.344153	0.202867	2.457305	0.5022929
2250	-1016.652	-1229.603	212.9505	1.963904	0.270651	0.20292	0.331198	0.19523	2.518858	0.5202241
2256	-1014.416	-1228.283	213.8671	0.9279693	0.0985131	0.433148	0.368851	0.099488	2.512529	0.5410519
2262	-1004.095	-1217.933	213.8376	0.9927132	0.381297	0.204996	0.28989	0.123818	2.476552	0.5410519
2268	-1016.633	-1230.695	214.0624	0.8291459	0.186897	0.248722	0.50369	0.0606907	2.421739	0.5176045
2274	-1017.178	-1231.152	213.9733	0.915787	0.184423	0.340781	0.168071	0.306725	2.421739	0.5109661
2280	-1011.052	-1224.679	213.6266	1.149362	0.181332	0.540417	0.0981972	0.180054	2.537021	0.5109661
2286	-1016.901	-1230.689	213.7879	0.9368128	0.239945	0.474008	0.109581	0.176467	2.585434	0.4838037
2292	-1023.493	-1237.32	213.8269	0.9591161	0.232824	0.536052	0.0565477	0.174576	2.519532	0.5504682
2298	-1038.439	-1251.443	213.0044	1.925832	0.265301	0.308189	0.104352	0.322158	2.489929	0.5504682
2304	-1038.04	-1252.46	214.4199	0.4804342	0.249901	0.322106	0.368425	0.0595677	2.237897	0.8753193
2310	-1040.266	-1253.718	213.4518	1.385061	0.10338	0.392041	0.266591	0.237987	2.409868	0.7342317
2316	-1037.406	-1251.522	214.1164	0.8086479	0.0357263	0.485216	0.15155	0.327507	2.305466	0.7342317
2322	-1023.118	-1234.411	211.2929	0.8935069	0.0356808	0.484322	0.190962	0.289035	1.599963	3.189052
2328	-1022.292	-1235.244	212.9513	0.8529034	0.0673573	0.325014	0.46709	0.140538	1.830841	2.042619
2334	-1023.949	-1235.875	211.9256	2.078292	0.0703495	0.560783	0.222787	0.14608	2.033055	1.873468
2340	-1022.423	-1234.99	212.5662	1.524864	0.205419	0.406454	0.0764875	0.311639	1.844844	1.864345
2346	-1012.186	-1225.562	213.3757	1.323615	0.208578	0.0291011	0.541929	0.220392	2.186192	1.12523
2352	-1029.415	-1242.304	212.8892	1.035371	0.177702	0.12561	0.395854	0.300834	1.836743	1.956694
2358	-1024.761	-1235.962	211.2007	1.273216	0.302001	0.0155828	0.326147	0.356269	1.709404	2.95736
2364	-1006.788	-1218.128	211.3408	1.273216	0.206075	0.284035	0.419481	0.0904082	1.569381	2.95736
2370	-1009.593	-1221.242	211.6489	1.541195	0.246632	0.259514	0.431312	0.0625423	1.779343	2.494372
2376	-1022.973	-1234.729	211.7561	1.654446	0.502443	0.043573	0.291124	0.162859	1.577155	2.494372
2382	-1010.623	-1222.512	211.889	0.8627761	0.260447	0.0582063	0.463793	0.217553	1.617792	2.839973
2388	-1010.743	-1223.408	212.6654	1.065471	0.280622	0.062715	0.612817	0.0438466	1.811052	2.102507
2394	-1024.569	-1237.672	213.1035	0.5398414	0.27794	0.0716712	0.606961	0.0434276	1.916699	2.102507
2400	-1033.175	-1246.732	213.5568	1.03022	0.417201	0.250036	0.0357918	0.296971	2.704664	0.4098753
2406	-1023.764	-1237.45	213.6865	0.8329403	0.142892	0.471511	0.187789	0.197807	2.7575	0.3763948
2412	-1011.778	-1225.74	213.9627	0.5864402	0.136845	0.457802	0.182329	0.223025	2.741102	0.3763948
2418	-999.1371	-1213.043	213.9062	0.4932608	0.26742	0.511338	0.16563	0.0556114	2.861287	0.3371876
2424	-1021.89	-1235.559	213.6695	1.046788	0.27979	0.152288	0.446494	0.121428	2.400585	0.8786393
2430	-1012.34	-1225.39	213.0501	1.181294	0.40338	0.162671	0.314076	0.119873	2.965388	0.2947895
2436	-1021.805	-1235.176	213.3703	0.8591402	0.0932517	0.301036	0.391336	0.214376	2.965388	0.2947895
2442	-1001.602	-1215.082	213.4797	0.7232862	0.129545	0.4182	0.273704	0.178551	2.965388	0.273091
2448	-1031.149	-1244.723	213.5741	0.5407627	0.171175	0.358133	0.457115	0.0135772	3.047268	0.2640462
2454	-1024.814	-1238.079	213.2645	0.7672287	0.0967876	0.376331	0.402775	0.124106	3.126882	0.2687657
2460	-1037.693	-1251.32	213.6266	1.114677	0.278885	0.410758	0.159621	0.150736	2.559868	0.5772402
2466	-1021.571	-1235.22	213.6487	1.166123	0.16425	0.241916	0.442293	0.151541	2.341521	0.8355582
2472	-1035.564	-1249.777	214.2138	0.6355703	0.420895	0.176087	0.300172	0.102846	2.347277	0.7971762
2478	-1028.406	-1241.988	213.5811	1.135677	0.266039	0.132958	0.302725	0.298278	2.347277	0.9398424
2484	-1036.465	-1250.374	213.909	0.8653101	0.298975	0.0781253	0.349828	0.273071	2.25818	0.9727718
2490	-1023.379	-1236.619	213.2401	1.546428	0.366677	0.0233248	0.528472	0.081527	2.287683	0.9702323
2496	-1013.159	-1226.801	213.642	1.127026	0.308659	0.0192584	0.444854	0.227228	2.265812	0.9702323
2502	-1013.771	-1227.638	213.8673	0.992832	0.320748	0.0200127	0.489314	0.169925	2.265812	0.8677379
2508	-1024.501	-1238.705	214.2044	0.71485	0.291585	0.032702	0.510671	0.165043	2.075373	1.0182
2514	-1008.305	-1222.471	214.1663	0.7729439	0.279759	0.0469312	0.514961	0.158349	2.111759	0.9578118
2520	-1013.363	-1227.264	213.9011	0.99794	0.158271	0.231523	0.466697	0.143508	2.277946	0.8041982
2526	-1032.577	-1246.224	213.6467	1.289223	0.565197	0.141261	0.09146	0.202082	1.978603	1.096151
2532	-1031.437	-1244.297	212.8599	0.8444933	0.345177	0.123041	0.214192	0.31759	1.978603	2.011038
2538	-1025.67	-1238.532	212.862	1.333392	0.283938	0.144022	0.0954142	0.476626	1.784833	1.818302
2544	-999.9192	-1213.059	213.1397	1.343309	0.31018	0.353549	0.104232	0.232039	1.892784	1.536938
2550	-1006.31	-1218.855	212.5446	1.798817	0.102349	0.460067	0.135636	0.301949	2.040761	1.58242
2556	-1008.055	-1221.28	213.2245	0.9610738	0.267926	0.319835	0.202326	0.209913	1.987723	1.6721
2562	-1010.823	-1221.194	210.3703	0.9610738	0.401785	0.256586	0.137402	0.204227	1.538403	3.724251
2568	-1008.486	-1219.73	211.2435	0.8594222	0.266938	0.332376	0.177987	0.222699	1.654523	3.206836
2574	-1015.302	-1226.723	211.4205	0.875404	0.223537	0.278336	0.227479	0.270647	1.461054	3.206836
2580	-1004.832	-1217.793	212.9605	1.177427	0.349297	0.170988	0.123669	0.356046	1.838172	1.813399
2586	-1011.716	-1225.159	213.4432	1.350931	0.349823	0.180643	0.130652	0.338881	2.026426	1.184829
2592	-1006.452	-1218.283	211.8314	1.389654	0.259381	0.0469411	0.410563	0.283115	1.693547	2.516416
2598	-1007.333	-1219.524	212.1907	1.123912	0.465825	0.0163384	0.202513	0.315324	1.688421	2.449003
2604	-1003.14	-1216.113	212.9731	1.489967	0.471456	0.0198911	0.281661	0.226991	1.841418	1.601729
2610	-1008.699	-1221.261	212.5622	1.228741	0.537762	0.0226886	0.180634	0.258916	1.958775	1.969277
2616	-1000.484	-1213.396	212.9126	1.15408	0.411708	0.0173702	0.372697	0.198225	1.783422	1.898904
2622	-1017.577	-1231.201	213.6238	0.7036285	0.143029	0.0537414	0.788475	0.0147548	1.843239	1.68127
2628	-1007.541	-1221.375	213.8339	0.7036285	0.396654	0.0552681	0.517726	0.0303515	1.882433	1.499339
2634	-1016.113	-1230.02	213.9071	0.5720499	0.102442	0.442291	0.406487	0.0487798	1.857829	1.566286
2640	-1009.782	-1222.601	212.8194	0.8355954	0.34871	0.104434	0.500808	0.0460486	1.922233	2.081244
2646	-1008.194	-1222.473	214.2787	0.4749343	0.300133	0.278087	0.374259	0.0475212	2.285677	0.9824756
2652	-1023.055	-1234.905	211.85	1.21909	0.164154	0.25466	0.325376	0.25581	1.334837	2.821689
2658	-1011.634	-1223.969	212.3355	1.21909	0.133748	0.132394	0.284391	0.449467	1.533293	2.398477
2664	-1009.927	-1223.641	213.7141	0.8146461	0.259652	0.257024	0.377053	0.106271	1.682384	1.648082
2670	-1009.603	-1222.999	213.3964	0.8581851	0.318493	0.111539	0.462499	0.107468	1.81947	1.744019
2676	-995.6323	-1208.975	213.3431	0.8581851	0.150336	0.143754	0.553466	0.152443	1.865823	1.748872
2682	-1009.309	-1222.538	213.2285	0.6703585	0.0255087	0.453197	0.378357	0.142937	1.974439	1.889264
2688	-1012.422	-1225.278	212.8557	1.672223	0.0320046	0.347772	0.287494	0.332729	1.861025	1.560916
2694	-1012.275	-1224.656	212.3814	1.504923	0.027843	0.439729	0.0752701	0.457158	1.793133	2.03498
2700	-1006.999	-1218.796	211.7974	2.353675	0.0250023	0.641963	0.0675906	0.265444	1.725002	2.03498
2706	-1012.07	-1224.134	212.0635	2.361184	0.0464853	0.659817	0.161628	0.132069	1.539532	1.977787
2712	-1021.791	-1234.589	212.7982	2.357339	0.185907	0.239886	0.433854	0.140354	2.036067	1.044092
2718	-1023.431	-1237.575	214.144	0.9199624	0.337634	0.435668	0.100592	0.126106	2.012885	0.9242872
2724	-1018.004	-1232.274	214.27	0.6270143	0.247646	0.249272	0.404093	0.0989891	2.083786	1.036666
2730	-1025.817	-1239.089	213.2722	0.9927074	0.229982	0.347518	0.0403502	0.382149	2.983708	0.3445793
2736	-1020.614	-1233.793	213.179	1.256112	0.19194	0.405972	0.0831513	0.318936	2.864312	0.4066185
2742	-1025.089	-1239.481	214.3915	0.5683421	0.345025	0.124905	0.50994	0.0201295	2.223705	0.8186824
2748	-1031.481	-1245.593	214.1121	0.8035008	0.365579	0.207684	0.323577	0.10316	2.255172	0.8186824
2754	-1003.284	-1217.444	214.1601	0.8035008	0.0978974	0.433179	0.28201	0.186914	2.297609	0.6823911
2760	-1016.948	-1230.929	213.9816	0.9499124	0.348793	0.206547	0.342185	0.102475	2.297609	0.7295736
2766	-1023.723	-1237.886	214.1623	0.7053579	0.320591	0.177997	0.314518	0.186895	2.307311	0.8201277
2772	-1011.01	-1225.38	214.37	0.5166682	0.258877	0.348454	0.253973	0.138695	2.324691	0.7834454
2778	-1027.571	-1241.375	213.8037	0.886399	0.174433	0.379267	0.295341	0.150959	2.620775	0.4789163
2784	-1029.694	-1242.666	212.9718	1.742633	0.200342	0.452722	0.166741	0.180196	2.639179	0.3840242
2790	-1009.147	-1221.612	212.4646	2.175427	0.241952	0.363063	0.19773	0.197255	2.788872	0.3456055
2796	-1013.846	-1225.493	211.6468	3.933312	0.377103	0.120508	0.134012	0.368378	2.599258	0.4179508
2802	-1029.02	-1242.401	213.3812	1.500805	0.329658	0.231071	0.388247	0.0510239	2.435384	0.6273301
2808	-1027.842	-1241.282	213.4404	1.430019	0.316871	0.246529	0.281307	0.155293	2.428421	0.6492245
2814	-1007.091	-1221.238	214.1474	0.5167771	0.23945	0.186295	0.509035	0.06522	2.665003	0.4993967
2820	-1012.939	-1226.783	213.8432	0.660013	0.141198	0.116735	0.622996	0.119071	2.774097	0.3636302
2826	-1020.934	-1234.55	213.616	0.8530301	0.2176	0.264082	0.397303	0.121016	2.771698	0.3332541
2832	-1028.593	-1242.221	213.6286	0.8502233	0.099204	0.344095	0.485441	0.0712597	2.780381	0.3533772
2838	-1029.207	-1242.828	213.6208	0.9682159	0.304424	0.240596	0.287122	0.167858	2.680589	0.3706466
2844	-1019.802	-1233.616	213.8138	0.6464616	0.261242	0.206469	0.242859	0.28943	2.805976	0.3488531
2850	-1022.719	-1236.738	214.0191	0.6939826	0.434033	0.103863	0.3153	0.146804	2.242186	1.057304
2856	-1032.696	-1246.919	214.2235	0.5536288	0.337682	0.186764	0.361339	0.114215	2.18986	1.053105
2862	-1015.241	-1228.661	213.42	0.936469	0.23475	0.216496	0.387205	0.161549	2.888029	0.339468
2868	-1009.174	-1223.051	213.8772	0.5162577	0.216637	0.143038	0.539052	0.101273	2.888029	0.3610556
2874	-1034.089	-1247.424	213.335	0.4330664	0.216177	0.279615	0.478102	0.0261063	3.189663	0.183723
2880	-1013.088	-1226.581	213.493	0.9808665	0.248201	0.217882	0.371244	0.162674	2.811631	0.3971016
2886	-1017.63	-1231.24	213.6094	0.8383532	0.244544	0.0967362	0.473656	0.185065	2.830763	0.3791333
2892	-1012.651	-1225.882	213.2313	0.4518867	0.22538	0.218183	0.550824	0.00561271	3.290833	0.1881455
2898	-1002.765	-1215.996	213.2313	0.4518867	0.22538	0.218183	0.550824	0.00561271	3.290833	0.1881455
2904	-1019.037	-1232.851	213.8145	0.7941721	0.208557	0.302594	0.179307	0.309543	2.703289	0.4591025
2910	-1017.386	-1230.77	213.3844	0.536372	0.345267	0.339872	0.260279	0.0545827	3.15524	0.223241
2916	-1011.119	-1224.334	213.2157	0.7109167	0.332695	0.0851807	0.48121	0.100914	3.181664	0.2410207
2922	-1009.646	-1222.674	213.0274	0.7109167	0.292438	0.266376	0.368856	0.0723301	3.248696	0.1945584
2928	-1029.144	-1242.176	213.0322	0.6093549	0.231305	0.181057	0.542634	0.0450047	3.329723	0.1878515
2934	-1022.205	-1235.2	212.9947	0.5689245	0.292974	0.0477296	0.481723	0.177573	3.401698	0.1855271
2940	-1034.689	-1247.738	213.0487	0.4090581	0.403739	0.0657747	0.407471	0.123016	3.46596	0.1749793
2946	-1043.565	-1256.527	212.9628	0.4090581	0.384654	0.114335	0.456637	0.0443738	3.437962	0.1479275
2952	-1044.737	-1257.027	212.2901	1.192588	0.344786	0.164356	0.206326	0.284531	3.437962	0.1763918
2958	-1044.168	-1257.127	212.9588	0.5370704	0.229126	0.296016	0.407632	0.0672255	3.37375	0.1600561
2964	-1037.842	-1250.664	212.8217	0.7362171	0.186632	0.274741	0.378335	0.160292	3.37375	0.1785209
2970	-1030.035	-1242.819	212.7842	0.7529302	0.141401	0.399638	0.239543	0.219418	3.393597	0.1785209
2976	-1031.656	-1244.203	212.5467	0.736477	0.0951707	0.286501	0.429814	0.188514	3.498993	0.1432735
2982	-1015.875	-1230.087	214.2117	0.6756186	0.0668843	0.527239	0.315213	0.0906632	2.427334	0.5639014
2988	-996.4707	-1210.216	213.7457	1.042167	0.289137	0.36284	0.283018	0.0650052	2.512494	0.5740536
2994	-998.8597	-1212.883	214.0231	0.9242093	0.178846	0.401419	0.34705	0.0726845	2.140862	0.9117063
3000	-997.2443	-1211.446	214.2015	0.824862	0.31653	0.0723783	0.508128	0.102963	2.099994	0.8718848
3006	-1009.652	-1223.63	213.9777	0.824862	0.315303	0.097482	0.407336	0.179879	2.344919	0.84657
3012	-1013.631	-1227.603	213.9727	0.9751097	0.277928	0.204465	0.359051	0.158557	2.195863	0.84657
3018	-1018.638	-1232.493	213.8552	0.9751097	0.474404	0.111227	0.185872	0.228496	2.192447	0.9803429
3024	-1022.407	-1236.153	213.7465	0.9751097	0.208658	0.385855	0.28056	0.124926	2.204449	1.074575
3030	-1018.242	-1231.812	213.5692	1.166814	0.233794	0.42953	0.121014	0.215662	2.204449	1.064667
3036	-1033.647	-1247.587	213.9407	0.9350518	0.139045	0.284989	0.511463	0.0645035	2.122307	1.005777
3042	-1014.219	-1228.31	214.0911	0.8847772	0.417087	0.177487	0.354883	0.0505429	2.033558	0.9955589
3048	-1021.289	-1235.342	214.053	0.7436564	0.2247	0.0790202	0.61268	0.083599	1.795825	1.364975
3054	-999.567	-1213.025	213.4576	0.8713024	0.221677	0.103979	0.562703	0.111641	1.81561	1.694014
3060	-1013.965	-1227.78	213.8148	0.7790616	0.17564	0.229623	0.445845	0.148892	1.875174	1.459074
3066	-1023.756	-1237.622	213.8665	0.8205026	0.421565	0.107642	0.350882	0.119911	1.848354	1.406583
3072	-1027.375	-1241.702	214.327	0.6462261	0.32341	0.131742	0.416603	0.128246	1.852655	1.177112
3078	-1026.813	-1241.167	214.3539	0.6598496	0.365548	0.203311	0.276737	0.154404	2.050978	0.950161
3084	-1021.589	-1235.918	214.3284	0.6327765	0.342291	0.306103	0.252611	0.0989948	2.112848	0.9420162
3090	-1015.021	-1228.435	213.4141	0.8392035	0.233785	0.363574	0.318119	0.0845226	1.837209	1.733001
3096	-1042.205	-1254.931	212.7262	1.507592	0.276408	0.289541	0.114566	0.319485	1.889378	1.733001
3102	-1023.345	-1234.312	210.9668	3.613152	0.278575	0.0486298	0.385736	0.287059	1.835656	2.007683
3108	-1010.199	-1219.351	209.1516	9.671726	0.314856	0.00748487	0.311558	0.3661	1.897962	1.664172
3114	-1012.898	-1223.647	210.7485	6.481363	0.302823	0.00761633	0.317031	0.37253	1.90422	1.198747
3120	-1024.311	-1237.889	213.5779	0.7472489	0.114894	0.174105	0.574223	0.136778	2.938621	0.352891
3126	-1010.823	-1224.419	213.5961	0.7472489	0.10384	0.157355	0.663773	0.0750323	2.939883	0.3794882
3132	-1006.402	-1220.1	213.6982	0.7362956	0.309888	0.141822	0.417441	0.130849	2.84935	0.3794882
3138	-1001.025	-1214.735	213.7096	0.7609459	0.305863	0.22484	0.270412	0.198885	2.824623	0.4023466
3144	-1006.953	-1220.585	213.6321	0.7665903	0.242016	0.172922	0.283549	0.301513	2.854159	0.3417062
3150	-1012.616	-1226.273	213.6576	1.091136	0.150565	0.52721	0.0391814	0.283044	2.04692	1.192293
3156	-1015.037	-1228.482	213.4443	1.22186	0.36358	0.215422	0.140265	0.280734	1.89473	1.388893
3162	-1009.337	-1222.582	213.2449	0.9492615	0.308532	0.382182	0.267554	0.0417315	2.903999	0.2407841
3168	-1001.892	-1215.679	213.7875	0.522725	0.145105	0.179743	0.655525	0.0196266	2.903999	0.2969934
3174	-1015.999	-1229.578	213.5791	0.6919234	0.272908	0.161965	0.547441	0.0176854	2.900849	0.2741285
3180	-1012.233	-1225.813	213.5791	0.6919234	0.27445	0.162881	0.550534	0.0121355	2.900849	0.2741285
3186	-1022.776	-1236.528	213.7524	0.5874161	0.0877626	0.345276	0.545644	0.0213173	2.900849	0.3199707
3192	-1015.4	-1229.036	213.6361	0.5256473	0.0815308	0.320759	0.506899	0.0908112	2.921669	0.2261799
3198	-1021.715	-1234.134	212.419	1.953117	0.285079	0.198146	0.228062	0.288713	2.921669	0.2813511
3204	-1019.423	-1231.938	212.5148	0.9544282	0.337846	0.368916	0.263146	0.0300919	2.173902	2.035621
3210	-1019.092	-1232.228	213.1362	0.9643412	0.337434	0.288995	0.176307	0.197264	3.050821	0.2684373
3216	-1037.494	-1249.912	212.4173	1.712104	0.445752	0.225369	0.232901	0.0959777	3.084409	0.264398
3222	-1017.627	-1231.549	213.9219	0.7275932	0.290271	0.157265	0.424239	0.128225	1.971475	1.343101
3228	-1025.232	-1239.32	214.0881	0.8368741	0.252278	0.365784	0.281104	0.100835	1.95697	1.118262
3234	-1029.766	-1242.438	212.6722	1.864721	0.150076	0.4306	0.362394	0.056931	1.772657	1.6467
3240	-1014.693	-1227.849	213.1556	1.467163	0.0833282	0.481975	0.253953	0.180744	1.827026	1.492115
3246	-1022.636	-1235.64	213.0044	0.9966796	0.00228272	0.281545	0.50407	0.212102	1.964129	1.817851
3252	-1021.657	-1233.516	211.8595	1.214922	0.00155449	0.515997	0.298236	0.184212	1.759233	2.557593
3258	-1018.792	-1230.493	211.7011	1.214922	0.0307933	0.569351	0.134727	0.265128	1.91762	2.557593
3264	-1018.654	-1231.372	212.7187	1.214922	0.0716404	0.271288	0.240961	0.416111	1.93985	1.885114
3270	-1027.65	-1239.764	212.1135	1.452954	0.057391	0.416231	0.193033	0.333345	1.747979	2.268337
3276	-1035.325	-1246.691	211.3655	1.214827	0.203024	0.278124	0.21147	0.307382	1.591704	2.961724
3282	-1030.79	-1242.188	211.3982	0.7083028	0.147977	0.202714	0.425271	0.224038	1.69142	3.187293
3288	-1011.514	-1224.369	212.8553	1.489883	0.169512	0.347204	0.266313	0.21697	1.766292	1.739447
3294	-1009.465	-1222.753	213.288	0.8813501	0.252357	0.240298	0.308428	0.198916	1.742778	1.85558
3300	-1019.386	-1233.087	213.7011	0.6514477	0.134232	0.23353	0.572184	0.0600544	1.85197	1.659306
3306	-1006.928	-1220.701	213.7725	0.6292186	0.274633	0.257237	0.401979	0.066151	1.867359	1.613738
3312	-1013.251	-1226.737	213.4861	1.359754	0.41315	0.0845826	0.300186	0.202081	2.145366	1.029795
3318	-1010.89	-1225.147	214.2568	0.6590799	0.277124	0.335918	0.277251	0.109706	2.070124	1.029795
3324	-1008.327	-1222.317	213.9898	0.8428495	0.272235	0.329992	0.276225	0.121548	2.051173	1.116349
3330	-1007.084	-1220.992	213.9074	0.9287735	0.397606	0.0432853	0.46329	0.0958185	2.393637	0.7291333
3336	-1020.21	-1234.544	214.3342	0.5724503	0.352368	0.0285385	0.472808	0.146286	2.340021	0.7291333
3342	-1025.34	-1239.592	214.2521	0.5103087	0.287414	0.226903	0.328479	0.157203	1.988931	1.245146
3348	-1014.952	-1229.076	214.1235	0.9159653	0.258556	0.439424	0.207989	0.0940311	2.003314	0.9606582
3354	-1012.516	-1226.932	214.4157	0.6549081	0.0951407	0.669546	0.0388291	0.196484	2.006172	0.9376722
3360	-1022.495	-1235.972	213.4768	1.10602	0.253682	0.449754	0.0367382	0.259826	1.950743	1.405988
3366	-1009.332	-1222.28	212.9483	1.049633	0.238454	0.422757	0.0928306	0.245959	2.051112	1.759936
3372	-1012.996	-1226.188	213.1917	1.399222	0.218776	0.367771	0.235273	0.17818	1.963938	1.405647
3378	-1001.283	-1215.602	214.3187	0.6677944	0.259561	0.350737	0.279133	0.110569	2.085499	0.9420153
3384	-1007.308	-1220.965	213.6567	0.7815964	0.132324	0.344562	0.395175	0.127939	1.983417	1.494754
3390	-1022.509	-1236.492	213.9822	0.7448178	0.287349	0.255654	0.351771	0.105226	2.579431	0.5803592
3396	-1019.477	-1233.734	214.2566	0.6648102	0.377958	0.172251	0.400531	0.0492598	2.215092	0.870244
3402	-1022.404	-1236.467	214.0638	0.949159	0.241143	0.379304	0.0179815	0.361572	1.788158	1.186892
3408	-1028.012	-1241.123	213.1117	1.400423	0.273853	0.344407	0.0170942	0.364645	2.174807	1.300989
3414	-1013.854	-1227.378	213.5238	1.168684	0.2166	0.505351	0.012451	0.265598	1.975919	1.300989
3420	-1029.571	-1243.061	213.4901	0.9631683	0.2166	0.505351	0.012451	0.265598	2.247535	1.271394
3426	-1020.441	-1234.185	213.7444	0.9560103	0.309045	0.394681	0.0152553	0.281018	1.932679	1.326481
3432	-1030.183	-1244.227	214.0438	0.855832	0.366903	0.074634	0.339564	0.218898	2.031041	1.072798
3438	-1018.836	-1232.839	214.003	0.855832	0.227009	0.0239412	0.439565	0.309485	2.07184	1.072798
3444	-1021.763	-1234.708	212.9455	2.100244	0.295881	0.0656681	0.47855	0.159902	1.958643	1.147648
3450	-1019.367	-1233.436	214.0688	0.7031776	0.37915	0.0592907	0.432075	0.129484	2.417629	0.8011491
3456	-1011.908	-1226.132	214.2246	0.6208051	0.247671	0.33222	0.338392	0.0817176	2.296817	0.8664219
3462	-1012.831	-1227.084	214.2528	0.6139906	0.0672218	0.343803	0.583087	0.00588899	2.297894	0.8396716
3468	-1024.576	-1238.888	214.3113	0.6394367	0.219702	0.33856	0.419754	0.0219843	2.361468	0.5816696
3474	-1022.971	-1237.08	214.1087	0.7336634	0.236995	0.137786	0.368887	0.256332	2.454965	0.6105342
3480	-1034.724	-1248.85	214.1253	0.6780167	0.245209	0.222418	0.351552	0.180821	2.43576	0.7321609
3486	-1022.728	-1236.827	214.0995	0.6867728	0.358813	0.0609638	0.427872	0.152351	2.324964	0.8977707
3492	-1011.906	-1225.898	213.9917	0.7945396	0.30466	0.0812765	0.367493	0.246571	2.409877	0.7855525
3498	-1018.42	-1232.075	213.6549	1.026947	0.447301	0.176019	0.252148	0.124531	2.397175	0.9210526
3504	-1007.246	-1221.117	213.8712	1.031647	0.196442	0.0773028	0.600073	0.126182	2.309083	0.7556637
3510	-1025.112	-1237.261	212.1494	0.6778926	0.148918	0.40383	0.262701	0.18455	1.632136	2.791058
3516	-1027.635	-1238.222	210.587	0.7224689	0.356229	0.243383	0.209323	0.191065	1.362801	3.843286
3522	-1022.63	-1236.427	213.7979	1.000903	0.069667	0.208742	0.301462	0.420129	2.10155	1.098353
3528	-1009.337	-1223.168	213.8314	1.000903	0.187232	0.369082	0.228022	0.215663	2.093588	1.074699
3534	-1023.144	-1236.756	213.6117	0.8090847	0.201097	0.478877	0.238255	0.0817708	2.065131	1.445055
3540	-1013.542	-1226.368	212.8254	1.439601	0.270467	0.228374	0.343353	0.157807	1.714599	1.826634
3546	-1015.589	-1227.974	212.3845	1.669795	0.36111	0.11064	0.451797	0.0764526	1.714599	1.992907
3552	-1029.588	-1242.896	213.308	0.9775087	0.255896	0.0660615	0.422388	0.255655	1.93108	1.641025
3558	-1000.178	-1213.383	213.2049	0.8688531	0.258728	0.0751555	0.480533	0.185584	1.891315	1.819487
3564	-1021.071	-1233.404	212.333	1.315161	0.218472	0.0751604	0.428798	0.27757	1.870396	2.12663
3570	-1025.246	-1237.251	212.0051	1.221021	0.387466	0.0542724	0.378733	0.179529	1.720942	2.487097
3576	-1017.978	-1229.65	211.6722	1.275414	0.194203	0.0157149	0.452696	0.337386	1.830487	2.594682
3582	-1015.635	-1227.703	212.0682	1.771712	0.0963309	0.248866	0.603372	0.0514313	1.664306	2.179725
3588	-1004.017	-1216.38	212.3629	1.716589	0.077978	0.387928	0.365485	0.168609	1.917457	1.844496
3594	-1032.539	-1244.352	211.8128	2.28132	0.429048	0.0584316	0.224476	0.288044	1.993392	1.878054
3600	-1017.039	-1230.025	212.986	0.993003	0.188458	0.367936	0.202449	0.241157	1.72684	1.993692
3606	-1014.528	-1227.376	212.848	1.190471	0.139169	0.271708	0.504932	0.0841902	1.544443	2.078588
3612	-1005.707	-1217.921	212.2144	1.355223	0.122268	0.292371	0.496024	0.0893371	1.725719	2.273538
3618	-1018.344	-1230.405	212.0609	1.473736	0.0229345	0.390566	0.397148	0.189351	1.76405	2.280136
3624	-1025.945	-1237.187	211.2415	1.316416	0.282777	0.242276	0.401587	0.0733596	1.548735	3.005611
3630	-1010.823	-1222.745	211.922	0.7377492	0.163755	0.466898	0.227974	0.141374	1.76809	2.808165
3636	-1013.412	-1225.336	211.9247	0.8182765	0.116359	0.331763	0.451423	0.100456	1.681953	2.807451
3642	-1021.147	-1234.108	212.9612	0.7521639	0.162397	0.217986	0.449333	0.170285	1.768153	2.146598
3648	-1006.802	-1219.652	212.85	0.9470488	0.212705	0.151014	0.461417	0.174864	2.089347	1.872195
3654	-1013.044	-1225.89	212.8464	0.7573413	0.237123	0.224542	0.353345	0.184989	2.088903	2.00733
3660	-1005.546	-1219.299	213.7532	0.7573413	0.184525	0.240024	0.377707	0.197744	2.342924	1.147165
3666	-1018.692	-1232.897	214.2057	0.6816817	0.208657	0.239241	0.427105	0.124997	2.275466	0.8371881
3672	-1021.644	-1234.938	213.2938	1.734172	0.0213873	0.692576	0.0461224	0.239915	1.98637	1.060981
3678	-1015.628	-1229.12	213.4922	1.294573	0.0727556	0.498343	0.103422	0.32548	1.983029	1.223842
3684	-1028.141	-1241.551	213.4105	1.479461	0.0592576	0.371089	0.196786	0.372867	2.431938	0.6078503
3690	-1028.871	-1242.889	214.0174	0.6903582	0.153891	0.484601	0.215925	0.145583	1.813255	1.423108
3696	-1031.547	-1245.273	213.7258	0.6903582	0.215406	0.371019	0.182386	0.231188	1.803063	1.647067
3702	-1019.067	-1233.107	214.0395	0.7562904	0.152623	0.431858	0.250786	0.164733	2.379128	0.8164009
3708	-1032.618	-1246.572	213.9536	0.7562904	0.247016	0.174938	0.386981	0.191065	2.607215	0.5127052
3714	-1006.427	-1219.149	212.7223	2.102828	0.216936	0.187535	0.226566	0.368963	1.97391	1.320971
3720	-997.3329	-1210.662	213.3291	1.317883	0.195435	0.314623	0.172432	0.31751	2.006986	1.320971
3726	-1000.667	-1214.269	213.602	1.317883	0.31523	0.173567	0.134912	0.376292	2.241048	0.8426964
3732	-1002.231	-1215.998	213.7663	0.9832107	0.235666	0.456167	0.0718628	0.236304	2.503757	0.6881129
3738	-1003.503	-1217.208	213.7058	1.271024	0.22719	0.464423	0.0168783	0.291509	2.295825	0.6709105
3744	-1024.892	-1237.971	213.0795	1.833807	0.0423045	0.536598	0.0842859	0.336812	2.445631	0.666099
3750	-1014.804	-1226.181	211.3764	4.785298	0.0349045	0.463813	0.103731	0.397552	2.434854	0.666099
3756	-1016.972	-1229.435	212.4629	2.717078	0.317997	0.14198	0.109037	0.430986	2.434854	0.6768028
3762	-1008.483	-1221.507	213.0242	1.750863	0.207864	0.261298	0.163415	0.367424	2.311416	0.993853
3768	-1015.542	-1228.255	212.7129	2.503567	0.242531	0.357094	0.146742	0.253633	2.30867	0.7037518
3774	-1026.197	-1238.605	212.4073	3.050127	0.17469	0.257207	0.215727	0.352375	1.98939	1.040097
3780	-1016.576	-1230.215	213.6391	0.7470856	0.156928	0.205119	0.505393	0.13256	2.333738	1.261924
3786	-1016.813	-1230.194	213.3808	0.8918686	0.20826	0.299095	0.305461	0.187184	2.440889	1.261924
3792	-1021.434	-1234.753	213.3193	1.05058	0.168944	0.383383	0.277576	0.170096	2.846456	0.7494492
3798	-1031.515	-1245.134	213.619	0.8516983	0.187661	0.428892	0.322495	0.0609525	2.407117	1.121494
3804	-1027.403	-1240.394	212.9907	1.951675	0.286208	0.567563	0.003083	0.143146	2.321435	0.8474333
3810	-1016.166	-1229.643	213.4765	1.462428	0.0580154	0.764132	0.0205128	0.15734	2.259976	0.814663
3816	-1011.525	-1224.086	212.5614	2.003818	0.0471686	0.621266	0.0112779	0.320287	2.250305	1.286853
3822	-1006.36	-1219.028	212.6679	1.577324	0.267256	0.473129	0.042577	0.217039	1.929131	1.704163
3828	-1003.04	-1215.279	212.2391	1.167099	0.140599	0.356328	0.302268	0.200804	1.702646	2.383427
3834	-1023.085	-1235.11	212.025	1.718246	0.0876279	0.230453	0.549297	0.132622	2.007174	2.01117
3840	-1019.253	-1231.53	212.2773	1.035863	0.0829822	0.324763	0.414141	0.178113	1.853141	2.344616
3846	-1003.32	-1216.572	213.2524	0.5949821	0.135764	0.212616	0.599981	0.051639	1.772714	2.061571
3852	-994.6837	-1208.115	213.4315	0.9176368	0.13606	0.21308	0.6131	0.0377595	2.062809	1.498265
3858	-983.7716	-1198.108	214.3365	0.5289283	0.156381	0.443075	0.364349	0.0361946	2.255781	0.8949417
3864	-996.5877	-1210.785	214.1969	0.5289283	0.152107	0.329741	0.482946	0.0352055	2.439649	0.8427857
3870	-1009.615	-1223.313	213.698	0.9508071	0.236724	0.0722081	0.661686	0.0293825	2.361351	0.99343
3876	-1002.366	-1216.442	214.0756	0.7771425	0.272633	0.357771	0.335756	0.0338396	2.163308	0.99343
3882	-1014.155	-1228.157	214.0024	0.5000597	0.260498	0.35295	0.320812	0.0657397	2.014741	1.432161
3888	-1004.702	-1218.975	214.2734	0.5717467	0.22988	0.390518	0.354959	0.0246433	2.014741	1.150591
3894	-1010.273	-1224.15	213.8765	0.7407125	0.160224	0.272187	0.552896	0.0146929	2.060416	1.296903
3900	-996.9558	-1211.285	214.3289	0.4969071	0.307024	0.247078	0.405937	0.0399611	2.060416	1.128469
3906	-1023.496	-1237.909	214.4136	0.4473456	0.0622043	0.334367	0.54935	0.0540789	2.123351	1.035667
3912	-1011.935	-1225.656	213.721	0.5741179	0.294111	0.260507	0.381182	0.0641999	1.945625	1.636183
3918	-1012.948	-1226.013	213.0642	0.6437701	0.33424	0.296052	0.289209	0.0804998	1.773515	2.150727
3924	-1016.935	-1229.599	212.6639	0.6403671	0.192173	0.228747	0.515891	0.0631891	1.978048	2.279488
3930	-1019.34	-1232.644	213.3047	0.9431034	0.279093	0.0494625	0.449238	0.222206	2.064053	1.572165
3936	-1009.57	-1221.993	212.4221	0.8186124	0.196653	0.0551188	0.500611	0.247617	1.826444	2.409985
3942	-1023.189	-1235.754	212.5659	1.144657	0.275409	0.0273242	0.614224	0.0830431	1.770317	2.143962
3948	-1028.583	-1239.521	210.9373	2.1906	0.331591	0.0252056	0.5666	0.0766043	1.438068	2.830747
3954	-1024.697	-1237.016	212.3188	1.391047	0.30817	0.215287	0.306983	0.16956	1.904811	2.06849
3960	-1012.105	-1225.825	213.7201	0.5741046	0.1273	0.527672	0.23491	0.110118	1.727376	1.79093
3966	-1001.341	-1214.122	212.7811	1.348095	0.0219069	0.565794	0.294225	0.118074	1.560956	2.015532
3972	-1004.896	-1218.686	213.7905	0.6103969	0.0931708	0.626952	0.240088	0.0397894	1.726468	1.715729
3978	-1014.152	-1228.257	214.1051	0.6012748	0.304787	0.396097	0.201673	0.0974424	1.995701	1.283504
3984	-1011.928	-1225.126	213.1982	1.493522	0.244162	0.383828	0.207093	0.164916	2.028195	1.283504
3990	-1022.814	-1235.256	212.4415	3.07488	0.253455	0.226755	0.214975	0.304815	2.081571	0.8937073
3996	-1007.792	-1220.268	212.4761	2.919585	0.35346	0.332298	0.162394	0.151848	2.134665	0.8997247
4002	-1002.533	-1215.126	212.5928	2.292974	0.113054	0.306223	0.389889	0.190834	2.23337	1.093649
4008	-1015.177	-1229.277	214.0998	0.7238273	0.115493	0.268968	0.172239	0.4433	2.084022	1.100049
4014	-1037.646	-1251.076	213.4308	1.210701	0.146941	0.198114	0.307697	0.347247	1.95007	1.364294
4020	-1020.882	-1235.123	214.2405	0.7083261	0.240485	0.563267	0.112766	0.0834822	2.106804	0.9567197
4026	-1017.784	-1230.102	212.318	3.301995	0.316912	0.391696	0.0420302	0.249362	2.067072	0.9014842
4032	-1030.33	-1244.478	214.1477	0.8506722	0.333275	0.380818	0.246452	0.0394554	1.859006	1.139817
4038	-1015.165	-1228.974	213.8088	1.163177	0.152215	0.395962	0.278538	0.173285	2.011834	1.022943
4044	-1041.535	-1255.192	213.6573	1.114876	0.190239	0.365935	0.347489	0.096337	2.023943	1.192565
4050	-1029.789	-1243.839	214.0496	1.040514	0.288152	0.157761	0.429734	0.124353	2.131189	0.7417055
4056	-1020.47	-1234.889	214.4194	0.6096676	0.370372	0.0771741	0.475127	0.0773276	2.24263	0.6832441
4062	-1010.774	-1223.639	212.8653	2.4274	0.329025	0.135968	0.422086	0.112921	2.188177	0.7352542
4068	-1017.491	-1230.635	213.1436	2.020133	0.318831	0.131755	0.409008	0.140407	2.156659	0.7967549
4074	-1014.615	-1228.519	213.904	1.169679	0.166621	0.14062	0.619382	0.0733768	1.985817	0.946303
4080	-995.5895	-1209.487	213.8974	1.058637	0.212938	0.113065	0.602607	0.0713895	2.099912	0.946303
4086	-1004.06	-1218.228	214.168	0.808433	0.206428	0.144551	0.580276	0.0687441	2.099912	0.9289403
4092	-996.3194	-1210.407	214.0877	0.7889383	0.283832	0.191061	0.443452	0.0816552	2.378393	0.6951134
4098	-1015.93	-1229.38	213.4494	1.378604	0.415395	0.106731	0.379096	0.0987788	2.501502	0.4807588
4104	-1033.663	-1246.71	213.0473	1.754424	0.138322	0.546591	0.112568	0.202518	2.218249	1.059418
4110	-1030.115	-1244.175	214.06	0.6551553	0.381631	0.207001	0.177511	0.233857	2.459312	0.8246271
4116	-1019.154	-1232.355	213.2019	1.0139	0.528644	0.0323169	0.32502	0.114019	2.205185	1.490811
4122	-1028.124	-1241.491	213.3669	1.078973	0.265112	0.0822956	0.362242	0.290351	2.051858	1.433124
4128	-1011.976	-1224.268	212.2919	1.494826	0.300813	0.162212	0.207524	0.329451	1.917715	2.017438
4134	-1025.854	-1237.602	211.7481	2.050547	0.183568	0.444423	0.12664	0.245369	2.036068	2.004873
4140	-1012.316	-1224.003	211.6875	1.579649	0.12873	0.311658	0.217941	0.341671	1.934111	2.351982
4146	-1012.629	-1226.781	214.1514	0.6334507	0.19921	0.414755	0.337263	0.0487723	2.081502	1.142142
4152	-1019.812	-1232.582	212.7699	1.153941	0.216927	0.225084	0.391266	0.166723	2.479173	1.506775
4158	-1024.556	-1238.56	214.0044	0.6796961	0.119737	0.146757	0.586964	0.146541	2.005356	1.290177
4164	-1019.381	-1232.901	213.5206	0.6852231	0.10341	0.450769	0.370933	0.0748881	1.792872	1.802667
4170	-1012.934	-1226.152	213.2179	0.7917061	0.194041	0.399357	0.340256	0.0663468	1.755485	1.95775
4176	-1028.696	-1241.703	213.0072	0.4314506	0.230475	0.245075	0.438874	0.0855764	1.786922	2.317
4182	-1017.912	-1230.782	212.8702	0.9322801	0.11034	0.488	0.344632	0.0570281	1.776304	2.078352
4188	-1004.217	-1217.002	212.7856	0.9322801	0.212106	0.227898	0.485914	0.074083	1.946447	2.021785
4194	-1004.922	-1216.837	211.9157	0.9073254	0.218862	0.241988	0.523692	0.0154586	1.878356	2.6362
4200	-1007.062	-1218.922	211.8592	0.7744891	0.300642	0.178604	0.386521	0.134233	2.05417	2.647763
4206	-995.9447	-1209.599	213.6539	0.6838948	0.0848126	0.31646	0.503786	0.0949414	1.922697	1.617659
4212	-1005.081	-1219.287	214.2068	0.6838948	0.196971	0.377248	0.280056	0.145725	2.040297	1.080701
4218	-1005.196	-1218.883	213.6867	0.9449627	0.309123	0.182259	0.439516	0.0691015	2.090576	1.253772
4224	-990.167	-1204.467	214.2996	0.5806103	0.208786	0.221986	0.485065	0.0841633	2.110179	1.029644
4230	-1007.563	-1221.536	213.9732	0.7434501	0.124146	0.254288	0.529665	0.0919017	2.268049	1.026248
4236	-1002.775	-1216.95	214.1747	0.672484	0.216048	0.341615	0.412135	0.0302013	2.204834	0.9627573
4242	-1008.001	-1222.059	214.058	0.7803254	0.19534	0.373298	0.361577	0.0697848	2.165846	1.005105
4248	-1004.192	-1218.256	214.0638	0.8139337	0.196352	0.39706	0.336442	0.0701462	2.174373	0.9545666
4254	-1018.064	-1231.096	213.0321	1.219957	0.0966069	0.446341	0.378199	0.0788524	2.224659	1.453719
4260	-1026.277	-1239.641	213.3635	0.7121368	0.0855397	0.395209	0.426715	0.092536	1.787605	1.894378
4266	-1031.102	-1244.547	213.4448	0.7121368	0.187922	0.315811	0.340988	0.155279	1.962026	1.717497
4272	-1011.232	-1224.91	213.6788	0.8128951	0.235242	0.217501	0.42685	0.120407	2.241053	1.248416
4278	-1001.385	-1215.169	213.7836	0.7752502	0.324345	0.132993	0.43921	0.103452	2.11729	1.29661
4284	-1013.559	-1227.048	213.489	0.7752502	0.324698	0.139245	0.439688	0.09637	2.11729	1.525038
4290	-1007.688	-1220.818	213.1308	1.591096	0.34907	0.110048	0.473404	0.0674777	2.023691	1.274311
4296	-1003.717	-1217.759	214.0419	0.722885	0.226363	0.203876	0.478595	0.0911668	2.419133	0.8072363
4302	-1005.321	-1219.374	214.053	0.7799018	0.234801	0.337962	0.276111	0.151126	2.450911	0.6382367
4308	-1003.637	-1217.925	214.2888	0.4407779	0.0984244	0.523381	0.218504	0.159691	2.593542	0.5454422
4314	-1024.802	-1238.535	213.7335	0.7028934	0.285984	0.107511	0.526633	0.0798728	2.221329	1.314785
4320	-1026.695	-1240.667	213.9712	0.7539812	0.224893	0.402381	0.147432	0.225294	2.323324	0.9614122
4326	-1017.116	-1231.004	213.8874	0.7539812	0.118904	0.42737	0.38193	0.0717958	2.407201	0.9614122
4332	-1013.557	-1227.19	213.6328	0.9517707	0.100381	0.555067	0.186525	0.158027	2.275619	1.134995
4338	-1024.824	-1238.089	213.2649	1.00784	0.141643	0.336676	0.175056	0.346625	2.275619	1.393297
4344	-1030.505	-1244.032	213.527	0.819621	0.156239	0.558103	0.123388	0.162269	2.173825	1.418199
4350	-1009.473	-1223.218	213.7455	0.7414728	0.161814	0.115	0.605607	0.117579	2.231291	1.263508
4356	-1021.205	-1235.099	213.8935	0.6794438	0.206964	0.114076	0.303747	0.375212	2.438092	1.004061
4362	-1011.358	-1225.45	214.0921	0.6525419	0.107304	0.231655	0.550076	0.110966	2.343303	0.9257851
4368	-1012.647	-1226.551	213.9035	0.6828387	0.070544	0.307861	0.379136	0.24246	2.343303	1.082006
4374	-1017.941	-1231.601	213.6595	0.8553435	0.213836	0.361759	0.252252	0.172153	2.294144	1.182229
4380	-1018.078	-1231.511	213.4334	1.188363	0.226309	0.260003	0.258864	0.254823	2.099437	1.258487
4386	-1015.609	-1228.299	212.6899	1.557827	0.321229	0.178929	0.221632	0.27821	2.145108	1.544076
4392	-1013.386	-1226.554	213.1684	1.541578	0.13434	0.240957	0.143786	0.480916	1.968725	1.322475
4398	-1003.258	-1217.116	213.8577	0.9700067	0.281136	0.292508	0.203619	0.222736	1.965526	1.193503
4404	-1015.583	-1229.419	213.836	0.8532662	0.293403	0.305271	0.132728	0.268597	2.106743	1.193503
4410	-1011.535	-1225.755	214.22	0.6775147	0.271506	0.0807247	0.592864	0.0549053	2.217063	0.8946628
4416	-1015.683	-1229.164	213.4817	1.147306	0.254463	0.116102	0.217862	0.411572	2.30469	1.070251
4422	-1018.477	-1231.487	213.0091	1.863527	0.202455	0.163401	0.347535	0.286609	2.473922	0.7011978
4428	-998.8232	-1212.737	213.9142	0.9045674	0.186713	0.345707	0.320513	0.147068	2.473922	0.6026974
4434	-1002.866	-1216.629	213.763	0.9973322	0.240009	0.283949	0.200351	0.275691	2.497299	0.6799299
4440	-1004.718	-1218.975	214.2579	0.612344	0.305045	0.312296	0.26459	0.118068	2.392921	0.6984117
4446	-1007.76	-1221.46	213.6999	0.9776296	0.385271	0.125757	0.303216	0.185755	2.613504	0.6043225
4452	-1016.331	-1230.611	214.2801	0.4081462	0.236356	0.182696	0.558463	0.0224853	2.613504	0.6113931
4458	-1017.002	-1231.218	214.2161	0.5671459	0.261959	0.228571	0.380404	0.129066	2.473352	0.7132352
4464	-1011.098	-1224.847	213.7493	0.7384964	0.265457	0.160957	0.405896	0.16769	2.139221	1.337813
4470	-1018.661	-1232.481	213.8205	0.8277376	0.100432	0.388011	0.362001	0.149556	2.014089	1.305779
4476	-1014.642	-1228.279	213.6362	0.9236772	0.104224	0.402662	0.396591	0.0965241	2.083523	1.318601
4482	-1017.835	-1231.528	213.6934	0.9430303	0.440741	0.158254	0.314998	0.0860063	2.083523	1.255711
4488	-1019.582	-1233.17	213.5877	1.174262	0.203273	0.382593	0.325312	0.0888222	2.10267	1.134562
4494	-1006.291	-1220.063	213.7713	1.140646	0.201029	0.23493	0.341328	0.222713	2.085502	1.008495
4500	-1000.518	-1214.772	214.2535	0.6427971	0.13534	0.57015	0.171635	0.122876	2.423933	0.5448925
4506	-1016.62	-1230.845	214.2245	0.6281348	0.136842	0.410072	0.386345	0.0667416	2.408226	0.7009718
4512	-1026.186	-1239.413	213.2267	1.629343	0.287101	0.162321	0.458912	0.091666	2.487283	0.6113815
4518	-1023.545	-1237.107	213.562	1.513518	0.45093	0.115977	0.1844	0.248693	2.215849	0.6856608
4524	-1027.805	-1241.403	213.5984	1.489999	0.563978	0.145053	0.115019	0.17595	2.1796	0.7205573
4530	-1013.314	-1226.989	213.6753	1.185072	0.366954	0.216891	0.301672	0.114483	2.128192	1.019356
4536	-1021.385	-1233.812	212.4279	2.658162	0.27535	0.162748	0.475999	0.0859037	2.243931	1.007518
4542	-1006.22	-1220.259	214.0399	0.8775347	0.237836	0.211995	0.331492	0.218678	2.29256	0.7611955
4548	-1014.157	-1228.251	214.0939	0.6399253	0.275004	0.228008	0.447857	0.0491307	2.587191	0.5412465
4554	-1010.545	-1224.327	213.782	0.9207254	0.23211	0.236615	0.463759	0.0675152	2.584668	0.6166012
4560	-1031.721	-1245.761	214.0401	0.716737	0.357342	0.109	0.429716	0.103942	2.539259	0.6166012
4566	-1017.204	-1230.897	213.693	0.9795799	0.186323	0.0516081	0.705686	0.0563827	2.539259	0.7555876
4572	-1004.643	-1218.382	213.7384	0.954442	0.320508	0.171567	0.380202	0.127723	2.372435	0.9360728
4578	-1017.395	-1231.386	213.9901	0.8057712	0.336219	0.181804	0.360779	0.121198	2.372435	0.821642
4584	-1008.894	-1223.107	214.2126	0.6620492	0.195377	0.355547	0.324037	0.125039	2.376945	0.7134452
4590	-1022.415	-1236.324	213.9087	0.973561	0.182704	0.332485	0.412474	0.0723371	2.303838	0.7920753
4596	-1012.87	-1227.119	214.2484	0.6672416	0.188838	0.329433	0.340492	0.141238	2.296396	0.77339
4602	-1018.729	-1232.558	213.8292	1.251008	0.236925	0.158675	0.427197	0.177203	1.913124	1.018612
4608	-1023.059	-1237.136	214.0771	0.8234753	0.145842	0.386804	0.295556	0.171799	2.192196	0.9101719
4614	-1028.038	-1241.781	213.742	1.127224	0.465003	0.242272	0.18512	0.107605	2.259055	0.8675746
4620	-1035.014	-1249.138	214.124	0.9354725	0.328329	0.0406593	0.363056	0.267956	2.143	0.7699678
4626	-1026.647	-1240.939	214.2919	0.7444067	0.0924185	0.697384	0.0773213	0.132877	2.269307	0.5831462
4632	-1011.521	-1225.694	214.1729	0.6530808	0.172193	0.42115	0.205412	0.201245	2.471543	0.6227146
4638	-1021.735	-1235.029	213.294	1.60574	0.245295	0.0865485	0.528974	0.139182	2.435302	0.6227146
4644	-1015.577	-1228.344	212.767	1.267654	0.228707	0.389511	0.086351	0.295431	2.042182	1.747329
4650	-1011.003	-1222.54	211.5373	3.577459	0.38379	0.108019	0.0266172	0.481574	2.126969	1.409476
4656	-1009.153	-1221.165	212.0119	3.026345	0.332813	0.0532242	0.196353	0.41761	2.397339	1.041548
4662	-1004.147	-1216.165	212.0185	2.723808	0.332454	0.142584	0.317967	0.206995	2.388819	1.210673
4668	-1001.555	-1214.903	213.3487	1.341615	0.18259	0.228508	0.32844	0.260462	2.238547	1.087202
4674	-997.2981	-1210.804	213.5057	1.1433	0.0530555	0.279714	0.348402	0.318829	2.320174	1.036311
4680	-1009.549	-1222.862	213.3127	0.8744111	0.0208254	0.481993	0.294576	0.202606	1.808891	1.798006
4686	-1013.065	-1226.841	213.7759	0.8014612	0.135383	0.425603	0.260112	0.178902	1.930933	1.428209
4692	-1027.867	-1241.445	213.5776	0.6985207	0.165534	0.258475	0.429794	0.146197	2.941564	0.3059688
4698	-1021.772	-1235.004	213.2314	0.9487845	0.216552	0.337761	0.389967	0.0557204	2.986857	0.2777619
4704	-1020.395	-1233.6	213.2048	0.8863857	0.263683	0.411273	0.204388	0.120655	3.084617	0.2824169
4710	-1000.206	-1213.612	213.4059	0.7977756	0.197985	0.389055	0.298823	0.114137	2.949149	0.2663708
4716	-1009.862	-1222.738	212.8758	1.317292	0.252437	0.362082	0.24488	0.140601	2.958509	0.2606882
4722	-1036.679	-1249.531	212.852	1.092304	0.26578	0.395708	0.255351	0.0831606	3.124915	0.2276551
4728	-1012.361	-1225.338	212.9766	1.095163	0.229899	0.435012	0.153575	0.181514	3.015609	0.2354691
4734	-1015.688	-1228.576	212.889	0.804534	0.462519	0.226403	0.226714	0.0843649	3.243397	0.1810072
4740	-1027.249	-1238.086	210.8369	6.213621	0.362329	0.0295385	0.201789	0.406343	2.006257	1.117977
4746	-1031.266	-1242.881	211.6145	2.984418	0.0947561	0.173174	0.109982	0.622088	1.991417	1.701044
4752	-1022.522	-1234.253	211.731	2.699006	0.330722	0.0964628	0.31254	0.260276	3.010396	0.2378541
4758	-1030.572	-1244.535	213.9626	0.5149523	0.146655	0.278351	0.427021	0.147973	2.758725	0.3142842
4764	-1027.476	-1241.499	214.0234	0.8333069	0.296037	0.189342	0.417279	0.0973424	1.918241	1.212145
4770	-1010.61	-1224.912	214.3017	0.596246	0.282733	0.225773	0.398526	0.0929678	2.118376	1.003423
4776	-1008.293	-1222.497	214.2034	0.6872226	0.186581	0.109856	0.61261	0.0909528	2.25912	0.852859
4782	-1019.121	-1233.402	214.2813	0.5344883	0.267674	0.186265	0.487909	0.0581512	2.341347	0.852859
4788	-1022.254	-1236.372	214.1182	0.7337244	0.261082	0.197815	0.411344	0.129759	2.341347	0.7939467
4794	-1015.19	-1229.372	214.1821	0.7900978	0.242004	0.367997	0.159238	0.23076	2.179188	0.8437709
4800	-1020.162	-1233.758	213.5958	0.9403242	0.268021	0.421312	0.0550989	0.255568	2.142838	1.28953
4806	-1024.376	-1236.547	212.1712	1.485959	0.541664	0.0388034	0.0799636	0.339569	1.918496	2.101734
4812	-1021.338	-1232.972	211.6338	1.485959	0.397435	0.2514	0.18735	0.163815	1.705741	2.579148
4818	-1008.258	-1220.436	212.1776	1.418775	0.497602	0.193322	0.126148	0.182928	1.988431	2.090171
4824	-1010.122	-1223.871	213.7495	0.7546398	0.23301	0.262295	0.379248	0.125448	2.116153	1.342416
4830	-1008.622	-1221.581	212.9591	0.9980553	0.236444	0.26616	0.384837	0.112559	2.066866	1.777133
4836	-1024.771	-1238.75	213.9795	0.6787109	0.110594	0.0714652	0.684903	0.133038	2.375287	0.9814595
4842	-1014.262	-1228.477	214.2149	0.6060581	0.191167	0.0567723	0.646375	0.105686	2.298176	0.8940724
4848	-1024.645	-1238.798	214.1534	0.7018033	0.328333	0.0251781	0.50369	0.142799	2.100078	1.056916
4854	-1048.91	-1262.994	214.084	0.5791474	0.207018	0.407669	0.190752	0.194562	2.650107	0.4206008
4860	-1026.733	-1239.868	213.1356	1.235086	0.216401	0.129478	0.379804	0.274318	2.887038	0.3460238
4866	-1013.029	-1226.73	213.7014	0.7383123	0.138583	0.231311	0.454433	0.175673	2.818583	0.3460238
4872	-1002.941	-1216.729	213.7885	0.8902263	0.119816	0.389466	0.22451	0.266208	2.601417	0.3847039
4878	-1009.858	-1223.611	213.7534	0.7926406	0.0729136	0.348796	0.409409	0.168882	2.714671	0.3521655
4884	-1035.147	-1248.282	213.1353	0.802875	0.203424	0.158949	0.462453	0.175175	1.998463	1.840928
4890	-1035.59	-1249.127	213.5369	1.091973	0.180047	0.21758	0.562299	0.0400737	2.647206	0.3787514
4896	-1001.046	-1214.491	213.4449	0.9269192	0.230443	0.198999	0.514281	0.056276	2.830662	0.3018998
4902	-1020.899	-1234.434	213.5343	0.9269192	0.269057	0.276712	0.388525	0.0657057	2.830662	0.4088236
4908	-1027.392	-1241.354	213.9618	0.6600395	0.2651	0.107011	0.537063	0.0908258	2.69974	0.4731386
4914	-1010.118	-1223.864	213.7456	0.8680157	0.242971	0.0850268	0.599835	0.072167	2.695705	0.4614864
4920	-1006.371	-1219.053	212.6821	0.4394861	0.350352	0.125271	0.500297	0.0240804	1.692132	2.576358
4926	-1028.608	-1242.318	213.7096	0.597117	0.31697	0.208617	0.452627	0.021786	1.712138	1.792078
4932	-1013.382	-1227.164	213.7817	0.4243481	0.183042	0.279819	0.512472	0.0246665	1.705848	1.864972
4938	-1002.381	-1216.203	213.822	0.5905171	0.264665	0.185444	0.514225	0.0356658	1.738574	1.699695
4944	-1006.239	-1220.066	213.8272	0.5756675	0.226592	0.101666	0.627014	0.0447277	1.813816	1.653422
4950	-1010.924	-1224.964	214.0396	0.6042725	0.146152	0.225387	0.552075	0.0763863	2.667617	0.4191921
4956	-1006.526	-1220.528	214.0015	0.6042725	0.235322	0.324523	0.370892	0.0692622	2.694822	0.3952634
4962	-1017.888	-1231.646	213.7578	0.9271221	0.264442	0.178707	0.204241	0.352611	2.625739	0.4905504
4968	-1013.804	-1227.644	213.8406	0.8586873	0.228451	0.207233	0.435808	0.128508	2.612132	0.4748105
4974	-1036.883	-1250.906	214.0233	0.6566253	0.22136	0.0360074	0.587958	0.154674	2.640639	0.4638547
4980	-1014.857	-1228.834	213.9776	0.7357132	0.304016	0.16657	0.327458	0.201957	2.603979	0.4746813
4986	-995.5945	-1209.425	213.8309	0.7357132	0.262059	0.270928	0.282266	0.184747	2.732322	0.4072671
4992	-1032.437	-1246.128	213.6914	0.9026056	0.250484	0.136592	0.544848	0.0680762	2.151614	1.234967
4998	-1028.759	-1242.598	213.8385	0.7276597	0.416347	0.238984	0.238753	0.105916	2.016399	1.373502
5004	-1021.202	-1234.37	213.1677	0.807707	0.304039	0.174519	0.316098	0.205344	2.016399	1.802746
5010	-1012.713	-1226.322	213.609	0.5664706	0.159855	0.109973	0.400656	0.329517	2.987824	0.2651844
5016	-1014.535	-1228.25	213.7145	0.5664706	0.146433	0.271714	0.445535	0.136318	2.96255	0.3217103
5022	-1005.682	-1219.255	213.5737	0.7520321	0.168924	0.374846	0.206303	0.249926	2.907567	0.3217103
5028	-1016.038	-1229.593	213.5552	0.7695763	0.262458	0.263164	0.255862	0.218516	2.907567	0.3217103
5034	-1039.534	-1253.005	213.4707	1.155863	0.537318	0.104418	0.110584	0.247679	2.171569	1.19215
5040	-1002.414	-1216.254	213.8402	0.9162561	0.433448	0.114198	0.197296	0.255058	2.381109	0.8549824
5046	-1016.005	-1230.023	214.0177	0.7349356	0.352738	0.150638	0.316821	0.179803	2.26913	0.9900089
5052	-1013.011	-1226.972	213.961	0.8082686	0.330732	0.149877	0.297055	0.222335	2.305288	0.9308843
5058	-1023.801	-1237.825	214.0238	0.8082686	0.287404	0.320942	0.258139	0.133515	2.292335	0.875051
5064	-1017.39	-1231.34	213.9496	0.8153355	0.283104	0.244897	0.270683	0.201316	2.331684	0.9063305
5070	-1026.881	-1240.907	214.0257	0.8582122	0.461284	0.145701	0.181966	0.211049	2.423861	0.5515719
5076	-1033.01	-1246.981	213.9708	0.8582122	0.263533	0.294922	0.214765	0.22678	2.471324	0.5830659
5082	-1027.958	-1242.065	214.1066	0.6912892	0.226742	0.263358	0.390482	0.119418	2.521754	0.5281238
5088	-1031.494	-1245.349	213.8542	0.8616038	0.227735	0.0870628	0.440483	0.244719	2.595248	0.5281238
5094	-1014.467	-1228.695	214.2284	0.6951709	0.298293	0.057779	0.539435	0.104493	2.181041	0.9045984
5100	-1015.485	-1229.57	214.085	0.7598319	0.469899	0.0847743	0.293833	0.151493	2.362708	0.7721846
5106	-1010.943	-1224.753	213.8105	0.7598319	0.323186	0.0360705	0.422772	0.217971	2.339125	1.096549
5112	-1024.959	-1239.132	214.1732	0.7008246	0.463296	0.15963	0.22999	0.147083	2.366665	0.7274438
5118	-999.2021	-1213.296	214.0936	0.8311308	0.289853	0.10256	0.515566	0.09202	2.322819	0.7047857
5124	-1020.288	-1231.657	211.3692	0.8901806	0.332122	0.243126	0.344505	0.0802464	1.366254	3.28414
5130	-993.215	-1206.374	213.159	1.069238	0.255843	0.0769485	0.486677	0.180532	1.869934	1.725665
5136	-1000.97	-1214.237	213.2674	1.069238	0.200323	0.220432	0.455285	0.12396	1.866414	1.651191
5142	-1023.055	-1236.496	213.4408	1.022313	0.349699	0.103644	0.256137	0.29052	1.848929	1.57175
5148	-1019.926	-1233.635	213.7099	1.022313	0.276068	0.128811	0.318334	0.276786	2.068351	1.187166
5154	-1018.688	-1232.563	213.8754	0.7998666	0.418607	0.104079	0.326891	0.150424	1.909706	1.368545
5160	-1008.954	-1222.887	213.9338	0.7998666	0.178614	0.3247	0.362861	0.133825	2.086227	1.174805
5166	-1034.911	-1248.149	213.2377	1.119648	0.384775	0.22391	0.299031	0.0922844	2.226413	1.367121
5172	-1028.027	-1240.466	212.4386	1.359443	0.26225	0.151494	0.120092	0.466164	1.577868	2.22196
5178	-1031.086	-1243.285	212.1988	1.685132	0.259614	0.226101	0.149767	0.364517	1.832056	2.029976
5184	-1019.606	-1232.882	213.2761	0.8085968	0.358041	0.337904	0.23056	0.0734957	1.817716	1.864155
5190	-1020.739	-1233.7	212.9605	1.118929	0.314217	0.279146	0.294022	0.112615	1.940408	1.781371
5196	-1024.67	-1237.479	212.8089	0.9775515	0.234727	0.172416	0.181604	0.411252	2.158822	1.831615
5202	-1036.93	-1249.853	212.9238	0.9775515	0.472526	0.20035	0.216205	0.110919	1.806913	1.992158
5208	-1030.142	-1241.344	211.2022	1.061977	0.328037	0.319776	0.125956	0.226231	1.799547	3.023161
5214	-1018.821	-1231.078	212.2571	1.429094	0.365819	0.287474	0.105935	0.240771	1.691723	2.225639
5220	-1003.529	-1216.337	212.8084	0.8280015	0.410027	0.318766	0.0814709	0.189737	1.806703	2.169141
5226	-1013.731	-1226.751	213.02	1.028583	0.219745	0.311779	0.148073	0.320403	1.92287	1.813637
5232	-1019.791	-1232.673	212.8826	1.290902	0.242036	0.145519	0.168098	0.444347	1.876549	1.767293
5238	-1015.799	-1227.565	211.7662	1.081465	0.503277	0.111104	0.310354	0.0752653	1.79769	2.67054
5244	-1015.691	-1227.073	211.3812	0.7094361	0.263295	0.206814	0.468299	0.0615914	1.620924	3.238405
5250	-1003.872	-1216.654	212.7815	0.9313096	0.294736	0.363364	0.177923	0.163977	1.746742	2.156395
5256	-1009.586	-1220.935	211.349	0.9062183	0.377803	0.183937	0.228068	0.210191	1.762358	3.051185
5262	-1015.139	-1227.057	211.9181	1.058467	0.370211	0.212479	0.218659	0.19865	1.710366	2.644663
5268	-1007.758	-1218.233	210.4754	1.855268	0.285256	0.07414	0.275732	0.364872	1.572	3.177821
5274	-1014.738	-1227.609	212.8716	0.8264568	0.619475	0.0615918	0.159427	0.159506	1.572986	2.280189
5280	-1008.719	-1221.729	213.0104	1.05298	0.326255	0.095333	0.326635	0.251777	1.83498	1.863989
5286	-1014.747	-1228.935	214.1878	0.3465607	0.00974034	0.316045	0.501511	0.172704	1.793725	1.559486
5292	-1022.102	-1235.733	213.6314	0.8457515	0.0380653	0.604396	0.339358	0.0181807	1.854634	1.559486
5298	-1031.735	-1245.439	213.7039	0.930533	0.117076	0.607125	0.241018	0.0347809	1.90679	1.399345
5304	-1025.312	-1238.898	213.586	0.6351353	0.133407	0.691809	0.135152	0.0396323	1.940934	1.690226
5310	-1027.612	-1239.727	212.1147	1.464371	0.0894224	0.507203	0.0274359	0.375939	1.695183	2.294987
5316	-1022.537	-1235.29	212.7531	2.111829	0.13269	0.504926	0.0332386	0.329146	1.93964	1.318498
5322	-1035.483	-1248.417	212.9338	1.62648	0.485525	0.105233	0.0674087	0.341833	2.136854	1.318498
5328	-1021.09	-1232.897	211.8069	2.757844	0.381459	0.0881015	0.33622	0.19422	1.897848	1.729558
5334	-1034.607	-1247.408	212.8008	1.445512	0.603743	0.0815927	0.207633	0.107031	1.59688	1.920182
5340	-1023.22	-1237.364	214.1439	0.7320218	0.166888	0.16487	0.367102	0.30114	2.114591	1.021264
5346	-1012.029	-1226.041	214.0116	0.6779574	0.23522	0.091844	0.659164	0.0137718	1.989105	1.299056
5352	-1000.165	-1214.14	213.9749	0.6844206	0.26507	0.0199298	0.593063	0.121937	1.985	1.3265
5358	-996.3146	-1209.992	213.6772	0.5863178	0.108885	0.18584	0.667724	0.037551	2.053353	1.580567
5364	-996.3729	-1210.111	213.7385	0.9620273	0.254566	0.185043	0.444032	0.11636	1.973198	1.293528
5370	-999.1861	-1212.934	213.7477	0.8707721	0.151936	0.232719	0.427407	0.187938	2.057331	1.293528
5376	-1006.249	-1220.508	214.2588	0.4164829	0.0578975	0.367123	0.557234	0.0177456	1.924377	1.364382
5382	-1001.606	-1215.248	213.6424	0.9665029	0.199829	0.16453	0.566689	0.0689523	2.001725	1.344334
5388	-1003.493	-1217.316	213.8234	0.7580318	0.13182	0.148639	0.373823	0.345718	2.032926	1.347013
5394	-1005.332	-1218.877	213.5459	1.050642	0.205848	0.300344	0.372358	0.12145	2.032926	1.329489
5400	-1008.663	-1222.422	213.7585	0.9182997	0.196399	0.23876	0.31515	0.249691	1.8966	1.374386
5406	-1004.784	-1218.594	213.8097	0.5804699	0.209669	0.328404	0.433474	0.0284528	2.055533	1.485152
5412	-1013.798	-1227.706	213.9075	0.590949	0.120648	0.221729	0.593634	0.0639888	1.9467	1.485152
5418	-1011.359	-1225.524	214.1646	0.6428749	0.280793	0.159567	0.467813	0.0918274	1.892945	1.283015
5424	-1009.568	-1223.594	214.0263	0.5312187	0.173671	0.171781	0.439442	0.215106	1.881489	1.491369
5430	-1024.722	-1238.637	213.9158	0.9061408	0.235222	0.274827	0.194901	0.29505	2.281927	0.8946268
5436	-1021.729	-1235.63	213.9004	0.8665912	0.0506288	0.476005	0.272862	0.200503	2.416815	0.7981558
5442	-1013.641	-1227.864	214.2226	0.6967182	0.308371	0.137191	0.421821	0.132617	2.252254	0.8251097
5448	-1025.285	-1238.753	213.4684	1.147621	0.33934	0.150969	0.464184	0.0455068	2.242704	1.138798
5454	-1014.437	-1227.93	213.4927	1.104795	0.328214	0.306981	0.270894	0.0939113	2.232609	1.162685
5460	-1007.629	-1221.733	214.1039	0.7131851	0.309495	0.1393	0.498264	0.0529412	2.181004	1.014839
5466	-1018.236	-1232.314	214.0783	0.727722	0.0742299	0.302779	0.513073	0.109918	2.177758	1.027997
5472	-1011.772	-1225.708	213.9363	0.9131269	0.234741	0.259482	0.416539	0.0892371	2.217042	0.9356658
5478	-1017.783	-1231.879	214.0961	0.7508841	0.2621	0.243363	0.429922	0.064614	2.300261	0.8513661
5484	-1010.142	-1222.811	212.6691	0.8297865	0.210536	0.121007	0.549445	0.119013	1.641038	2.363619
5490	-1011.291	-1225.158	213.8664	0.5271725	0.0388822	0.513307	0.298182	0.149629	1.808267	1.665075
5496	-1007.59	-1221.444	213.8541	0.9078401	0.0306149	0.451346	0.275174	0.242865	1.881115	1.319185
5502	-1013.759	-1227.876	214.1166	0.6826897	0.0286291	0.380703	0.427922	0.162746	2.233754	0.9816307
5508	-1013.849	-1227.435	213.5854	1.137724	0.0146681	0.452538	0.421825	0.110969	2.30094	0.9816307
5514	-997.9082	-1211.743	213.8345	0.9532541	0.306816	0.225312	0.382334	0.0855376	2.254844	0.9601064
5520	-994.6274	-1208.355	213.7275	0.6939072	0.207292	0.34606	0.39755	0.0490985	2.193087	1.349819
5526	-992.9568	-1206.57	213.6137	0.6939072	0.207292	0.34606	0.39755	0.0490985	2.14904	1.472139
5532	-996.3153	-1210.005	213.6895	0.6116988	0.357643	0.0914289	0.454513	0.0964148	2.14904	1.480568
5538	-1013.599	-1227.465	213.8668	0.642502	0.535474	0.0467628	0.336358	0.0814054	2.212566	1.265369
5544	-1023.515	-1236.567	213.0519	1.159889	0.232026	0.0681385	0.38592	0.313915	2.168269	1.524088
5550	-1013.339	-1227.499	214.1593	0.6749113	0.364109	0.0404961	0.354242	0.241152	2.463585	0.6187784
5556	-1012.806	-1226.35	213.544	1.138672	0.364109	0.0404961	0.354242	0.241152	2.335417	0.9878272
5562	-1023.978	-1237.992	214.0139	0.6117018	0.405241	0.213829	0.23643	0.1445	2.211266	1.169158
5568	-1029.143	-1242.922	213.7792	0.6117018	0.326686	0.351927	0.313512	0.0078755	2.196439	1.375079
5574	-1041.986	-1255.83	213.8438	0.6419261	0.339774	0.206812	0.421309	0.0321043	2.099926	1.375079
5580	-1014.069	-1228.189	214.1197	0.5020639	0.256358	0.197932	0.544898	0.000810626	2.123868	1.249854
5586	-1017.033	-1230.14	213.1073	0.6547229	0.125215	0.232958	0.641323	0.000503641	1.786828	2.106319
5592	-1014.045	-1226.589	212.5436	0.7687976	0.020106	0.22072	0.758697	0.000477182	1.725482	2.429986
5598	-1017.198	-1231.141	213.9422	0.4401318	0.00928444	0.61537	0.350347	0.024998	1.71812	1.735417
5604	-1021.105	-1235.038	213.9335	0.6038195	0.133906	0.693921	0.164653	0.0075191	2.788882	0.49796
5610	-1012.899	-1226.778	213.8782	0.6038195	0.157023	0.568743	0.272965	0.00126804	2.836625	0.4410993
5616	-1008.063	-1222.133	214.0698	0.5749142	0.197142	0.426021	0.370215	0.00662221	2.678974	0.5454227
5622	-1008.107	-1222.379	214.2723	0.4496525	0.188641	0.401528	0.408385	0.00144744	2.585289	0.6077032
5628	-1015.703	-1229.93	214.2273	0.5112833	0.0752471	0.440863	0.482301	0.00158924	2.529942	0.6949101
5634	-1007.824	-1222.151	214.3272	0.4573286	0.0902836	0.500126	0.402565	0.00702494	2.482824	0.6949101
5640	-1004.551	-1218.688	214.1372	0.6015704	0.181009	0.496084	0.315939	0.00696816	2.568557	0.6039037
5646	-1001.285	-1215.429	214.1449	0.6015704	0.286011	0.203766	0.499213	0.0110103	2.568557	0.5789192
5652	-1011.705	-1225.886	214.1806	0.6015704	0.174688	0.616249	0.207953	0.00111027	2.53289	0.5789192
5658	-1015.71	-1229.08	213.3692	1.278434	0.183619	0.596587	0.218627	0.00116726	2.663156	0.4317965
5664	-999.586	-1213.862	214.2763	0.367376	0.102598	0.495283	0.399308	0.00281093	2.670031	0.4703596
5670	-1004.334	-1218.198	213.8648	0.8711839	0.0889335	0.720445	0.184857	0.00576477	2.55415	0.6129087
5676	-1028.029	-1241.448	213.4184	1.314149	0.0547569	0.239901	0.677711	0.0276313	2.539016	0.6798994
5682	-1010.177	-1224.344	214.1663	0.6615388	0.197341	0.37605	0.413214	0.0133957	2.391946	0.7627948
5688	-1020.569	-1234.177	213.6083	1.354839	0.296688	0.351669	0.169151	0.182492	2.298492	0.7045903
5694	-1020.655	-1233.32	212.6653	2.444112	0.370531	0.439197	0.0928013	0.0974699	2.229342	0.9224279
5700	-1009.743	-1223.215	213.472	1.490618	0.345859	0.579834	0.0362423	0.0380655	2.148765	0.9224279
5706	-1015.139	-1228.405	213.2661	1.582238	0.046255	0.868144	0.0210137	0.0645876	2.237389	0.964028
5712	-1016.469	-1229.55	213.0817	1.134506	0.19371	0.158507	0.580476	0.0673073	1.790402	1.790952
5718	-1011.436	-1225.375	213.9394	0.6647056	0.31169	0.298096	0.269227	0.120987	1.964929	1.387024
5724	-1017.436	-1230.846	213.4097	0.6701916	0.327603	0.116583	0.521212	0.034601	1.76131	1.911034
5730	-1009.111	-1221.967	212.8558	1.420153	0.342371	0.146359	0.350393	0.160877	1.743259	1.797675
5736	-1010.405	-1223.433	213.0285	0.83517	0.353954	0.122928	0.387996	0.135122	1.708431	2.084663
5742	-1014.235	-1226.218	211.9829	2.69318	0.263624	0.309908	0.420064	0.0064043	1.69654	1.775883
5748	-1012.664	-1225.879	213.2157	1.581898	0.0423168	0.472091	0.38599	0.0996023	1.822194	1.374198
5754	-1024.043	-1237.706	213.6639	0.8654441	0.149388	0.387211	0.295112	0.168288	1.882368	1.499527
5760	-1015.327	-1229.071	213.7436	0.7840387	0.126464	0.32779	0.500774	0.0449725	1.962096	1.443065
5766	-1002.588	-1216.578	213.99	0.7176448	0.270111	0.0447351	0.609876	0.0752771	2.081202	1.205368
5772	-1010.975	-1223.769	212.7939	2.488604	0.163986	0.24667	0.524594	0.0647507	2.070269	0.923121
5778	-1002.185	-1215.722	213.5365	1.501174	0.146054	0.190322	0.506069	0.157555	2.109489	0.8839534
5784	-994.3907	-1207.587	213.1967	1.631623	0.230625	0.391648	0.245857	0.13187	2.244947	0.9850341
5790	-998.2859	-1211.561	213.275	1.621736	0.258226	0.43852	0.0605101	0.242744	2.244947	0.9109003
5796	-1007.208	-1219.697	212.4896	2.799541	0.178449	0.29307	0.167649	0.360831	1.976335	1.117537
5802	-1005.53	-1217.787	212.257	3.08506	0.11566	0.183909	0.466563	0.233868	2.035984	1.117537
5808	-1012.119	-1224.896	212.7772	2.247786	0.167974	0.634947	0.0461763	0.150903	2.004094	1.162403
5814	-1005.953	-1219.527	213.5742	1.191412	0.0472491	0.484341	0.219328	0.249082	2.264139	0.9784408
5820	-1023.094	-1236.462	213.3675	0.5834931	0.175888	0.290556	0.492915	0.0406412	1.825109	1.958118
5826	-1031.503	-1245.273	213.7703	0.6693864	0.267928	0.222321	0.369507	0.140244	1.860084	1.589721
5832	-1022.098	-1235.651	213.5538	0.7469626	0.25154	0.246951	0.346906	0.154603	1.860084	1.686468
5838	-1017.14	-1231.112	213.9722	0.7152917	0.236548	0.179298	0.565934	0.01822	1.917804	1.356133
5844	-1019.92	-1231.338	211.418	4.669635	0.0577885	0.141112	0.178821	0.622278	2.20406	0.9795557
5850	-1011.699	-1223.809	212.1094	3.402035	0.0675267	0.215892	0.188345	0.528237	2.334713	0.7559488
5856	-1012.163	-1223.531	211.3677	5.257222	0.0889236	0.374888	0.327054	0.209134	2.234377	0.6764574
5862	-1016.398	-1228.117	211.7184	3.994114	0.118968	0.483302	0.261964	0.135766	2.478879	0.6403605
5868	-1015.684	-1229.741	214.0571	0.9227727	0.202472	0.449251	0.243507	0.104769	2.263361	0.7071777
5874	-1018.488	-1232.159	213.6711	0.7755776	0.00515796	0.408979	0.510126	0.0757373	2.012826	1.466472
5880	-1014.543	-1229.079	214.5359	0.4415193	0.280617	0.179552	0.495253	0.0445781	2.09564	0.9456167
5886	-1017.91	-1231.776	213.866	1.083103	0.167332	0.300888	0.487866	0.0439133	2.189079	0.8542979
5892	-1010.108	-1223.553	213.4444	1.526891	0.0587396	0.403166	0.326546	0.211549	2.219027	0.8366599
5898	-1012.751	-1225.263	212.5128	3.120206	0.0314779	0.216052	0.313918	0.438552	2.016898	0.8548945
5904	-1001.862	-1214.206	212.3435	3.120206	0.114742	0.00588263	0.455548	0.423827	2.304665	0.6845311
5910	-1026.485	-1239.732	213.2474	1.812416	0.185756	0.0216685	0.462952	0.329623	2.250406	0.74245
5916	-1010.366	-1224.044	213.6786	1.465758	0.0556859	0.423936	0.422837	0.0975403	1.944763	0.9428747
5922	-1012.296	-1224.709	212.4127	3.144848	0.105987	0.243012	0.354179	0.296822	2.067945	0.8953214
5928	-1015.475	-1229.205	213.7302	1.090701	0.0880521	0.410703	0.272666	0.22858	2.282281	0.8953214
5934	-1017.891	-1231.824	213.9331	1.051234	0.358583	0.153655	0.393733	0.0940294	2.22031	0.7666079
5940	-1002.674	-1215.685	213.0112	1.533347	0.413525	0.0236531	0.481787	0.0810344	2.065729	1.375894
5946	-998.2865	-1211.754	213.4673	1.245131	0.176434	0.0914135	0.629978	0.102174	2.242335	1.055518
5952	-1006.887	-1220.656	213.7691	1.121295	0.31523	0.0524834	0.572883	0.0594037	1.996969	1.112118
5958	-1004.999	-1219.225	214.2254	0.6736426	0.195191	0.131336	0.616634	0.0568388	1.992561	1.117414
5964	-1013.96	-1227.872	213.9124	1.056653	0.265586	0.0692705	0.620797	0.0443465	2.052407	0.9820714
5970	-1015.776	-1229.923	214.146	0.7421085	0.227695	0.202055	0.53223	0.0380197	2.097995	1.024929
5976	-1020.817	-1235.302	214.4857	0.572172	0.085841	0.39118	0.449373	0.0736063	2.145737	0.7920063
5982	-1008.57	-1222.618	214.0485	0.7619053	0.230588	0.207227	0.364461	0.197723	2.145737	1.052785
5988	-1008.225	-1222.179	213.9542	0.926689	0.349035	0.0936759	0.45519	0.102099	1.925005	1.183143
5994	-1016.848	-1230.58	213.7319	0.9584739	0.381706	0.0939089	0.456323	0.0680628	1.925005	1.34059
6000	-1013.024	-1227.42	214.3962	0.5589981	0.441188	0.0264687	0.380417	0.151926	2.065912	1.000244
6006	-1020.767	-1234.876	214.1089	0.6673841	0.391389	0.0984046	0.337478	0.172728	2.239235	1.000244
6012	-1022.857	-1236.371	213.5146	1.208194	0.275736	0.308971	0.182886	0.232407	2.286281	1.000244
6018	-1018.755	-1233.134	214.3788	0.6200715	0.261058	0.143008	0.375899	0.220035	2.231335	0.7508675
6024	-1036.498	-1250.812	214.314	0.5437785	0.276634	0.170815	0.365439	0.187112	2.3934	0.723442
6030	-1035.207	-1249.095	213.8881	0.9639059	0.341418	0.158809	0.339755	0.160018	2.425764	0.6386136
6036	-1047.183	-1260.088	212.9046	2.083131	0.0320468	0.616367	0.211593	0.139993	2.402408	0.717923
6042	-1034.958	-1248.921	213.9627	0.7780377	0.287299	0.200656	0.464875	0.0471697	1.915991	1.312241
6048	-1040.904	-1254.748	213.8435	0.8051927	0.33691	0.235305	0.297227	0.130558	2.192	1.156368
6054	-1016.543	-1230.397	213.8541	1.005261	0.175023	0.569231	0.0363531	0.219393	2.437859	0.5844404
6060	-1037.274	-1251.055	213.7818	1.005261	0.144276	0.548841	0.0541143	0.252768	2.50864	0.5896544
6066	-1024.058	-1237.766	213.7086	1.071171	0.0943148	0.21818	0.372464	0.315041	2.53072	0.4876049
6072	-1034.108	-1247.496	213.3874	1.377083	0.332546	0.113253	0.119822	0.43438	2.565292	0.4876049
6078	-1030.832	-1244.586	213.7541	1.072605	0.383397	0.082484	0.273566	0.260553	2.405837	0.7247118
6084	-1031.398	-1245.619	214.221	0.6581105	0.161758	0.294171	0.529318	0.014753	2.437953	0.5571292
6090	-1032.209	-1246.436	214.2276	0.6146769	0.275443	0.36441	0.354156	0.00599099	2.47724	0.5571292
6096	-1012.355	-1226.711	214.356	0.5492132	0.213071	0.238531	0.546199	0.00219996	2.413692	0.5726011
6102	-1016.729	-1231.115	214.3857	0.5168612	0.101027	0.433071	0.414256	0.0516453	2.416924	0.5726011
6108	-1033.758	-1248.106	214.3489	0.5776224	0.0873821	0.374578	0.358304	0.179735	2.381072	0.6064043
6114	-1044.441	-1256.411	211.9698	0.9223051	0.331814	0.00913178	0.485755	0.173299	1.512939	2.817442
6120	-1028.339	-1240.442	212.1026	0.8189875	0.419379	0.0653816	0.296208	0.219032	1.486875	2.817442
6126	-1020.077	-1233.011	212.9337	0.8973275	0.207747	0.415821	0.200639	0.175794	1.545454	2.21074
6132	-1011.645	-1224.794	213.1483	1.971278	0.424564	0.00730388	0.39247	0.175662	2.303362	0.5847244
6138	-1016.156	-1229.752	213.5955	1.404781	0.257327	0.00442686	0.494413	0.243833	2.264957	0.7075154
6144	-1026.564	-1240.535	213.9708	0.8060622	0.18434	0.162829	0.335653	0.317178	2.084537	1.137952
6150	-1025.354	-1238.052	212.6977	0.7411779	0.192954	0.242197	0.408658	0.156192	1.714199	2.358128
6156	-1027.146	-1240.943	213.7969	0.7061982	0.230126	0.165896	0.487385	0.116593	2.081154	1.373156
6162	-1008.563	-1222.603	214.0402	0.7747698	0.271803	0.348431	0.317818	0.0619479	1.939459	1.231814
6168	-1013.65	-1227.067	213.4178	0.928565	0.309151	0.292761	0.267039	0.131049	2.295492	1.319793
6174	-1016.351	-1229.895	213.544	0.8342326	0.246773	0.23369	0.367491	0.152046	2.367838	1.236498
6180	-1027.288	-1241.194	213.9059	0.8342326	0.312958	0.195821	0.466054	0.025166	2.209265	1.055917
6186	-1035.443	-1248.962	213.5195	0.8342326	0.308251	0.170853	0.406629	0.114267	2.081823	1.48253
6192	-1046.181	-1259.628	213.4467	0.6567946	0.233159	0.129232	0.482378	0.155232	2.096029	1.662665
6198	-1026.007	-1238.871	212.8644	1.268596	0.123821	0.152961	0.414398	0.30882	2.063563	1.662671
6204	-1036.868	-1250.291	213.4224	1.302498	0.287274	0.0367739	0.526354	0.149598	2.593995	0.456215
6210	-1019.106	-1232.474	213.3685	1.366534	0.359457	0.074302	0.502945	0.0632968	2.593995	0.5010972
6216	-1030.639	-1243.983	213.3441	1.366534	0.211574	0.338561	0.263665	0.186199	2.618111	0.4880103
6222	-1019.184	-1230.772	211.5877	0.8050367	0.126677	0.390001	0.303196	0.180127	1.773123	2.964465
6228	-1006.679	-1219.127	212.4471	0.9315361	0.141973	0.405351	0.250798	0.201878	1.859886	2.29888
6234	-1004.516	-1217.95	213.4346	0.9639871	0.152819	0.388406	0.186504	0.272271	1.707761	1.719599
6240	-1006.724	-1220.63	213.906	0.7552657	0.0394375	0.321425	0.499761	0.139377	2.136917	1.195567
6246	-1014.656	-1228.405	213.7489	0.7994815	0.17829	0.271941	0.321158	0.228611	2.184085	1.249183
6252	-1018.773	-1232.89	214.1167	0.7994815	0.211323	0.322324	0.38066	0.0856936	1.816336	1.249183
6258	-1024.21	-1237.488	213.2789	0.9073996	0.110866	0.504477	0.285121	0.0995364	1.843916	1.773599
6264	-1032.476	-1245.956	213.4807	1.320474	0.393993	0.113647	0.260429	0.23193	2.522879	0.5161398
6270	-1025.845	-1239.467	213.622	1.264174	0.346776	0.175045	0.229219	0.248959	2.414054	0.6060435
6276	-1021.416	-1235.138	213.722	1.205263	0.38593	0.261198	0.272101	0.0807711	2.337806	0.6771365
6282	-1023.091	-1236.719	213.6287	1.205263	0.299267	0.202545	0.173037	0.325151	2.401463	0.7285532
6288	-1025.478	-1239.383	213.9055	0.8911865	0.30322	0.273922	0.0934132	0.329445	2.401463	0.7775218
6294	-1028.881	-1240.964	212.0837	1.969247	0.193086	0.283872	0.0181806	0.504861	1.664877	2.068823
6300	-1020.068	-1233.052	212.9841	2.347475	0.177035	0.343402	0.0166693	0.462893	1.803433	1.094363
6306	-1024.553	-1237.546	212.9924	2.347475	0.232557	0.217902	0.0146908	0.534851	1.774747	1.113049
6312	-1020.259	-1234.048	213.7891	1.019374	0.334232	0.146142	0.00985136	0.509774	1.990098	1.188846
6318	-1014.161	-1226.712	212.5502	2.503029	0.563301	0.143604	0.00968027	0.283414	1.890511	1.302014
6324	-1026.288	-1238.873	212.5843	2.72148	0.577654	0.147263	0.00992692	0.265156	2.009276	1.044402
6330	-1026.863	-1239.167	212.3033	3.169345	0.521429	0.132929	0.0089607	0.336681	2.031819	1.032008
6336	-1024.362	-1236.937	212.5755	2.942633	0.543394	0.117022	0.00248209	0.337102	2.031819	0.8877761
6342	-1014.522	-1227.117	212.5959	2.599807	0.48051	0.0906386	0.00219485	0.426657	2.079539	1.040877
6348	-1025.936	-1238.505	212.5686	2.80347	0.160684	0.377411	0.00236401	0.45954	2.095653	0.9197383
6354	-1007.005	-1219.591	212.5864	2.820724	0.262699	0.351444	0.00182152	0.384036	2.137984	0.8375136
6360	-1038.334	-1250.704	212.3705	0.5371916	0.23548	0.197036	0.419644	0.14784	1.860798	2.605566
6366	-1027.772	-1238.263	210.4907	1.113184	0.255202	0.210784	0.462376	0.0716379	1.884035	3.365344
6372	-1024.65	-1237.208	212.5583	2.808503	0.333055	0.114214	0.0348389	0.517892	2.080519	0.9437836
6378	-1004.637	-1216.551	211.9141	4.002512	0.303258	0.120548	0.242686	0.333508	2.246412	0.704015
6384	-1025.018	-1233.687	208.6699	14.37731	0.287543	0.192789	0.265666	0.254001	2.356431	0.6632715
6390	-1016.729	-1229.853	213.124	2.139147	0.31147	0.118036	0.317057	0.253438	2.143245	0.7160858
6396	-1010.15	-1222.053	211.9031	4.042444	0.128868	0.207029	0.290864	0.37324	2.23033	0.7160858
6402	-1010.412	-1221.564	211.1518	5.589902	0.0242309	0.472072	0.220609	0.283088	2.222538	0.8155685
6408	-1028.232	-1242.254	214.0216	0.8322851	0.0367911	0.110873	0.793728	0.0586072	2.421218	0.6521979
6414	-999.19	-1213.469	214.2792	0.6474635	0.0269467	0.276184	0.63375	0.0631198	2.394781	0.5350245
6420	-1000.98	-1214.482	213.5021	1.441097	0.00874425	0.461904	0.471792	0.05756	2.393894	0.5120072
6426	-1014.654	-1227.567	212.9129	1.931005	0.00835973	0.48453	0.351686	0.155424	2.574155	0.4389617
6432	-1025.89	-1238.549	212.6594	2.264703	0.0187659	0.299638	0.226448	0.455149	2.574155	0.4132965
6438	-1002.254	-1214.85	212.596	2.142969	0.269532	0.326701	0.0710607	0.332706	2.7265	0.4184892
6444	-1017.731	-1229.466	211.7349	3.525384	0.391328	0.207789	0.130395	0.270488	2.72601	0.4208157
6450	-1019.569	-1233.714	214.1448	0.6698659	0.126995	0.19303	0.666727	0.0132484	2.31653	0.8760136
6456	-1012.968	-1226.979	214.0104	0.7369372	0.250923	0.139864	0.597358	0.0118555	2.472081	0.7568098
6462	-1001.88	-1214.787	212.9072	1.780855	0.149816	0.284185	0.346744	0.219255	2.683196	0.4024011
6468	-1011.887	-1224.919	213.0322	1.618064	0.403274	0.166223	0.153484	0.277019	2.689751	0.4002437
6474	-1026.065	-1238.705	212.6399	2.034669	0.139808	0.505708	0.0834725	0.271011	2.763432	0.4219227
6480	-1033.499	-1245.544	212.0456	2.714335	0.142742	0.292314	0.518211	0.0467327	2.188146	1.357798
6486	-1010.111	-1224.267	214.1563	0.7183975	0.116904	0.54425	0.236185	0.102661	1.991885	1.137479
6492	-1011.42	-1225.882	214.4614	0.4739701	0.308493	0.191321	0.442926	0.05726	2.097103	0.9893709
6498	-1015.443	-1229.254	213.811	1.096124	0.263875	0.30561	0.378865	0.05165	2.058202	1.03845
6504	-1017.802	-1231.497	213.6956	0.9381663	0.123219	0.249645	0.48752	0.139616	1.910616	1.396764
6510	-1015.962	-1228.722	212.7594	1.306567	0.287203	0.340482	0.125596	0.246719	1.801455	1.89383
6516	-1018.788	-1231.996	213.2079	1.50925	0.219627	0.310667	0.136461	0.333244	2.064803	1.233875
6522	-1041.339	-1249.038	207.699	17.91422	0.131366	0.0947078	0.0981621	0.675764	2.706449	0.465401
6528	-1024.192	-1234.043	209.8505	9.252978	0.445201	0.137971	0.0613124	0.355516	2.437291	0.5460535
6534	-1007.874	-1220.742	212.8677	1.92026	0.310314	0.0663623	0.375523	0.247802	2.634325	0.5271964
6540	-1018.058	-1231.497	213.4385	1.218301	0.392021	0.00350002	0.364169	0.24031	2.653195	0.4439905
6546	-1006.707	-1220.193	213.4857	1.171326	0.365316	0.0368478	0.547864	0.0499725	2.653195	0.4565142
6552	-1006.999	-1220.652	213.6528	0.9662502	0.313833	0.172583	0.470654	0.04293	2.679871	0.4285332
6558	-1025.009	-1239.091	214.082	0.6707795	0.232664	0.333393	0.39767	0.0362729	2.558331	0.4285332
6564	-1019.318	-1232.877	213.5591	1.081659	0.336712	0.367724	0.278143	0.0174211	2.665572	0.4532179
6570	-1026.408	-1238.636	212.2284	1.573705	0.294765	0.111404	0.502444	0.0913868	1.806208	2.088637
6576	-1026.387	-1238.506	212.1184	1.659163	0.059342	0.167419	0.631978	0.141261	1.730731	2.163301
6582	-1016.916	-1229.445	212.529	0.9372799	0.175494	0.495115	0.113713	0.215678	1.653043	2.374685
6588	-1009.911	-1221.843	211.9314	2.262211	0.234883	0.30379	0.271475	0.189852	1.621938	2.056586
6594	-1020.871	-1234.651	213.7799	0.9051252	0.150944	0.361043	0.357088	0.130925	2.58902	0.375648
6600	-1019.172	-1231.609	212.4365	1.210763	0.25885	0.330043	0.35755	0.0535574	1.730791	2.212885
6606	-1025.318	-1237.678	212.3599	1.210763	0.264422	0.197554	0.505966	0.0320578	1.853843	2.182822
6612	-1010.251	-1223.887	213.6356	0.5785416	0.327804	0.162634	0.454124	0.0554379	1.830276	1.774939
6618	-1008.748	-1221.41	212.6622	0.5785416	0.209212	0.103796	0.605053	0.0819392	1.742403	2.471037
6624	-1005.462	-1219.147	213.6854	0.7813168	0.11505	0.441049	0.260497	0.183403	2.813313	0.3773352
6630	-999.0519	-1212.444	213.3919	1.189928	0.121602	0.500814	0.238277	0.139308	2.729252	0.4559287
6636	-1026.146	-1240.051	213.9046	0.5747443	0.165583	0.28258	0.324457	0.227379	2.806442	0.3690027
6642	-1007.158	-1219.78	212.6222	2.058882	0.506801	0.0770264	0.244692	0.17148	2.72347	0.3539741
6648	-994.1952	-1206.265	212.0694	2.934747	0.499738	0.0759529	0.251229	0.17308	2.688116	0.3507221
6654	-1012.593	-1225.35	212.7572	1.128547	0.477511	0.00985925	0.364951	0.147679	1.952862	1.905969
6660	-1003.738	-1216.215	212.4771	2.499588	0.277668	0.140084	0.30883	0.273418	2.521774	0.7447661
6666	-997.3851	-1211.302	213.9173	0.8553254	0.0639443	0.316853	0.451038	0.168164	2.489473	0.6767092
6672	-1017.478	-1231.134	213.6557	1.079169	0.222663	0.244417	0.308743	0.224176	2.572252	0.5453437
6678	-1044.343	-1256.56	212.2174	2.954989	0.400996	0.0891759	0.258942	0.250886	2.583482	0.5143295
6684	-1042.132	-1254.135	212.0037	3.321776	0.235683	0.0642387	0.303207	0.396871	2.583482	0.4882798
6690	-1036.163	-1248.962	212.7991	2.106831	0.2793	0.0761272	0.174253	0.47032	2.564357	0.4882798
6696	-1024.68	-1237.682	213.0024	1.832746	0.199315	0.393348	0.217461	0.189876	2.564357	0.4537499
6702	-1012.983	-1226.869	213.8864	0.8651325	0.228368	0.450685	0.249159	0.0717875	2.556418	0.4537499
6708	-1019.728	-1233.33	213.602	1.192508	0.342827	0.137705	0.374039	0.14543	2.516213	0.4537499
6714	-1015.139	-1228.775	213.6357	0.8456592	0.322662	0.161236	0.376646	0.139456	2.78082	0.3567326
6720	-1027.515	-1240.023	212.5079	1.646955	0.342872	0.0678307	0.419279	0.170018	2.094244	1.659143
6726	-1027.272	-1240.188	212.9161	1.283415	0.39075	0.0391111	0.405648	0.164491	1.898561	1.733258
6732	-1014.876	-1227.792	212.9164	1.191405	0.217614	0.292891	0.26168	0.227816	1.952993	1.755031
6738	-1012.926	-1225.71	212.7837	1.191405	0.224761	0.323578	0.280885	0.170775	1.809609	1.94433
6744	-1010.493	-1224.252	213.7588	0.7293509	0.0304057	0.473915	0.245561	0.250118	1.837806	1.567934
6750	-1019.552	-1232.83	213.2786	1.154956	0.218624	0.181942	0.495955	0.103479	2.829883	0.3580815
6756	-1019.262	-1232.369	213.106	1.275571	0.230137	0.150684	0.449356	0.169823	2.829812	0.3010849
6762	-1030.556	-1242.764	212.2083	2.074969	0.220874	0.108741	0.128892	0.541493	1.935849	1.747028
6768	-1034.127	-1246.778	212.6513	1.446636	0.31713	0.244839	0.185062	0.252969	1.897321	1.816462
6774	-1029.401	-1242.289	212.8884	1.668751	0.411083	0.128126	0.102415	0.358375	2.766385	0.3602778
6780	-1025.058	-1236.823	211.7647	3.068349	0.402429	0.131471	0.105089	0.361011	2.870032	0.3093385
6786	-1011.856	-1223.404	211.5483	3.815375	0.413554	0.25155	0.174967	0.159929	2.730309	0.367508
6792	-1009.281	-1222.368	213.0867	1.459112	0.30326	0.0306121	0.559786	0.106342	2.750975	0.367508
6798	-1000.89	-1214.03	213.14	1.410561	0.330757	0.0336116	0.471754	0.163877	2.732963	0.3577425
6804	-1016.162	-1229.075	212.9131	1.699188	0.227458	0.164326	0.201553	0.406662	2.732963	0.3838361
6810	-1017.262	-1231.422	214.1598	0.7039812	0.342011	0.183164	0.372377	0.102448	1.877891	1.245884
6816	-1010.448	-1224.344	213.896	0.8405407	0.34793	0.144756	0.432497	0.0748174	2.134792	1.127716
6822	-1024.102	-1237.364	213.2617	1.723166	0.311929	0.410246	0.19002	0.0878049	1.954833	1.127716
6828	-1041.775	-1254.582	212.8069	2.173824	0.0389498	0.34186	0.305227	0.313963	2.019856	1.168778
6834	-1013.34	-1227.102	213.7619	0.8455586	0.340122	0.036026	0.257305	0.366547	2.70546	0.4872107
6840	-1008.007	-1221.83	213.8229	0.863162	0.213192	0.190197	0.366856	0.229755	2.626211	0.5114245
6846	-1000.533	-1214.235	213.7024	0.9857808	0.250615	0.114614	0.464099	0.170672	2.621705	0.5114245
6852	-1004.166	-1217.869	213.7025	0.9857808	0.22982	0.282639	0.247816	0.239725	2.621705	0.4923769
6858	-1000.765	-1214.648	213.8826	0.9463532	0.255782	0.105582	0.560688	0.0779478	2.463488	0.6010666
6864	-1008.307	-1222.402	214.0956	0.6147115	0.195943	0.0791655	0.635385	0.0895062	2.598486	0.597362
6870	-1018.92	-1233.151	214.2314	0.6147115	0.302406	0.236266	0.404366	0.0569627	2.463754	0.5942001
6876	-1013.823	-1227.791	213.9684	0.7989178	0.116666	0.371279	0.431774	0.0802818	2.532178	0.5942001
6882	-1018.031	-1232.152	214.1207	0.6952229	0.273462	0.174391	0.446629	0.105517	2.489254	0.5942001
6888	-1022.633	-1236.555	213.9214	0.8602333	0.200924	0.0923263	0.684638	0.0221115	2.528455	0.5371042
6894	-1023.615	-1237.406	213.791	1.020578	0.149724	0.141263	0.552411	0.156601	2.248264	0.9417306
6900	-1011.219	-1225.02	213.8012	0.8979727	0.226253	0.306544	0.358969	0.108234	2.394062	0.9067175
6906	-1008.06	-1221.862	213.8022	0.8970463	0.163081	0.272235	0.249604	0.315081	2.231736	1.07128
6912	-1008.05	-1221.835	213.7855	0.8970463	0.150654	0.41787	0.213802	0.217675	2.107389	1.197447
6918	-1006.51	-1220.296	213.7855	0.8970463	0.357406	0.256928	0.239079	0.146587	2.107389	1.197447
6924	-1019.719	-1233.467	213.7472	0.860393	0.324648	0.0921705	0.163009	0.420173	2.704217	0.5211654
6930	-1025.434	-1238.97	213.5355	0.8570123	0.397075	0.196279	0.278783	0.127863	1.886217	1.597954
6936	-1025.875	-1239.353	213.4776	0.8570123	0.256442	0.12125	0.428765	0.193543	1.944174	1.597954
6942	-1021.968	-1236.232	214.2639	0.5834253	0.167993	0.179231	0.48111	0.171666	2.334505	0.8200187
6948	-1035.912	-1249.953	214.0412	0.7325708	0.204888	0.164678	0.431614	0.19882	2.374094	0.8519101
6954	-1016.173	-1229.713	213.5403	0.797322	0.281646	0.163457	0.450798	0.104099	2.235985	1.377627
6960	-1021.171	-1235.005	213.8345	0.5782362	0.272321	0.193624	0.352666	0.181389	2.172938	1.377627
6966	-1010.296	-1223.56	213.264	1.054143	0.186897	0.102111	0.686972	0.0240194	2.011813	1.558831
6972	-1012.882	-1225.278	212.3965	2.358923	0.122054	0.177745	0.688801	0.0113995	2.206647	1.248525
6978	-1014.399	-1227.479	213.0803	1.695609	0.100915	0.0483209	0.817252	0.0335123	2.508572	0.7463986
6984	-1023.633	-1237.47	213.8367	1.050199	0.21647	0.118058	0.479243	0.18623	2.321507	0.7611011
6990	-1021.13	-1235.098	213.9679	0.9336634	0.0757353	0.182192	0.70681	0.0352623	2.280873	0.7976556
6996	-1040.359	-1254.183	213.8242	1.147501	0.301757	0.197569	0.470122	0.0305518	2.280873	0.6948636
7002	-1023.086	-1237.178	214.092	0.8113018	0.159847	0.0422085	0.755234	0.0427111	2.390023	0.6106099
7008	-1023.961	-1237.35	213.3889	1.469979	0.118023	0.153975	0.648708	0.0792935	2.460476	0.6116606
7014	-1021.317	-1233.452	212.1349	3.17278	0.120741	0.156291	0.504808	0.21816	2.508383	0.6308751
7020	-1037.081	-1249.762	212.6808	2.475664	0.369654	0.0826381	0.224584	0.323124	2.219347	0.8926632
7026	-1018.577	-1231.937	213.3597	1.528016	0.374603	0.0837444	0.301154	0.240499	2.269996	0.876075
7032	-1022.437	-1236.01	213.573	0.861945	0.140203	0.257296	0.333402	0.2691	2.875441	0.4673413
7038	-1027.394	-1241.041	213.6468	0.861945	0.0917828	0.206152	0.65153	0.0505351	2.789072	0.5910438
7044	-1034.627	-1248.455	213.8286	0.861945	0.211555	0.122993	0.612309	0.0531426	2.621592	0.5152416
7050	-1024.558	-1238.249	213.6911	1.354409	0.344914	0.115023	0.279038	0.261024	2.060759	0.9104318
7056	-1023.381	-1236.995	213.6141	1.364238	0.346704	0.136872	0.198247	0.318177	2.249053	0.7601478
7062	-1005.409	-1219.344	213.9353	0.5038421	0.0776684	0.369008	0.477485	0.0758392	2.840521	0.3586954
7068	-1026.697	-1240.182	213.4852	0.9523646	0.193769	0.382459	0.345169	0.0786037	2.846128	0.3932181
7074	-1029.466	-1243.068	213.6025	1.258366	0.383479	0.0995536	0.344195	0.172772	1.782024	1.325955
7080	-1029.9	-1243.258	213.3581	0.8186899	0.191858	0.165253	0.428034	0.214856	1.526019	1.99857
7086	-1020.352	-1233.747	213.3948	0.8793281	0.11401	0.3102	0.336869	0.238922	1.91397	1.662816
7092	-1021.224	-1234.052	212.8276	1.877606	0.416278	0.132116	0.264214	0.187392	2.124059	1.250764
7098	-1026.018	-1239.061	213.0425	1.18301	0.404165	0.0833376	0.291004	0.221494	1.907574	1.703914
7104	-1022.388	-1235.589	213.2015	1.14236	0.200392	0.248451	0.436552	0.114606	2.920285	0.3596676
7110	-1020.691	-1234.259	213.5677	0.8470101	0.204049	0.252984	0.444518	0.0984491	2.832023	0.3392006
7116	-1042.561	-1255.996	213.435	0.760895	0.0968927	0.542071	0.218216	0.142821	2.97654	0.2769011
7122	-1033.812	-1247.393	213.5809	1.105808	0.381581	0.186417	0.239595	0.192407	2.174932	1.134839
7128	-1010.355	-1223.636	213.2812	1.369658	0.279851	0.152847	0.451966	0.115335	1.969032	1.352181
7134	-1037.03	-1248.381	211.3516	4.740048	0.107457	0.370858	0.490506	0.0311788	1.946283	1.246049
7140	-1026.255	-1238.7	212.4454	2.804698	0.291756	0.0378334	0.346219	0.324192	2.0842	1.055577
7146	-1026.446	-1239.993	213.5468	1.149099	0.240925	0.0808593	0.511409	0.166806	2.216068	1.090571
7152	-1015.39	-1228.903	213.5133	0.873211	0.189961	0.0772896	0.552531	0.180219	2.022043	1.501708
7158	-1014.338	-1227.35	213.0117	1.086128	0.192666	0.305364	0.317145	0.184825	1.816748	1.853363
7164	-1024.908	-1237.952	213.0441	1.086128	0.25487	0.0181597	0.538824	0.188146	1.998126	1.70463
7170	-1019.742	-1233.705	213.9634	0.9447441	0.195189	0.535225	0.247435	0.02215	2.39031	0.5816656
7176	-1012.501	-1226.751	214.25	0.714047	0.237848	0.148089	0.52677	0.0872937	2.346918	0.5696216
7182	-1006.913	-1220.621	213.7087	1.097189	0.437735	0.217208	0.252848	0.0922094	2.401927	0.7634099
7188	-1018.944	-1230.167	211.223	5.261911	0.468479	0.0455892	0.140489	0.345442	2.427531	0.5097121
7194	-1024.78	-1238.602	213.8215	0.7082881	0.352706	0.144979	0.263455	0.23886	2.269532	1.196878
7200	-1010.346	-1222.216	211.8702	4.054258	0.708707	0.00846178	0.195494	0.0873372	2.258786	0.7137332
7206	-1014.125	-1227.392	213.2665	1.811976	0.364115	0.164089	0.312712	0.159083	2.309019	0.5819534
7212	-1021.664	-1234.763	213.0987	1.860799	0.162451	0.113078	0.540851	0.18362	2.422957	0.6270466
7218	-1026.708	-1238.558	211.8497	3.771711	0.235402	0.143881	0.481398	0.13932	2.437474	0.6881844
7224	-1022.549	-1235.231	212.6829	2.6417	0.390171	0.0756862	0.188227	0.345915	2.260919	0.6808882
7230	-1024.95	-1236.734	211.7836	4.008112	0.305779	0.160255	0.0478013	0.486164	2.412521	0.6264292
7236	-1020.307	-1232.659	212.3517	2.883767	0.244407	0.13933	0.0415596	0.574703	2.269375	0.91266
7242	-1019.592	-1230.391	210.7987	6.253962	0.0116299	0.0362144	0.73534	0.216816	2.099251	1.053212
7248	-1024.899	-1235.816	210.9166	6.253962	0.160898	0.12364	0.201151	0.514311	1.981324	1.053212
7254	-1044.898	-1256.115	211.217	5.541958	0.246847	0.236701	0.241286	0.275165	2.042626	0.9685365
7260	-1014.335	-1228.203	213.8686	0.859351	0.407956	0.0968256	0.34904	0.146178	2.142659	1.127727
7266	-1018.812	-1232.276	213.4639	1.146354	0.19949	0.0935017	0.477253	0.229755	2.100315	1.265593
7272	-1006.23	-1219.551	213.3204	1.246241	0.218722	0.0925514	0.461307	0.22742	2.178279	1.241638
7278	-1006.822	-1220.761	213.9399	0.8552354	0.127028	0.218512	0.511953	0.142508	2.164149	1.045742
7284	-1005.033	-1218.352	213.3188	0.8327486	0.292427	0.132484	0.443874	0.131215	2.036979	1.663682
7290	-1011.579	-1225.562	213.9823	0.4836971	0.198396	0.260041	0.330239	0.211323	1.982378	1.484416
7296	-1021.91	-1234.954	213.0443	1.175551	0.161359	0.0905777	0.563831	0.184233	2.004237	1.638688
7302	-994.8063	-1208.693	213.8865	0.8485874	0.279507	0.0574662	0.546142	0.116885	2.004237	1.241704
7308	-1005.108	-1218.79	213.6814	0.9069364	0.302166	0.0363792	0.40133	0.260125	2.072782	1.304564
7314	-1021.671	-1235.184	213.513	0.8038009	0.0674621	0.0543191	0.514583	0.363636	1.814297	1.705471
7320	-1012.5	-1226.042	213.5421	0.8038009	0.170102	0.205963	0.45821	0.165725	1.785127	1.705471
7326	-1022.908	-1236.457	213.5492	1.005681	0.171759	0.341532	0.375804	0.110906	1.800834	1.539478
7332	-1010.822	-1224.258	213.4368	1.015528	0.249077	0.425186	0.240232	0.0855047	2.819239	0.373653
7338	-1012.27	-1225.044	212.7735	1.571897	0.266417	0.259955	0.378108	0.0955192	2.877014	0.2842798
7344	-1025.621	-1239.5	213.8793	0.7346105	0.363879	0.186427	0.133038	0.316655	2.091975	1.274052
7350	-1016.856	-1231.061	214.205	0.498922	0.236976	0.150607	0.495884	0.116533	2.243203	1.072716
7356	-1014.222	-1228.374	214.1516	0.7091307	0.162994	0.301686	0.301888	0.233432	2.123304	1.028827
7362	-1007.957	-1222.179	214.2214	0.7470051	0.250142	0.185174	0.260083	0.3046	2.198123	0.8277899
7368	-1002.749	-1216.611	213.8614	1.099729	0.209503	0.23108	0.308801	0.250616	2.233624	0.7819706
7374	-1006.692	-1220.317	213.625	1.234785	0.172283	0.245817	0.261729	0.320172	2.39366	0.7016253
7380	-1021.481	-1235.375	213.8935	0.4262904	0.171885	0.359693	0.459997	0.00842445	2.92057	0.3208691
7386	-998.9701	-1212.671	213.7007	0.663496	0.14637	0.580773	0.262632	0.0102246	2.8768	0.3239757
7392	-1009.576	-1223.093	213.5171	0.7021977	0.112658	0.561594	0.320574	0.00517353	2.963031	0.2809987
7398	-1003.299	-1217.077	213.7788	0.5672547	0.192076	0.511331	0.291883	0.0047105	2.898902	0.3230927
7404	-1001.895	-1215.907	214.0114	0.5672547	0.232801	0.406427	0.35458	0.0061915	2.709084	0.3714219
7410	-1017.4	-1231.321	213.9201	0.6810478	0.245267	0.409486	0.32203	0.0232174	2.703336	0.4125451
7416	-1022.905	-1236.799	213.8934	0.6810478	0.113187	0.254926	0.569151	0.062736	2.730039	0.4125451
7422	-1031.749	-1246.246	214.497	0.472497	0.263663	0.314793	0.375987	0.0455571	1.996487	1.05441
7428	-1017.737	-1231.984	214.2475	0.482761	0.241069	0.231497	0.493932	0.0335025	2.343638	0.9467271
7434	-1023.429	-1237.598	214.1694	0.5647543	0.254755	0.217164	0.521973	0.00610791	2.291197	0.9956958
7440	-1022.19	-1236.337	214.1474	0.5647543	0.29165	0.249081	0.452263	0.0070056	2.521704	0.7492894
7446	-1013.484	-1227.768	214.2843	0.5362978	0.328698	0.152797	0.506133	0.0123726	2.414152	0.7492894
7452	-1010.563	-1224.607	214.0432	0.7258134	0.43766	0.179288	0.369309	0.0137434	2.505071	0.6654583
7458	-1013	-1226.972	213.9722	0.7442061	0.39548	0.305307	0.236192	0.0630211	2.511873	0.7429165
7464	-1010.464	-1224.431	213.9667	0.9956341	0.17879	0.494834	0.152239	0.174137	2.257905	0.7429165
7470	-1005.544	-1219.901	214.3569	0.5300004	0.121605	0.336564	0.15582	0.386011	1.785082	1.310144
7476	-1011.795	-1226.157	214.3612	0.5053055	0.129522	0.339246	0.498604	0.0326278	1.88576	1.244367
7482	-1009.088	-1223.252	214.164	0.7121794	0.159858	0.418703	0.297822	0.123617	2.010715	1.119623
7488	-1013.344	-1227.114	213.77	0.7368133	0.24706	0.101609	0.460282	0.191049	2.108182	1.347461
7494	-1013.155	-1226.745	213.5899	0.9610071	0.403064	0.037789	0.244903	0.314245	2.023706	1.372836
7500	-1007.374	-1221.295	213.9211	0.8669932	0.340159	0.0356865	0.527284	0.0968699	2.148775	1.066633
7506	-1019.031	-1233.133	214.1017	0.6928431	0.324729	0.0854465	0.451016	0.138809	2.092907	1.120105
7512	-1015.957	-1229.166	213.209	1.407037	0.158923	0.323499	0.249226	0.268352	2.208305	1.186673
7518	-1024.647	-1237.82	213.1729	1.162324	0.235409	0.0992562	0.267831	0.397504	2.194259	1.410804
7524	-1025.633	-1238.761	213.1281	1.291867	0.128598	0.304904	0.386939	0.179559	2.3167	1.251472
7530	-1024.882	-1238.451	213.5685	0.7245288	0.268434	0.231186	0.219945	0.280435	2.191279	1.449762
7536	-1022.101	-1235.361	213.2603	1.598564	0.133539	0.15962	0.313523	0.393317	2.105163	1.085484
7542	-1019.274	-1233.03	213.7559	1.103635	0.115893	0.270673	0.272093	0.341342	2.425903	0.6232081
7548	-1009.464	-1223.31	213.8457	1.060248	0.0333411	0.366178	0.320869	0.279611	2.352206	0.6798015
7554	-1023.779	-1237.723	213.9442	0.7770339	0.0656438	0.567272	0.182386	0.184699	2.542699	0.6798015
7560	-1016.441	-1229.567	213.1268	1.6064	0.170423	0.070852	0.296055	0.46267	2.522824	0.7654771
7566	-1028.472	-1241.535	213.0621	1.712805	0.0899635	0.525404	0.133085	0.251547	2.109928	1.174481
7572	-1021.533	-1234.353	212.8197	1.960206	0.0832295	0.530303	0.187754	0.198713	2.374189	0.9717922
7578	-1026.382	-1238.72	212.3385	2.820813	0.0800971	0.381465	0.0641598	0.474278	2.277315	0.9599941
7584	-1025.417	-1238.074	212.657	2.515013	0.174581	0.084945	0.467452	0.273023	2.192283	0.9202237
7590	-1012.844	-1226.582	213.7384	1.111349	0.145922	0.48387	0.233707	0.1365	2.171172	0.9839146
7596	-1011.28	-1225.596	214.3161	0.3909841	0.00517836	0.393774	0.580285	0.0207628	2.123458	1.170243
7602	-1008.033	-1222.184	214.1513	0.7959104	0.22958	0.147874	0.554703	0.0678432	2.2873	0.7288776
7608	-1011.159	-1225.172	214.0124	0.8029809	0.236021	0.369343	0.310078	0.0845573	2.079683	1.107686
7614	-1015.293	-1228.678	213.3849	1.395506	0.162012	0.366083	0.401061	0.0708442	2.08905	1.146035
7620	-1021.018	-1231.596	210.5775	4.966519	0.0190837	0.304631	0.360591	0.315694	2.019661	1.702394
7626	-1027.317	-1240.534	213.2171	1.51784	0.0118001	0.188364	0.501006	0.29883	2.116103	1.175806
7632	-1011.609	-1224.698	213.0883	1.754428	0.157049	0.108087	0.57753	0.157334	2.138539	1.095494
7638	-1024.202	-1237.59	213.3884	1.445921	0.0861211	0.597445	0.054469	0.261965	2.059384	1.129733
7644	-1031.263	-1244.303	213.0406	2.021751	0.182219	0.570583	0.028083	0.219115	2.238349	0.8230546
7650	-1027.729	-1240.751	213.0225	2.021751	0.41434	0.0235654	0.063857	0.498238	2.315535	0.7409926
7656	-1024.603	-1236.675	212.0722	3.34831	0.297446	0.0891233	0.104023	0.509408	2.416078	0.7343585
7662	-1001.534	-1215.519	213.9849	0.9161823	0.297302	0.148251	0.298733	0.255713	2.399688	0.575328
7668	-1007.111	-1220.75	213.6393	1.002022	0.285547	0.199474	0.417488	0.0974912	2.665405	0.4597663
7674	-1007.37	-1221.412	214.0418	0.6568311	0.262203	0.276507	0.326149	0.135141	2.615364	0.4348455
7680	-1004.238	-1218.247	214.0095	0.5965301	0.0641633	0.394201	0.339527	0.202109	2.714643	0.4474662
7686	-1014.089	-1228.006	213.9168	0.6102102	0.0362638	0.331528	0.550631	0.0815768	2.774692	0.3979721
7692	-1026.49	-1240.411	213.9212	0.5663499	0.205947	0.437168	0.248683	0.108203	2.774692	0.3399635
7698	-1037.729	-1251.282	213.5526	0.8937998	0.230052	0.139077	0.38993	0.240941	2.840745	0.3973606
7704	-1031.833	-1245.732	213.8994	0.7362948	0.263319	0.15647	0.438695	0.141516	2.680735	0.4677866
7710	-1028.933	-1242.657	213.7243	0.8597422	0.103464	0.226015	0.373049	0.297471	2.714627	0.420948
7716	-1031.52	-1244.852	213.3318	1.127606	0.134443	0.309869	0.206734	0.348954	2.799198	0.3533954
7722	-1013.952	-1227.36	213.4083	1.039465	0.230007	0.306094	0.119195	0.344704	2.820225	0.3682698
7728	-1019.94	-1233.517	213.5763	0.8056927	0.292515	0.289451	0.248788	0.169246	2.868171	0.3409744
7734	-1013.489	-1227.494	214.005	0.676546	0.251719	0.249082	0.370144	0.129055	2.604849	0.3780839
7740	-1028.54	-1242.32	213.7802	0.6042937	0.0961215	0.339073	0.503872	0.0609336	2.851305	0.3164246
7746	-1023.134	-1236.901	213.7673	0.6280762	0.112753	0.170373	0.524366	0.192509	2.853552	0.3295374
7752	-1027.503	-1241.274	213.7716	0.568161	0.247387	0.262123	0.108092	0.382398	2.856827	0.285589
7758	-1026.683	-1240.113	213.4293	0.9756588	0.326361	0.186842	0.272396	0.214402	2.791466	0.2978018
7764	-1014.508	-1227.606	213.098	1.508558	0.333937	0.369254	0.0774306	0.219379	2.726663	0.4235103
7770	-1025.828	-1237.715	211.8872	2.069189	0.115962	0.213502	0.275162	0.395374	1.861132	2.019505
7776	-1021.456	-1232.258	210.8017	3.731896	0.142435	0.278799	0.459637	0.119129	1.920195	2.019505
7782	-1015.51	-1229.635	214.1246	0.6375347	0.190439	0.224767	0.468047	0.116747	2.558384	0.457333
7788	-1021.083	-1234.793	213.7093	1.032758	0.274913	0.324469	0.091044	0.309574	2.564378	0.457333
7794	-1024.057	-1236.031	211.9736	1.842315	0.282689	0.196964	0.0828975	0.43745	1.932065	2.029543
7800	-1010.542	-1223.123	212.581	1.176385	0.276986	0.0507321	0.243658	0.428624	1.899007	2.029543
7806	-1024.782	-1238.082	213.2998	0.922085	0.43999	0.0366644	0.213577	0.309769	1.924635	1.691649
7812	-998.8003	-1212.137	213.3364	0.8839286	0.251537	0.136121	0.526086	0.0862554	3.036969	0.3523964
7818	-997.6499	-1211.259	213.6088	0.8313492	0.287936	0.142682	0.329003	0.240379	2.848361	0.3957629
7824	-1003.43	-1216.981	213.5509	0.9103275	0.162606	0.278576	0.277798	0.28102	2.848361	0.472371
7830	-993.5102	-1207.069	213.559	1.077905	0.161423	0.269734	0.289867	0.278976	2.669745	0.455044
7836	-1012.013	-1226.138	214.1256	0.533356	0.222704	0.289826	0.362646	0.124824	2.669745	0.4897762
7842	-1012.049	-1226.014	213.9651	0.639188	0.0270408	0.376568	0.569659	0.0267324	2.718044	0.4697065
7848	-1014.516	-1228.49	213.9741	0.6583189	0.112867	0.352123	0.287792	0.247218	2.690751	0.4974729
7854	-1006.442	-1220.104	213.6615	0.8205731	0.245101	0.303166	0.279018	0.172715	2.822685	0.4342066
7860	-1009.892	-1222.733	212.8406	1.689596	0.326602	0.274692	0.132225	0.266481	2.821154	0.3978267
7866	-997.3092	-1210.7	213.3905	0.6188562	0.240578	0.222014	0.465127	0.0722803	3.095944	0.2371855
7872	-1002.087	-1215.213	213.1256	0.9129176	0.211011	0.167644	0.537775	0.0835697	3.038797	0.2311697
7878	-1004.371	-1218.052	213.6808	0.5635493	0.141089	0.389013	0.424855	0.0450436	2.992396	0.3156909
7884	-1007.173	-1220.821	213.6477	0.5635493	0.252766	0.338433	0.369614	0.039187	2.992396	0.2902891
7890	-993.7523	-1207.216	213.4633	0.7384392	0.133497	0.374438	0.471368	0.0206964	2.992396	0.2902891
7896	-980.0458	-1193.553	213.5067	0.5771156	0.334731	0.290209	0.365335	0.00972452	3.074797	0.262802
7902	-1003.299	-1216.805	213.5057	0.5321758	0.354311	0.276476	0.348047	0.0211662	3.095578	0.2488696
7908	-1009.245	-1222.447	213.2022	0.9343568	0.350666	0.273633	0.344467	0.0312335	2.978503	0.2487827
7914	-1001.019	-1214.38	213.3612	0.8246453	0.369846	0.387224	0.0744093	0.168521	2.964537	0.2656425
7920	-1022.967	-1236.097	213.13	1.029036	0.204635	0.389477	0.26723	0.138658	2.964537	0.2532773
7926	-1027.805	-1241.222	213.4176	0.6832179	0.127612	0.237611	0.319425	0.315352	2.964537	0.2218326
7932	-1016.471	-1229.921	213.4496	0.6832179	0.146339	0.155812	0.517035	0.180814	2.964537	0.2353221
7938	-1026.395	-1239.81	213.4151	0.8599622	0.202897	0.210513	0.454635	0.131955	2.964537	0.3323408
7944	-1021.761	-1235.949	214.188	0.634876	0.235774	0.0862309	0.527813	0.150182	2.35609	0.8203738
7950	-1023.266	-1236.82	213.5536	1.016925	0.158743	0.20583	0.544758	0.0906683	2.736113	0.4591566
7956	-1006.001	-1220.199	214.1975	0.4733046	0.116259	0.23486	0.621855	0.0270263	2.657797	0.5069278
7962	-1000.538	-1214.791	214.2528	0.4497973	0.116259	0.23486	0.621855	0.0270263	2.624071	0.4787408
7968	-1000.096	-1213.599	213.5029	1.079765	0.253471	0.180105	0.469101	0.0973225	2.72736	0.4787408
7974	-1002.4	-1216.289	213.8899	0.6915098	0.224424	0.264041	0.287765	0.223769	2.72736	0.4253534
7980	-1001.15	-1214.41	213.2594	1.409877	0.26298	0.179214	0.397689	0.160118	2.652039	0.4253534
7986	-999.8588	-1212.113	212.2538	2.761553	0.171626	0.119417	0.385823	0.323134	2.652039	0.4190832
7992	-999.3974	-1212.28	212.8829	1.851969	0.225791	0.157105	0.191989	0.425115	2.623836	0.3586394
7998	-1013.676	-1227.203	213.5267	1.253836	0.405877	0.106966	0.237431	0.249726	2.53033	0.567185
8004	-1021.625	-1234.174	212.5488	2.374131	0.305931	0.132629	0.381224	0.180216	2.006849	1.279168
8010	-1009.463	-1222.982	213.5198	0.8142488	0.268691	0.133513	0.514737	0.0830591	2.850825	0.2866382
8016	-1006.338	-1220.14	213.8022	0.5716627	0.106641	0.461322	0.415894	0.0161439	2.851919	0.3069028
8022	-1015.135	-1228.977	213.8421	0.6109718	0.16414	0.27725	0.542762	0.0158481	2.851919	0.4046762
8028	-1011.056	-1224.832	213.7761	0.822225	0.150442	0.245602	0.388896	0.215059	2.695036	0.4046762
8034	-1007.698	-1221.62	213.9222	0.822225	0.112382	0.49896	0.291153	0.0975058	2.568661	0.4765006
8040	-1030.43	-1244.485	214.0541	0.8682749	0.139625	0.409885	0.344031	0.106459	2.174541	0.9036919
8046	-1029.1	-1242.885	213.7854	0.8622771	0.366036	0.0503071	0.451911	0.131747	2.118448	1.218684
8052	-1014.984	-1229.234	214.2497	0.5969641	0.208368	0.220458	0.498437	0.072737	2.478984	0.5210174
8058	-1021.128	-1235.316	214.1878	0.7329967	0.31699	0.335384	0.236972	0.110655	2.373608	0.6185477
8064	-1006.471	-1220.573	214.1021	0.7329967	0.185675	0.27515	0.433211	0.105964	2.47903	0.5497196
8070	-1019.151	-1232.871	213.7195	1.199639	0.300233	0.239325	0.368274	0.0921674	2.378215	0.6019392
8076	-1020.783	-1233.958	213.175	1.546144	0.194529	0.292225	0.419595	0.0936508	2.630195	0.487718
8082	-1003.661	-1217.561	213.8997	0.8385222	0.225335	0.208646	0.387544	0.178474	2.573221	0.4686344
8088	-1004.39	-1218.478	214.0882	0.6117797	0.211017	0.373001	0.276447	0.139535	2.625738	0.4955453
8094	-1006.58	-1220.474	213.8949	0.6979637	0.229755	0.357863	0.274054	0.138328	2.673802	0.3530265
8100	-1006.181	-1220.155	213.9735	0.6726198	0.300051	0.219903	0.372193	0.107853	2.673802	0.4662892
8106	-1010.217	-1224.096	213.8786	0.7568141	0.3526	0.373328	0.257703	0.0163689	2.675844	0.4464659
8112	-997.1499	-1210.997	213.8467	0.726853	0.377642	0.251397	0.309234	0.0617275	2.732175	0.4226971
8118	-993.3617	-1207.644	214.2821	0.4336888	0.158626	0.371581	0.457069	0.012724	2.597254	0.4226971
8124	-997.3814	-1211.279	213.8974	0.7370228	0.328667	0.324012	0.320958	0.0263636	2.67286	0.4286472
8130	-991.414	-1205.448	214.0338	0.6981047	0.402555	0.205576	0.359579	0.0322904	2.586884	0.4691911
8136	-1000.546	-1214.823	214.2767	0.5702595	0.142483	0.224151	0.462987	0.170379	2.471518	0.5711201
8142	-994.7922	-1209.093	214.3006	0.7013248	0.29116	0.285026	0.327266	0.0965486	2.291029	0.6269668
8148	-1006.78	-1221.069	214.2885	0.6811708	0.376543	0.138901	0.37417	0.110386	2.291029	0.6957431
8154	-994.4388	-1208.716	214.2769	0.6811708	0.36752	0.193523	0.331217	0.107741	2.350843	0.5844808
8160	-1021.399	-1233.553	212.1548	1.968181	0.065089	0.237787	0.536501	0.160623	1.760818	1.958249
8166	-1028.429	-1240.133	211.7038	3.15569	0.101764	0.199432	0.399304	0.2995	1.767146	1.724921
8172	-1016.409	-1230.553	214.144	0.7431935	0.366543	0.306633	0.107839	0.218986	2.350622	0.7280588
8178	-999.5321	-1213.614	214.0822	0.7431935	0.126342	0.309853	0.494023	0.0697817	2.168907	1.016892
8184	-999.1541	-1212.917	213.763	0.7431935	0.211744	0.290622	0.417625	0.0800091	2.221162	1.255957
8190	-1003.09	-1217.238	214.1483	0.5468271	0.517808	0.0379848	0.316262	0.127945	2.259903	1.064709
8196	-1015.484	-1228.903	213.4189	1.17275	0.326296	0.0212892	0.571791	0.0806243	1.944826	1.405759
8202	-1030.761	-1244.186	213.4253	1.17937	0.140706	0.0538009	0.410608	0.394885	2.326967	1.073593
8208	-1018.736	-1232.189	213.4535	0.9792645	0.19467	0.243829	0.288495	0.273007	2.196842	1.329086
8214	-1013.382	-1226.631	213.2495	1.333788	0.321371	0.227171	0.23809	0.213367	2.149208	1.258018
8220	-1018.701	-1231.789	213.088	0.9772981	0.328442	0.208861	0.320746	0.141952	2.028899	1.72806
8226	-1014.679	-1228.129	213.4493	0.4864784	0.223234	0.373717	0.359318	0.0437306	1.800241	1.986183
8232	-1023.398	-1236.565	213.167	1.078868	0.360704	0.104964	0.334816	0.199516	1.726401	1.813568
8238	-1027.248	-1240.557	213.3094	1.209843	0.228851	0.375928	0.12114	0.274081	1.725403	1.625229
8244	-1029.908	-1240.928	211.0198	1.127483	0.522947	0.037693	0.290544	0.148816	1.390444	3.336345
8250	-1023.689	-1236.833	213.1436	0.6204956	0.15131	0.174387	0.560763	0.113539	1.458397	2.318466
8256	-1030.543	-1241.023	210.4793	1.535046	0.193089	0.0418953	0.589285	0.17573	1.365933	3.450741
8262	-1025.242	-1236.664	211.4222	1.460105	0.322476	0.0468864	0.485775	0.144862	1.484515	2.858156
8268	-1018.303	-1230.336	212.0335	0.8739605	0.332837	0.0483928	0.379093	0.239677	1.433011	2.857422
8274	-1018.862	-1229.581	210.7188	1.49755	0.178101	0.0971309	0.395168	0.3296	1.443722	3.283335
8280	-1033.447	-1246.47	213.0234	1.444907	0.227891	0.210415	0.299206	0.262488	1.777399	1.640009
8286	-1031.337	-1244.416	213.0792	1.11214	0.0676269	0.508083	0.221153	0.203137	1.751387	1.834534
8292	-1023.749	-1236.732	212.983	0.8264527	0.0512627	0.382157	0.412598	0.153983	1.569896	2.210486
8298	-1014.165	-1226.367	212.2022	1.084826	0.117834	0.326213	0.39217	0.163783	1.676903	2.472848
8304	-1015.948	-1227.336	211.3885	1.055644	0.117179	0.324398	0.395551	0.162872	1.67427	2.990306
8310	-1034.134	-1247.025	212.8911	1.039399	0.348506	0.188824	0.266241	0.196429	1.784112	1.987961
8316	-1024.845	-1237.799	212.9536	1.344538	0.365596	0.198084	0.292084	0.144235	1.915211	1.655289
8322	-1018.348	-1231.275	212.9262	1.093007	0.133339	0.299515	0.44165	0.125495	1.966767	1.804336
8328	-1021.313	-1230.995	209.6823	2.004955	0.199506	0.446901	0.259166	0.0944262	1.546551	3.590944
8334	-1025.873	-1235.302	209.4289	1.423861	0.343762	0.229004	0.143645	0.283589	1.390923	4.097593
8340	-1008.621	-1219.435	210.8141	1.423861	0.337994	0.225162	0.197821	0.239023	1.561207	3.19557
8346	-1002.33	-1214.48	212.1501	1.62319	0.282083	0.122188	0.244273	0.351456	1.824557	2.100717
8352	-1006.805	-1220.307	213.5021	1.018447	0.400488	0.150865	0.334037	0.11461	1.989062	1.423321
8358	-1022.157	-1234.925	212.7683	1.039525	0.117009	0.216024	0.506092	0.160876	1.923624	1.976747
8364	-1007.753	-1220.749	212.9969	1.020088	0.159909	0.442045	0.26764	0.130405	2.070976	1.732411
8370	-1022.494	-1235.008	212.5144	0.6802106	0.147352	0.263862	0.451617	0.137169	1.84307	2.433294
8376	-1036.179	-1249.059	212.88	0.6802106	0.260542	0.133397	0.4508	0.155261	1.96155	2.123052
8382	-1038.521	-1251.4	212.8785	0.6802106	0.205953	0.249505	0.149544	0.394998	1.963014	2.123052
8388	-1022.101	-1234.506	212.4046	1.338184	0.175584	0.313574	0.174088	0.336754	1.899781	2.046481
8394	-1026.419	-1239.357	212.9379	1.058882	0.416621	0.0624204	0.230268	0.290691	1.840909	1.90533
8400	-1018.891	-1232.079	213.1881	1.283044	0.125534	0.135722	0.250676	0.488068	2.045641	1.42646
8406	-1018.688	-1232.38	213.692	1.065855	0.111452	0.304058	0.418968	0.165522	2.103491	1.134266
8412	-1025.826	-1239.97	214.1433	0.7929437	0.0928171	0.360905	0.329245	0.217033	2.377446	0.5307574
8418	-1009.522	-1222.751	213.2293	1.523957	0.268427	0.244749	0.390953	0.0958711	2.593418	0.4709096
8424	-1012.163	-1226.164	214.0015	0.9205083	0.395893	0.200849	0.306379	0.0968786	2.374552	0.5897168
8430	-1023.916	-1237.884	213.968	0.8421829	0.354429	0.0822074	0.374169	0.189195	2.085105	1.105934
8436	-1010.402	-1224.282	213.88	0.8421829	0.335685	0.0809705	0.359874	0.223471	2.489674	0.7603357
8442	-1018.397	-1232.206	213.8092	1.072289	0.207914	0.207988	0.416387	0.167711	2.320624	0.7707139
8448	-1026.856	-1241.026	214.1695	0.7561983	0.305624	0.0979447	0.24989	0.346541	2.380794	0.5776308
8454	-1021.683	-1235.838	214.1546	0.7561983	0.218999	0.0569984	0.475685	0.248318	2.406575	0.5052831
8460	-1015.882	-1227.613	211.7305	4.078097	0.443663	0.0592944	0.228188	0.268854	2.406575	0.6782906
8466	-1027.522	-1241.348	213.8264	1.060759	0.201574	0.317326	0.230589	0.250512	2.406575	0.5974268
8472	-1039.525	-1252.905	213.3808	1.499802	0.274472	0.106852	0.295985	0.322691	2.447624	0.5974268
8478	-1040.275	-1254.121	213.8459	0.9111928	0.24185	0.132768	0.341045	0.284337	2.519153	0.644038
8484	-1030.627	-1243.459	212.8326	2.222192	0.366434	0.0602526	0.16255	0.410763	2.446244	0.5299825
8490	-1026.407	-1239.088	212.681	2.222192	0.391782	0.032442	0.0885763	0.4872	2.599631	0.496879
8496	-1016.261	-1229.419	213.1579	1.599138	0.16885	0.0403694	0.485636	0.305145	2.599631	0.4606639
8502	-1011.495	-1224.729	213.2337	1.544566	0.397321	0.0631143	0.381649	0.157916	2.560462	0.4243297
8508	-1015.553	-1228.821	213.2686	1.34511	0.467214	0.0944288	0.289916	0.148441	2.671371	0.3689687
8514	-1007.659	-1220.528	212.8687	2.131351	0.451947	0.207029	0.146525	0.194498	2.346818	0.8004561
8520	-1010.674	-1224.269	213.5952	1.334847	0.506991	0.110452	0.164371	0.218186	2.346818	0.6732698
8526	-1000.843	-1214.819	213.9758	0.9353638	0.265374	0.0949732	0.452043	0.18761	2.346818	0.6803181
8532	-1015.874	-1229.243	213.3692	1.530617	0.186443	0.196955	0.39147	0.225133	2.277149	0.8536523
8538	-1032.842	-1246.597	213.7543	1.060771	0.390389	0.0867062	0.342258	0.180648	2.441994	0.6818757
8544	-1021.764	-1235.412	213.6477	1.020867	0.250558	0.0332175	0.359298	0.356927	1.924224	1.358379
8550	-1019.62	-1233.448	213.828	1.020867	0.595724	0.0252784	0.271097	0.1079	1.969832	1.171447
8556	-1016.359	-1230.013	213.6541	0.9353722	0.252007	0.142831	0.462234	0.142928	1.996649	1.364084
8562	-1023.362	-1236.569	213.2072	1.273784	0.323464	0.0480257	0.42004	0.20847	2.768859	0.3346787
8568	-1013.185	-1226.225	213.0407	1.258236	0.357745	0.0500638	0.361628	0.230564	2.906807	0.2978182
8574	-1010.884	-1224.293	213.4089	0.7840182	0.214519	0.0643945	0.539812	0.181275	2.983002	0.2798351
8580	-1008.476	-1221.919	213.4427	0.5782115	0.35002	0.15529	0.392236	0.102454	3.053866	0.2233271
8586	-1017.179	-1230.606	213.4269	0.7814305	0.367781	0.151385	0.380956	0.0998774	2.93396	0.2600518
8592	-1015.655	-1229.084	213.4291	0.7901184	0.282375	0.055878	0.482013	0.179735	2.944988	0.2727986
8598	-1041.375	-1254.749	213.3733	0.8614076	0.286535	0.23637	0.395463	0.0816326	2.904396	0.2602172
8604	-1014.069	-1228.031	213.9616	0.700323	0.261631	0.035962	0.571766	0.130642	2.582125	0.7220481
8610	-1018.592	-1232.292	213.7007	0.7336731	0.218548	0.43206	0.215435	0.133958	2.802147	0.323692
8616	-1026.737	-1240.076	213.3386	0.742712	0.180254	0.601227	0.134738	0.0837808	3.101075	0.282602
8622	-1015.559	-1229.88	214.3206	0.7198632	0.438136	0.284772	0.267703	0.00938871	1.940029	1.031721
8628	-1020.057	-1234.343	214.2855	0.6704858	0.413956	0.268884	0.315427	0.00173286	2.027371	1.031721
8634	-1023.954	-1237.345	213.391	0.5510859	0.292788	0.308798	0.391852	0.00656227	3.148384	0.2294148
8640	-1022.697	-1235.783	213.0853	0.6441006	0.320869	0.397798	0.261388	0.0199461	3.28403	0.2019136
8646	-1015.009	-1228.205	213.196	0.3526713	0.11628	0.465404	0.408855	0.00946045	3.321881	0.1644506
8652	-1017.106	-1230.056	212.9504	0.272207	0.0666998	0.48177	0.445533	0.00599763	3.473479	0.1359772
8658	-1002.888	-1215.767	212.8789	0.441542	0.0280409	0.604114	0.361081	0.00676418	3.455681	0.1404082
8664	-1013.474	-1226.248	212.7741	0.505268	0.051262	0.605555	0.324096	0.0190862	3.507606	0.142106
8670	-1016.945	-1229.878	212.933	0.5740871	0.0492332	0.513553	0.418883	0.0183308	3.32923	0.1527659
8676	-1004.02	-1217.402	213.3811	0.3146971	0.0772222	0.291124	0.609262	0.0223923	3.318159	0.2117378
8682	-1001.399	-1214.374	212.9751	0.6061736	0.301493	0.251819	0.39584	0.0508488	3.322676	0.1691433
8688	-1015.192	-1228.251	213.0586	0.5440959	0.165799	0.38151	0.348096	0.104595	3.303818	0.1691433
8694	-1016.183	-1230.508	214.3256	0.5968491	0.198404	0.235839	0.510901	0.0548556	1.828755	1.243025
8700	-1022.735	-1236.425	213.6899	0.5004973	0.139112	0.295512	0.381716	0.18366	3.007252	0.2853661
8706	-1024.166	-1237.303	213.137	0.5642207	0.161083	0.175844	0.591546	0.0715271	3.256862	0.1833561
8712	-1024.118	-1236.625	212.507	1.116479	0.34522	0.0719293	0.417956	0.164895	3.256862	0.1667437
8718	-1010.605	-1221.609	211.0033	3.113029	0.502899	0.025911	0.23098	0.24021	3.309355	0.176408
8724	-1012.451	-1225.132	212.681	1.305058	0.262875	0.0179151	0.558901	0.160309	3.039087	0.2062157
8730	-1013.494	-1225.853	212.3584	1.599924	0.274783	0.0132795	0.414285	0.297652	3.108833	0.2080782
8736	-1023.341	-1236.173	212.8318	1.093265	0.274783	0.0132795	0.414285	0.297652	3.163929	0.2362197
8742	-1031.837	-1244.544	212.7078	1.322754	0.369748	0.0118133	0.405483	0.212956	3.140059	0.2711877
8748	-1042.664	-1255.25	212.5865	1.814359	0.23697	0.0300958	0.209334	0.5236	2.950479	0.3596385
8754	-1044.403	-1256.841	212.4378	1.236043	0.492771	0.16268	0.278848	0.0657012	1.974134	2.037375
8760	-1060.308	-1272.694	212.3858	1.765136	0.333377	0.31623	0.178752	0.171641	1.880033	1.8276
8766	-1052.435	-1265.665	213.2303	0.6966806	0.0360357	0.245646	0.372032	0.346287	1.912096	1.911428
8772	-1018.05	-1231.107	213.0576	1.127763	0.177811	0.277202	0.273913	0.271074	3.004936	0.2918283
8778	-1023.549	-1236.499	212.9506	1.240661	0.214409	0.281594	0.330291	0.173707	3.004936	0.2918283
8784	-1029.829	-1240.884	211.0545	2.044331	0.271348	0.118325	0.353189	0.257139	1.730279	2.645486
8790	-1022.631	-1234.427	211.7958	1.029218	0.271037	0.0409241	0.498059	0.18998	1.730279	2.725338
8796	-1013.955	-1227.111	213.1568	0.762648	0.201339	0.0604216	0.401299	0.33694	1.814847	1.979368
8802	-1013.659	-1226.525	212.8657	1.459318	0.359383	0.0455438	0.375564	0.219509	1.883529	1.667937
8808	-1018.851	-1232.107	213.2559	1.416426	0.139361	0.157415	0.381727	0.321497	2.175926	1.166852
8814	-1031.762	-1245.177	213.4151	1.428914	0.192972	0.217971	0.285019	0.304038	2.283705	0.8955618
8820	-1016.144	-1230.589	214.4455	0.531389	0.167033	0.170505	0.547679	0.114782	2.294312	0.6896952
8826	-1015.577	-1229.664	214.0869	0.7332294	0.357577	0.163308	0.318016	0.161099	2.440884	0.6896952
8832	-1019.221	-1232.989	213.7686	1.085544	0.268484	0.251667	0.437942	0.0419069	2.339079	0.7836073
8838	-1012.8	-1226.606	213.8057	0.8657946	0.311449	0.253724	0.416761	0.0180667	2.593934	0.6694508
8844	-1002.743	-1217.067	214.3236	0.5314179	0.219088	0.410242	0.29317	0.0774997	2.467788	0.5575832
8850	-1007.927	-1221.93	214.0029	0.7850221	0.190421	0.468341	0.251726	0.0895123	2.514205	0.5878613
8856	-1022.474	-1236.301	213.8264	0.7850221	0.350748	0.217243	0.268245	0.163764	2.704229	0.4877126
8862	-1028.402	-1242.18	213.7782	0.841336	0.231107	0.0999351	0.489369	0.179589	2.629327	0.701737
8868	-1046.851	-1260.708	213.857	0.7607853	0.096919	0.0908173	0.248542	0.563722	2.644129	0.685104
8874	-1029.83	-1243.797	213.9664	0.6398458	0.279118	0.240835	0.41689	0.0631566	2.662796	0.685104
8880	-1048.994	-1262.011	213.0168	1.476447	0.254041	0.137731	0.452202	0.156026	2.003748	1.45732
8886	-1026.683	-1240.627	213.9445	0.9852212	0.198508	0.160842	0.512187	0.128463	2.146919	0.9235035
8892	-1036.791	-1250.477	213.6863	1.087377	0.295731	0.207137	0.467662	0.0294703	1.893637	1.299482
8898	-1015.577	-1229.108	213.5311	0.8394245	0.225771	0.140747	0.55567	0.0778132	1.897699	1.6061
8904	-1018.838	-1231.321	212.4834	2.163441	0.162785	0.400226	0.365034	0.0719548	1.79401	1.6061
8910	-1018.093	-1231.333	213.2404	1.313018	0.271861	0.286695	0.243381	0.198063	2.192417	1.245285
8916	-1027.2	-1239.218	212.0178	3.228369	0.157301	0.266942	0.195754	0.380003	2.078754	1.216575
8922	-1029.339	-1243.246	213.9066	0.5002656	0.0836096	0.278189	0.453493	0.184708	2.841938	0.3253448
8928	-1033.285	-1247.226	213.9409	0.4977702	0.0832699	0.277059	0.555498	0.0841729	2.81974	0.3347289
8934	-1014.235	-1228.129	213.8936	0.4977702	0.214862	0.364004	0.142978	0.278156	2.81974	0.2946915
8940	-1017.277	-1230.737	213.4602	0.9533898	0.0733919	0.468749	0.129314	0.328545	2.81974	0.3285194
8946	-1019.466	-1232.966	213.4998	0.9533898	0.219298	0.260051	0.147048	0.373603	2.81974	0.3753767
8952	-1038.189	-1251.159	212.9695	1.276473	0.0752993	0.128208	0.428179	0.368314	2.93115	0.2775084
8958	-1005.269	-1218.76	213.4905	0.7786685	0.0968044	0.469775	0.33516	0.098261	2.939266	0.3022671
8964	-1003.879	-1217.31	213.431	0.813166	0.0940863	0.456584	0.353828	0.095502	2.932718	0.2813427
8970	-1002.665	-1215.913	213.2478	1.022404	0.103954	0.411331	0.398679	0.0860365	2.902267	0.2813427
8976	-1015.048	-1228.575	213.5271	0.8146481	0.240407	0.321534	0.330571	0.107488	2.840509	0.2849056
8982	-1013.9	-1227.693	213.7931	0.595579	0.210059	0.392555	0.288842	0.108545	2.855586	0.323603
8988	-1026.237	-1239.639	213.4021	0.9379894	0.203311	0.156835	0.46508	0.174774	2.888224	0.323603
8994	-1018.015	-1231.949	213.9339	0.274776	0.0974148	0.387569	0.479322	0.0356939	2.938634	0.2899205
9000	-1021.104	-1234.987	213.8827	0.4484395	0.329773	0.290364	0.367906	0.0119563	2.868171	0.2876196
9006	-1022.37	-1236.267	213.8965	0.4334797	0.25921	0.396159	0.289183	0.055448	2.868171	0.2876196
9012	-1039.15	-1253.226	214.0765	0.9330553	0.138103	0.416111	0.23001	0.215777	2.076753	0.913567
9018	-1031.003	-1244.289	213.2857	1.536501	0.424232	0.0977464	0.228808	0.249214	2.392749	0.8069979
9024	-1024.541	-1238.168	213.6271	0.4334797	0.32521	0.312834	0.331352	0.0306038	3.03446	0.2322605
9030	-1029.491	-1243.002	213.5113	0.5728492	0.184478	0.390664	0.344164	0.080694	3.012172	0.2322605
9036	-1036.195	-1249.959	213.7633	0.4754764	0.158694	0.100862	0.653332	0.0871122	2.979815	0.3004657
9042	-1050.33	-1263.858	213.5278	0.9437437	0.164507	0.181524	0.332822	0.321147	2.810117	0.3892981
9048	-1033.069	-1246.799	213.7305	0.7945039	0.219525	0.192106	0.444129	0.14424	2.778912	0.4278736
9054	-1025.203	-1239.385	214.1827	0.5163591	0.282225	0.144342	0.311015	0.262418	2.623004	0.4428957
9060	-1020.341	-1234.142	213.801	0.6472366	0.241694	0.506174	0.161646	0.0904854	2.821185	0.3526934
9066	-1021.026	-1234.716	213.6902	1.145845	0.184597	0.410384	0.305955	0.0990641	2.474939	0.4681465
9072	-1042.014	-1256.035	214.0213	0.6294003	0.0540318	0.625088	0.242565	0.0783154	2.67317	0.4780052
9078	-1012.256	-1226.498	214.2416	0.4998084	0.156613	0.22058	0.366859	0.255948	2.586757	0.4780052
9084	-1014.187	-1227.525	213.3385	1.321881	0.224975	0.316863	0.322481	0.13568	2.577939	0.7376385
9090	-1016.279	-1230.596	214.3163	0.6043006	0.311818	0.222894	0.260292	0.204997	2.319109	0.7376385
9096	-1026.156	-1239.983	213.8275	0.7835662	0.220353	0.389439	0.108943	0.281266	2.319109	1.076178
9102	-1011.069	-1223.718	212.6496	1.63656	0.479318	0.0341117	0.291279	0.195291	2.110502	1.550676
9108	-1021.68	-1234.848	213.1678	1.472257	0.378265	0.0684003	0.352493	0.200841	2.137322	1.233477
9114	-1012.766	-1225.763	212.9978	1.511984	0.33389	0.234474	0.0346359	0.397001	2.089786	1.381898
9120	-1010.217	-1223.521	213.3045	1.511984	0.154995	0.328362	0.153815	0.362827	2.126897	1.092497
9126	-1011.663	-1225.223	213.5602	0.9478148	0.136786	0.275076	0.286115	0.302023	1.78285	1.587437
9132	-1024.34	-1238.045	213.7049	0.8293491	0.183072	0.191657	0.368933	0.256339	2.136038	1.299262
9138	-1046.289	-1260.49	214.2007	0.6561833	0.178278	0.202825	0.404178	0.214719	2.136884	1.022448
9144	-1039.379	-1253.582	214.203	0.7094173	0.209891	0.163727	0.477975	0.148408	2.312425	0.7511986
9150	-1012.4	-1226.512	214.1121	0.6616321	0.188577	0.176522	0.515329	0.119572	2.313314	0.9261754
9156	-1031.323	-1245.382	214.0589	0.8939226	0.324151	0.088083	0.443006	0.14476	2.171849	0.8710173
9162	-1011.469	-1224.898	213.4295	1.344004	0.350753	0.0037568	0.48885	0.15664	2.19582	1.049471
9168	-1022.501	-1235.166	212.6649	1.783687	0.399501	0.00220764	0.287267	0.311024	1.913842	1.595971
9174	-1004.668	-1217.109	212.4412	2.672748	0.563693	0.0610144	0.133999	0.241294	2.494569	0.6573436
9180	-1014.713	-1227.843	213.1298	1.681015	0.430852	0.00197897	0.288361	0.278808	2.516409	0.6688332
9186	-1024.5	-1237.862	213.362	1.374666	0.547135	0.00251307	0.281033	0.169319	2.555446	0.6503443
9192	-1026.098	-1239.035	212.9371	1.971994	0.226259	0.0371506	0.402749	0.333842	2.516831	0.5745108
9198	-1012.95	-1226.824	213.8738	0.9188344	0.493332	0.0425839	0.362423	0.101661	2.516831	0.527827
9204	-1016.719	-1230.84	214.1215	0.4614841	0.355844	0.156796	0.431909	0.0554506	2.741813	0.4594749
9210	-1012.205	-1226.179	213.9738	0.70464	0.135041	0.209385	0.641772	0.0138022	2.638517	0.4594749
9216	-1030.297	-1244.426	214.1288	0.5757909	0.201975	0.302591	0.481239	0.0141948	2.617038	0.556213
9222	-1005.332	-1219.321	213.9884	0.7373903	0.301424	0.0521857	0.627871	0.0185199	2.592581	0.4917507
9228	-1005.526	-1219.569	214.0423	0.7373903	0.272787	0.0446258	0.536914	0.145673	2.38295	0.8333807
9234	-1005.542	-1219.697	214.1545	0.7576776	0.196753	0.0931498	0.605027	0.10507	2.335306	0.710909
9240	-1017.342	-1231.609	214.2664	0.6804111	0.293746	0.302015	0.375263	0.028976	2.316589	0.6909294
9246	-1015.032	-1228.909	213.8771	0.9669853	0.32144	0.120732	0.47965	0.0781782	2.279873	0.8701815
9252	-1012.357	-1226.48	214.1226	0.7138095	0.252816	0.32596	0.404373	0.016851	2.281283	0.8886578
9258	-1012.146	-1226.287	214.1409	0.719554	0.225107	0.249357	0.360055	0.165481	2.260169	0.8848793
9264	-1019.057	-1231.553	212.4957	2.800481	0.28171	0.193622	0.262384	0.262284	2.353916	0.6684705
9270	-1009.276	-1222.23	212.9534	1.938498	0.233501	0.160487	0.403565	0.202447	2.520275	0.5942766
9276	-1026.259	-1240.394	214.1359	0.7293753	0.27523	0.215672	0.237038	0.27206	2.453239	0.5154306
9282	-1030.741	-1244.667	213.9261	0.9873543	0.287799	0.23483	0.268627	0.208745	2.219829	0.8589715
9288	-1021.94	-1235.708	213.7681	0.9873543	0.324478	0.21664	0.334572	0.12431	2.137997	1.104723
9294	-1035.354	-1249.026	213.6721	0.9873543	0.142749	0.450732	0.296394	0.110125	2.490669	0.8384553
9300	-1024.642	-1238.736	214.0938	0.8053118	0.231101	0.349746	0.102626	0.316526	2.397475	0.601907
9306	-1015.064	-1228.593	213.5291	1.251212	0.229198	0.392258	0.0720441	0.3065	2.538472	0.5099126
9312	-1030.04	-1242.868	212.8279	1.625926	0.411446	0.0370408	0.48053	0.0709835	2.074689	1.45039
9318	-1011.531	-1225.594	214.0632	0.637943	0.0520634	0.281287	0.647279	0.0193709	2.305119	1.011222
9324	-1014.061	-1227.745	213.6841	0.9923374	0.114816	0.351134	0.437184	0.0968656	2.557253	0.7217773
9330	-1015.316	-1229.662	214.346	0.5958926	0.187675	0.159288	0.446268	0.206769	2.370086	0.5902697
9336	-1006.853	-1221.157	214.3037	0.6353158	0.189501	0.0801631	0.521556	0.20878	2.289807	0.751778
9342	-997.4804	-1211.395	213.9145	0.8095993	0.0891721	0.0797085	0.680371	0.150748	2.069169	1.197367
9348	-999.3549	-1213.298	213.9429	0.8095993	0.320174	0.195005	0.377559	0.107262	2.040832	1.197367
9354	-997.158	-1210.855	213.6975	0.5487611	0.12988	0.207082	0.516347	0.146691	1.932972	1.68087
9360	-1002.982	-1215.742	212.7606	1.203072	0.14427	0.130621	0.63258	0.0925287	1.740922	1.998425
9366	-1000.206	-1212.849	212.6432	0.9264682	0.310891	0.0976833	0.552343	0.0390831	1.949591	2.117451
9372	-995.4853	-1208.276	212.7905	0.9644745	0.247718	0.302589	0.440108	0.00958424	1.763773	2.117451
9378	-1008.339	-1220.982	212.6431	0.7612166	0.164147	0.257262	0.503195	0.0753972	1.807417	2.320138
9384	-1000.328	-1213.719	213.3906	0.8413809	0.212128	0.268349	0.468269	0.0512553	1.885224	1.714097
9390	-1003.919	-1218.147	214.2275	0.5285947	0.148597	0.295589	0.515803	0.0400114	2.172691	1.089551
9396	-1010.569	-1224.895	214.3266	0.566315	0.101188	0.354331	0.517235	0.027246	2.120033	1.008108
9402	-1011.26	-1225.033	213.7729	0.8563395	0.226543	0.350864	0.361594	0.0609992	2.120033	1.233118
9408	-1016.322	-1229.688	213.3655	1.034834	0.127465	0.384081	0.221129	0.267325	2.028858	1.484693
9414	-1017.883	-1231.37	213.487	0.7729168	0.199079	0.33864	0.20928	0.253	2.016763	1.602226
9420	-1011.864	-1224.794	212.9302	1.330408	0.207834	0.198426	0.403848	0.189892	2.144969	1.513862
9426	-1015.091	-1227.033	211.9422	2.76773	0.291135	0.0977285	0.495409	0.115728	1.963347	1.581219
9432	-1013.399	-1227.128	213.7297	0.5590991	0.233023	0.387142	0.308579	0.0712562	2.01566	1.590444
9438	-1007.063	-1220.87	213.8076	0.6928535	0.211553	0.249829	0.434165	0.104453	2.054051	1.39709
9444	-1022.603	-1236.764	214.1612	0.5277742	0.318204	0.0853523	0.577463	0.01898	1.869352	1.40022
9450	-1039.934	-1253.411	213.4776	1.534972	0.104697	0.0958674	0.643315	0.15612	2.059829	0.9703618
9456	-1031.387	-1245.234	213.8473	1.054012	0.0584389	0.381561	0.31857	0.241429	1.924328	1.165616
9462	-1032.552	-1246.43	213.8783	0.7511578	0.203843	0.144323	0.606434	0.0454005	2.06872	1.279632
9468	-1027.764	-1241.243	213.4794	1.158747	0.435036	0.182028	0.286044	0.0968925	2.027297	1.302992
9474	-1019.027	-1232.585	213.5577	0.5777615	0.361325	0.151185	0.42901	0.0584797	2.199282	1.567761
9480	-1022.503	-1235.359	212.8555	1.317388	0.418725	0.016341	0.497164	0.0677699	2.141666	1.580214
9486	-1033.912	-1247.291	213.3791	0.8433608	0.192055	0.0567697	0.515737	0.235437	2.081098	1.580214
9492	-1012.036	-1224.883	212.8475	0.8684131	0.177513	0.288378	0.214578	0.319532	1.797343	2.122408
9498	-1017.043	-1229.339	212.2956	0.3807362	0.267659	0.169283	0.468501	0.0945577	1.736432	2.817411
9504	-1029.519	-1241.536	212.0176	0.8493467	0.213003	0.248051	0.485196	0.05375	1.540266	2.817411
9510	-1024.711	-1236.794	212.0832	0.704463	0.102372	0.343051	0.523172	0.0314047	1.626872	2.817411
9516	-1016.966	-1229.559	212.5923	0.8571323	0.248302	0.236378	0.418009	0.0973114	1.719217	2.344727
9522	-1009.009	-1219.589	210.5802	3.878076	0.124285	0.217196	0.582786	0.0757332	1.781154	2.206184
9528	-1013.894	-1224.881	210.9872	3.314275	0.0524835	0.245214	0.526674	0.175628	1.676585	2.206184
9534	-1015.89	-1227.139	211.2491	3.726509	0.0388411	0.441109	0.389771	0.130278	1.886615	1.739315
9540	-1020.948	-1233.112	212.1641	3.191218	0.0268841	0.401955	0.474375	0.0967858	2.055543	1.127851
9546	-1023.432	-1232.81	209.3786	9.945986	0.213029	0.167978	0.505311	0.113682	2.265186	1.141447
9552	-1004.591	-1214.886	210.2954	6.184006	0.255397	0.106744	0.422029	0.21583	2.138241	1.462661
9558	-1011.968	-1219.901	207.9338	16.75905	0.524858	0.133038	0.213207	0.128897	1.950465	1.366944
9564	-1012.337	-1220.576	208.2399	12.7982	0.237293	0.206086	0.346898	0.209722	1.934938	1.738997
9570	-1005.711	-1217.864	212.1539	1.668127	0.278304	0.0551057	0.340928	0.325663	1.708906	2.149587
9576	-1024.046	-1235.893	211.8471	3.071354	0.507995	0.0165364	0.202715	0.272754	1.808401	1.6286
9582	-1023.727	-1237.314	213.587	1.111585	0.428542	0.0447827	0.262654	0.264021	2.103441	1.187367
9588	-1031.406	-1244.957	213.5509	0.7638538	0.349792	0.231286	0.291503	0.12742	2.093795	1.505309
9594	-1024.626	-1234.128	209.5027	6.909528	0.00809159	0.248024	0.624589	0.119295	1.77043	2.09059
9600	-1023.382	-1234.667	211.2851	2.140225	0.262709	0.134442	0.35948	0.243369	1.829188	2.396081
9606	-1017.978	-1231.078	213.0995	0.8454263	0.174258	0.379057	0.351781	0.0949043	1.923758	1.886074
9612	-1030.557	-1243.66	213.1032	1.029798	0.178258	0.245202	0.304339	0.272201	1.822672	1.824476
9618	-1038.118	-1251.604	213.4866	1.066105	0.21381	0.234594	0.291172	0.260424	1.997712	1.392175
9624	-1030.748	-1244.873	214.1249	0.6845954	0.206073	0.276022	0.287995	0.22991	2.163928	1.04057
9630	-1026.973	-1240.954	213.9812	1.05898	0.370763	0.147041	0.2631	0.219096	2.108629	0.8406932
9636	-1039.597	-1253.657	214.0601	0.7121941	0.232649	0.344971	0.276875	0.145505	2.293316	0.9460132
9642	-1045.024	-1258.436	213.4123	1.117672	0.0464184	0.376885	0.423182	0.153515	1.906269	1.480779
9648	-1030.954	-1244.63	213.6762	1.141378	0.114403	0.305018	0.42351	0.157069	1.971342	1.199547
9654	-1031.798	-1245.244	213.4457	1.161016	0.206709	0.483414	0.203517	0.10636	2.183029	1.199547
9660	-1016.981	-1230.604	213.6225	1.032667	0.267254	0.343284	0.324879	0.0645831	2.653242	0.4700503
9666	-1016.237	-1229.864	213.6262	0.9236731	0.220556	0.328353	0.33189	0.119202	2.759146	0.4700503
9672	-1026.135	-1237.993	211.8575	3.262007	0.0624832	0.681589	0.072309	0.183619	2.729135	0.3796768
9678	-1025.941	-1239.446	213.5047	1.363784	0.0165751	0.699651	0.14367	0.140103	2.460249	0.4998987
9684	-1029.724	-1242.275	212.5517	2.432642	0.0375736	0.606255	0.171865	0.184306	2.582496	0.5183883
9690	-1029.458	-1242.693	213.2358	1.377772	0.0324614	0.523769	0.143752	0.300018	2.655172	0.3446007
9696	-1043.965	-1257.498	213.5325	1.070873	0.183615	0.446014	0.145198	0.225173	2.655172	0.3553309
9702	-1005.456	-1216.944	211.4884	1.498516	0.383877	0.222827	0.126064	0.267232	1.688947	2.67263
9708	-1017.309	-1229.973	212.6634	1.140192	0.437091	0.311147	0.106645	0.145116	1.569511	2.213833
9714	-1013.794	-1226.343	212.5493	0.8877852	0.281082	0.30841	0.284424	0.126085	1.669971	2.383121
9720	-1026.08	-1239.818	213.7386	1.065803	0.0881806	0.0772313	0.704631	0.129957	2.483563	0.6144523
9726	-1017.598	-1231.504	213.9059	0.9371156	0.232606	0.0995649	0.614791	0.0530381	2.444804	0.6144523
9732	-1013.403	-1227.233	213.8297	1.108577	0.324581	0.105385	0.552251	0.017783	2.325564	0.6710962
9738	-1009.391	-1223.305	213.914	1.018599	0.236937	0.092675	0.625607	0.0447817	2.268551	0.7710992
9744	-1014.792	-1228.769	213.9766	0.9788333	0.131282	0.218759	0.528881	0.121078	2.245775	0.7710992
9750	-1012.764	-1226.963	214.1993	0.6987262	0.213793	0.184157	0.580928	0.0211222	2.262704	0.8385241
9756	-1012.871	-1226.93	214.0586	0.8647909	0.171169	0.0882579	0.717902	0.022671	2.242965	0.8210609
9762	-1003.773	-1216.739	212.9662	2.065795	0.300545	0.066643	0.434947	0.197865	2.364134	0.6999937
9768	-1013.091	-1225.726	212.6344	2.294486	0.210416	0.0466578	0.528514	0.214413	2.537811	0.6891655
9774	-1005.688	-1219.67	213.9828	0.9009203	0.0843851	0.0650771	0.549718	0.30082	2.184054	0.9345371
9780	-995.264	-1208.938	213.6739	1.042828	0.210842	0.288643	0.392866	0.10765	2.229319	1.055926
9786	-1013.903	-1227.951	214.0474	0.7755353	0.097552	0.094676	0.788828	0.0189444	2.175964	1.010608
9792	-1014.239	-1227.248	213.0084	0.8400714	0.168964	0.242792	0.544156	0.0440872	2.241794	1.733103
9798	-1007.236	-1220.445	213.2089	0.7489827	0.187383	0.202914	0.520494	0.08921	2.227802	1.668677
9804	-1009.755	-1222.916	213.1615	0.7884211	0.260758	0.0631251	0.664996	0.0111213	1.975652	1.849015
9810	-1010.18	-1222.982	212.8015	0.8161893	0.229968	0.132329	0.628857	0.00884565	1.776332	2.201328
9816	-1015.98	-1229.559	213.5787	0.7179501	0.0902815	0.190729	0.528928	0.190062	1.908567	1.655974
9822	-1004.715	-1217.243	212.5278	1.709205	0.345382	0.176259	0.314086	0.164273	2.20439	1.527151
9828	-1005.934	-1219.337	213.4024	0.9086179	0.151891	0.408559	0.323785	0.115766	2.078881	1.514941
9834	-1016.946	-1230.399	213.4532	0.9545175	0.214011	0.2311	0.35012	0.204769	2.121613	1.408322
9840	-1007.471	-1220.464	212.9929	1.354151	0.156751	0.464775	0.194149	0.184325	2.199663	1.408322
9846	-1001.055	-1213.638	212.5837	1.770688	0.249676	0.337119	0.155092	0.258113	2.352416	1.332111
9852	-1007.286	-1220.261	212.9745	1.811063	0.298081	0.367462	0.0263033	0.308153	2.073438	1.213565
9858	-1016.493	-1227.93	211.4374	4.47958	0.257167	0.152869	0.398231	0.191732	2.287246	0.9637487
9864	-1020.281	-1232.969	212.6884	1.932254	0.199906	0.266285	0.154669	0.37914	2.158702	1.30215
9870	-1023.84	-1236.866	213.0265	1.209995	0.214417	0.263142	0.175766	0.346675	2.186012	1.494274
9876	-1024.993	-1237.789	212.7965	1.825077	0.263645	0.329774	0.226321	0.18026	2.399045	1.07241
9882	-1023.19	-1236.349	213.1598	1.214631	0.381092	0.0521626	0.454472	0.112274	1.87872	1.61926
9888	-1024.203	-1236.344	212.1414	1.444118	0.352536	0.0855276	0.508993	0.052943	1.542523	2.386356
9894	-1007.022	-1220.431	213.4095	0.5995503	0.156765	0.298378	0.487158	0.0576987	2.050584	1.763672
9900	-1023.558	-1235.459	211.9015	0.7384127	0.264417	0.275326	0.277981	0.182276	1.566959	2.941863
9906	-1021.211	-1232.476	211.2651	1.849709	0.221613	0.367863	0.166986	0.243539	1.493124	2.752775
9912	-1036.985	-1250.977	213.9915	0.694137	0.169343	0.29323	0.280167	0.25726	2.308252	1.020125
9918	-1036.873	-1250.312	213.4391	0.7600286	0.299195	0.300848	0.212527	0.18743	2.141437	1.555974
9924	-1033.964	-1246.01	212.046	0.8339387	0.0805673	0.511097	0.220309	0.188027	1.633847	2.752817
9930	-1034.795	-1246.139	211.3441	1.587394	0.170887	0.478539	0.206275	0.144299	1.707099	2.703577
9936	-1017.328	-1228.835	211.5075	1.319305	0.283947	0.260379	0.171326	0.284348	1.732612	2.731553
9942	-1010.02	-1222.201	212.1811	1.068778	0.233241	0.218142	0.213707	0.33491	2.012034	2.283972
9948	-1025.568	-1238.267	212.6995	1.576954	0.215775	0.165002	0.417176	0.202048	1.783939	1.784028
9954	-1012.215	-1225.011	212.7955	0.8679987	0.35211	0.29774	0.102319	0.247831	1.798621	2.155816
9960	-1019.815	-1231.559	211.7432	1.050411	0.310251	0.286599	0.198224	0.204926	1.66504	2.784501
9966	-1009.309	-1220.869	211.56	2.878302	0.20271	0.211927	0.453623	0.13174	1.818779	1.902855
9972	-1025.806	-1238.776	212.9701	0.9948914	0.267414	0.162698	0.460948	0.108941	1.867274	1.908726
9978	-1039.858	-1251.947	212.0897	0.9948914	0.396412	0.221372	0.220724	0.161492	1.791461	2.527119
9984	-1025.185	-1238.466	213.2815	1.095433	0.214903	0.29132	0.263918	0.229859	1.860998	1.626534
9990	-1027.78	-1240.631	212.8514	1.326845	0.259121	0.21744	0.253813	0.269625	1.66346	1.912508
9996	-1039.552	-1252.238	212.6859	0.5381849	0.310769	0.260781	0.304404	0.124046	1.399278	2.69496
10002	-1014.379	-1226.613	212.2342	0.6366953	0.160738	0.309505	0.361278	0.168478	1.489889	2.852482
10008	-1019.609	-1230.65	211.0415	1.401725	0.204961	0.293196	0.342242	0.159601	1.364986	3.188686
10014	-1026.791	-1238.187	211.3952	0.7417093	0.154761	0.38111	0.256672	0.207457	1.656714	3.188686
10020	-1030.912	-1244.172	213.2595	0.3995606	0.152244	0.118639	0.69523	0.0338867	1.959256	2.059779
10026	-1013.305	-1227.271	213.9658	0.6108892	0.142953	0.172221	0.653007	0.0318187	1.898733	1.461495
10032	-1012.033	-1225.892	213.8591	0.6626289	0.147926	0.270062	0.549087	0.0329255	1.744906	1.614128
10038	-1018.258	-1232.092	213.8334	0.7354737	0.381855	0.181879	0.380448	0.0558174	2.119201	1.288675
10044	-1036.642	-1249.55	212.9078	0.7167348	0.347459	0.171528	0.320571	0.160442	1.779623	2.198141
10050	-1038.063	-1250.357	212.2945	3.040907	0.476476	0.182263	0.03772	0.303541	1.935139	1.196269
10056	-1028.567	-1240.628	212.0616	2.98145	0.379496	0.183587	0.132451	0.304466	2.150019	1.241679
10062	-1025.573	-1238.703	213.1302	1.10039	0.279365	0.295875	0.128766	0.295995	1.758853	1.802109
10068	-1018.716	-1230.954	212.238	1.154761	0.245342	0.259842	0.311946	0.18287	1.816389	2.319361
10074	-1031.668	-1244.424	212.7554	0.8072588	0.168422	0.178375	0.511901	0.141302	1.725805	2.269595
10080	-1018.631	-1230.918	212.2867	1.204081	0.241625	0.196924	0.48185	0.079601	1.789037	2.275825
10086	-1020.688	-1233.731	213.0432	0.8904931	0.109936	0.387042	0.431705	0.0713171	1.823799	1.960186
10092	-1015.25	-1228.329	213.0798	0.7218165	0.0628148	0.228591	0.46324	0.245354	1.955258	1.965759
10098	-1019.935	-1232.799	212.8643	0.8717899	0.158446	0.429622	0.383413	0.0285189	2.013678	1.965759
10104	-1022.826	-1234.981	212.1552	0.4776123	0.23254	0.164228	0.56271	0.0405219	1.731571	2.853002
10110	-1018.152	-1231.177	213.0245	0.8749429	0.188567	0.228873	0.521182	0.0613786	1.781153	2.011898
10116	-1016.341	-1228.815	212.4735	0.5191627	0.267854	0.236752	0.466626	0.0287673	1.705771	2.649003
10122	-1007.574	-1217.621	210.0472	0.7743661	0.141555	0.415484	0.427758	0.0152029	1.53389	4.023098
10128	-1010.418	-1223.58	213.1629	0.6565385	0.157593	0.349258	0.476223	0.0169254	1.439275	2.293974
10134	-1011.163	-1223.478	212.3156	0.6565385	0.166519	0.277174	0.532201	0.0241057	1.499119	2.784654
10140	-1019.339	-1232.182	212.8435	0.7804956	0.332679	0.274748	0.32358	0.068993	1.716564	2.236946
10146	-1029.402	-1241.776	212.3745	1.362805	0.310688	0.197306	0.45234	0.039666	1.615739	2.236946
10152	-1023.759	-1236.161	212.4027	2.077645	0.147079	0.162637	0.164464	0.52582	2.411249	1.239578
10158	-1031.033	-1242.906	211.8729	1.27966	0.145617	0.438559	0.264553	0.15127	1.99792	2.361575
10164	-1034.935	-1246.86	211.9252	1.570831	0.0424973	0.472995	0.285326	0.199182	1.913983	2.217465
10170	-1062.695	-1273.928	211.2324	2.647386	0.101063	0.475907	0.169262	0.253768	1.552064	2.385667
10176	-1047.633	-1260.279	212.6464	1.107946	0.299113	0.317301	0.15348	0.230106	1.805825	2.091261
10182	-1042.217	-1254.364	212.1465	0.9147926	0.339575	0.168377	0.23802	0.254027	1.933209	2.453656
10188	-1035.231	-1247.121	211.8901	1.218685	0.317813	0.154648	0.315932	0.211607	1.84485	2.482888
10194	-1031.723	-1243.784	212.061	1.167256	0.302165	0.0601076	0.464274	0.173453	1.722573	2.482888
10200	-1024.373	-1237.643	213.2693	0.9636536	0.21421	0.371631	0.289691	0.124468	1.986712	1.638894
10206	-1012.668	-1226.95	214.2826	0.5846016	0.196511	0.388941	0.265755	0.148794	2.152833	1.000202
10212	-998.7209	-1212.862	214.1411	0.7308455	0.162118	0.666464	0.136583	0.0348347	2.151357	0.9886668
10218	-1019.243	-1233.318	214.0746	0.5466096	0.15258	0.62725	0.201298	0.0188723	2.170973	1.210126
10224	-1020.002	-1233.951	213.9489	0.9298355	0.0976484	0.40143	0.452453	0.0484693	2.170973	0.9530266
10230	-1004.477	-1218.213	213.7366	0.7237843	0.329818	0.360107	0.299747	0.0103284	2.522751	1.028935
10236	-1016.789	-1231.226	214.4375	0.4533364	0.426326	0.120168	0.440303	0.0132025	2.320818	0.7812148
10242	-1012.635	-1226.878	214.2428	0.7259502	0.318087	0.0888608	0.497542	0.0955108	2.251879	0.7559829
10248	-1024.075	-1238.21	214.1347	0.6823911	0.210565	0.253638	0.256059	0.279738	2.12968	1.065991
10254	-1022.186	-1236.214	214.0273	0.7475376	0.125738	0.296976	0.348407	0.228879	2.02941	1.190664
10260	-1021.709	-1235.613	213.9036	0.6624137	0.298852	0.371384	0.302371	0.0273935	2.253922	1.181407
10266	-1023.447	-1237.486	214.0386	0.5435601	0.16252	0.310145	0.514278	0.0130569	2.243508	1.181407
10272	-1021.515	-1235.504	213.9894	0.7113011	0.215255	0.330313	0.423205	0.0312275	2.065672	1.224791
10278	-1019.83	-1233.12	213.2902	1.333171	0.334116	0.347783	0.296241	0.0218591	2.110817	1.256556
10284	-1036.78	-1250.464	213.6844	0.693266	0.286753	0.348405	0.284462	0.0803797	2.058639	1.48754
10290	-1019.103	-1232.442	213.3388	0.9089095	0.256008	0.215543	0.215285	0.313165	2.107506	1.540692
10296	-1032.41	-1246.005	213.5946	1.063143	0.331695	0.279266	0.27022	0.11882	2.294406	1.050375
10302	-1028.55	-1242.32	213.7704	1.063143	0.248122	0.350726	0.310482	0.0906702	2.234135	0.9338522
10308	-1031.759	-1245.572	213.813	0.8056611	0.196051	0.138412	0.583289	0.0822484	2.279282	1.104973
10314	-1026.167	-1240.336	214.1688	0.6580527	0.0978303	0.0189984	0.774027	0.109144	2.079353	1.104973
10320	-1024.492	-1237.582	213.0897	1.317159	0.251404	0.0170346	0.535735	0.195827	1.951781	1.547836
10326	-1022.707	-1235.529	212.8224	1.188048	0.277652	0.0374841	0.378922	0.305941	2.135831	1.694748
10332	-1030.383	-1244.804	214.4207	0.4782793	0.117085	0.293245	0.509657	0.0800127	2.225609	0.8910096
10338	-1039.005	-1253.313	214.3074	0.5998234	0.158215	0.256515	0.44582	0.13945	2.015187	1.093018
10344	-1013.069	-1226.58	213.5108	0.5612539	0.186997	0.300279	0.419473	0.0932507	2.250196	1.57737
10350	-1016.616	-1230.037	213.421	0.9878027	0.201012	0.215937	0.515992	0.0670585	2.14023	1.392743
10356	-1026.836	-1240.732	213.8968	0.7627227	0.250065	0.225451	0.443253	0.0812315	1.997896	1.31234
10362	-1022.66	-1235.887	213.2271	1.111167	0.0860684	0.407036	0.295998	0.210897	1.728201	1.748718
10368	-1029.663	-1243.237	213.5736	1.050068	0.226168	0.214233	0.340135	0.219464	1.783693	1.501299
10374	-1025.178	-1238.28	213.1017	1.41684	0.33675	0.358136	0.264414	0.0406993	1.797927	1.586288
10380	-1018.281	-1232.075	213.7942	1.000366	0.25463	0.395904	0.15699	0.192476	1.847027	1.319411
10386	-1016.016	-1229.584	213.5679	1.000366	0.267938	0.227604	0.312688	0.191771	1.953925	1.41362
10392	-1020.966	-1234.787	213.8216	0.7604309	0.398578	0.172157	0.353434	0.0758305	1.947235	1.41362
10398	-1015.278	-1229.126	213.8474	0.701074	0.260206	0.152821	0.483283	0.10369	1.931027	1.454432
10404	-1016.158	-1229.298	213.1405	1.208651	0.178193	0.393072	0.113027	0.315709	2.141642	1.442465
10410	-1016.002	-1229.282	213.2793	1.197723	0.202595	0.135168	0.446067	0.21617	2.119597	1.359671
10416	-1026.996	-1240.246	213.2503	1.56936	0.285785	0.218778	0.102502	0.392934	2.002304	1.207463
10422	-1030.236	-1243.451	213.2156	1.158147	0.241932	0.108754	0.382694	0.26662	2.527199	1.101075
10428	-1016.562	-1230.053	213.491	0.8791842	0.213803	0.288842	0.475113	0.022243	2.417916	1.199459
10434	-1014.208	-1227.556	213.348	0.8847037	0.201895	0.295812	0.497523	0.00477055	2.041111	1.600903
10440	-1009.512	-1223.047	213.5348	0.8294296	0.108961	0.153958	0.703739	0.0333419	2.39249	1.227735
10446	-1009.644	-1222.794	213.151	1.246159	0.242717	0.490614	0.208324	0.0583447	2.33531	1.25208
10452	-1017.73	-1230.635	212.9054	1.067723	0.115251	0.418914	0.385272	0.0805631	2.06772	1.7658
10458	-1019.899	-1232.616	212.7174	1.067723	0.162172	0.365959	0.336569	0.135301	1.943065	1.979217
10464	-1020.778	-1233.81	213.0319	0.7787266	0.233949	0.367299	0.156618	0.242134	1.946706	1.963366
10470	-1016.298	-1229.294	212.9961	0.7787266	0.303585	0.306682	0.279485	0.110248	1.982487	1.963366
10476	-1020.798	-1233.887	213.0885	0.5620539	0.15839	0.134979	0.649111	0.0575199	1.836104	2.150014
10482	-1025.998	-1237.974	211.9761	2.097794	0.111921	0.569597	0.277838	0.0406443	1.978239	1.866688
10488	-1012.485	-1224.307	211.8216	1.840775	0.220727	0.430299	0.124227	0.224747	1.977175	2.100882
10494	-1019.2	-1231.076	211.8767	1.579584	0.188976	0.313339	0.170933	0.326752	1.935137	2.230323
10500	-1018.88	-1231.023	212.1433	2.076699	0.3292	0.0252214	0.550039	0.095539	1.784138	1.895561
10506	-1015.097	-1227.034	211.9369	2.291302	0.391676	0.0300079	0.213325	0.364991	1.836592	1.895561
10512	-1018.519	-1228.201	209.6818	5.464976	0.135575	0.5607	0.160032	0.143693	2.025876	2.161518
10518	-1013.182	-1224.537	211.3557	2.578537	0.410843	0.123472	0.274106	0.191578	1.797903	2.17787
10524	-1021.854	-1229.816	207.9613	9.772527	0.411288	0.224752	0.221932	0.142028	1.755409	2.525437
10530	-1027.666	-1239.177	211.5103	4.709273	0.522495	0.039292	0.083911	0.354302	2.085437	0.9880681
10536	-1011.651	-1224.384	212.7323	2.444385	0.343473	0.103829	0.221735	0.330963	2.085437	1.002334
10542	-1021.094	-1233.933	212.839	2.189641	0.319903	0.0854875	0.161134	0.433476	2.367096	0.7548507
10548	-1018.636	-1231.734	213.0983	1.726549	0.116197	0.325786	0.140088	0.417929	2.499474	0.6905155
10554	-1028.649	-1241.151	212.5015	1.551585	0.228036	0.336125	0.113936	0.321904	2.186154	1.655152
10560	-1017.515	-1229.684	212.1689	1.85389	0.234943	0.346306	0.0870956	0.331655	1.978067	1.861047
10566	-1015.338	-1228.605	213.2669	1.082729	0.193596	0.265238	0.325848	0.215317	1.998052	1.546152
10572	-1013.066	-1226.864	213.7987	0.7430486	0.15557	0.309742	0.380522	0.154166	1.86574	1.506952
10578	-1023.881	-1237.01	213.1294	1.276136	0.138794	0.472993	0.142654	0.245559	1.864092	1.61047
10584	-1020.518	-1231.82	211.302	3.959421	0.0777734	0.586701	0.1754	0.160126	1.983797	1.545275
10590	-1011.713	-1225.465	213.7527	1.138583	0.32082	0.312019	0.252251	0.11491	2.369427	0.6791175
10596	-1020.022	-1233.882	213.8599	0.7410683	0.030879	0.255677	0.591173	0.12227	2.271166	1.131387
10602	-1019.053	-1232.153	213.1003	1.350939	0.074229	0.318524	0.441794	0.165453	2.153388	1.36273
10608	-1015.64	-1228.527	212.8866	0.8551139	0.0573932	0.506695	0.383628	0.0522834	2.016848	1.96026
10614	-1014.189	-1226.967	212.7775	0.7411342	0.0904379	0.306761	0.586702	0.0160992	1.683722	2.326771
10620	-1029.977	-1243.433	213.4565	0.5328875	0.263239	0.344784	0.345117	0.0468602	2.03765	1.78806
10626	-1038.812	-1252.762	213.95	0.6875331	0.336338	0.208001	0.359332	0.0963293	2.139024	1.217321
10632	-1029.232	-1241.422	212.1903	3.132674	0.26782	0.113736	0.199464	0.41898	2.065474	1.125858
10638	-1032.672	-1245.021	212.349	2.215081	0.473048	0.327065	0.0456805	0.154207	1.786075	1.681806
10644	-1015.621	-1229.336	213.7156	0.7505304	0.205945	0.203785	0.332051	0.258218	2.456829	1.084602
10650	-1020.931	-1231.919	210.9884	3.052159	0.0681361	0.459619	0.308603	0.163642	1.754226	2.252952
10656	-1005.983	-1217.978	211.9943	2.618543	0.0332364	0.384603	0.41251	0.169651	2.050144	1.549074
10662	-1013.298	-1226.143	212.8451	0.8462864	0.263746	0.130826	0.370482	0.234946	1.839421	2.111425
10668	-1014.526	-1228.083	213.5574	0.8333594	0.31967	0.0625307	0.369705	0.248094	2.2837	1.295778
10674	-1004.608	-1218.77	214.1618	0.6330809	0.213179	0.234767	0.376324	0.175731	2.362954	0.8468243
10680	-1014.88	-1229.076	214.1961	0.6330809	0.245968	0.154027	0.485122	0.114883	2.389981	0.7660809
10686	-1007.103	-1221.307	214.2038	0.6330809	0.21384	0.194811	0.497415	0.0939348	2.293271	0.8796986
10692	-1007.644	-1221.746	214.1023	0.6330809	0.331424	0.123289	0.458669	0.0866179	2.538655	0.6762534
10698	-1013.388	-1227.528	214.1396	0.6330809	0.211001	0.131217	0.523151	0.134631	2.417337	0.8061687
10704	-1007.815	-1221.692	213.8773	0.8544475	0.211001	0.131217	0.523151	0.134631	2.518225	0.6988825
10710	-1006.896	-1220.708	213.8115	0.9615679	0.375235	0.174648	0.363503	0.0866141	2.4608	0.721837
10716	-1014.976	-1228.73	213.7539	0.9615679	0.180068	0.0950596	0.585388	0.139484	2.572876	0.6122034
10722	-1011.563	-1225.022	213.4589	1.276649	0.390402	0.124603	0.245685	0.23931	2.572876	0.5831964
10728	-1016.536	-1228.302	211.7655	3.466282	0.409937	0.0645542	0.127284	0.398225	2.730575	0.4290327
10734	-1008.223	-1221.492	213.2691	1.016463	0.29604	0.323663	0.194875	0.185422	2.938318	0.3200602
10740	-1030.971	-1244.838	213.8668	0.6617955	0.180387	0.351774	0.354856	0.112984	2.791274	0.5403255
10746	-1013.739	-1226.12	212.3817	2.820046	0.377482	0.0273489	0.348874	0.246295	2.499206	0.5403255
10752	-1023.208	-1236.578	213.3696	1.488907	0.531599	0.0135901	0.2666	0.188211	2.478932	0.5572649
10758	-1036.341	-1250.612	214.2706	0.5769502	0.21608	0.308241	0.181661	0.294017	2.47324	0.5600087
10764	-1029.817	-1243.581	213.7642	0.9889561	0.260639	0.12332	0.532194	0.0838476	2.47324	0.7334446
10770	-1016.043	-1230.439	214.3964	0.5194946	0.245248	0.117093	0.500767	0.136893	2.384578	0.6295069
10776	-1010.772	-1224.307	213.5356	1.208328	0.232139	0.23162	0.416726	0.119515	2.531639	0.656329
10782	-1018.694	-1232.556	213.8624	0.9363905	0.156315	0.261573	0.240705	0.341407	2.332836	0.8615566
10788	-1005.352	-1219.247	213.8952	0.7740777	0.174189	0.159081	0.466081	0.200648	2.046265	1.264303
10794	-1004.684	-1218.455	213.771	0.9261649	0.179445	0.234202	0.383632	0.202721	1.930852	1.330882
10800	-1013.619	-1227.598	213.9788	0.9261649	0.316076	0.185926	0.337064	0.160934	1.990431	1.103569
10806	-1036.417	-1249.126	212.7083	0.9502698	0.303178	0.207064	0.323309	0.166448	1.531218	2.329807
10812	-1018.317	-1231.787	213.4702	0.6594055	0.232144	0.0588228	0.412675	0.296358	1.758574	1.879531
10818	-1014.517	-1225.873	211.3554	2.385985	0.232144	0.0588228	0.412675	0.296358	1.863393	2.218971
10824	-1015.731	-1227.345	211.6137	2.385985	0.323151	0.0223553	0.16841	0.486084	1.702149	2.156046
10830	-1013.892	-1227.208	213.3155	0.9994682	0.426295	0.0291789	0.232507	0.312019	2.026173	1.550242
10836	-1008.702	-1222.041	213.339	0.8219554	0.270778	0.171047	0.40819	0.149985	1.862987	1.780035
10842	-1011.196	-1225.468	214.2722	0.6767156	0.23944	0.266982	0.36095	0.132628	1.949918	1.110723
10848	-1026.449	-1240.383	213.9339	0.5349737	0.181095	0.255729	0.304113	0.259064	1.999196	1.46938
10854	-1015.212	-1228.838	213.6257	0.8705744	0.174966	0.093448	0.547207	0.184379	1.955245	1.46938
10860	-1053.288	-1265.071	211.7832	1.371532	0.322672	0.122563	0.144354	0.41041	1.691152	2.558035
10866	-1057.377	-1269.605	212.2277	0.8401191	0.290377	0.0442564	0.284329	0.381037	1.645597	2.630088
10872	-1023.964	-1237.806	213.842	0.7084636	0.260316	0.139033	0.413565	0.187086	2.024325	1.380469
10878	-1021.08	-1233.801	212.7214	0.9632088	0.288989	0.0441977	0.459119	0.207694	2.024514	1.991654
10884	-1025.667	-1239.46	213.7927	0.5891723	0.159237	0.390725	0.305287	0.144752	1.761509	1.705174
10890	-1022.24	-1234.91	212.6697	1.151903	0.173436	0.336396	0.332509	0.157659	1.893059	1.989946
10896	-1022.191	-1232.992	210.8006	0.9225624	0.248438	0.0494201	0.476303	0.225839	1.696397	3.404846
10902	-1014.885	-1226.312	211.4269	0.9225624	0.331843	0.0447547	0.321746	0.301656	1.375828	3.224797
10908	-1004.329	-1216.178	211.8491	0.8807698	0.286425	0.13788	0.381371	0.194323	1.545611	2.896604
10914	-995.7381	-1208.701	212.9633	0.6656187	0.308455	0.135072	0.478272	0.0782002	1.818616	2.17203
10920	-1008.719	-1221.914	213.195	0.702449	0.19467	0.258358	0.466429	0.0805425	1.54786	2.17203
10926	-1009.075	-1222.058	212.9827	1.086043	0.177674	0.174369	0.310493	0.337464	1.77527	1.901472
10932	-1023.956	-1236.756	212.8003	0.9639442	0.359668	0.0607647	0.215356	0.364212	1.459764	2.307858
10938	-1026.677	-1240.024	213.3471	0.9639442	0.244261	0.0412671	0.587635	0.126836	1.822625	1.700276
10944	-1025.574	-1238.51	212.9352	1.028648	0.173756	0.30077	0.468243	0.057231	1.963238	1.844116
10950	-1026.279	-1239.901	213.6219	0.3599187	0.462843	0.174217	0.348476	0.014464	1.906056	1.873284
10956	-1008.568	-1222.422	213.8538	0.6282301	0.182536	0.398804	0.406463	0.0121968	1.689028	1.684119
10962	-1008.857	-1222.894	214.0368	0.6282301	0.244444	0.32049	0.326645	0.108422	1.840539	1.437819
10968	-1030.237	-1243.809	213.5722	0.8309891	0.293986	0.206651	0.308068	0.191295	1.749288	1.689424
10974	-1021.843	-1234.469	212.6263	0.8309891	0.284938	0.233018	0.296636	0.185408	1.582014	2.427212
10980	-1017.146	-1230.295	213.1484	0.9309627	0.250645	0.204974	0.260935	0.283446	1.629815	1.991883
10986	-1021.984	-1235.372	213.3875	0.5299576	0.239865	0.115932	0.483887	0.160316	1.757931	2.0265
10992	-1023.468	-1236.235	212.7667	1.11669	0.356326	0.129071	0.409183	0.105419	1.958983	1.903113
10998	-997.523	-1210.382	212.8586	1.364402	0.375618	0.136059	0.365339	0.122983	1.698721	1.860533
11004	-1000.147	-1213.832	213.6849	0.8440445	0.112261	0.304324	0.308337	0.275078	2.031022	1.386711
11010	-990.5826	-1204.096	213.5133	1.214933	0.268923	0.387983	0.185778	0.157316	2.223373	1.056568
11016	-996.4503	-1210.01	213.5593	1.291488	0.401154	0.0870495	0.277127	0.234669	2.153594	1.010752
11022	-1002.664	-1215.998	213.335	1.495147	0.266756	0.106586	0.339322	0.287336	2.153594	1.052525
11028	-1003.252	-1216.758	213.5057	1.156906	0.159656	0.105787	0.257925	0.476632	2.290248	1.052525
11034	-1015.93	-1228.886	212.9558	1.343455	0.175513	0.50671	0.0789546	0.238823	2.033227	1.568843
11040	-1011.22	-1224.716	213.4963	0.8607698	0.22696	0.211206	0.462288	0.0995457	2.235389	1.360653
11046	-1010.174	-1222.997	212.8232	1.462674	0.262239	0.138044	0.387897	0.211821	2.31429	1.376214
11052	-1030.499	-1243.617	213.1178	1.462674	0.491144	0.0279438	0.364901	0.116011	1.944385	1.434701
11058	-1011.752	-1224.805	213.0524	1.268861	0.432939	0.0246322	0.473366	0.0690625	2.183789	1.434701
11064	-1022.463	-1235.391	212.9281	1.589116	0.248632	0.00849335	0.44591	0.296965	2.099833	1.377237
11070	-1017.755	-1230.487	212.7317	1.44512	0.330664	0.00756607	0.397227	0.264543	2.099833	1.617729
11076	-1013.98	-1225.699	211.7182	1.580661	0.279526	0.0352249	0.367072	0.318177	2.091294	2.231263
11082	-1004.393	-1217.64	213.2471	0.7739177	0.478666	0.0311452	0.416805	0.0733835	1.887853	1.860963
11088	-1006.325	-1219.136	212.8107	0.996101	0.300313	0.0360165	0.561358	0.102312	1.78633	2.068477
11094	-1016.652	-1229.514	212.862	0.996101	0.262849	0.102699	0.522952	0.111501	1.621195	2.143092
11100	-1017.213	-1230.698	213.4854	0.6407228	0.0784319	0.100291	0.765975	0.0553022	1.894269	1.789444
11106	-1013.277	-1226.547	213.2701	1.010156	0.17255	0.341053	0.33014	0.156257	1.726025	1.789444
11112	-1012.709	-1225.997	213.2882	0.545667	0.056981	0.365071	0.537704	0.0402445	1.72653	2.102147
11118	-1001.908	-1215.897	213.9891	0.4238424	0.146757	0.330316	0.486514	0.0364132	2.03996	1.478267
11124	-1013.162	-1226.336	213.174	0.5874583	0.146757	0.330316	0.486514	0.0364132	1.744455	2.136775
11130	-1009.722	-1222.02	212.2981	0.6136894	0.131926	0.296936	0.43735	0.133788	1.457107	2.848334
11136	-1015.668	-1226.548	210.8802	1.3654	0.236031	0.117821	0.46396	0.182188	1.547171	3.195508
11142	-1025.054	-1237.756	212.7013	0.5408126	0.210051	0.159371	0.491073	0.139505	1.995222	2.311129
11148	-1021.144	-1233.949	212.805	0.5462318	0.232092	0.248562	0.365204	0.154143	1.885977	2.311129
11154	-1014.691	-1227.799	213.1084	0.8710668	0.327667	0.0308142	0.550079	0.0914401	1.657195	2.041174
11160	-1012.552	-1224.222	211.67	2.237941	0.2314	0.035201	0.440925	0.292475	1.683099	2.198672
11166	-1016.92	-1227.78	210.8603	1.766389	0.257588	0.0985439	0.298153	0.345716	1.663812	2.934795
11172	-1030.773	-1243.028	212.2546	1.051186	0.27926	0.125107	0.256451	0.339182	1.763463	2.406189
11178	-1037.017	-1248.644	211.6269	0.7642373	0.139436	0.445764	0.121994	0.292806	1.769973	2.968563
11184	-1009.234	-1223.202	213.9682	1.044898	0.390324	0.287861	0.177081	0.144733	2.190526	0.7679521
11190	-1014.012	-1228.071	214.0588	0.8235631	0.278621	0.222529	0.374533	0.124317	2.425648	0.5574849
11196	-1018.694	-1232.32	213.6267	1.217627	0.396981	0.057693	0.264256	0.281071	2.468166	0.5479788
11202	-1024.026	-1237.086	213.0602	1.898438	0.486482	0.11175	0.0573283	0.34444	2.458696	0.5261361
11208	-1024.313	-1235.635	211.3223	5.034826	0.504615	0.115915	0.0594651	0.320005	2.42284	0.5325657
11214	-1033.073	-1245.643	212.5702	2.809254	0.41817	0.0302997	0.07677	0.47476	2.308799	0.5802128
11220	-1026.387	-1239.912	213.5252	1.131126	0.203616	0.0275214	0.654243	0.11462	2.208122	1.133032
11226	-1030.869	-1244.681	213.8125	0.7954903	0.323855	0.175488	0.299819	0.200838	1.996077	1.35365
11232	-1018.709	-1232.205	213.4963	1.445265	0.380984	0.0117766	0.42763	0.17961	2.205932	0.8750956
11238	-1010.919	-1224.072	213.1527	1.58136	0.406387	0.0236837	0.404482	0.165446	2.153928	1.15178
11244	-1010.108	-1223.666	213.5583	1.437784	0.268497	0.0678417	0.471005	0.192656	1.999128	1.034396
11250	-1015.757	-1229.084	213.3275	1.213036	0.255418	0.115513	0.44806	0.18101	1.957089	1.437431
11256	-1026.382	-1239.679	213.2976	1.475127	0.30804	0.165065	0.308593	0.218302	1.750188	1.437431
11262	-1009.748	-1223.486	213.7373	1.003707	0.23831	0.1277	0.465104	0.168886	1.750188	1.437431
11268	-1016.817	-1230.246	213.4293	1.137668	0.366992	0.0530613	0.493884	0.0860628	1.822318	1.516505
11274	-1023.82	-1237.145	213.325	0.8974097	0.476558	0.040247	0.366003	0.117192	1.543721	1.95424
11280	-1044.843	-1257.291	212.4485	0.8817167	0.465911	0.0393477	0.316854	0.177888	1.682592	2.442672
11286	-1039.801	-1253.363	213.5624	0.8566107	0.432837	0.0343667	0.341225	0.191571	1.614881	1.77214
11292	-1033.199	-1246.361	213.1614	0.9136364	0.440977	0.0162065	0.347643	0.195174	1.584112	2.02546
11298	-1024.01	-1236.136	212.1255	1.581923	0.470298	0.0302606	0.29129	0.208151	1.663304	2.243903
11304	-1024.15	-1236.342	212.1919	1.135158	0.210214	0.211275	0.454642	0.123869	1.837724	2.347129
11310	-1033.787	-1247.211	213.4243	0.674854	0.272858	0.172951	0.494505	0.0596861	1.696627	1.941531
11316	-1033.82	-1245.961	212.1412	1.370255	0.371396	0.143582	0.428782	0.0562388	1.651843	2.358684
11322	-1019.843	-1231.951	212.1078	0.4865491	0.2066	0.422439	0.346131	0.0248304	1.845809	2.807092
11328	-1017.205	-1227.019	209.8138	0.7053178	0.236196	0.339703	0.395714	0.0283873	1.45024	4.244947
11334	-1031.014	-1244.335	213.3205	0.7428402	0.172012	0.339733	0.154496	0.33376	2.000964	1.754656
11340	-1029.633	-1243.409	213.7762	0.7459505	0.301092	0.253635	0.318488	0.126785	2.06496	1.369101
11346	-1030.16	-1243.323	213.1632	0.557477	0.37933	0.21539	0.316226	0.0890534	1.982297	2.007686
11352	-1028.009	-1241.933	213.9232	0.8757236	0.159682	0.247332	0.582208	0.0107774	2.197853	1.008531
11358	-1019.07	-1232.592	213.5218	1.40302	0.183548	0.31559	0.450049	0.0508127	2.207561	0.8867562
11364	-1032.811	-1247.201	214.3905	0.4647576	0.2344	0.484327	0.212008	0.069265	2.271525	0.8880006
11370	-1020.33	-1234.375	214.0452	0.893251	0.235013	0.413155	0.182681	0.169151	1.955167	1.105927
11376	-1008.212	-1222.271	214.059	0.8144968	0.163461	0.499955	0.208575	0.128009	2.060215	1.071498
11382	-1016.664	-1230.132	213.4676	1.033031	0.356698	0.428093	0.178596	0.0366137	1.980049	1.445613
11388	-1023.508	-1237.051	213.5422	1.114625	0.229247	0.397605	0.290638	0.0825095	2.076422	1.245814
11394	-1019.159	-1233.112	213.9534	0.7775071	0.16054	0.178709	0.494106	0.166646	2.076422	1.186606
11400	-1003.501	-1217.157	213.656	1.06951	0.196236	0.218445	0.402344	0.182975	1.993425	1.256784
11406	-1019.964	-1233.635	213.6705	1.1343	0.284612	0.447877	0.158728	0.108783	1.915979	1.256784
11412	-1009.442	-1222.993	213.5508	0.9732279	0.153776	0.518342	0.109637	0.218245	1.983008	1.425357
11418	-1012.474	-1223.883	211.4087	4.4324	0.0598644	0.477757	0.261222	0.201157	2.061427	1.219935
11424	-1011.437	-1223.753	212.3157	2.607214	0.195568	0.461411	0.148746	0.194275	2.703152	0.487702
11430	-1005.29	-1218.717	213.4276	1.247625	0.0487585	0.31479	0.54434	0.0921111	2.642435	0.5242485
11436	-1026.024	-1239.958	213.934	0.6953672	0.0924542	0.318453	0.503836	0.085257	2.663552	0.3908328
11442	-1020.287	-1231.47	211.1827	5.450898	0.51	0.160479	0.126335	0.203186	1.788821	1.264333
11448	-1039.013	-1244.555	205.5418	30.47675	0.389231	0.0497408	0.0870456	0.473983	1.735412	1.846263
11454	-1051.642	-1254.738	203.096	43.76006	0.539468	0.127232	0.113436	0.219864	1.635459	2.646817
11460	-1030.495	-1240.59	210.0946	3.606427	0.0897527	0.0523249	0.714465	0.143457	1.647188	2.6852
11466	-1026.762	-1236.972	210.2099	1.440961	0.395525	0.06385	0.436338	0.104287	1.393399	3.639029
11472	-1036.84	-1246.222	209.3813	2.24525	0.288725	0.29465	0.377996	0.038629	1.589821	3.639029
11478	-1034.115	-1245.315	211.1998	2.032746	0.336961	0.335208	0.309719	0.0181123	1.45545	2.730392
11484	-1040.395	-1253.784	213.3885	1.082874	0.193343	0.225653	0.270866	0.310138	2.806444	0.381949
11490	-1032.764	-1246.788	214.024	0.6533146	0.331691	0.0613847	0.528052	0.0788726	2.625918	0.4060028
11496	-1026.004	-1240.048	214.0438	0.6533146	0.271092	0.0501699	0.64699	0.0317485	2.61711	0.435007
11502	-1016.783	-1230.976	214.193	0.7831459	0.0894183	0.340218	0.341774	0.22859	2.331935	0.5656711
11508	-1010.137	-1223.454	213.3175	1.479537	0.166774	0.330114	0.2888	0.214313	2.545259	0.5032846
11514	-1008.234	-1221.569	213.3356	1.479537	0.264076	0.206191	0.417748	0.111985	2.516856	0.575332
11520	-1015.54	-1229.667	214.1278	0.7588146	0.17283	0.175274	0.572008	0.0798881	2.425809	0.5512915
11526	-1006.246	-1220.072	213.8259	1.181903	0.304543	0.256099	0.311986	0.127372	2.301842	0.5522883
11532	-1017.548	-1230.995	213.4477	0.6862191	0.212169	0.257442	0.485852	0.0445373	3.006721	0.2562946
11538	-1021.789	-1235.332	213.5422	0.5967778	0.196636	0.24626	0.519759	0.0373453	3.006721	0.2562946
11544	-1023.315	-1236.719	213.404	0.6294538	0.108088	0.301756	0.556535	0.0336213	3.110507	0.2562946
11550	-1026.982	-1239.965	212.9834	2.011634	0.331438	0.13897	0.212139	0.317453	2.424087	0.6246557
11556	-1023.635	-1237.429	213.7942	1.075636	0.249028	0.0593811	0.436314	0.255277	2.340612	0.7587407
11562	-1032.932	-1246.539	213.6074	0.6280749	0.15876	0.295075	0.354461	0.191704	2.958748	0.2859639
11568	-1050.834	-1264.733	213.8997	0.6223272	0.305583	0.0966934	0.413125	0.184599	2.776873	0.3937985
11574	-1029.261	-1243.142	213.8804	0.767124	0.214678	0.486771	0.190792	0.107758	1.804274	1.472652
11580	-1050.961	-1264.568	213.6077	0.8899301	0.306719	0.246011	0.182218	0.265052	2.80963	0.4541432
11586	-1035.355	-1248.891	213.5365	0.9274471	0.172225	0.364961	0.256866	0.205948	2.810697	0.3773211
11592	-1033.142	-1246.478	213.3359	1.166905	0.38303	0.0595912	0.390849	0.16653	2.810697	0.515986
11598	-1030.728	-1244.74	214.012	0.7146018	0.357288	0.28194	0.0782416	0.28253	2.593012	0.4900813
11604	-1033.594	-1247.205	213.6104	0.9374387	0.272361	0.2185	0.194179	0.31496	2.761812	0.4782333
11610	-1010.928	-1223.286	212.3586	1.602985	0.24393	0.48201	0.0402938	0.233767	1.714527	2.04698
11616	-1014.55	-1227.362	212.8121	1.107567	0.183315	0.630005	0.0451964	0.141484	1.858086	1.946623
11622	-1018.193	-1232.113	213.9201	0.6846873	0.179156	0.453042	0.162891	0.204911	2.715377	0.4738234
11628	-1023.312	-1237.427	214.1145	0.5618932	0.1491	0.347551	0.371106	0.132244	2.648201	0.4593842
11634	-1036.058	-1249.868	213.8097	0.7576879	0.104723	0.274167	0.448825	0.172285	2.731007	0.4088802
11640	-1020.168	-1233.346	213.1775	0.9399947	0.142485	0.417266	0.285154	0.155095	1.63753	1.961144
11646	-1034.611	-1247.241	212.63	0.9846154	0.175483	0.425136	0.241361	0.15802	1.774553	2.201645
11652	-1032.814	-1245.052	212.2382	1.567187	0.0905912	0.25577	0.403354	0.250285	1.635374	2.197234
11658	-1052.926	-1265.465	212.5394	1.221848	0.188443	0.43027	0.0759068	0.30538	1.678615	2.17327
11664	-1012.701	-1226.582	213.8807	0.585508	0.254446	0.118786	0.49591	0.130858	2.814515	0.3627789
11670	-1018.203	-1231.879	213.6756	0.8491512	0.117692	0.0459115	0.776344	0.0600527	2.711457	0.3287064
11676	-1029.766	-1243.323	213.557	0.8839024	0.155623	0.201932	0.605597	0.036847	2.813175	0.3486518
11682	-1026.675	-1240.362	213.687	0.8839024	0.250145	0.236731	0.328077	0.185046	2.736563	0.4543457
11688	-1008.816	-1222.653	213.8369	0.8839024	0.250145	0.236731	0.328077	0.185046	2.591014	0.5052838
11694	-1017.575	-1231.18	213.6053	1.146564	0.182974	0.387219	0.189397	0.24041	2.549184	0.5816065
11700	-1034.519	-1246.921	212.4023	1.743382	0.219645	0.363622	0.253324	0.163409	3.036739	0.2450052
11706	-1028.808	-1241.358	212.5497	1.289914	0.29405	0.278789	0.208397	0.218764	3.243309	0.2289454
11712	-1028.189	-1240.696	212.5071	1.541322	0.281036	0.187572	0.230383	0.301009	3.070244	0.231824
11718	-1010.408	-1223.313	212.9042	1.740346	0.22887	0.277578	0.248416	0.245136	2.688354	0.3553445
11724	-1017.266	-1231.603	214.337	0.7105975	0.321337	0.201674	0.449488	0.0275012	2.209621	0.6988745
11730	-1018.982	-1232.892	213.91	0.9469996	0.150819	0.258912	0.447294	0.142975	2.390578	0.6988745
11736	-1016.587	-1230.714	214.1274	0.71904	0.131415	0.388242	0.337596	0.142747	2.174564	0.9916306
11742	-1019.1	-1233.264	214.1638	0.5537499	0.121656	0.333358	0.366959	0.178027	2.584543	0.3940996
11748	-1036.35	-1250.387	214.037	0.6168035	0.178111	0.345921	0.215325	0.260642	2.668353	0.4599718
11754	-1035.366	-1245.733	210.3676	1.64374	0.545111	0.260383	0.0161052	0.178401	1.881187	3.159175
11760	-1021.047	-1234.982	213.9348	0.6224582	0.150537	0.292368	0.190797	0.366298	2.758026	0.4327501
11766	-1010.522	-1224.343	213.8205	0.7880163	0.308988	0.238474	0.296082	0.156456	2.696117	0.4290834
11772	-1013.113	-1226.928	213.8143	0.6629629	0.264775	0.204351	0.378779	0.152095	2.78826	0.3491856
11778	-1029.635	-1243.42	213.785	0.7664662	0.243703	0.133891	0.48256	0.139845	2.680191	0.3208965
11784	-1020.393	-1233.93	213.5374	1.530347	0.301286	0.313423	0.245197	0.140094	2.214433	0.7063345
11790	-1028.412	-1242.319	213.9067	0.7482784	0.161431	0.274018	0.281306	0.283246	2.379251	0.9764846
11796	-1024.031	-1237.507	213.4759	1.250302	0.235621	0.22221	0.410588	0.131581	2.211113	1.072289
11802	-1027.704	-1241.855	214.1505	0.6275788	0.229005	0.205446	0.399059	0.16649	2.232479	1.007472
11808	-1015.623	-1229.899	214.2762	0.5370124	0.175482	0.15743	0.530115	0.136973	2.378496	0.8093637
11814	-1018.491	-1232.756	214.2646	0.6123809	0.294862	0.196736	0.269104	0.239297	2.402738	0.6674496
11820	-1006.224	-1220.224	213.9996	0.8624881	0.264933	0.295423	0.24179	0.197854	2.322092	0.7978552
11826	-1000.139	-1214.154	214.015	0.8606551	0.400405	0.126542	0.346144	0.126909	2.277044	0.8384169
11832	-1007.795	-1222.025	214.2299	0.708086	0.415956	0.0679054	0.359587	0.156551	2.181714	0.8866914
11838	-1014.274	-1228.579	214.3054	0.708086	0.265461	0.0890218	0.557849	0.0876685	2.227244	0.7266506
11844	-1023.155	-1237.434	214.279	0.7556622	0.407395	0.0982091	0.333692	0.160704	2.203356	0.7266506
11850	-1014.488	-1228.694	214.2057	0.7245156	0.377019	0.00954946	0.48399	0.129442	2.309528	0.7266506
11856	-1022.325	-1236.528	214.2029	0.7245156	0.383051	0.0270491	0.490435	0.0994648	2.326288	0.7035068
11862	-1011.925	-1225.736	213.8113	0.6715891	0.118249	0.176821	0.49397	0.21096	2.828299	0.4289376
11868	-1005.263	-1219.113	213.8506	0.6463378	0.342523	0.218265	0.234118	0.205094	2.819729	0.4424897
11874	-1026.149	-1240.218	214.069	0.8095499	0.166997	0.422553	0.278007	0.132443	2.426233	0.5739888
11880	-1020.173	-1234.226	214.0529	0.8095499	0.1022	0.455422	0.299633	0.142745	2.429229	0.6152369
11886	-1024.432	-1238.533	214.1017	0.7445071	0.103735	0.225894	0.454058	0.216313	2.429229	0.6607067
11892	-1007.165	-1221.213	214.0478	0.4353451	0.247743	0.434067	0.228414	0.0897751	2.788861	0.352499
11898	-1009.604	-1222.758	213.1541	1.357004	0.387048	0.306462	0.242203	0.0642865	2.795121	0.402744
11904	-1015.383	-1229.019	213.636	1.079496	0.425741	0.0627162	0.266416	0.245126	2.593682	0.4702992
11910	-1012.363	-1226.32	213.9564	0.7667537	0.412577	0.206546	0.258178	0.122698	2.593682	0.4985216
11916	-1004.63	-1217.643	213.0134	1.874028	0.557387	0.14856	0.0884851	0.205568	2.524912	0.5206425
11922	-1015.043	-1228.246	213.2033	1.503897	0.386833	0.200676	0.222928	0.189564	2.613963	0.397398
11928	-999.0002	-1211.604	212.6036	2.052311	0.334813	0.414249	0.100776	0.150162	2.786614	0.4217507
11934	-1004.697	-1217.312	212.6155	1.826526	0.365009	0.323498	0.0850008	0.226493	2.85138	0.3011461
11940	-1029.956	-1242.874	212.9173	1.591501	0.0887489	0.15317	0.380742	0.377339	2.818379	0.3847403
11946	-1039.692	-1252.784	213.0925	1.092738	0.312958	0.0742246	0.452241	0.160576	2.985767	0.2797192
11952	-1024.869	-1238.433	213.5642	0.536524	0.270431	0.257296	0.336495	0.135779	3.033644	0.2493605
11958	-1022.331	-1235.978	213.6471	0.5149456	0.206218	0.352602	0.346727	0.0944523	2.992334	0.2595246
11964	-1026.301	-1239.007	212.7054	1.60704	0.345543	0.0790929	0.478697	0.096667	2.969716	0.3266101
11970	-1019.533	-1231.968	212.4356	2.124998	0.478963	0.0635846	0.0621583	0.395294	2.835819	0.3266101
11976	-1037.301	-1248.699	211.3983	3.875811	0.203222	0.325446	0.114825	0.356507	2.843454	0.3597832
11982	-1028.375	-1239.208	210.8326	5.218403	0.113929	0.24436	0.441847	0.199863	2.787705	0.3597832
11988	-998.3147	-1210.706	212.3918	2.260425	0.405051	0.249781	0.18486	0.160308	2.765746	0.3116127
11994	-1017.382	-1229.21	211.828	3.234388	0.534092	0.282599	0.0330089	0.1503	2.765746	0.3668123
12000	-1019.106	-1232.597	213.4903	0.4679249	0.257531	0.314232	0.426858	0.00137963	1.801205	1.970176
12006	-1018.748	-1231.485	212.7369	0.4679249	0.26898	0.477522	0.252228	0.00126989	1.610249	2.576533
12012	-1030.421	-1244.266	213.8456	0.8402564	0.371583	0.364874	0.192993	0.0705498	2.625479	0.5331812
12018	-1017.077	-1231.017	213.9405	0.7961754	0.287608	0.239132	0.440536	0.032725	2.575303	0.5421764
12024	-1006.448	-1220.193	213.7451	0.9211216	0.291095	0.227837	0.369529	0.111538	2.64127	0.5427801
12030	-1006.506	-1220.382	213.8755	0.7582149	0.299539	0.234446	0.380249	0.0857659	2.665158	0.6024934
12036	-1006.203	-1220.03	213.8272	0.7582149	0.23533	0.255221	0.443492	0.0659572	2.713438	0.6024934
12042	-1001.301	-1215.209	213.908	0.5839852	0.290468	0.302378	0.351479	0.055676	2.816631	0.6024934
12048	-995.5892	-1209.787	214.1981	0.5839852	0.320998	0.252778	0.367941	0.0582837	2.473548	0.7136909
12054	-988.3998	-1202.206	213.8063	0.9470631	0.222997	0.237471	0.465755	0.0737779	2.549814	0.5630163
12060	-987.1138	-1200.933	213.8196	0.9024095	0.11725	0.329436	0.450964	0.10235	2.558878	0.633781
12066	-991.4093	-1205.606	214.1972	0.594089	0.160187	0.413702	0.310893	0.115218	2.494393	0.6571172
12072	-998.6458	-1213.009	214.3634	0.5504316	0.227617	0.320715	0.382966	0.0687018	2.373636	0.6571172
12078	-1005.586	-1219.508	213.922	0.9770267	0.268388	0.150417	0.500188	0.0810076	2.289628	0.7885603
12084	-1011.28	-1225.115	213.8352	0.9746382	0.356197	0.159998	0.202409	0.281395	2.406075	0.7495587
12090	-1004.785	-1218.241	213.4564	1.201215	0.292584	0.221447	0.254829	0.231141	2.54441	0.7779117
12096	-1006.674	-1220.444	213.77	0.9550006	0.238	0.20205	0.349055	0.210894	2.432912	0.8291527
12102	-999.9982	-1213.947	213.9486	0.9479599	0.222444	0.254208	0.326239	0.197109	2.345945	0.7076794
12108	-997.5274	-1211.388	213.8604	0.9479599	0.221575	0.099922	0.587968	0.0905358	2.434163	0.7076794
12114	-1033.313	-1246.325	213.0123	1.65366	0.404462	0.140243	0.26282	0.192475	2.701846	0.4749338
12120	-1021.314	-1234.589	213.2755	1.322535	0.404548	0.140061	0.262875	0.192516	2.681983	0.3649654
12126	-1009.252	-1222.645	213.3926	0.9193854	0.374904	0.129798	0.243613	0.251686	2.877631	0.2923469
12132	-1023.834	-1236.983	213.1484	1.534196	0.453129	0.185136	0.102375	0.259359	2.635247	0.3838579
12138	-1019.248	-1233.218	213.9705	0.3625665	0.284486	0.374973	0.177709	0.162832	2.858799	0.291592
12144	-1017.565	-1230.929	213.3635	1.05356	0.312167	0.183123	0.276291	0.228418	2.804513	0.3176878
12150	-1019.546	-1232.899	213.353	1.014299	0.264858	0.213054	0.285804	0.236283	2.853891	0.3176878
12156	-1030.615	-1243.015	212.3997	1.531469	0.460737	0.0955682	0.0376921	0.406003	3.129169	0.2093948
12162	-1018.143	-1232.145	214.0014	0.7143277	0.370674	0.145458	0.429924	0.0539442	2.590691	0.5862947
12168	-1006.117	-1219.085	212.968	1.262541	0.375564	0.101039	0.471477	0.0519198	2.968151	0.2925376
12174	-999.2525	-1212.782	213.53	0.8717821	0.117978	0.129276	0.722796	0.0299497	2.882744	0.3912317
12180	-1006.961	-1220.984	214.023	0.5276611	0.347863	0.0955826	0.534411	0.0221438	2.747839	0.3865369
12186	-1004.584	-1218.509	213.9251	0.6207558	0.262317	0.187046	0.402989	0.147647	2.749033	0.3865369
12192	-1007.655	-1221.331	213.6764	0.6207558	0.292714	0.17459	0.409809	0.122887	2.871373	0.2696313
12198	-1022.219	-1235.51	213.2914	0.6581114	0.289166	0.225627	0.341379	0.143828	3.139647	0.2310702
12204	-1032.494	-1245.173	212.6788	1.170462	0.365027	0.0479826	0.490669	0.0963213	3.156158	0.2025234
12210	-1021.317	-1233.335	212.0176	1.781623	0.210332	0.345366	0.0831907	0.361112	3.257673	0.1934441
12216	-1024.978	-1238.217	213.2385	0.5082109	0.240708	0.141409	0.543053	0.0748299	3.25229	0.1954514
12222	-1005.294	-1218.686	213.3917	0.695627	0.34719	0.206816	0.419714	0.0262791	3.042068	0.250816
12228	-1003.437	-1216.814	213.3768	0.695627	0.350067	0.20853	0.339871	0.101531	3.057039	0.250816
12234	-1039.733	-1253.015	213.2826	0.5004217	0.34735	0.244503	0.40711	0.00103783	3.186773	0.1864376
12240	-1024.981	-1239.025	214.0441	0.6129833	0.267487	0.172063	0.483352	0.0770984	2.663142	0.4491722
12246	-1024.378	-1238.372	213.9937	0.6478839	0.178126	0.442035	0.266111	0.113728	2.663142	0.4087329
12252	-999.8837	-1213.925	214.0417	0.518315	0.259944	0.173401	0.561552	0.00510311	2.7689	0.510579
12258	-994.609	-1208.738	214.1287	0.5045574	0.182242	0.380623	0.429028	0.00810687	2.685843	0.4323276
12264	-1008.302	-1222.427	214.1256	0.5013034	0.23453	0.288103	0.471231	0.00613629	2.685843	0.5962078
12270	-1014.187	-1228.425	214.2382	0.5013034	0.179789	0.147298	0.605101	0.0678123	2.568981	0.6086698
12276	-1016.562	-1231.06	214.4979	0.5013034	0.120552	0.251879	0.547596	0.0799735	2.155922	0.8557365
12282	-1016.827	-1230.481	213.6543	0.5695782	0.323849	0.231734	0.425113	0.0193043	2.343714	1.392015
12288	-1015.76	-1229.615	213.855	0.5866506	0.277423	0.126487	0.562224	0.0338664	2.216906	1.319399
12294	-1026.541	-1240.415	213.874	0.7691859	0.157238	0.135206	0.473067	0.234489	2.665366	0.4385301
12300	-1032.156	-1246.085	213.9289	0.8229599	0.334018	0.0677937	0.454515	0.143674	2.545056	0.4127067
12306	-1027.405	-1241.432	214.0268	0.7876647	0.275818	0.0756998	0.409871	0.238611	2.500733	0.4833386
12312	-1012.26	-1226.396	214.1359	0.7876647	0.234489	0.373121	0.189533	0.202857	2.36253	0.6319637
12318	-1019.143	-1232.652	213.5087	1.262715	0.0836004	0.246137	0.593394	0.0768678	2.419693	0.7983694
12324	-1009.614	-1223.607	213.9928	0.9227203	0.189061	0.254652	0.417859	0.138428	2.356752	0.6521074
12330	-1011.361	-1225.091	213.7302	1.198541	0.261541	0.0524605	0.494502	0.191497	2.331783	0.6848345
12336	-1007.991	-1221.594	213.6022	1.198541	0.32174	0.0864529	0.273828	0.317978	2.459813	0.6848345
12342	-1026.99	-1239.932	212.9419	0.6752403	0.260148	0.138418	0.554276	0.0471582	1.669909	2.27514
12348	-1041.617	-1253.793	212.1758	0.9466699	0.301967	0.236541	0.403873	0.0576194	1.690555	2.566606
12354	-1023.847	-1237.806	213.9591	0.7555798	0.340888	0.188465	0.373566	0.09708	2.598842	0.5458489
12360	-1016.834	-1230.763	213.9287	0.7432068	0.373481	0.133537	0.374319	0.118664	2.636736	0.572339
12366	-1017.043	-1230.972	213.9287	0.7432068	0.193978	0.0692043	0.608111	0.128706	2.636736	0.572339
12372	-1017.716	-1231.718	214.0017	0.682874	0.288385	0.246803	0.309434	0.155379	2.636736	0.5134187
12378	-1025.842	-1239.574	213.7318	0.941582	0.298952	0.124077	0.390748	0.186223	2.636736	0.5154654
12384	-1024.067	-1237.938	213.8713	0.8796708	0.311285	0.215321	0.386695	0.0866983	2.550459	0.5763781
12390	-1026.162	-1240.416	214.2536	0.648063	0.172295	0.239538	0.461183	0.126983	2.058282	1.055438
12396	-1024.519	-1238.73	214.2112	0.7474624	0.160905	0.328992	0.458006	0.0520972	2.060377	0.9920269
12402	-1028.499	-1242.833	214.334	0.5574739	0.197258	0.152651	0.594151	0.0559397	2.147178	0.9825958
12408	-1023.595	-1237.795	214.1994	0.6781453	0.231547	0.134262	0.522579	0.111612	2.170914	0.966059
12414	-1026	-1240.07	214.0705	0.6781453	0.20305	0.278958	0.491905	0.0260878	2.092658	1.161973
12420	-1019.341	-1233.499	214.1577	0.57361	0.0919206	0.551447	0.332648	0.0239839	2.125156	1.153585
12426	-1019.879	-1234.021	214.1417	0.57361	0.247627	0.361262	0.378806	0.0123047	2.125156	1.167663
12432	-1022.742	-1236.277	213.5357	1.292965	0.308894	0.125515	0.470003	0.0955877	2.239672	0.9455276
12438	-1016.19	-1229.694	213.5045	1.292965	0.269395	0.159713	0.409018	0.161874	2.472096	0.6803276
12444	-1029.965	-1243.994	214.0283	0.7009116	0.288065	0.267752	0.287109	0.157073	2.557988	0.6406997
12450	-1018.448	-1232.389	213.9415	0.7009116	0.223922	0.164056	0.549035	0.0629878	2.667079	0.57852
12456	-1020.855	-1235.227	214.3716	0.400248	0.247302	0.388649	0.303989	0.0600603	2.540591	0.5736053
12462	-1018.874	-1233.019	214.1452	0.6384394	0.220879	0.219204	0.547108	0.0128092	2.540591	0.5047966
12468	-1008.339	-1222.282	213.9427	0.6384394	0.258411	0.20784	0.4506	0.0831487	2.727029	0.4153968
12474	-1021.883	-1235.729	213.8461	0.6384394	0.304813	0.283817	0.321569	0.0898008	2.77674	0.3428507
12480	-1009.412	-1222.908	213.496	1.44121	0.181941	0.429784	0.125767	0.262509	2.344748	0.6855619
12486	-1013.843	-1227.521	213.6773	1.294001	0.239955	0.218417	0.165869	0.375759	2.295514	0.6855619
12492	-1022.555	-1236.837	214.282	0.7013807	0.234613	0.197848	0.419449	0.14809	2.319596	0.5998703
12498	-1018.82	-1232.787	213.9667	1.016417	0.21775	0.292163	0.389302	0.100785	2.128798	0.8840455
12504	-1012.205	-1224.976	212.7709	1.167556	0.0920238	0.326897	0.224517	0.356562	3.133932	0.227828
12510	-1012.757	-1226.817	214.0605	0.8320151	0.0899402	0.350031	0.310456	0.249572	2.107136	1.007258
12516	-999.0099	-1212.866	213.8557	0.6877552	0.265113	0.406756	0.248529	0.0796017	1.995969	1.408987
12522	-1004.696	-1218.479	213.7833	0.6406778	0.217873	0.311364	0.356929	0.113834	1.778948	1.660873
12528	-1013.228	-1226.73	213.5026	0.6446517	0.066843	0.216906	0.700601	0.01565	1.798245	1.840973
12534	-1025.357	-1238.441	213.0833	0.5062751	0.112232	0.507966	0.371504	0.00829863	1.554697	2.370616
12540	-1016.721	-1229.268	212.5469	0.9363663	0.0280801	0.299708	0.665086	0.00712552	1.719805	2.32145
12546	-1020.492	-1233.818	213.3258	0.7805075	0.300688	0.1047	0.481179	0.113433	1.821224	1.847904
12552	-1014.663	-1227.656	212.9924	0.762154	0.309829	0.106397	0.495805	0.0879691	1.835025	2.075471
12558	-1021.131	-1234.843	213.7117	0.8163056	0.250662	0.327456	0.369445	0.0524369	2.136747	1.304202
12564	-1016.301	-1228.795	212.4938	1.692279	0.239514	0.143681	0.348835	0.267971	3.038782	0.2729809
12570	-1006.939	-1220.456	213.517	0.6937405	0.11921	0.515918	0.21	0.154873	2.959141	0.2729809
12576	-1007.42	-1220.72	213.2999	0.7172939	0.193777	0.44684	0.181882	0.1775	3.14953	0.2719206
12582	-1025.293	-1238.222	212.9293	1.214652	0.203757	0.356817	0.197008	0.242418	2.035514	1.672206
12588	-1027.27	-1240.409	213.1387	0.9581046	0.241401	0.422738	0.0486568	0.287204	1.991289	1.732494
12594	-1007.85	-1220.408	212.5585	1.665587	0.392596	0.20935	0.232968	0.165086	2.960905	0.2535163
12600	-1007.342	-1219.433	212.0918	2.625632	0.410048	0.218657	0.245351	0.125945	2.835643	0.325952
12606	-1012.318	-1225.253	212.9356	1.708498	0.235166	0.181874	0.420244	0.162715	2.710683	0.3977458
12612	-1033.749	-1247.683	213.9331	0.5499071	0.127004	0.28075	0.556148	0.0360983	1.855451	1.565748
12618	-1038.163	-1251.16	212.9969	0.7753754	0.154206	0.1267	0.675264	0.0438299	1.997285	1.95526
12624	-1000.625	-1214.788	214.1624	0.5054056	0.1424	0.324363	0.374211	0.159025	2.652495	0.43618
12630	-1002.757	-1216.996	214.2384	0.5860315	0.144217	0.328501	0.378986	0.148296	2.502562	0.4969732
12636	-1011.679	-1225.338	213.6583	1.259233	0.0964527	0.575103	0.0754336	0.25301	2.401962	0.5078103
12642	-1011.414	-1224.583	213.1698	1.631781	0.211631	0.360193	0.101047	0.327129	2.562057	0.5299637
12648	-1007.266	-1220.808	213.5424	1.381377	0.062324	0.235624	0.653281	0.0487714	2.406753	0.5021513
12654	-1021.764	-1235.957	214.1924	0.7603038	0.364341	0.0743535	0.54873	0.0125747	2.364377	0.4908194
12660	-1026.676	-1235.934	209.258	11.18439	0.0411435	0.659663	0.142632	0.156562	2.242869	0.9755513
12666	-1027.946	-1239.453	211.5071	4.544181	0.00885933	0.625286	0.0447288	0.321126	2.391096	0.7074669
12672	-1015.439	-1229.41	213.9716	0.9600449	0.222909	0.178946	0.381015	0.21713	2.330507	0.6716855
12678	-1017.122	-1231.199	214.0765	0.9600449	0.37833	0.356632	0.105959	0.159078	2.15379	0.786463
12684	-1019.302	-1233.204	213.9013	0.9600449	0.319099	0.300798	0.24593	0.134173	2.390759	0.6904562
12690	-1020.393	-1234.199	213.8057	0.9654046	0.441688	0.0317765	0.408356	0.118179	2.530786	0.5674867
12696	-1014.149	-1228.168	214.0193	0.7836702	0.199985	0.237418	0.267365	0.295232	2.504725	0.5674867
12702	-997.2929	-1211.587	214.2938	0.6505932	0.118859	0.355809	0.400689	0.124643	2.335583	0.66269
12708	-1005.201	-1219.38	214.1782	0.6505932	0.537093	0.208119	0.248945	0.00584267	2.441724	0.6811198
12714	-1001.006	-1214.961	213.9559	0.852561	0.163523	0.284489	0.536094	0.0158941	2.501452	0.5403358
12720	-1009.266	-1223.078	213.8114	1.01017	0.276664	0.315815	0.266334	0.141186	2.414502	0.7178352
12726	-1008.726	-1222.819	214.0927	0.7605947	0.173124	0.30311	0.477727	0.046039	2.414502	0.6739909
12732	-1015.578	-1230.198	214.62	0.3542993	0.0781806	0.430663	0.44093	0.0502261	2.277983	0.6931636
12738	-1030.288	-1244.161	213.8732	1.055472	0.0629081	0.370755	0.512063	0.0542744	2.312569	0.7098764
12744	-1021.946	-1235.777	213.8314	0.9322937	0.154114	0.052361	0.735705	0.0578202	2.54499	0.4690531
12750	-1030.707	-1244.13	213.4224	1.376375	0.353029	0.210653	0.203702	0.232616	2.530343	0.5215233
12756	-1023.768	-1237.458	213.6904	1.089853	0.183915	0.0949354	0.462008	0.259141	2.530343	0.4823682
12762	-1011.831	-1225.234	213.403	1.33771	0.222621	0.0768107	0.490901	0.209667	2.584607	0.5216568
12768	-1010.427	-1222.128	211.7012	3.710791	0.207418	0.171035	0.154681	0.466866	2.66713	0.4406275
12774	-1021.21	-1234.609	213.3991	1.045022	0.205998	0.175834	0.468612	0.149556	2.835187	0.3854558
12780	-1022.11	-1234.824	212.7142	1.775262	0.354064	0.197986	0.368001	0.0799491	2.878566	0.3981373
12786	-1013.485	-1227.042	213.5563	1.047015	0.283816	0.266054	0.404193	0.0459359	2.694182	0.4239673
12792	-1019.656	-1232.462	212.8064	1.676678	0.0982766	0.531277	0.075695	0.294752	2.78553	0.3047376
12798	-1016.696	-1229.497	212.8005	1.504271	0.28515	0.185983	0.101635	0.427233	2.936387	0.3048646
12804	-1024.375	-1237.332	212.9567	1.231354	0.293548	0.360001	0.0648215	0.28163	2.989695	0.2799492
12810	-1023.457	-1236.299	212.8418	1.883582	0.273947	0.257426	0.198091	0.270536	2.688486	0.4737973
12816	-1010.305	-1223.149	212.8437	1.857455	0.400882	0.167608	0.289877	0.141633	2.692941	0.4173142
12822	-1016.275	-1229.221	212.9459	1.560581	0.432679	0.037516	0.293674	0.236131	2.802046	0.3641952
12828	-1004.466	-1217.103	212.6369	1.761191	0.444529	0.0923175	0.298538	0.164616	2.945823	0.3641952
12834	-1028.059	-1241.422	213.3624	0.9918952	0.219261	0.259829	0.100533	0.420377	2.909736	0.3632009
12840	-1020.133	-1233.731	213.5972	0.7188937	0.194989	0.0779256	0.425016	0.302069	2.966637	0.3762081
12846	-1024.663	-1238.462	213.799	0.6280424	0.223016	0.0891263	0.358726	0.329131	2.874205	0.399006
12852	-1018.919	-1232.491	213.5716	0.8164748	0.187321	0.0984264	0.570657	0.143596	2.874205	0.3553495
12858	-1005.718	-1219.493	213.7749	0.6247324	0.22319	0.0910234	0.547913	0.137873	2.874205	0.356522
12864	-1007.803	-1221.519	213.7167	0.6247324	0.21075	0.10854	0.274416	0.406295	2.904269	0.3263173
12870	-1007.249	-1220.061	212.8121	1.728761	0.284817	0.403698	0.241455	0.0700305	2.768063	0.331467
12876	-997.9254	-1211.362	213.4366	1.077688	0.260162	0.322508	0.220554	0.196777	2.795334	0.4744688
12882	-1005.272	-1219.17	213.898	0.7031343	0.0526036	0.548352	0.168494	0.23055	2.715885	0.4595983
12888	-1004.283	-1218.054	213.7711	0.7962313	0.180554	0.2339	0.428281	0.157265	2.744628	0.4595983
12894	-1011.588	-1224.394	212.806	1.766549	0.255814	0.338504	0.140973	0.264709	2.812916	0.4522831
12900	-1023.397	-1235.567	212.1704	2.394343	0.137772	0.294887	0.392424	0.174918	2.920971	0.3360498
12906	-1017.084	-1230.289	213.205	1.261763	0.420447	0.0166093	0.418452	0.144491	2.807558	0.3640276
12912	-1024.106	-1237.919	213.8127	0.7544925	0.342817	0.00531143	0.484555	0.167317	2.733289	0.4131492
12918	-1003.697	-1216.992	213.2954	1.293103	0.366424	0.00295756	0.397761	0.232857	2.733289	0.4848834
12924	-1009.614	-1223.091	213.4769	1.080963	0.252429	0.0372958	0.350221	0.360054	2.752696	0.4848834
12930	-995.2743	-1207.424	212.1494	2.657947	0.241552	0.0420609	0.353235	0.363152	2.821799	0.4178072
12936	-1012.165	-1223.6	211.4347	3.770446	0.460066	0.0801104	0.185022	0.274802	2.88708	0.4002617
12942	-1031.51	-1244.048	212.5384	1.434028	0.225737	0.0322262	0.527286	0.21475	2.215641	1.680333
12948	-1007.486	-1220.952	213.4656	1.139118	0.192423	0.207786	0.486719	0.113072	2.215334	1.172562
12954	-999.6958	-1213.178	213.4823	0.8534945	0.178997	0.281093	0.308514	0.231397	2.947704	0.3884013
12960	-993.3561	-1207.079	213.7232	0.8534945	0.20071	0.30249	0.249991	0.24681	2.735854	0.5133099
12966	-1011.194	-1224.856	213.6622	0.9134872	0.276952	0.32893	0.2097	0.184418	2.735046	0.5133099
12972	-1012.657	-1226.418	213.7603	0.8177736	0.302675	0.192091	0.303686	0.201547	2.735975	0.5133099
12978	-1014.404	-1228.169	213.7648	0.8177736	0.416474	0.182715	0.209102	0.191709	2.731719	0.4934909
12984	-1032.33	-1244.171	211.8411	0.9814222	0.474511	0.0881405	0.263171	0.174177	1.56182	2.829561
12990	-1032.548	-1245.936	213.3877	1.053126	0.239094	0.392329	0.044304	0.324273	2.838758	0.3857708
12996	-1022.341	-1235.727	213.3868	1.053126	0.303988	0.472168	0.0165115	0.207332	2.839656	0.3857708
13002	-1037.83	-1246.625	208.795	3.382172	0.274552	0.136565	0.0921841	0.496699	1.499721	3.619196
13008	-1020.665	-1231.099	210.4345	2.614824	0.202891	0.276668	0.254742	0.265699	1.46443	2.944141
13014	-1008.491	-1222.296	213.8051	0.9128183	0.177727	0.320846	0.258905	0.242523	2.589623	0.5432878
13020	-1009.051	-1222.831	213.7803	0.9128183	0.161179	0.406256	0.212624	0.219941	2.614415	0.5432878
13026	-1001.315	-1214.726	213.4119	1.345381	0.347538	0.0851627	0.483599	0.0837	2.550225	0.6051313
13032	-1017.803	-1230.866	213.0625	1.548332	0.248931	0.164587	0.508322	0.0781596	2.736192	0.451827
13038	-1013.357	-1227.288	213.9314	0.6282747	0.205313	0.234452	0.485574	0.0746618	2.757455	0.5651149
13044	-1003.26	-1217.279	214.0199	0.652833	0.188749	0.215537	0.446399	0.149316	2.64854	0.5338854
13050	-1004.017	-1218.301	214.2845	0.4224418	0.177505	0.219554	0.450842	0.152099	2.587999	0.6333897
13056	-1020.426	-1233.773	213.347	1.468494	0.291543	0.360605	0.0980388	0.249813	2.495063	0.6333897
13062	-1019.754	-1233.6	213.8455	0.9348967	0.303376	0.328205	0.113523	0.254896	2.448149	0.7309415
13068	-1009.568	-1223.045	213.4769	1.347886	0.267136	0.229024	0.242287	0.261552	2.420261	0.7309415
13074	-1007.475	-1220.873	213.3985	1.227413	0.399123	0.261578	0.117203	0.222097	2.685749	0.4482827
13080	-1003.709	-1217.618	213.9097	0.7609842	0.282572	0.29856	0.415754	0.00311399	2.126674	1.196005
13086	-1004.906	-1219.109	214.2032	0.5150323	0.25616	0.256773	0.468138	0.0189287	2.091049	1.196005
13092	-1017.672	-1231.163	213.4911	1.286169	0.497606	0.0382702	0.369816	0.094307	2.146293	1.087655
13098	-1007.523	-1221.058	213.5343	1.289843	0.378999	0.196399	0.261524	0.163078	2.18988	1.001054
13104	-991.7232	-1205.545	213.8213	1.140617	0.440488	0.194203	0.128258	0.23705	2.080557	0.9628107
13110	-1014.965	-1228.689	213.7238	1.107831	0.247161	0.233525	0.229318	0.289997	2.318156	0.8409193
13116	-1007.302	-1221.254	213.9523	1.035968	0.18412	0.22243	0.317232	0.276218	2.171384	0.8267837
13122	-1001.314	-1214.55	213.2359	1.798059	0.200378	0.00746485	0.401266	0.390891	2.218924	0.8182065
13128	-1001.227	-1214.378	213.1511	1.798059	0.201164	0.146508	0.315331	0.336997	2.270268	0.8595658
13134	-1010.004	-1223.806	213.8011	1.232289	0.493036	0.117922	0.29652	0.0925213	2.03294	0.9428115
13140	-1015.628	-1229.395	213.767	1.129384	0.263802	0.0553873	0.518901	0.161909	1.894068	1.197826
13146	-1012.447	-1226.243	213.7963	1.129384	0.361921	0.118784	0.429181	0.0901147	2.256947	0.7997795
13152	-1017.22	-1230.953	213.7327	1.129384	0.443447	0.0921972	0.33312	0.131235	2.30853	0.8155102
13158	-1035.349	-1249.098	213.7493	1.129384	0.222253	0.0808071	0.604147	0.0927929	2.220644	0.9009806
13164	-1014.263	-1228.062	213.7998	1.129384	0.310542	0.0825161	0.495681	0.111261	2.326256	0.6883785
13170	-1019.103	-1233.268	214.165	0.7115543	0.262956	0.33774	0.333771	0.0655326	2.404498	0.6528876
13176	-1004.261	-1217.43	213.1687	1.875884	0.212421	0.272832	0.269626	0.245121	2.32929	0.6543593
13182	-1012.018	-1226.101	214.0833	0.8213697	0.085487	0.52877	0.130198	0.255544	2.325044	0.7346228
13188	-1020.384	-1234.359	213.9754	0.7059656	0.157285	0.2821	0.18162	0.378995	2.338414	0.9936754
13194	-1014.062	-1228.167	214.1055	0.7059656	0.115254	0.165386	0.458846	0.260514	2.359911	0.8246386
13200	-1022.394	-1236.529	214.135	0.7059656	0.061713	0.298175	0.500619	0.139493	2.422792	0.6875563
13206	-1026.04	-1239.939	213.8992	0.7059656	0.318211	0.299972	0.241485	0.140333	2.703118	0.5816349
13212	-1006.206	-1220.101	213.8954	1.022086	0.370194	0.212796	0.243028	0.173982	2.371015	0.6115347
13218	-1020.274	-1233.37	213.0953	1.904707	0.076974	0.398303	0.199071	0.325652	2.41514	0.551311
13224	-999.7728	-1213.168	213.3956	1.383626	0.054538	0.175209	0.539521	0.230733	2.546643	0.551311
13230	-997.6218	-1211.586	213.9637	0.8267376	0.195122	0.135462	0.489202	0.180213	2.521557	0.4693024
13236	-1014.483	-1228.744	214.2611	0.5337006	0.248946	0.106752	0.601711	0.0425915	2.519227	0.5912796
13242	-1006.044	-1219.891	213.8471	0.9442066	0.46144	0.149478	0.329445	0.0596381	2.519227	0.4989889
13248	-996.9881	-1211.154	214.1655	0.6149289	0.270916	0.239832	0.454238	0.0350141	2.544472	0.4818944
13254	-1000.769	-1214.881	214.1121	0.496891	0.302441	0.226482	0.431988	0.0390885	2.700855	0.4079547
13260	-1031.427	-1244.967	213.5408	0.9421022	0.208633	0.281987	0.480064	0.0293158	2.79109	0.376685
13266	-1021.769	-1235.385	213.6157	0.9421022	0.276513	0.228176	0.47159	0.0237215	2.724569	0.3905445
13272	-1021.339	-1235.141	213.8024	0.6406404	0.315927	0.2607	0.34074	0.0826333	2.812569	0.3369639
13278	-1033.269	-1247.309	214.0395	0.6406404	0.212859	0.138578	0.462291	0.186271	2.640217	0.4573376
13284	-1023.475	-1237.465	213.9895	0.620608	0.270514	0.158901	0.542725	0.0278604	2.714659	0.4832318
13290	-1024.265	-1238.22	213.9554	0.7499489	0.264493	0.311825	0.324502	0.0991795	2.600432	0.581709
13296	-1005.002	-1218.798	213.7961	0.9729578	0.329988	0.189692	0.240323	0.239997	2.53513	0.5569304
13302	-1006.285	-1220.112	213.8276	0.8878244	0.197985	0.27487	0.307176	0.219969	2.537611	0.6914305
13308	-1036.818	-1250.207	213.3894	1.399623	0.0785373	0.521671	0.265424	0.134368	2.421645	0.789089
13314	-1019.426	-1233.338	213.9116	0.89206	0.258356	0.249334	0.265173	0.227136	2.474823	0.6401803
13320	-1019.747	-1233.992	214.2449	0.7540529	0.128811	0.340491	0.241112	0.289586	2.244601	0.7177373
13326	-1027.997	-1242.263	214.2657	0.5605347	0.406723	0.277289	0.193345	0.122643	2.494222	0.5645111
13332	-1016.933	-1230.937	214.004	0.7662933	0.335045	0.154158	0.370503	0.140294	2.543776	0.4632747
13338	-1010.133	-1224.087	213.9547	0.7914792	0.184962	0.328571	0.363977	0.12249	2.568937	0.4835719
13344	-997.2947	-1211.294	213.9997	0.7914792	0.0780861	0.402174	0.44551	0.07423	2.524084	0.5134247
13350	-993.8887	-1207.735	213.8459	0.8979878	0.110832	0.315011	0.348956	0.225201	2.518739	0.6729991
13356	-1001.853	-1215.454	213.6013	1.08678	0.116498	0.368964	0.3902	0.124338	2.305654	1.010502
13362	-1000.941	-1214.661	213.7203	1.08678	0.117791	0.257116	0.502196	0.122898	2.276392	0.9172362
13368	-1008.326	-1222.066	213.7393	1.144104	0.160848	0.239683	0.444835	0.154634	2.328437	0.7598461
13374	-1004.772	-1218.587	213.8144	1.126547	0.242914	0.361971	0.161587	0.233529	2.270178	0.7598461
13380	-1000.891	-1214.529	213.638	1.196548	0.33042	0.256335	0.270394	0.142851	2.393135	0.7397921
13386	-1004.401	-1218.558	214.1563	0.6945597	0.151662	0.331814	0.40696	0.109564	2.38232	0.7397921
13392	-1016.059	-1229.758	213.6982	1.13661	0.325824	0.2316	0.245704	0.196872	2.375076	0.7623121
13398	-999.5187	-1213.098	213.5789	1.263037	0.293788	0.17819	0.376551	0.151471	2.375076	0.7623121
13404	-993.5801	-1207.899	214.3187	0.6642143	0.17077	0.290266	0.357754	0.18121	2.267764	0.714749
13410	-1003.124	-1216.976	213.8526	1.066085	0.277208	0.199044	0.310444	0.213304	2.388058	0.5457834
13416	-1019.658	-1233.222	213.5644	1.274115	0.185631	0.332076	0.185859	0.296435	2.481299	0.5215695
13422	-1009.559	-1223.03	213.4706	1.274115	0.43627	0.136519	0.27616	0.151051	2.575553	0.4859233
13428	-999.6794	-1213.066	213.3863	1.157562	0.263257	0.197356	0.399223	0.140164	2.758205	0.427894
13434	-997.2391	-1210.67	213.4312	1.243491	0.232558	0.210661	0.477098	0.0796824	2.634987	0.4366724
13440	-1013.898	-1227.343	213.4451	1.124622	0.43744	0.0857654	0.357682	0.119113	2.733749	0.4366724
13446	-1009.944	-1222.574	212.6296	2.296101	0.30679	0.0813793	0.528293	0.0835378	2.595449	0.4591691
13452	-1004.93	-1217.214	212.2847	2.851963	0.475204	0.0201775	0.412463	0.0921562	2.578019	0.4733268
13458	-995.9655	-1207.775	211.8092	3.734268	0.534818	0.08007	0.281394	0.103717	2.553561	0.4792982
13464	-999.9387	-1213.697	213.7584	1.133867	0.343413	0.125222	0.453312	0.0780524	2.42028	0.5070835
13470	-998.6425	-1212.034	213.3916	1.486776	0.385366	0.18774	0.283364	0.14353	2.46447	0.4849921
13476	-1006.197	-1219.814	213.6168	1.223339	0.242245	0.259174	0.300766	0.197816	2.46447	0.5831975
13482	-1009.762	-1223.522	213.7595	1.005156	0.253586	0.107477	0.485948	0.152989	2.46447	0.7290202
13488	-1007.55	-1221.131	213.5809	1.184208	0.129828	0.208534	0.378545	0.283092	2.510482	0.6536424
13494	-1005.657	-1218.665	213.0079	1.913616	0.0314116	0.0416921	0.760066	0.16683	2.453494	0.6695082
13500	-1023.216	-1236.819	213.603	0.7775231	0.389195	0.141995	0.400784	0.0680265	2.125925	1.43054
13506	-1018.853	-1232.146	213.2931	0.8671529	0.486279	0.112275	0.316609	0.0848371	2.277169	1.480113
13512	-1005.621	-1219.469	213.8478	1.036316	0.145502	0.159743	0.568484	0.12627	2.369593	0.6874995
13518	-1013.768	-1227.055	213.2874	1.693815	0.0863367	0.576206	0.223765	0.113693	2.375855	0.6045311
13524	-1005.937	-1219.978	214.0404	0.8567293	0.306928	0.298115	0.287427	0.107529	2.379325	0.6470779
13530	-997.1943	-1211.232	214.0379	0.8646261	0.0444121	0.30073	0.597918	0.0569392	2.373684	0.6470779
13536	-998.3307	-1212.03	213.6995	1.14205	0.0485209	0.236037	0.653235	0.0622069	2.435121	0.6470779
13542	-1015.773	-1228.274	212.5007	2.486528	0.301755	0.164755	0.392795	0.140695	2.597928	0.5015351
13548	-1011.397	-1224.636	213.2384	1.613387	0.339108	0.0613643	0.441417	0.158111	2.498803	0.5802541
13554	-1013.021	-1227.01	213.9886	0.9090079	0.251523	0.105871	0.399675	0.242931	2.401993	0.5802541
13560	-1003.565	-1218.037	214.4711	0.5869504	0.17285	0.150693	0.568884	0.107572	2.214023	0.684513
13566	-1005.21	-1219.051	213.8411	1.041802	0.17524	0.287645	0.238167	0.298948	2.41371	0.5873835
13572	-1013.721	-1227.637	213.9161	0.8181014	0.235451	0.220588	0.296819	0.247142	2.578983	0.5249718
13578	-999.4469	-1213.681	214.2342	0.603671	0.355192	0.104906	0.384383	0.15552	2.463154	0.6207493
13584	-1030.121	-1243.49	213.3693	1.240494	0.0692813	0.316126	0.185716	0.428877	2.702986	0.4492743
13590	-1025.398	-1238.055	212.6567	2.202862	0.525845	0.0937339	0.0101647	0.370257	2.632373	0.4500207
13596	-1004.638	-1217.537	212.899	2.067724	0.413579	0.227779	0.00563015	0.353012	2.48361	0.573597
13602	-1021.087	-1232.771	211.684	4.100981	0.207334	0.170072	0.00185034	0.620744	2.48361	0.5731231
13608	-1013.963	-1226.197	212.234	3.073176	0.516782	0.242847	0.000313917	0.240056	2.49392	0.5383444
13614	-1017.012	-1230.881	213.869	0.9535614	0.453158	0.212949	0.00116873	0.332725	2.485038	0.5383444
13620	-1032.657	-1246.354	213.6974	0.9403335	0.268825	0.0435589	0.341555	0.346061	2.201568	1.153684
13626	-1032.597	-1246.564	213.9667	0.7309487	0.168679	0.340335	0.257503	0.233484	2.149935	1.153684
13632	-1028.023	-1242.306	214.2838	0.6441303	0.171678	0.354589	0.212701	0.261032	2.030849	1.056846
13638	-1023.306	-1237.071	213.7644	0.8970499	0.130208	0.268937	0.139367	0.461487	2.240182	1.098466
13644	-1010.997	-1224.74	213.7423	0.8970499	0.136527	0.261611	0.117981	0.483881	2.198154	1.156143
13650	-1014.534	-1228.2	213.6658	0.972186	0.107971	0.456826	0.218358	0.216844	2.198154	1.156143
13656	-1000.964	-1214.765	213.8008	0.972186	0.246106	0.19186	0.468891	0.0931433	2.063132	1.156143
13662	-995.5927	-1209.877	214.2846	0.5496355	0.317533	0.323069	0.303834	0.0555643	2.187613	0.9997232
13668	-1006.971	-1220.656	213.6851	1.164506	0.304794	0.310108	0.331763	0.0533351	2.216162	0.9393176
13674	-1007.304	-1221.124	213.8199	0.9452507	0.390889	0.177367	0.401239	0.0305052	2.297295	0.9393176
13680	-1029.833	-1242.841	213.0085	1.6156	0.251005	0.10891	0.523002	0.117083	2.728683	0.4329345
13686	-1017.267	-1231.262	213.9954	0.565373	0.348175	0.157356	0.48871	0.00575912	2.766857	0.4883633
13692	-1017.139	-1231.182	214.0425	0.565373	0.376288	0.089317	0.528171	0.00622414	2.707434	0.4247675
13698	-1013.948	-1227.533	213.5855	1.14856	0.13311	0.248998	0.584701	0.0331915	2.577404	0.530371
13704	-1040.543	-1253.465	212.9219	2.05211	0.291432	0.0485521	0.211232	0.448784	2.054909	1.114311
13710	-1028.914	-1242.673	213.7593	1.002826	0.260724	0.0674147	0.349905	0.321957	2.532779	0.592185
13716	-1028.408	-1242.231	213.8233	1.035609	0.260724	0.0674147	0.349905	0.321957	2.427443	0.6175712
13722	-1025.995	-1234.716	208.7212	14.62407	0.254618	0.16784	0.404159	0.173383	2.205491	0.7485176
13728	-1025.028	-1238.678	213.6508	1.228858	0.213448	0.201896	0.487341	0.0973144	2.226025	0.8995405
13734	-1018.606	-1232.122	213.5158	1.395539	0.321189	0.179093	0.413394	0.0863234	2.269021	0.8281921
13740	-1026.456	-1240.382	213.9258	0.9580885	0.289542	0.0149122	0.556945	0.138601	2.252654	0.8553409
13746	-1009.269	-1222.672	213.4031	1.338563	0.225521	0.0591501	0.691003	0.0243261	2.264716	1.012939
13752	-1013.764	-1227.564	213.7992	1.141229	0.427451	0.125091	0.351545	0.095914	2.204384	0.8484964
13758	-1019.262	-1233.387	214.1248	0.6904841	0.258558	0.131798	0.435988	0.173655	2.059046	1.13207
13764	-1013.468	-1227.779	214.3114	0.559228	0.312871	0.0724594	0.447691	0.166979	2.432666	0.6199394
13770	-1018.821	-1233.232	214.4114	0.5517895	0.326697	0.0473705	0.467474	0.158459	2.218584	0.8217077
13776	-1013.454	-1227.733	214.2792	0.5517895	0.386691	0.0253777	0.369831	0.2181	2.134154	1.054933
13782	-1014.893	-1228.341	213.4479	1.362925	0.274783	0.329106	0.143235	0.252876	2.093174	1.111944
13788	-1032.569	-1246.154	213.5854	1.313709	0.109116	0.430805	0.311854	0.148224	2.093614	1.024168
13794	-1020.25	-1233.237	212.9871	2.120411	0.294691	0.152969	0.152029	0.40031	2.17374	0.8780419
13800	-1020.988	-1234.1	213.1122	0.8042491	0.181746	0.26492	0.291909	0.261426	1.83734	1.964881
13806	-1013.173	-1225.701	212.5277	0.7546113	0.134538	0.231475	0.503341	0.130645	1.831124	2.382729
13812	-1025.885	-1238.939	213.0533	1.048678	0.254149	0.101652	0.550793	0.0934058	1.950337	1.757579
13818	-1024.394	-1237.977	213.583	0.6966656	0.256947	0.0464682	0.65197	0.0446154	1.933603	1.651121
13824	-1016.269	-1229.223	212.9544	0.7234175	0.118814	0.468325	0.321982	0.0908787	1.529764	2.324132
13830	-1012.726	-1225.606	212.8801	0.5373831	0.253494	0.391181	0.286017	0.0693079	1.799566	2.324132
13836	-1015.212	-1228.928	213.7169	0.7436782	0.152796	0.400925	0.378658	0.0676209	1.793745	1.619592
13842	-1017.47	-1230.837	213.3666	0.7094271	0.20641	0.294472	0.40777	0.0913481	1.80857	1.879974
13848	-1017.441	-1229.762	212.3212	0.7954263	0.177658	0.253453	0.459425	0.109464	1.810734	2.498457
13854	-1014.3	-1227.307	213.0063	0.8918792	0.416884	0.132687	0.435553	0.0148763	1.731072	2.045605
13860	-1022.222	-1235.756	213.5332	0.8918792	0.491251	0.0434315	0.278215	0.187102	1.982758	1.501849
13866	-1021.893	-1235.259	213.3652	1.024039	0.354133	0.0478154	0.291033	0.307018	2.276291	1.300122
13872	-1026.137	-1240.049	213.9117	0.8567562	0.166128	0.179159	0.197057	0.457657	2.32905	0.9034045
13878	-1010.932	-1224.84	213.9087	0.6285975	0.351074	0.235057	0.368244	0.0456248	2.147713	1.296249
13884	-1020.536	-1233.615	213.0785	0.6285975	0.126164	0.353617	0.480923	0.0392954	1.985567	2.012354
13890	-1004.072	-1216.678	212.6056	0.5305009	0.155026	0.434513	0.382923	0.0275379	1.536716	2.664682
13896	-1006.261	-1219.536	213.2746	0.5659925	0.158252	0.443552	0.386952	0.0112447	2.136063	1.822228
13902	-1003.404	-1217.459	214.055	0.5659925	0.159734	0.447706	0.38121	0.01135	2.505946	0.8872367
13908	-995.4741	-1208.98	213.5058	0.6165517	0.164991	0.439234	0.393757	0.00201724	2.225696	1.556571
13914	-1019.579	-1232.367	212.7885	0.8546761	0.138175	0.427932	0.331023	0.10287	2.225696	1.885751
13920	-1011.756	-1224.046	212.2904	1.25311	0.430017	0.0671739	0.338438	0.164371	2.008785	2.101263
13926	-1005.596	-1217.954	212.358	1.331814	0.190833	0.123868	0.382855	0.302444	1.868956	2.101263
13932	-1014.541	-1226.768	212.2268	1.974167	0.403715	0.122274	0.377928	0.0960825	1.940086	1.783647
13938	-1005.174	-1218.036	212.862	1.620381	0.322906	0.112721	0.394719	0.169653	1.954766	1.518644
13944	-998.0562	-1210.606	212.5502	1.302092	0.278302	0.0535404	0.467306	0.200851	1.966614	1.926437
13950	-1018.437	-1231.194	212.7572	1.149479	0.400833	0.10866	0.158515	0.331992	1.966614	1.882947
13956	-1016.889	-1229.91	213.0209	0.9607991	0.249383	0.111012	0.242744	0.396862	2.103734	1.734315
13962	-1040.678	-1254.528	213.8498	0.627001	0.185538	0.22303	0.255192	0.336241	1.967688	1.484307
13968	-1046.178	-1259.945	213.7671	0.6833398	0.182195	0.219012	0.507201	0.0915918	2.236097	1.292378
13974	-1044.126	-1257.108	212.9815	1.072248	0.171204	0.268988	0.407867	0.151941	2.053057	1.719657
13980	-1032.726	-1246.202	213.4754	0.6216806	0.222615	0.276443	0.430869	0.0700721	2.024118	1.719657
13986	-1013.755	-1227.213	213.4584	0.5101141	0.188915	0.382414	0.331738	0.0969331	1.937424	1.871604
13992	-1021.465	-1234.026	212.561	1.444107	0.23196	0.345298	0.209726	0.213017	1.909465	1.871604
13998	-1011.676	-1224.164	212.4882	0.9868246	0.192621	0.436563	0.174157	0.196659	1.720263	2.3261
14004	-1012.922	-1226.301	213.3793	0.627102	0.257928	0.262326	0.220785	0.258962	2.117787	1.717359
14010	-1023.023	-1234.929	211.9062	3.468432	0.273774	0.257305	0.214915	0.254006	2.118974	1.162123
14016	-1022.438	-1235.154	212.7162	2.00349	0.272673	0.257695	0.215241	0.254391	2.081635	1.298365
14022	-1014.313	-1227.62	213.3072	1.100596	0.333446	0.158305	0.232461	0.275788	2.042728	1.469509
14028	-1027.566	-1240.765	213.1993	1.083842	0.350065	0.197469	0.244046	0.20842	2.213142	1.434336
14034	-1023.88	-1236.635	212.7551	1.203553	0.491433	0.0166126	0.384084	0.107871	1.882798	1.906444
14040	-1028.944	-1242.029	213.0847	1.203553	0.567656	0.0141653	0.161348	0.256832	1.762592	1.762516
14046	-1029.97	-1242.852	212.8816	1.114401	0.472291	0.0231759	0.208676	0.295857	2.050754	1.762516
14052	-1035.254	-1248.505	213.2507	0.9094904	0.455801	0.058565	0.294842	0.190792	2.248766	1.500671
14058	-1023.368	-1236.512	213.1444	0.958345	0.379759	0.17664	0.196931	0.246669	2.324496	1.486234
14064	-1032.246	-1246.252	214.0056	0.8279433	0.297754	0.0296451	0.421901	0.250699	2.263251	0.9055219
14070	-1016.024	-1230.118	214.0943	0.7353094	0.226678	0.271685	0.362677	0.138961	2.462461	0.6243478
14076	-1018.703	-1232.691	213.9886	0.8156466	0.256899	0.389322	0.196292	0.157488	2.462461	0.6708312
14082	-1027.781	-1241.705	213.9243	0.9331648	0.352942	0.12271	0.307983	0.216365	2.440315	0.5847308
14088	-1022.386	-1236.166	213.7802	1.090031	0.377124	0.298994	0.130691	0.19319	2.428033	0.5847308
14094	-1029.8	-1243.268	213.4688	1.306427	0.403249	0.286454	0.125209	0.185087	2.546479	0.47166
14100	-1029.807	-1243.816	214.0084	0.8797216	0.331933	0.315542	0.16246	0.190064	2.395929	0.6276544
14106	-1024.326	-1237.963	213.637	1.208139	0.121997	0.623366	0.0103882	0.244249	2.373332	0.7547081
14112	-1029.182	-1243.073	213.8912	0.8368481	0.441205	0.196509	0.071812	0.290475	2.494087	0.7452554
14118	-1033.912	-1247.917	214.0052	0.8368481	0.287358	0.377879	0.0645477	0.270216	2.466568	0.5514658
14124	-1041.627	-1255.364	213.7372	1.057036	0.358139	0.0768122	0.162891	0.402159	2.514152	0.4681775
14130	-1030.61	-1243.787	213.1774	1.026265	0.2067	0.0774345	0.549165	0.166701	1.705676	1.85626
14136	-1033.02	-1246.113	213.0927	0.9152469	0.203648	0.076291	0.541055	0.179006	1.719737	1.97972
14142	-1034.076	-1247.899	213.8226	0.7783259	0.263936	0.116458	0.335522	0.284084	2.705516	0.4331805
14148	-1046.046	-1259.886	213.8401	0.6614988	0.348557	0.202174	0.15535	0.293919	2.785377	0.377532
14154	-1047.24	-1260.179	212.9391	1.685853	0.420881	0.179729	0.138103	0.261288	2.736208	0.4218066
14160	-1027.945	-1241.691	213.7464	0.8589504	0.409709	0.22233	0.225655	0.142306	2.693714	0.4218066
14166	-1033.51	-1247.716	214.2063	0.4990846	0.467995	0.068852	0.364877	0.0982754	2.610165	0.4218066
14172	-1021.929	-1235.633	213.7043	1.31085	0.287147	0.0162391	0.53873	0.157885	2.260165	0.6721327
14178	-1014.285	-1228.63	214.3444	0.5585781	0.37024	0.0146501	0.530985	0.0841246	2.393649	0.6362232
14184	-1013.942	-1228.107	214.165	0.5032447	0.378381	0.0111841	0.546213	0.0642223	2.629465	0.6362232
14190	-1000.976	-1215.015	214.0387	0.8271815	0.408502	0.0246236	0.507235	0.0596394	2.416629	0.6362232
14196	-1007.498	-1221.799	214.3009	0.594221	0.393008	0.0337727	0.487996	0.085223	2.400081	0.6362232
14202	-1028.365	-1242.655	214.2891	0.5514564	0.342664	0.14728	0.43575	0.0743061	2.384262	0.7633065
14208	-1029.603	-1243.968	214.3644	0.6320645	0.16592	0.37123	0.444632	0.0182185	2.169227	0.8372566
14214	-1035.306	-1249.276	213.9696	0.7983705	0.195452	0.224673	0.490185	0.0896902	2.388344	0.8372566
14220	-1032.609	-1246.448	213.839	0.793538	0.05915	0.119963	0.72758	0.0933073	2.648194	0.3794131
14226	-1022.77	-1236.747	213.9769	0.6895497	0.17117	0.299252	0.361331	0.168247	2.648194	0.4445735
14232	-1026.274	-1240.014	213.7405	0.7131263	0.186459	0.214452	0.393605	0.205485	2.787459	0.3268021
14238	-1028.25	-1241.527	213.2767	1.166385	0.197541	0.168485	0.415627	0.218347	2.792017	0.3268021
14244	-1028.705	-1242.341	213.6356	0.7491158	0.113543	0.262029	0.498927	0.125501	2.85282	0.3254122
14250	-1027.897	-1240.829	212.9323	2.217948	0.0271913	0.326941	0.59178	0.0540876	1.917047	1.120675
14256	-1018.452	-1230.288	211.8363	4.249729	0.139305	0.238673	0.411162	0.21086	2.06489	0.8902793
14262	-1020.032	-1233.095	213.0627	1.294409	0.26091	0.0732382	0.631989	0.0338634	2.86978	0.3121426
14268	-1008.819	-1222.083	213.2636	1.048334	0.287427	0.0931349	0.541112	0.0783253	2.903077	0.3121426
14274	-1012.677	-1226.835	214.1583	0.6240194	0.274621	0.126941	0.597372	0.00106617	1.86894	1.323706
14280	-1022.401	-1236.954	214.5528	0.5226422	0.294184	0.0614734	0.639926	0.00441658	1.903284	1.042584
14286	-1021.146	-1234.451	213.3054	1.465728	0.286819	0.0849705	0.623905	0.00430601	1.769844	1.422611
14292	-1021.537	-1233.689	212.1513	2.45689	0.374833	0.161693	0.194606	0.268868	2.84182	0.2895922
14298	-1032.331	-1245.712	213.3806	1.066075	0.425997	0.0472658	0.221169	0.305569	2.77354	0.3163306
14304	-1034.404	-1243.829	209.4251	9.496075	0.235647	0.123491	0.372449	0.268413	2.769246	0.388253
14310	-1018.973	-1233.4	214.4275	0.5060541	0.148483	0.46277	0.241436	0.147311	2.124521	0.9635878
14316	-1008.818	-1222.846	214.0274	0.8783995	0.0986395	0.479427	0.324863	0.0970703	2.124521	0.9745718
14322	-1023.091	-1237.273	214.1823	0.8266676	0.0360037	0.571641	0.244959	0.147397	2.138337	0.8467357
14328	-1019.008	-1233.068	214.0608	0.8266676	0.105742	0.301016	0.458171	0.13507	2.339318	0.7389022
14334	-1018.912	-1233.324	214.4123	0.4756014	0.0582464	0.529825	0.373195	0.0387337	2.438878	0.5321223
14340	-1016.89	-1229.936	213.0453	1.946432	0.27021	0.206617	0.157142	0.36603	2.428389	0.57283
14346	-1016.694	-1229.14	212.4463	2.787519	0.189291	0.298352	0.323966	0.188391	2.452925	0.5517215
14352	-1015.958	-1230.059	214.1005	0.7552482	0.314351	0.372669	0.0601216	0.252859	2.461523	0.5103548
14358	-1020.553	-1233.972	213.4193	1.352095	0.409081	0.289198	0.0782392	0.223482	2.556185	0.4991716
14364	-1018.134	-1232.015	213.8815	0.7618912	0.327953	0.231845	0.401977	0.0382256	2.661081	0.424618
14370	-1012.466	-1226.749	214.2825	0.5675898	0.30006	0.31938	0.375805	0.0047549	2.453759	0.6177747
14376	-1020.545	-1234.69	214.145	0.5985487	0.318835	0.127259	0.546985	0.00692076	2.558892	0.6177747
14382	-1033.984	-1248.345	214.3607	0.6084459	0.459668	0.0820688	0.452538	0.00572576	2.262683	0.7493831
14388	-1043.254	-1257.544	214.29	0.6084459	0.327613	0.145476	0.520731	0.00617997	2.265302	0.8412162
14394	-1029.006	-1242.839	213.8323	0.942603	0.226228	0.379609	0.0975462	0.296617	2.491746	0.6632217
14400	-1040.606	-1254.617	214.0108	0.7362526	0.151738	0.356015	0.475363	0.0168842	2.549919	0.6112059
14406	-1021.518	-1235.784	214.266	0.5538918	0.139244	0.326703	0.51372	0.0203327	2.500944	0.5637137
14412	-1026.221	-1239.894	213.6734	0.7991123	0.204702	0.325173	0.254748	0.215377	2.054546	1.413832
14418	-1004.484	-1218.694	214.2101	0.8325827	0.103131	0.448419	0.287395	0.161055	2.244848	0.6233629
14424	-1016.46	-1230.378	213.9183	0.973784	0.3063	0.261164	0.167382	0.265154	2.411515	0.5595619
14430	-1009.484	-1223.053	213.5692	1.3162	0.418798	0.286414	0.144678	0.15011	2.432204	0.5595619
14436	-1011.914	-1225.646	213.732	1.138668	0.186589	0.346664	0.24796	0.218786	2.43551	0.5595619
14442	-1017.255	-1231.341	214.0858	0.9271507	0.212411	0.394638	0.329264	0.0636872	2.131698	0.8461408
14448	-1016.662	-1230.828	214.1665	0.7407364	0.325283	0.227936	0.394572	0.0522092	2.395858	0.5923032
14454	-1019.424	-1233.02	213.5959	0.444182	0.0872586	0.183349	0.612836	0.116556	2.990177	0.2066362
14460	-1011.848	-1224.758	212.91	2.153641	0.448759	0.0550415	0.210693	0.285506	2.419131	0.5168514
14466	-1026.033	-1239.248	213.2148	1.728835	0.248721	0.349728	0.130182	0.271369	2.419131	0.6073231
14472	-1029.39	-1243.244	213.8533	1.170524	0.147873	0.613392	0.0773977	0.161338	2.201224	0.7417746
14478	-1032.013	-1245.494	213.4816	1.27401	0.146535	0.516204	0.199747	0.137514	1.93271	1.290156
14484	-1015.236	-1228.938	213.7011	1.287487	0.32066	0.191056	0.437102	0.0511826	2.133799	0.8853576
14490	-1011.081	-1223.489	212.4079	3.093818	0.368375	0.154172	0.116788	0.360666	2.064763	0.936964
14496	-1016.47	-1230.052	213.5815	1.586918	0.256664	0.107419	0.384624	0.251293	1.910373	0.9719185
14502	-1011.056	-1224.804	213.7483	1.157033	0.260614	0.463143	0.11044	0.165803	2.306093	0.7612262
14508	-1015.491	-1229.973	214.4822	0.5051463	0.185497	0.22771	0.226136	0.360656	2.314972	0.6249658
14514	-1007.463	-1221.684	214.2215	0.6859088	0.104175	0.597495	0.166285	0.132045	2.402667	0.5796307
14520	-1004.868	-1218.722	213.8543	0.9705106	0.295295	0.470022	0.130809	0.103874	2.47094	0.5900971
14526	-1000.052	-1213.918	213.8661	0.9705106	0.311747	0.55239	0.0750759	0.0607869	2.473619	0.4961713
14532	-1001.342	-1215.368	214.0265	0.8047467	0.244527	0.441443	0.177871	0.13616	2.473619	0.5747015
14538	-1006.265	-1219.89	213.6254	1.23811	0.178983	0.262445	0.381625	0.176948	2.445612	0.5701825
14544	-1019.166	-1232.531	213.3653	1.283224	0.069478	0.147141	0.214173	0.569209	2.658323	0.4195132
14550	-1029.884	-1243.946	214.0622	0.8174268	0.235681	0.299319	0.0759341	0.389066	2.423999	0.5769372
14556	-1030.151	-1244.129	213.9787	0.8174268	0.254742	0.535807	0.0925326	0.116919	2.289715	0.9182015
14562	-1032.16	-1245.85	213.6904	1.054957	0.0879501	0.282893	0.530144	0.0990133	2.485368	0.7271553
14568	-1034.961	-1248.355	213.3933	0.9310857	0.219459	0.284499	0.396467	0.0995755	2.623672	1.054389
14574	-1030.469	-1243.999	213.5301	0.9841042	0.262778	0.237539	0.418765	0.080917	2.795476	0.4843443
14580	-1012.312	-1226.188	213.8763	0.8482291	0.114045	0.306666	0.532777	0.046512	2.579592	0.5701505
14586	-1032.805	-1246.769	213.9636	0.7247801	0.203533	0.365266	0.375801	0.0553999	2.629404	0.5269009
14592	-1022.557	-1236.551	213.994	0.8597371	0.189908	0.414297	0.350645	0.045151	2.424127	0.6438504
14598	-1029.929	-1243.908	213.9789	0.7437129	0.18258	0.197391	0.57662	0.0434088	2.395464	0.8862188
14604	-1020.484	-1234.365	213.8806	0.7437129	0.310654	0.099835	0.548239	0.0412723	2.34303	1.04305
14610	-1008.559	-1222.59	214.031	0.7437129	0.186975	0.117747	0.646601	0.0486772	2.173963	1.060849
14616	-1002.147	-1216.154	214.0062	0.8309926	0.325465	0.0810067	0.551975	0.0415535	2.241382	0.9255099
14622	-1006.493	-1220.825	214.3319	0.6431944	0.266455	0.219608	0.451896	0.0620414	2.241382	0.7690448
14628	-1000.593	-1214.815	214.2215	0.7034076	0.21248	0.216052	0.538794	0.0326741	2.337937	0.6895465
14634	-1033.475	-1246.512	213.0377	1.966018	0.0286308	0.561802	0.0335627	0.376005	2.188554	0.9330649
14640	-1008.127	-1222.633	214.5058	0.4673766	0.240097	0.238382	0.508051	0.0134707	2.342921	0.5829958
14646	-1014.267	-1228.381	214.1142	0.7011171	0.199283	0.238837	0.509021	0.0528588	2.487177	0.6013234
14652	-1000.362	-1214.07	213.7078	1.137885	0.162601	0.329859	0.395642	0.111898	2.466229	0.5205176
14658	-1012.07	-1226.298	214.2283	0.5734377	0.19262	0.241002	0.558981	0.00739764	2.523755	0.4682403
14664	-1019.715	-1232.719	213.0046	1.569186	0.00947628	0.343282	0.472183	0.175059	1.969586	1.432015
14670	-1027.008	-1238.867	211.8585	3.91707	0.0201881	0.355176	0.251693	0.372942	2.137728	0.9657669
14676	-1028.879	-1240.719	211.8404	3.91707	0.0201881	0.355176	0.251693	0.372942	2.137728	0.9843084
14682	-1031.657	-1238.674	207.0172	24.62165	0.00566256	0.283192	0.157242	0.553904	2.120263	0.9423578
14688	-1023.112	-1236.075	212.9628	1.917647	0.00177781	0.283312	0.666188	0.0487217	2.252181	0.9834655
14694	-1018.303	-1230.711	212.4083	2.586438	0.00130196	0.520441	0.288474	0.189783	1.984046	1.296599
14700	-1043.097	-1256.612	213.515	0.7257109	0.216473	0.15144	0.531832	0.100255	2.901847	0.2585611
14706	-1022.657	-1235.795	213.1375	1.181044	0.261954	0.258137	0.448068	0.0318407	2.87783	0.2945236
14712	-1017.15	-1230.579	213.4287	1.102034	0.26072	0.25994	0.474545	0.00479487	2.738247	0.3679827
14718	-1011.115	-1225.51	214.395	0.5080553	0.156366	0.285034	0.426362	0.132237	2.379254	0.6690473
14724	-1011.184	-1224.905	213.7216	1.17035	0.298634	0.14633	0.489556	0.0654794	2.375387	0.6690473
14730	-1017.675	-1230.978	213.3028	1.129008	0.0058192	0.156516	0.832065	0.00560003	2.043584	1.451317
14736	-1028.082	-1241.18	213.0977	1.438633	0.02599	0.368031	0.514544	0.0914352	1.96916	1.447239
14742	-1023.572	-1235.728	212.1563	1.549567	0.247644	0.352766	0.261708	0.137883	1.945772	2.057642
14748	-1013.545	-1226.031	212.4859	1.258461	0.207304	0.384908	0.292364	0.115423	1.771288	2.1255
14754	-1036.294	-1250.296	214.0017	0.6961282	0.0918736	0.370271	0.520647	0.0172078	2.623095	0.4975002
14760	-1020.707	-1234.777	214.0703	0.6312617	0.106926	0.394116	0.47118	0.0277771	2.623095	0.4926404
14766	-1016.339	-1230.336	213.9972	0.6950164	0.287422	0.175281	0.378313	0.158984	2.623095	0.5553325
14772	-1010.427	-1224.458	214.0316	0.7642747	0.315083	0.191955	0.318854	0.174108	2.290556	0.9204076
14778	-1006.838	-1220.953	214.115	0.7048499	0.272402	0.165953	0.447597	0.114047	2.499411	0.5241399
14784	-1014.486	-1228.613	214.1268	0.7712942	0.12026	0.174323	0.630171	0.075246	2.413748	0.5503984
14790	-1016.054	-1230.284	214.2306	0.696501	0.216791	0.31425	0.333314	0.135645	2.389064	0.5503984
14796	-1009.075	-1223.419	214.3448	0.674287	0.246588	0.45879	0.0965868	0.198035	2.282392	0.6087927
14802	-1017.716	-1229.752	212.0359	3.707038	0.0682173	0.269516	0.414377	0.24789	2.143313	0.8847154
14808	-1014.688	-1227.415	212.7269	2.460639	0.332026	0.248193	0.0742156	0.345565	2.143313	0.936773
14814	-1021.542	-1232.377	210.8351	6.749355	0.235306	0.284131	0.0849618	0.395602	1.980473	0.9563755
14820	-1047.913	-1260.804	212.8904	0.7991743	0.118298	0.25039	0.372661	0.258651	2.119896	1.927568
14826	-1039.622	-1252.084	212.4624	0.7991743	0.310855	0.330233	0.237674	0.121239	2.03813	2.262577
14832	-1019.707	-1232.612	212.9048	1.946449	0.163571	0.485808	0.0788481	0.271773	1.847749	1.36904
14838	-1033.807	-1245.426	211.6181	4.746418	0.31574	0.109457	0.0502016	0.524601	1.955763	0.9932589
14844	-1025.988	-1236.413	210.4255	7.556424	0.429951	0.118975	0.386663	0.0644103	1.935374	1.130413
14850	-1015.911	-1227.992	212.0809	3.128895	0.268359	0.0906579	0.579803	0.0611805	1.97376	1.299092
14856	-1012.621	-1226.34	213.7198	0.6617797	0.243759	0.303842	0.316719	0.13568	1.748481	1.711778
14862	-1031.507	-1244.627	213.1209	0.7555087	0.328504	0.170094	0.171311	0.330092	2.173906	1.763964
14868	-1024.968	-1236.553	211.5846	0.7883767	0.27825	0.159733	0.145104	0.416914	1.650204	3.050512
14874	-1009.152	-1222.719	213.5678	1.119648	0.188768	0.0850644	0.503106	0.223062	1.693122	1.522542
14880	-1012.341	-1225.01	212.6685	1.119648	0.180939	0.375904	0.229346	0.213811	1.656597	2.166898
14886	-1015.589	-1228.697	213.1071	1.119648	0.0765314	0.26541	0.396128	0.26193	1.990304	1.642069
14892	-1029.936	-1242.866	212.9298	0.8978357	0.0105025	0.309165	0.415576	0.264756	1.897333	1.981837
14898	-1026.271	-1237.419	211.1475	1.03392	0.00363669	0.339113	0.366985	0.290265	1.768632	3.090912
14904	-1005.04	-1217.953	212.9129	1.386686	0.0189318	0.432194	0.229136	0.319738	1.820149	1.724821
14910	-1030.274	-1242.739	212.4651	0.8147245	0.351955	0.154558	0.306521	0.186966	1.946676	2.308998
14916	-1044.487	-1257.812	213.3257	0.8147245	0.264207	0.116025	0.493571	0.126197	2.190731	1.560882
14922	-1015.001	-1226.661	211.66	2.51836	0.13986	0.470533	0.125151	0.264457	1.805599	1.998778
14928	-1011.606	-1223.614	212.0081	1.510142	0.135976	0.442889	0.191647	0.229488	1.607529	2.393259
14934	-1023.454	-1236.745	213.291	0.9067482	0.345538	0.140911	0.391165	0.122385	2.098732	1.583916
14940	-1024.686	-1237.388	212.7019	0.7175035	0.244706	0.123461	0.426556	0.205276	2.063307	2.147116
14946	-1025.189	-1238.324	213.1351	0.8290347	0.32101	0.0814704	0.481709	0.115811	1.890421	1.896125
14952	-1033.162	-1246.835	213.6722	1.122125	0.31434	0.296017	0.100649	0.288994	1.952146	1.234968
14958	-1015.896	-1229.837	213.9414	0.8535999	0.119373	0.30108	0.541049	0.0384983	1.952146	1.234968
14964	-1018.266	-1231.678	213.4116	1.107099	0.153612	0.31022	0.442299	0.0938686	1.786955	1.57753
14970	-1024.259	-1236.369	212.1099	0.7104131	0.318203	0.247347	0.246954	0.187496	1.935883	2.607744
14976	-1039.824	-1252.448	212.6233	0.7104131	0.177851	0.20244	0.352404	0.267305	1.971037	2.262464
14982	-1024.433	-1237.952	213.5186	0.5249071	0.123499	0.369052	0.343147	0.164302	1.637603	2.022774
14988	-1024.233	-1238.225	213.9927	0.8348979	0.230425	0.288551	0.369679	0.111345	1.976773	1.186865
14994	-1017.38	-1231.365	213.9844	0.8103869	0.230425	0.288551	0.369679	0.111345	2.055647	1.147484
15000	-1014.705	-1225.937	211.2319	1.372378	0.351966	0.159665	0.318699	0.169671	1.704362	2.887198
15006	-1017.737	-1228.735	210.9981	1.023438	0.197959	0.195367	0.578924	0.02775	1.768912	3.185787
15012	-1027.337	-1239.399	212.0615	1.023438	0.228749	0.230313	0.224207	0.31673	1.677301	2.597861
15018	-1040.972	-1252.025	211.0531	0.9953964	0.191328	0.249118	0.231654	0.327899	1.699372	3.210989
15024	-1034.656	-1246.337	211.6815	1.287059	0.23448	0.231772	0.219735	0.314013	1.6576	2.688933
15030	-1023.436	-1235.463	212.0264	0.8798054	0.235147	0.172977	0.55435	0.037526	1.710256	2.688933
15036	-1030.825	-1242.658	211.8328	0.7715555	0.220718	0.223725	0.520334	0.0352233	1.650281	2.911983
15042	-1028	-1241.329	213.3291	0.8127339	0.150767	0.212805	0.299496	0.336933	2.191029	1.559724
15048	-1021.97	-1235.965	213.9957	0.727885	0.265892	0.256868	0.189311	0.287928	2.241137	1.046431
15054	-1023.323	-1234.722	211.3994	1.095966	0.277194	0.223407	0.136825	0.362573	1.537268	3.042227
15060	-1037.66	-1251.312	213.6518	0.5619768	0.233172	0.188018	0.299213	0.279597	1.880755	1.740355
15066	-1029.931	-1242.324	212.3927	0.9209227	0.344124	0.211856	0.195236	0.248784	1.730833	2.422138
15072	-1017.861	-1230.908	213.0475	0.9209227	0.237646	0.275681	0.250027	0.236645	1.977667	1.83159
15078	-1033.325	-1246.234	212.9088	0.8852591	0.226056	0.44321	0.283137	0.0475971	1.901785	2.001503
15084	-1023.296	-1237.164	213.8681	1.089143	0.117094	0.192141	0.61404	0.0767248	2.106042	0.9391867
15090	-1038.853	-1252.253	213.4001	0.7710801	0.264904	0.434682	0.126839	0.173575	1.883525	1.76032
15096	-1040.844	-1254.624	213.78	0.78171	0.183634	0.287749	0.272479	0.256138	1.984283	1.399761
15102	-1019.973	-1233.93	213.9575	0.6704416	0.129651	0.428507	0.293832	0.14801	2.053758	1.296992
15108	-1033.8	-1247.25	213.4501	0.619568	0.158161	0.321967	0.358447	0.161425	2.030185	1.734793
15114	-1017.029	-1229.948	212.9196	1.485117	0.276293	0.248665	0.193048	0.281994	1.949645	1.564823
15120	-1024.558	-1238.252	213.6945	1.093508	0.395188	0.294904	0.191555	0.118353	1.899377	1.283259
15126	-1033.676	-1247.77	214.0937	0.5518887	0.352703	0.264931	0.282643	0.0997226	2.058792	1.283259
15132	-1027.223	-1241.093	213.8695	0.6450687	0.304835	0.167257	0.158273	0.369636	2.316652	1.172474
15138	-1024.732	-1238.118	213.3859	1.02455	0.285732	0.357407	0.124748	0.232113	2.344906	1.225807
15144	-1024.046	-1237.504	213.4577	1.02455	0.316382	0.149881	0.264899	0.268839	2.300797	1.20227
15150	-1042.106	-1256.142	214.0365	0.7456628	0.292829	0.265927	0.0850919	0.356152	1.84608	1.336526
15156	-1032.326	-1245.686	213.3595	1.338157	0.136618	0.47029	0.157755	0.235337	1.93876	1.336526
15162	-1027.881	-1241.402	213.5209	0.9478642	0.155647	0.234173	0.179728	0.430451	2.00482	1.451188
15168	-1023.095	-1237.417	214.3219	0.5783324	0.42367	0.274063	0.210343	0.0919246	1.900603	1.201745
15174	-1025.985	-1239.972	213.9865	0.8665977	0.331431	0.214395	0.355763	0.0984115	2.303883	0.8328566
15180	-1005.434	-1219.79	214.3567	0.5446517	0.0906376	0.457422	0.429341	0.0225989	2.185773	0.9322099
15186	-1010.719	-1225.043	214.3243	0.5446517	0.074736	0.199686	0.589277	0.136301	2.133029	1.019552
15192	-1003.781	-1218.159	214.3774	0.6446232	0.0761353	0.217809	0.60031	0.105745	2.06654	0.9256582
15198	-1001.668	-1215.678	214.01	0.8488841	0.0902741	0.258257	0.533144	0.118324	2.105913	1.040592
15204	-1002.36	-1216.366	214.006	0.8119831	0.100945	0.247153	0.533499	0.118403	2.283782	0.900752
15210	-1012.211	-1226.057	213.8463	1.099241	0.123566	0.235639	0.5305	0.110295	2.118915	0.9381789
15216	-1011.024	-1224.233	213.2094	1.587206	0.150259	0.093381	0.572102	0.184258	2.237466	1.016946
15222	-1022.37	-1236.729	214.3591	0.599165	0.134935	0.130363	0.667808	0.0668932	2.18973	0.860948
15228	-1024.17	-1237.973	213.8031	1.138237	0.139728	0.273171	0.384557	0.202544	2.058386	1.006185
15234	-1041.991	-1255.523	213.5322	1.138237	0.150596	0.306853	0.215111	0.32744	2.059256	1.249474
15240	-1044.501	-1257.035	212.5338	2.234874	0.0732274	0.269759	0.151299	0.505714	2.054848	1.331062
15246	-1026.463	-1239.291	212.8277	1.494291	0.134207	0.304272	0.193265	0.368257	1.857038	1.692264
15252	-1012.942	-1226.96	214.0179	0.8057866	0.206101	0.158147	0.339618	0.296133	2.018122	1.15533
15258	-1009.748	-1223.225	213.4768	1.333183	0.26336	0.161261	0.273415	0.301964	2.042673	1.15533
15264	-1014.496	-1228.449	213.9531	0.9482077	0.300437	0.170142	0.184945	0.344476	1.993977	1.103358
15270	-1010.008	-1223.694	213.6863	1.312906	0.195142	0.498159	0.206935	0.0997648	1.909526	1.103358
15276	-1026.084	-1238.797	212.7124	2.590185	0.378692	0.0900738	0.36366	0.167574	1.902596	1.103358
15282	-1013.166	-1226.629	213.4631	1.096219	0.0804953	0.143771	0.578417	0.197316	2.079433	1.322773
15288	-1018.276	-1232.003	213.7264	1.096219	0.209452	0.541639	0.153701	0.0952074	2.013998	1.156744
15294	-1011.231	-1225.222	213.9904	0.8968876	0.0374229	0.259024	0.690668	0.012885	1.949523	1.156744
15300	-1015.482	-1229.222	213.7404	1.144874	0.290562	0.284159	0.368525	0.0567544	1.960975	1.149711
15306	-1019.062	-1232.189	213.1268	1.331866	0.12307	0.147565	0.502856	0.226509	1.805058	1.618154
15312	-1021.162	-1235.312	214.1498	0.6589217	0.275174	0.312659	0.246984	0.165183	1.707144	1.428554
15318	-1031.647	-1244.256	212.6089	1.923042	0.0830936	0.261192	0.306374	0.34934	1.861771	1.59547
15324	-1022.149	-1235.253	213.1034	1.26973	0.118932	0.158158	0.438515	0.284395	1.440956	1.927947
15330	-1017.637	-1230.288	212.6505	2.141268	0.258637	0.110429	0.281992	0.348942	1.592219	1.642736
15336	-1008.536	-1220.743	212.207	1.900913	0.28477	0.0518071	0.431158	0.232265	1.804359	1.928359
15342	-1034.387	-1247.304	212.9173	0.7435471	0.343144	0.0938917	0.398722	0.164242	1.735285	2.202334
15348	-1019.886	-1233.653	213.7673	1.007719	0.16646	0.2162	0.239147	0.378193	2.013783	1.197252
15354	-1010.874	-1224.203	213.3286	0.7520122	0.209687	0.088915	0.630052	0.0713459	1.721216	1.934426
15360	-1038.52	-1250.926	212.4061	2.064844	0.369757	0.137447	0.219101	0.273694	2.054016	1.524756
15366	-1022.35	-1235.5	213.1507	1.477236	0.375466	0.107881	0.45759	0.0590628	1.847684	1.473673
15372	-1032.388	-1245.833	213.4454	0.7411313	0.341259	0.206529	0.314753	0.137458	1.867536	1.761884
15378	-1006.867	-1220.424	213.5566	0.7411313	0.268754	0.189827	0.523114	0.0183046	1.91887	1.646824
15384	-1016.32	-1229.618	213.2976	0.7411313	0.511218	0.228728	0.227302	0.0327528	2.046499	1.740066
15390	-998.5842	-1212.593	214.0092	0.7411313	0.433098	0.0647248	0.400058	0.10212	2.224794	1.035689
15396	-1011.709	-1225.855	214.1462	0.7411313	0.566045	0.0400311	0.329724	0.0642005	2.122285	1.001874
15402	-1007.945	-1221.55	213.6056	1.414181	0.385637	0.0124313	0.423058	0.178874	2.282849	0.6365395
15408	-1020.469	-1234.404	213.9357	0.8829289	0.38932	0.01255	0.427098	0.171032	2.473421	0.6064316
15414	-1013.934	-1228.115	214.1811	0.6565609	0.271705	0.11449	0.438291	0.175514	2.301782	0.8673172
15420	-1017.884	-1231.624	213.74	1.170214	0.149852	0.485373	0.241728	0.123047	2.220098	0.8673172
15426	-1015.083	-1228.817	213.7339	1.087364	0.163095	0.356739	0.132074	0.348092	2.345428	0.8189806
15432	-1010.678	-1224.297	213.6184	1.141254	0.186023	0.257621	0.30498	0.251376	2.397889	0.8327726
15438	-1015.542	-1229.145	213.6029	1.141254	0.12105	0.144051	0.371295	0.363604	2.397889	0.8518098
15444	-1015.934	-1229.606	213.6722	0.8730005	0.201141	0.163685	0.407298	0.227877	2.423453	1.03614
15450	-1027.614	-1238.994	211.3799	1.426115	0.103726	0.463511	0.0435401	0.389222	1.627783	2.814976
15456	-1021.484	-1232.707	211.2236	2.157403	0.198686	0.455937	0.0188686	0.326508	1.970336	2.337694
15462	-990.0604	-1204.068	214.0072	0.7957758	0.215468	0.193605	0.437468	0.153459	2.149769	1.054391
15468	-1007.47	-1220.845	213.3753	1.45251	0.152133	0.221671	0.469788	0.156408	2.021059	1.170116
15474	-1006.914	-1220.8	213.8864	0.8801919	0.0229123	0.139002	0.701688	0.136397	2.055405	1.170116
15480	-1016.554	-1229.378	212.8242	1.24296	0.334246	0.0552349	0.449868	0.160651	2.170085	1.632069
15486	-1036.48	-1248.976	212.4954	1.24296	0.466895	0.0671186	0.270772	0.195214	2.136856	1.885163
15492	-1027.336	-1240.022	212.6852	1.24296	0.265603	0.0905914	0.418599	0.225207	2.138731	1.752997
15498	-1023.901	-1236.832	212.9311	1.24296	0.25377	0.0865553	0.418745	0.24093	2.428985	1.356866
15504	-1020.261	-1232.413	212.1518	3.174016	0.0121206	0.462821	0.301207	0.223851	2.087683	1.118922
15510	-1011.367	-1224.284	212.9168	1.162235	0.423885	0.0542837	0.444354	0.0774774	2.407393	1.443975
15516	-1014.739	-1227.627	212.8889	1.281663	0.39081	0.050048	0.409681	0.149461	2.323301	1.443975
15522	-1013.943	-1227.105	213.1626	1.030587	0.159064	0.369014	0.217082	0.25484	1.859326	1.75732
15528	-1025.292	-1238.163	212.8709	1.685388	0.0837184	0.403912	0.237612	0.274758	2.019102	1.422454
15534	-1012.957	-1226.502	213.5447	0.5779185	0.306789	0.110382	0.511433	0.0713954	2.086948	1.65846
15540	-1010.594	-1223.618	213.0234	1.145946	0.27114	0.175397	0.514536	0.0389257	2.208904	1.525008
15546	-1010.039	-1222.275	212.2366	0.7469301	0.197644	0.0980955	0.568847	0.135414	1.738852	2.627341
15552	-1018.731	-1231.178	212.4474	0.9930363	0.321565	0.122656	0.488937	0.0668414	1.792188	2.302286
15558	-1015.46	-1226.584	211.1238	2.039114	0.158909	0.321102	0.480464	0.0395242	1.664535	2.645683
15564	-1031.599	-1245.868	214.269	0.829352	0.406407	0.165311	0.372779	0.0555028	1.818329	1.08682
15570	-1011.413	-1224.627	213.2139	1.353707	0.268113	0.159082	0.245927	0.326878	1.857366	1.501042
15576	-1021.762	-1233.03	211.2679	4.508358	0.132308	0.279177	0.374517	0.213998	1.811949	1.501042
15582	-1032.019	-1242.313	210.2937	0.8222856	0.107404	0.157879	0.40532	0.329398	1.591915	3.819808
15588	-1045.673	-1256.808	211.1354	0.7172016	0.153641	0.444688	0.312903	0.0887678	1.392912	3.511711
15594	-1032.295	-1243.077	210.7824	1.145031	0.204316	0.129538	0.316114	0.350033	1.662503	3.306013
15600	-1030.544	-1241.974	211.4303	1.641566	0.364724	0.0152008	0.384835	0.235241	1.531842	2.730472
15606	-1040.114	-1250.547	210.4333	3.101787	0.215932	0.0298876	0.450892	0.303289	1.388822	2.808873
15612	-1038.757	-1251.653	212.8967	0.6829292	0.170325	0.103754	0.63021	0.0957109	1.834298	2.193144
15618	-1050.275	-1262.11	211.8348	1.626884	0.291908	0.167658	0.336191	0.204243	1.960166	2.215717
15624	-1023.652	-1235.965	212.3127	2.596465	0.113796	0.210807	0.533186	0.14221	1.739085	1.554224
15630	-1028.358	-1239.598	211.2402	2.976825	0.172393	0.449559	0.268982	0.109067	1.7537	2.119248
15636	-1022.682	-1231.494	208.8121	8.920712	0.153947	0.2103	0.281002	0.354751	1.549608	2.268762
15642	-1021.699	-1233.467	211.7683	3.653534	0.181388	0.603607	0.142363	0.0726414	1.659444	1.557283
15648	-1023.24	-1237.056	213.8162	1.062111	0.0982016	0.702541	0.128142	0.0711148	1.784035	1.303113
15654	-1040.046	-1252.971	212.9247	1.690132	0.276244	0.560594	0.106415	0.0567462	1.75846	1.574791
15660	-1037.708	-1251.611	213.9026	0.4822092	0.376505	0.179983	0.273175	0.170337	1.902193	1.603682
15666	-1030.531	-1242.186	211.6554	1.473074	0.302433	0.321695	0.14986	0.226012	1.538443	2.676025
15672	-1029.297	-1242.871	213.5736	1.293312	0.508747	0.0788438	0.39832	0.0140887	2.363268	0.7462621
15678	-1028.349	-1241.223	212.8745	2.183051	0.211611	0.241503	0.533648	0.0132376	2.384907	0.6736345
15684	-1023.083	-1236.349	213.2655	1.678638	0.255969	0.238854	0.376514	0.128663	2.380197	0.6736345
15690	-1004.09	-1217.651	213.5606	1.456322	0.375544	0.345113	0.0878856	0.191458	2.304841	0.599761
15696	-1019.051	-1230.628	211.5767	4.523738	0.15472	0.628672	0.00324039	0.213368	2.381149	0.599761
15702	-1034.77	-1247.631	212.8618	0.8391279	0.257418	0.329768	0.276572	0.136242	2.082253	1.944112
15708	-1024.665	-1238.368	213.703	0.7906143	0.397807	0.102046	0.423227	0.0769193	2.044723	1.405376
15714	-1023.088	-1236.667	213.5792	0.9227718	0.296462	0.0760491	0.570165	0.0573234	2.335692	1.155394
15720	-1027.481	-1241.16	213.6789	0.6024749	0.216299	0.184708	0.53758	0.0614133	2.316909	1.366776
15726	-1012.812	-1226.883	214.0719	0.6963188	0.242596	0.124317	0.602937	0.0301495	2.096941	1.139923
15732	-1019.611	-1233.788	214.1774	0.5965279	0.201817	0.10342	0.501587	0.193176	2.096941	1.139923
15738	-1011.9	-1225.168	213.2684	1.191174	0.263827	0.101709	0.444483	0.189981	2.066465	1.414628
15744	-1007.461	-1221.095	213.6338	0.9509312	0.383332	0.0261125	0.489102	0.101453	2.090698	1.292284
15750	-1020.419	-1233.674	213.254	1.243706	0.121348	0.0508916	0.678657	0.149104	2.343646	1.158842
15756	-1026.596	-1240.369	213.7724	1.033063	0.295307	0.134751	0.467279	0.102663	2.474993	0.6321667
15762	-1021.269	-1235.383	214.1131	0.7573488	0.306215	0.135542	0.484538	0.0737051	2.418797	0.6282613
15768	-1023.56	-1237.866	214.3059	0.5332115	0.233747	0.185558	0.469742	0.110953	2.418797	0.7127821
15774	-1019.485	-1233.238	213.7536	1.241893	0.23318	0.440517	0.161535	0.164768	2.190216	0.8035298
15780	-1005.067	-1218.845	213.778	1.060034	0.285951	0.211594	0.392377	0.110079	2.202329	0.9626618
15786	-1007.186	-1221.084	213.8972	1.161111	0.265782	0.19667	0.364702	0.172846	2.101685	0.8307667
15792	-1020.08	-1233.281	213.2009	1.121165	0.149759	0.169142	0.569961	0.111138	1.942521	1.607777
15798	-1002.64	-1216.047	213.4075	1.121165	0.342039	0.177271	0.348642	0.132047	1.908687	1.479966
15804	-990.8478	-1204.63	213.782	0.7068772	0.237545	0.37185	0.292493	0.0981124	1.948523	1.486089
15810	-1018.713	-1232.098	213.3844	1.234903	0.209391	0.343593	0.257826	0.18919	2.066136	1.290178
15816	-1015.043	-1228.742	213.6995	1.075023	0.0971439	0.432969	0.269965	0.199922	2.264169	0.9646704
15822	-1023.485	-1237.542	214.0567	0.84338	0.349929	0.164274	0.244229	0.241568	2.167693	0.9366171
15828	-1017.849	-1231.763	213.9132	1.111782	0.519321	0.290195	0.110905	0.0795797	2.167693	0.7853432
15834	-1023.203	-1237.378	214.1746	0.707461	0.157692	0.271663	0.291662	0.278982	2.232129	0.8930324
15840	-1011.327	-1224.806	213.4793	0.9392214	0.12753	0.636716	0.124561	0.111193	2.093899	1.421507
15846	-1013.074	-1226.331	213.2567	1.222362	0.17254	0.46668	0.210343	0.150437	2.072485	1.396207
15852	-1007.193	-1220.457	213.2647	1.154661	0.226363	0.395965	0.17847	0.199203	2.11177	1.40924
15858	-1018.74	-1232.941	214.2017	0.4727106	0.274568	0.164142	0.520163	0.041127	2.047283	1.269337
15864	-1001.248	-1215.168	213.9208	0.8260224	0.215184	0.169719	0.574836	0.0402605	2.074451	1.17255
15870	-1002.834	-1216.217	213.3827	0.8761205	0.235784	0.338779	0.243662	0.181776	1.867879	1.70655
15876	-1004.906	-1218.057	213.151	0.8761205	0.222839	0.100151	0.36464	0.31237	1.889375	1.852745
15882	-1002.997	-1216.697	213.7	0.8761205	0.259464	0.114209	0.431636	0.194691	1.889375	1.458664
15888	-1006.577	-1220.33	213.7529	0.6792489	0.149057	0.353172	0.411767	0.086004	1.889375	1.573369
15894	-1020.539	-1234.179	213.6392	1.314687	0.101905	0.594754	0.163513	0.139828	2.090387	0.9725431
15900	-1014.648	-1228.595	213.947	0.8975849	0.18857	0.428154	0.206601	0.176675	2.067857	1.088498
15906	-1010.828	-1224.973	214.1443	0.8268025	0.176218	0.272155	0.302985	0.248642	1.833012	1.187397
15912	-1002.684	-1216.547	213.863	0.7912001	0.175246	0.270655	0.389641	0.164457	2.035879	1.284544
15918	-991.6484	-1205.474	213.8254	0.7912001	0.132355	0.269694	0.372479	0.225472	2.064288	1.292047
15924	-1004.012	-1217.62	213.6073	0.7912001	0.309219	0.110332	0.485196	0.095253	1.834677	1.633008
15930	-1040.71	-1252.82	212.1093	1.645039	0.199449	0.265288	0.227835	0.307427	1.671908	2.214869
15936	-1017.386	-1230.926	213.5406	0.667948	0.138396	0.259051	0.437366	0.165188	1.730863	1.844219
15942	-1020.771	-1233.573	212.8023	1.428845	0.150324	0.132713	0.584096	0.132867	1.954305	1.681755
15948	-1014.479	-1226.907	212.4282	1.374281	0.168245	0.123371	0.58487	0.123515	1.920695	1.995283
15954	-1020.938	-1234.383	213.4452	0.7635356	0.323923	0.0936537	0.478846	0.103577	1.830127	1.771615
15960	-1027.737	-1241.806	214.0689	0.5000765	0.0640173	0.0794062	0.85576	0.00081601	1.950426	1.430442
15966	-1028.525	-1242.223	213.6976	0.7718983	0.196905	0.309689	0.491896	0.00150989	1.918511	1.520336
15972	-1023.543	-1237.191	213.6481	0.6066451	0.161884	0.298498	0.361418	0.178199	2.119197	1.537822
15978	-1020.813	-1234.923	214.1096	0.5083306	0.142619	0.312645	0.43097	0.113766	2.286144	1.112374
15984	-1007.937	-1222.285	214.3484	0.4381096	0.305878	0.248278	0.424283	0.021561	2.453281	0.7384802
15990	-1005.875	-1220.219	214.3439	0.4539338	0.289778	0.251052	0.40195	0.0572194	2.44662	0.7329496
15996	-1014.921	-1228.515	213.5944	0.5916986	0.295983	0.256427	0.389146	0.0584445	2.44662	1.339909
16002	-1006.676	-1220.081	213.4046	0.4651218	0.280781	0.294618	0.369159	0.0554427	2.003577	1.893314
16008	-1027.253	-1240.426	213.1729	0.4651218	0.290286	0.258328	0.374059	0.0773269	1.787075	2.190262
16014	-1024.318	-1236.726	212.4081	0.8365104	0.313215	0.0613577	0.418973	0.206454	1.704035	2.48396
16020	-1027.242	-1238.968	211.7259	0.8415316	0.308617	0.212157	0.356268	0.122958	1.640952	2.937919
16026	-1015.263	-1227.301	212.0381	1.098303	0.248334	0.170716	0.330036	0.250913	1.884757	2.437104
16032	-1015.666	-1228.089	212.423	0.6097567	0.228668	0.38602	0.25414	0.131171	1.797413	2.565494
16038	-1005.338	-1217.913	212.5756	0.5635457	0.228668	0.38602	0.25414	0.131171	1.80339	2.496814
16044	-1005.8	-1218.636	212.8362	0.939315	0.373125	0.0809316	0.260201	0.285743	1.974177	1.964689
16050	-1019.124	-1230.683	211.5594	0.9944094	0.239758	0.246058	0.28905	0.225134	1.631725	2.9497
16056	-1032.002	-1245.295	213.2928	0.5380188	0.156716	0.263507	0.454363	0.125415	1.64666	2.156472
16062	-1025.552	-1238.038	212.4858	1.120955	0.427431	0.035905	0.248218	0.288446	1.85412	2.156472
16068	-1021.878	-1234.873	212.9949	0.6892716	0.2007	0.257505	0.440615	0.10118	1.772287	2.165311
16074	-1034.985	-1248.62	213.6356	0.9994239	0.0547651	0.117457	0.506519	0.321258	2.483618	0.8763043
16080	-1055.323	-1269.291	213.9676	0.7620203	0.303817	0.125245	0.329904	0.241034	2.312057	0.9680572
16086	-1039.219	-1252.733	213.5135	1.375185	0.199377	0.33807	0.382828	0.0797246	2.339134	0.7612653
16092	-1020.854	-1234.754	213.9003	0.8603854	0.190162	0.271281	0.440354	0.0982039	2.449791	0.7612653
16098	-1032.017	-1246.1	214.0832	0.857863	0.211816	0.141107	0.490498	0.156579	2.314709	0.6883257
16104	-1018.56	-1231.986	213.4268	0.9755149	0.35721	0.152993	0.339801	0.149996	1.929633	1.557129
16110	-1026.918	-1241.169	214.2512	0.7162823	0.104396	0.339241	0.372684	0.183679	2.33327	0.6039389
16116	-1030.605	-1244.367	213.7614	0.9982026	0.138209	0.23781	0.417979	0.206002	2.075348	1.157086
16122	-1014.793	-1229.099	214.3059	0.6690637	0.213652	0.161461	0.611936	0.0129506	2.026924	1.013664
16128	-1010.488	-1224.728	214.2397	0.6051387	0.304471	0.0646618	0.463599	0.167268	2.10862	1.063878
16134	-1023.261	-1237.722	214.4614	0.6001682	0.353691	0.125199	0.317352	0.203758	1.712182	1.223937
16140	-1034.2	-1246.929	212.7287	2.076571	0.205674	0.260198	0.122598	0.41153	1.773973	1.486386
16146	-1039.941	-1253.74	213.7995	1.379482	0.195196	0.291925	0.122312	0.390566	2.032694	0.7847218
16152	-1025.326	-1238.92	213.5938	0.9769622	0.229417	0.322286	0.273862	0.174435	2.133191	1.26868
16158	-1019.827	-1231.609	211.7816	2.526474	0.123319	0.155253	0.537707	0.183721	1.863435	1.874153
16164	-1019.292	-1229.407	210.1152	5.600466	0.151156	0.167132	0.520478	0.161233	1.631481	2.100249
16170	-1020.96	-1232.347	211.3866	2.372664	0.206604	0.535223	0.240564	0.0176096	1.677541	2.32398
16176	-1016.826	-1229.064	212.2377	1.33817	0.121778	0.421067	0.424816	0.0323383	1.75933	2.246878
16182	-1008.557	-1221.476	212.9191	1.00258	0.123285	0.317949	0.328011	0.230754	1.837597	1.957951
16188	-1018.364	-1230.113	211.7499	2.285689	0.0705167	0.300626	0.359092	0.269766	1.816847	2.036853
16194	-1015.724	-1229.008	213.2842	0.7689944	0.0117806	0.660786	0.250919	0.076514	1.747225	1.934702
16200	-1006.915	-1218.796	211.8808	2.421549	0.0105079	0.589399	0.136931	0.263162	1.586136	2.041017
16206	-1008.862	-1218.694	209.8323	1.868273	0.0137421	0.542936	0.190894	0.252428	1.456669	3.616654
16212	-1010.434	-1217.228	206.7945	7.24175	0.10792	0.173236	0.53596	0.182884	1.55434	3.793939
16218	-1032.296	-1240.168	207.8727	8.359087	0.320187	0.0816888	0.0446674	0.553457	1.571864	2.940263
16224	-1013.203	-1222.088	208.8852	4.464625	0.2961	0.312	0.0308235	0.361077	1.877099	3.01941
16230	-1033.284	-1245.61	212.3263	1.425751	0.0821162	0.812822	0.00492567	0.100136	1.680563	2.190016
16236	-1024.395	-1235.685	211.2894	2.254323	0.0945078	0.86268	0.00162393	0.0411887	1.680563	2.435615
16242	-1029.699	-1240.59	210.8911	2.416388	0.290251	0.274722	0.0049874	0.43004	1.966864	2.435615
16248	-1027.54	-1240.435	212.8954	1.425705	0.311169	0.465372	0.00232993	0.22113	2.159633	1.464874
16254	-1045.64	-1254.142	208.5024	2.324446	0.430649	0.0207848	0.0692364	0.479329	1.452934	4.189628
16260	-1025.085	-1235.772	210.687	3.701528	0.122485	0.586086	0.00168637	0.289742	2.082392	1.998495
16266	-1031.294	-1243.281	211.9876	2.229778	0.121429	0.6655	0.00127709	0.211794	2.243487	1.605274
16272	-1021.412	-1234.572	213.1607	1.376141	0.099272	0.724522	0.0209456	0.15526	2.027435	1.396361
16278	-1022.887	-1234.92	212.0327	1.854937	0.505439	0.198296	0.04834	0.247925	1.973133	1.956142
16284	-1014.153	-1227.267	213.1145	1.158583	0.206991	0.635536	0.0559404	0.101532	1.867735	1.69758
16290	-1023.725	-1236.731	213.0062	1.837446	0.188119	0.252527	0.455373	0.103981	2.214413	1.039423
16296	-1025.106	-1238.537	213.4307	1.48683	0.0397299	0.530454	0.387965	0.0418511	2.273763	0.8285541
16302	-1022.867	-1235.009	212.1417	3.407701	0.0375226	0.673525	0.228463	0.0604889	2.305616	0.7464873
16308	-1016.924	-1229.127	212.2032	3.068117	0.122564	0.330546	0.283554	0.263335	2.500261	0.6333658
16314	-1018.59	-1231.692	213.1019	1.414238	0.211612	0.191408	0.347269	0.249712	2.030196	1.413547
16320	-1002.404	-1216.041	213.6375	0.8081216	0.197626	0.228649	0.54359	0.0301356	2.835941	0.381871
16326	-1000.56	-1214.335	213.7756	0.9223161	0.190239	0.220102	0.534838	0.054822	2.605747	0.5627703
16332	-1001.848	-1215.874	214.0262	0.7660923	0.206731	0.225881	0.514637	0.0527514	2.513167	0.5794095
16338	-1014.737	-1228.528	213.7911	0.7660923	0.0750816	0.181227	0.716814	0.0268774	2.758795	0.5220289
16344	-1009.263	-1223.596	214.3326	0.3880571	0.188852	0.119669	0.684077	0.00740223	2.598499	0.5220289
16350	-991.9151	-1206.245	214.3303	0.5073039	0.0788308	0.269657	0.644538	0.00697439	2.490619	0.5220289
16356	-1001.607	-1215.851	214.2444	0.5681336	0.282557	0.154427	0.56141	0.00160531	2.490619	0.6193808
16362	-1027.136	-1240.471	213.3353	1.05878	0.188604	0.192487	0.390148	0.228761	1.884991	1.596095
16368	-1023.464	-1235.648	212.1844	1.05878	0.217594	0.138443	0.280607	0.363356	1.81921	2.4106
16374	-1014.988	-1228.718	213.7307	0.7530942	0.122733	0.497941	0.364539	0.0147874	2.797252	0.3767154
16380	-1008.909	-1222.851	213.9418	0.6106577	0.145562	0.102011	0.599079	0.153348	2.736849	0.3767154
16386	-1019.03	-1232.688	213.658	0.8212568	0.292	0.184962	0.326609	0.196429	2.778958	0.3507899
16392	-1034.123	-1247.959	213.8359	0.7871539	0.336152	0.329553	0.108165	0.22613	2.662726	0.3871994
16398	-1031.536	-1245.006	213.4704	1.113363	0.310746	0.380224	0.0999905	0.20904	2.69806	0.3871994
16404	-1036.377	-1248.942	212.5647	0.7865304	0.147079	0.352375	0.170342	0.330204	1.701435	2.420048
16410	-1025.622	-1238.099	212.477	0.8061257	0.149204	0.276707	0.314792	0.259297	1.774179	2.416525
16416	-1017.641	-1230.497	212.8556	0.9147217	0.135066	0.298477	0.33173	0.234727	1.951864	1.983424
16422	-1019.161	-1232.283	213.1223	0.8631838	0.268961	0.168002	0.306512	0.256525	1.7382	1.983424
16428	-1020.88	-1231.834	210.9542	1.313289	0.171964	0.349664	0.294002	0.18437	1.848391	2.999888
16434	-1017.465	-1229.867	212.4025	0.4800606	0.188316	0.381357	0.378667	0.0516602	1.821801	2.645203
16440	-1034.057	-1247.442	213.3856	0.8521894	0.23261	0.126883	0.441603	0.198904	3.023748	0.3563289
16446	-1038.954	-1251.965	213.0115	1.598861	0.443657	0.0787376	0.355331	0.122275	2.727728	0.4026894
16452	-1021.975	-1234.598	212.6231	0.7586422	0.178602	0.264066	0.276235	0.281097	1.777098	2.35386
16458	-1018.616	-1230.718	212.1019	0.8051297	0.286677	0.1859	0.385792	0.141631	1.674855	2.711942
16464	-1024.765	-1236.753	211.9883	1.135541	0.24678	0.196297	0.40737	0.149552	1.604102	2.62065
16470	-1016.633	-1230.634	214.0005	0.5818351	0.138538	0.383451	0.185871	0.292139	2.01061	1.371795
16476	-1006.136	-1219.574	213.4374	1.125987	0.407156	0.183921	0.204826	0.204096	2.014659	1.371795
16482	-1003.077	-1216.417	213.3401	1.072573	0.158946	0.168688	0.496049	0.176317	1.97401	1.517021
16488	-1002.487	-1216.306	213.8189	0.8908797	0.164292	0.207653	0.578857	0.0491984	2.042986	1.22922
16494	-994.2997	-1207.953	213.6532	0.9488631	0.158667	0.322178	0.343407	0.175748	2.051957	1.309699
16500	-1009.075	-1222.704	213.6285	1.169842	0.0701502	0.532825	0.122784	0.274241	2.308183	0.8948272
16506	-1023.529	-1237.1	213.5712	1.223745	0.331247	0.43298	0.0534407	0.182332	2.314608	0.8948272
16512	-1019.749	-1233.255	213.5066	1.223745	0.2555	0.0841065	0.201559	0.458834	2.193008	1.083632
16518	-1015.854	-1229.765	213.9108	0.8481203	0.417532	0.239173	0.218479	0.124816	2.157069	1.086696
16524	-1013.846	-1227.79	213.9439	0.8505676	0.501413	0.128609	0.262371	0.107606	2.380703	0.8103388
16530	-1019.239	-1233.229	213.9899	0.7294292	0.359466	0.292776	0.188511	0.159247	2.598231	0.5270614
16536	-1024.452	-1238.149	213.6973	0.9809225	0.367241	0.0971561	0.338048	0.197555	2.541269	0.7441777
16542	-1022.321	-1235.906	213.5856	1.183692	0.389409	0.119823	0.247122	0.243646	2.482677	0.6988619
16548	-1020.916	-1234.934	214.0182	0.8379406	0.124205	0.571787	0.121685	0.182323	2.433493	0.6175089
16554	-1009.828	-1223.858	214.0305	0.8428718	0.173066	0.47698	0.131331	0.218623	2.361423	0.7251277
16560	-1014.078	-1227.659	213.5808	1.217589	0.149421	0.552534	0.0556634	0.242381	2.439847	0.7251277
16566	-1015.299	-1229.339	214.0402	0.8834346	0.148201	0.510972	0.224236	0.116591	2.35699	0.6355883
16572	-1025.282	-1238.789	213.5067	1.246977	0.128325	0.189259	0.324051	0.358365	2.450283	0.7792005
16578	-1026.853	-1240.635	213.7827	1.083359	0.130542	0.341143	0.163758	0.364556	2.420765	0.6182448
16584	-1021.982	-1236.302	214.3207	0.5848007	0.156566	0.40915	0.370464	0.0638204	2.419684	0.5313774
16590	-1015.072	-1228.884	213.811	0.9690971	0.324052	0.107591	0.257661	0.310696	2.520099	0.5740946
16596	-1025.996	-1238.619	212.6229	2.485525	0.137986	0.292364	0.258247	0.311402	2.466366	0.5740946
16602	-1027.686	-1241.723	214.0372	0.6799767	0.247779	0.34684	0.318592	0.0867891	2.600758	0.5458464
16608	-1033.358	-1247.084	213.7253	1.073062	0.176993	0.398181	0.349137	0.0756889	2.510641	0.4702533
16614	-1019.666	-1233.699	214.0326	0.8428343	0.0955083	0.546437	0.243309	0.114745	2.284772	0.8298789
16620	-1001.185	-1215.297	214.1115	0.7709634	0.281837	0.228954	0.339257	0.149952	2.201543	0.922674
16626	-1014.677	-1228.189	213.5114	1.365705	0.158249	0.421743	0.335812	0.0841962	2.150441	0.9944958
16632	-1015.106	-1228.472	213.3657	1.480275	0.198697	0.414505	0.199379	0.187419	2.081708	1.102939
16638	-1022.796	-1235.8	213.0041	2.006036	0.208384	0.342178	0.274047	0.175392	2.230464	0.8904245
16644	-1009.755	-1223.63	213.8757	1.035046	0.205748	0.350498	0.270581	0.173174	2.113175	0.9793003
16650	-1021.852	-1235.224	213.3726	1.596862	0.313077	0.157408	0.151852	0.377663	2.152836	0.9276619
16656	-1023.785	-1237.888	214.1033	0.8208083	0.0841587	0.1926	0.510383	0.212858	2.152836	0.9276619
16662	-1027.666	-1242.042	214.3759	0.5940095	0.137834	0.179948	0.365562	0.316656	2.310547	0.6678976
16668	-1028.252	-1242.357	214.1052	0.7850011	0.230228	0.253527	0.39847	0.117775	2.412545	0.5856658
16674	-1012.311	-1223.673	211.3617	4.646394	0.289036	0.202077	0.398335	0.110552	1.777698	1.407294
16680	-993.0476	-1203.328	210.2806	4.817414	0.323366	0.226078	0.326875	0.123682	1.581171	2.240137
16686	-1009.809	-1220.818	211.0089	4.102886	0.151162	0.121624	0.660676	0.0665378	1.721827	1.886884
16692	-1013.417	-1225.899	212.4821	2.458146	0.597603	0.0329063	0.186058	0.183433	1.876858	1.39088
16698	-1020.124	-1232.407	212.2836	2.751968	0.367621	0.0440336	0.236141	0.352204	1.96257	1.328962
16704	-1022.378	-1236.038	213.6598	0.9832681	0.190747	0.297738	0.260251	0.251263	2.647043	0.4064964
16710	-1035.888	-1247.377	211.4888	4.413019	0.503921	0.0309224	0.33054	0.134617	1.767739	1.400167
16716	-1031.81	-1245.161	213.3507	1.322054	0.187002	0.200971	0.530742	0.0812852	1.881331	1.400167
16722	-1018	-1231.785	213.7848	0.8940728	0.221159	0.212695	0.473915	0.0922313	2.081354	1.222887
16728	-1001.704	-1214.829	213.1251	1.545926	0.20842	0.258043	0.446618	0.0869189	2.102586	1.245286
16734	-1009.73	-1222.908	213.1781	1.675196	0.194497	0.204655	0.505734	0.0951139	1.941561	1.245286
16740	-1022.63	-1237.036	214.4062	0.5558267	0.167592	0.161852	0.459582	0.210974	1.973418	1.082771
16746	-1023.789	-1237.519	213.7302	0.7828286	0.214335	0.151701	0.430758	0.203207	1.906491	1.496391
16752	-1015.658	-1229.224	213.5668	1.094077	0.183231	0.129687	0.513364	0.173718	1.8989	1.385328
16758	-1009.266	-1223.113	213.8469	0.7855633	0.243494	0.240242	0.497363	0.0189018	1.890063	1.417855
16764	-1020.985	-1235.36	214.3748	0.6278293	0.1683	0.542391	0.275264	0.0140445	2.114487	0.8950673
16770	-1008.546	-1222.861	214.3155	0.6084938	0.18893	0.222961	0.561998	0.0261111	2.239172	0.84195
16776	-1006.209	-1220.653	214.4438	0.433125	0.180243	0.258688	0.536159	0.0249106	1.967604	1.162938
16782	-1007.058	-1221.35	214.2922	0.5812839	0.123812	0.182835	0.68318	0.0101735	1.971993	1.162938
16788	-1004.907	-1218.975	214.0679	0.7807082	0.35285	0.0968412	0.541856	0.00845275	1.985735	1.162938
16794	-1016.108	-1230.323	214.2152	0.5701398	0.288178	0.310725	0.356046	0.0450513	1.985735	1.227366
16800	-1013.533	-1226.516	212.9834	1.855573	0.048528	0.273666	0.585531	0.0922756	2.013322	1.227366
16806	-1015.031	-1228.581	213.5504	1.041379	0.260619	0.404818	0.250691	0.0838718	2.004411	1.355874
16812	-1021.184	-1234.381	213.1966	1.403279	0.0796487	0.373749	0.52097	0.0256324	2.018979	1.355874
16818	-1013.699	-1227.617	213.9178	0.8965015	0.0652468	0.472291	0.440776	0.0216867	2.119758	1.068385
16824	-1018.653	-1231.494	212.8413	2.123958	0.137737	0.129934	0.709791	0.0225379	1.941883	1.236942
16830	-1021.278	-1235.758	214.4796	0.4876229	0.317837	0.152988	0.522162	0.0070129	1.99199	1.061173
16836	-1011.993	-1226.208	214.2146	0.8303982	0.343898	0.165532	0.444086	0.0464844	1.992288	0.9692499
16842	-1016.154	-1230.631	214.4773	0.3425117	0.199003	0.359101	0.414996	0.0268991	2.048952	1.125319
16848	-1002.66	-1216.686	214.0256	0.6873076	0.170788	0.449969	0.356157	0.0230853	1.925281	1.331252
16854	-1020.725	-1234.714	213.9889	0.6873076	0.279579	0.0980125	0.524069	0.0983395	1.961088	1.331978
16860	-1019.225	-1232.71	213.4845	1.533914	0.321848	0.275161	0.225613	0.177377	1.918206	1.101561
16866	-1024.069	-1238.404	214.3354	0.5176954	0.290012	0.18015	0.350104	0.179734	2.014092	1.145484
16872	-1011.941	-1225.588	213.6479	1.174688	0.12931	0.287387	0.546734	0.0365701	2.11872	1.064236
16878	-1028.431	-1242.706	214.2757	0.4613765	0.104021	0.261912	0.304051	0.330017	2.180811	1.098905
16884	-1017.021	-1231.49	214.4689	0.5240242	0.202317	0.285649	0.470579	0.041455	2.180811	0.8326293
16890	-1021.189	-1234.674	213.4851	0.6938832	0.249532	0.103016	0.598479	0.0489728	2.988933	0.2717824
16896	-1018.416	-1230.989	212.5727	1.654397	0.563001	0.0529795	0.243473	0.140546	2.988933	0.2717824
16902	-1024.895	-1236.014	211.1189	4.048317	0.509401	0.0400468	0.201974	0.248579	2.912108	0.2608118
16908	-1016.613	-1228.805	212.192	2.194302	0.207665	0.167945	0.436801	0.187589	2.997031	0.2995302
16914	-1013.97	-1227.24	213.2703	1.0662	0.288789	0.286658	0.385204	0.0393499	2.86315	0.2998266
16920	-1003.116	-1216.642	213.5258	0.7834364	0.256772	0.365743	0.342498	0.0349873	2.895751	0.2998266
16926	-1012.187	-1225.827	213.6399	0.8096448	0.165481	0.102811	0.66548	0.0662275	2.796329	0.3366452
16932	-1008.165	-1220.947	212.7814	1.621626	0.320122	0.0459489	0.582245	0.0516843	2.863202	0.3105551
16938	-1008.009	-1220.398	212.3892	2.102035	0.319671	0.00944762	0.581424	0.0894576	2.9149	0.3427403
16944	-1032.797	-1244.198	211.4012	3.885004	0.208787	0.0109875	0.676188	0.104038	2.821399	0.3427403
16950	-1021.007	-1232.047	211.0404	4.589144	0.401634	0.0458048	0.122349	0.430212	2.765252	0.2800623
16956	-1028.417	-1240.338	211.921	2.941067	0.519485	0.0723335	0.097508	0.310674	2.791691	0.3108413
16962	-1036.728	-1248.986	212.2583	2.889121	0.150989	0.704026	0.0397533	0.105232	2.011471	1.239864
16968	-1023.685	-1236.789	213.1039	1.521497	0.13997	0.303319	0.287389	0.269321	1.979264	1.378943
16974	-1018.645	-1232.678	214.033	0.8269884	0.0885489	0.667907	0.0731648	0.17038	1.928897	1.200492
16980	-1013.384	-1226.837	213.4533	1.441732	0.140305	0.473803	0.115929	0.269964	2.400303	0.6596616
16986	-1009.02	-1222.109	213.0895	1.738684	0.0652206	0.246325	0.334397	0.354057	2.55032	0.5583663
16992	-1006.112	-1219.035	212.923	1.723031	0.254735	0.242268	0.177629	0.325367	2.70339	0.3833667
16998	-1008.963	-1221.882	212.9194	1.723031	0.261313	0.276699	0.129426	0.332562	2.70339	0.3775115
17004	-1015.302	-1229.227	213.9248	0.7139156	0.128244	0.179603	0.47629	0.215863	2.678895	0.53442
17010	-1015.507	-1229.77	214.2639	0.5605309	0.124143	0.173859	0.461058	0.24094	2.501427	0.53442
17016	-1026.966	-1240.967	214.0009	0.7708419	0.18525	0.483384	0.17781	0.153557	2.516447	0.6290646
17022	-1018.452	-1232.315	213.8637	1.09531	0.319061	0.284974	0.212473	0.183492	2.323812	0.6290646
17028	-1020.39	-1234.147	213.7573	0.9841857	0.345487	0.0837549	0.23007	0.340688	2.563395	0.5528656
17034	-1012.813	-1226.815	214.002	0.6884072	0.100483	0.180065	0.392406	0.327045	2.627387	0.458971
17040	-1003.358	-1217.154	213.7956	0.7896594	0.181633	0.198823	0.575951	0.0435929	2.724645	0.4480618
17046	-1000.907	-1214.717	213.8103	0.7998688	0.231406	0.253306	0.432713	0.0825757	2.704987	0.4981491
17052	-1013.54	-1226.925	213.3846	1.405815	0.234492	0.150889	0.530941	0.0836773	2.542842	0.4981491
17058	-1012.59	-1226.317	213.7273	0.9093696	0.297649	0.0688194	0.602068	0.0314638	2.674229	0.5130624
17064	-1010.959	-1224.507	213.5487	0.9148571	0.293189	0.343163	0.297244	0.0664039	2.824154	0.3995129
17070	-1020.141	-1233.624	213.4826	0.9148571	0.269754	0.26753	0.331284	0.131432	2.866579	0.3619541
17076	-1016.804	-1230.082	213.2787	0.9191981	0.321228	0.167439	0.354822	0.156512	3.001564	0.2994833
17082	-1005.91	-1219.586	213.6761	0.5518424	0.262768	0.360749	0.338435	0.0380483	2.988942	0.2994833
17088	-1016.528	-1230.327	213.7992	0.4571899	0.070462	0.37278	0.526539	0.0302193	2.960086	0.2994833
17094	-999.1433	-1212.864	213.721	0.4451156	0.193941	0.275562	0.514441	0.016056	3.023986	0.2816587
17100	-1007.887	-1221.886	213.9995	0.3625625	0.166365	0.360917	0.458411	0.0143072	2.889345	0.3429813
17106	-1013.084	-1226.799	213.7147	0.6563837	0.333352	0.110403	0.539409	0.0168352	2.889345	0.3429813
17112	-1011.356	-1225.234	213.8776	0.6563837	0.288246	0.114723	0.560518	0.0365123	2.763054	0.3940993
17118	-1013.508	-1227.363	213.8552	0.8144018	0.215791	0.200324	0.381176	0.20271	2.641414	0.4592694
17124	-1002.057	-1215.691	213.6338	1.046962	0.199196	0.27398	0.24958	0.277244	2.61221	0.5992074
17130	-1013.74	-1227.669	213.9288	0.8675961	0.322786	0.204751	0.223827	0.248636	2.422807	0.747945
17136	-1017.485	-1231.544	214.0586	0.7681477	0.510832	0.140135	0.27827	0.0707636	2.4267	0.6996694
17142	-1025.537	-1239.56	214.0227	0.7952675	0.438622	0.0889116	0.427569	0.0448975	2.481583	0.5943622
17148	-1017.676	-1231.621	213.9448	0.8769191	0.203795	0.117047	0.482038	0.197121	2.462007	0.6288326
17154	-1017.509	-1230.812	213.3032	1.560168	0.1594	0.0899533	0.532777	0.217869	2.462007	0.6288326
17160	-1019.519	-1233.762	214.2426	0.475377	0.13765	0.119552	0.708083	0.034715	2.610633	0.5099732
17166	-1024.313	-1237.999	213.6855	1.013971	0.307446	0.454776	0.161315	0.0764628	2.610633	0.4978682
17172	-1034.332	-1247.858	213.5253	0.4863922	0.275127	0.130882	0.485771	0.10822	3.1311	0.2535182
17178	-1021.726	-1235.348	213.6222	0.6572941	0.273287	0.146945	0.472271	0.107496	2.957734	0.32024
17184	-1029	-1242.712	213.7122	0.776332	0.0630148	0.546335	0.368019	0.0226313	2.822415	0.449871
17190	-1023.614	-1237.27	213.6564	0.6966717	0.157493	0.354205	0.429072	0.0592299	2.934149	0.3811992
17196	-1026.89	-1240.57	213.6802	0.6966717	0.170855	0.0935643	0.671326	0.0642551	2.91336	0.3862498
17202	-1018.662	-1232.113	213.4508	0.6864368	0.212415	0.356371	0.397233	0.033981	3.020449	0.2655904
17208	-1019.272	-1232.893	213.6216	0.5260929	0.25314	0.156832	0.473391	0.116637	3.039	0.278427
17214	-1020.723	-1234.505	213.7826	0.3402073	0.1784	0.321558	0.491848	0.00819368	3.039	0.276393
17220	-1010.689	-1224.312	213.6228	0.5216807	0.213152	0.266491	0.447828	0.0725297	3.039	0.276393
17226	-1012.462	-1226.012	213.5504	0.5918402	0.239667	0.185914	0.52382	0.0505995	3.039	0.276393
17232	-1042.614	-1256.651	214.0365	0.725064	0.304645	0.116526	0.298843	0.279987	2.556709	0.5219445
17238	-1042.084	-1255.798	213.7144	0.76081	0.245897	0.14251	0.284261	0.327332	2.808437	0.3813259
17244	-1023.472	-1237.241	213.7694	0.5518805	0.377501	0.247862	0.237849	0.136788	2.931673	0.3300754
17250	-1016.594	-1230.084	213.4904	0.707518	0.250778	0.37198	0.375336	0.00190727	2.982484	0.2799574
17256	-1012.475	-1226.112	213.6362	0.5799492	0.233712	0.110705	0.654033	0.00154953	3.01148	0.3086517
17262	-1031.949	-1245.152	213.2036	1.112308	0.366766	0.260863	0.36337	0.00900218	2.917765	0.3274111
17268	-1020.793	-1234.556	213.7629	0.5085364	0.181452	0.181493	0.62604	0.0110151	2.994472	0.3424986
17274	-1027.251	-1240.307	213.056	0.7224713	0.152082	0.132534	0.447075	0.268309	3.101465	0.1648134
17280	-1010.828	-1224.346	213.5182	0.4414974	0.0918739	0.532781	0.213258	0.162087	3.101465	0.2181008
17286	-1025.101	-1238.888	213.7867	0.4324339	0.328588	0.468836	0.190528	0.012048	2.949229	0.2689948
17292	-1017.2	-1230.814	213.6148	0.6025948	0.229705	0.443676	0.302551	0.0240685	2.979291	0.2866847
17298	-1019.294	-1233.062	213.7681	0.6025948	0.42161	0.260735	0.273479	0.0441764	2.848485	0.3028623
17304	-1019.253	-1232.724	213.4708	0.9717192	0.175744	0.381723	0.282764	0.159769	2.760034	0.3024066
17310	-1022.612	-1236.268	213.6563	0.8302685	0.223981	0.396395	0.0303426	0.349282	2.810507	0.4139988
17316	-1013.766	-1227.449	213.6831	0.8302685	0.229954	0.387263	0.0311519	0.351631	2.751609	0.3594853
17322	-1001.472	-1215.009	213.5374	0.8174503	0.2262	0.384467	0.0309269	0.358406	2.828703	0.2858514
17328	-1003.087	-1216.077	212.9895	1.158606	0.311245	0.331839	0.00634556	0.35057	3.059316	0.3034898
17334	-1009.875	-1223.328	213.4527	1.158606	0.340041	0.237566	0.0393887	0.383004	2.694404	0.4396194
17340	-1027.554	-1240.424	212.87	1.623784	0.47449	0.239292	0.0855115	0.200706	2.855535	0.4190567
17346	-1023.783	-1237.222	213.4388	1.000463	0.511902	0.132213	0.238576	0.117308	2.856073	0.4190567
17352	-1025.895	-1239.315	213.4195	1.000463	0.486573	0.147849	0.146946	0.218632	2.842422	0.3610641
17358	-1011.233	-1225.154	213.9211	0.5100021	0.477004	0.157581	0.207791	0.157623	2.842422	0.3511878
17364	-1006.993	-1220.439	213.4464	0.9260355	0.314169	0.326084	0.255932	0.103815	2.842422	0.3117034
17370	-1020.185	-1234.211	214.0252	0.5185693	0.264836	0.157856	0.501568	0.0757399	2.738783	0.3624584
17376	-1018.361	-1232.11	213.7487	0.5185693	0.26343	0.248124	0.448871	0.0395746	2.897414	0.2652495
17382	-1019.336	-1232.711	213.375	0.5848052	0.429723	0.192673	0.287357	0.0902475	3.149286	0.238164
17388	-1038.065	-1251.31	213.2455	0.7739224	0.13235	0.145717	0.549391	0.172542	3.079098	0.238164
17394	-1009.636	-1223.462	213.8265	0.7801836	0.156947	0.553427	0.171584	0.118042	2.682257	0.3921399
17400	-1013.289	-1226.888	213.5992	0.7983995	0.211302	0.460306	0.0506533	0.277739	2.848296	0.3361515
17406	-1008.042	-1221.77	213.7284	0.6344413	0.231118	0.381477	0.119621	0.267784	2.828227	0.2840801
17412	-1013.251	-1227.086	213.8345	0.6292702	0.248068	0.298813	0.307592	0.145528	2.828227	0.3824904
17418	-1008.209	-1221.737	213.528	0.7537695	0.209597	0.381927	0.251836	0.15664	2.943788	0.3149605
17424	-1000.06	-1213.537	213.4761	0.887662	0.315552	0.220641	0.42874	0.0350676	2.855931	0.3149605
17430	-992.8671	-1206.759	213.8924	0.678299	0.202294	0.266249	0.322576	0.208881	2.729253	0.402177
17436	-1020.813	-1234.681	213.8678	0.7599256	0.362714	0.0903656	0.284945	0.261975	2.683765	0.4482421
17442	-1009.511	-1223.08	213.5685	0.9489641	0.455597	0.0637089	0.357913	0.122781	2.787184	0.4482421
17448	-1008.461	-1221.686	213.2253	1.271259	0.439152	0.0510394	0.335951	0.173857	2.787184	0.3763706
17454	-999.9102	-1213.722	213.8122	0.7200595	0.439152	0.0510394	0.335951	0.173857	2.751128	0.3773279
17460	-1012.023	-1225.416	213.3925	1.208144	0.418088	0.0485913	0.286192	0.247128	2.709577	0.4474121
17466	-1022.657	-1236.312	213.6545	1.021339	0.296001	0.0169536	0.414046	0.272999	2.60663	0.3913161
17472	-1008.769	-1221.191	212.4211	2.537145	0.494692	0.0535722	0.410677	0.0410586	2.633077	0.4299537
17478	-1007.661	-1221.21	213.5485	0.9807955	0.305094	0.0992615	0.541506	0.0541387	2.769987	0.4299537
17484	-1012.703	-1226.381	213.6781	0.7900492	0.305643	0.263022	0.405799	0.0255353	2.816871	0.3861806
17490	-1006.408	-1219.13	212.7224	1.935138	0.315803	0.146458	0.449	0.0887394	2.727046	0.3678684
17496	-1028.064	-1241.399	213.3349	1.096196	0.144348	0.427188	0.306886	0.121578	2.767094	0.2982524
17502	-1021.768	-1236.066	214.2981	0.5463492	0.208834	0.245191	0.459791	0.0861833	1.83573	1.303153
17508	-1002.699	-1216.178	213.4791	1.180427	0.279853	0.314686	0.351841	0.0536198	1.786223	1.475595
17514	-1016.055	-1229.906	213.8503	0.7447401	0.284621	0.209572	0.492857	0.0129501	1.926929	1.419968
17520	-1030.89	-1244.329	213.4388	0.7092772	0.285607	0.194025	0.448695	0.0716726	3.006782	0.2647828
17526	-1035.894	-1249.865	213.9708	0.6991446	0.244072	0.209023	0.508002	0.038902	2.611835	0.373087
17532	-1017.747	-1231.987	214.2399	0.5911146	0.259297	0.337957	0.392416	0.0103305	1.951993	1.216414
17538	-1017.74	-1232.15	214.4104	0.5204808	0.0811442	0.513927	0.389219	0.0157094	2.135331	0.9550296
17544	-1006.57	-1220.576	214.0065	0.7940171	0.169667	0.386137	0.411743	0.0324534	2.29254	0.9114159
17550	-1019.802	-1233.107	213.3051	1.671511	0.399666	0.179432	0.298495	0.122408	2.209661	0.869865
17556	-1016.657	-1229.328	212.6712	2.001867	0.359279	0.217716	0.300385	0.12262	2.060859	1.35217
17562	-1000.871	-1214.998	214.127	0.5078816	0.290681	0.212637	0.464398	0.0322845	2.661332	0.3823227
17568	-1014.866	-1228.859	213.993	0.5327892	0.351792	0.0718291	0.500093	0.076286	2.757641	0.364006
17574	-1036.244	-1249.794	213.5504	1.015089	0.313183	0.31645	0.272133	0.0982332	2.68936	0.3516868
17580	-1026.393	-1238.769	212.376	2.632597	0.2792	0.389555	0.275319	0.0559266	2.017897	1.270764
17586	-1052.359	-1264.752	212.3926	2.327067	0.31099	0.366728	0.077229	0.245053	1.748763	1.620883
17592	-1042.714	-1255.392	212.6772	2.314552	0.297452	0.255905	0.208865	0.237778	1.879074	1.312119
17598	-1029.743	-1242.316	212.5728	2.314552	0.551603	0.0805852	0.11058	0.257232	2.17066	1.154578
17604	-1020.446	-1234.561	214.1152	0.5313047	0.241134	0.455126	0.232994	0.0707462	2.665683	0.4138766
17610	-1019.947	-1234.05	214.103	0.5807702	0.237757	0.336853	0.355635	0.0697553	2.637904	0.4489118
17616	-1022.431	-1236.129	213.6977	0.6801337	0.451499	0.223857	0.200255	0.124388	2.917259	0.392963
17622	-1028.085	-1241.862	213.777	0.6801337	0.422319	0.285125	0.226627	0.0659285	2.819186	0.3638493
17628	-1019.268	-1232.94	213.6725	0.7298274	0.185186	0.517621	0.209337	0.0878565	2.846606	0.3354934
17634	-1027.856	-1240.997	213.1416	1.148656	0.294994	0.154774	0.443068	0.107164	1.771517	1.752949
17640	-1027.508	-1241.158	213.6498	0.9705453	0.263677	0.144453	0.389489	0.202382	1.769895	1.513908
17646	-1033.297	-1246.336	213.0394	1.256447	0.344988	0.281233	0.108989	0.264791	1.837681	1.706799
17652	-1019.915	-1233.498	213.5827	1.237601	0.340839	0.0997975	0.291408	0.267955	2.495053	0.4642386
17658	-1011.677	-1225.047	213.3697	1.471148	0.272593	0.0174539	0.559347	0.150606	2.499291	0.4768375
17664	-1009.446	-1222.92	213.4736	1.359331	0.290299	0.0185877	0.361138	0.329975	2.494973	0.5134428
17670	-1024.26	-1236.185	211.9252	0.9315265	0.339087	0.245871	0.270985	0.144057	1.555925	2.812693
17676	-1008.357	-1220.751	212.3941	0.9315265	0.158819	0.10029	0.673419	0.0674724	1.674704	2.449775
17682	-1019.949	-1232.173	212.224	0.9315265	0.20519	0.254967	0.475873	0.0639691	1.607237	2.597891
17688	-1028.123	-1240.513	212.3902	0.7424737	0.2741	0.14645	0.510787	0.0686624	1.765506	2.518411
17694	-1015.73	-1229.376	213.6459	1.060935	0.29182	0.261825	0.108919	0.337436	2.591411	0.4255488
17700	-1014.468	-1227.519	213.0515	1.746912	0.412561	0.371076	0.0628218	0.153541	2.585993	0.4688583
17706	-1025.962	-1239.527	213.5646	1.10575	0.408099	0.311151	0.16626	0.114489	2.63418	0.4427407
17712	-1006.821	-1220.155	213.334	1.54342	0.56524	0.0954034	0.0659772	0.273379	2.472101	0.4711219
17718	-1014.887	-1228.261	213.3733	1.487784	0.316894	0.123778	0.124231	0.435097	2.473173	0.5706106
17724	-996.5188	-1209.472	212.9536	1.602501	0.374016	0.14609	0.146624	0.333271	2.764184	0.3713784
17730	-1004.697	-1218.131	213.4337	1.134937	0.402883	0.15584	0.0969524	0.344325	2.701349	0.367847
17736	-1000.778	-1214.413	213.6346	0.9366743	0.270441	0.345054	0.138081	0.246424	2.709242	0.3871411
17742	-1004.704	-1217.757	213.0527	1.35388	0.361498	0.0315999	0.448451	0.158451	2.891048	0.3871411
17748	-1023.226	-1236.619	213.3926	0.9963225	0.331224	0.218283	0.286595	0.163898	2.891048	0.3871411
17754	-1036.492	-1250.256	213.7642	0.6615937	0.372593	0.0694597	0.507878	0.0500692	2.867107	0.3871411
17760	-1022.856	-1236.704	213.8476	0.5768818	0.241126	0.225576	0.486924	0.0463743	2.867107	0.3777922
17766	-1026.934	-1240.678	213.744	0.8909019	0.261656	0.482454	0.0827901	0.1731	2.640954	0.3777922
17772	-1013.922	-1227.163	213.2406	1.394833	0.0910565	0.436665	0.205642	0.266637	2.640954	0.351252
17778	-1016.35	-1230.018	213.6683	0.9229831	0.16111	0.2954	0.363849	0.179641	2.707698	0.4267072
17784	-1013.546	-1226.234	212.6879	1.979139	0.35692	0.434724	0.0236208	0.184735	2.753349	0.4124497
17790	-1030.833	-1244.185	213.3524	1.192923	0.073071	0.150869	0.510936	0.265125	2.752626	0.4123994
17796	-1022.2	-1235.851	213.6511	0.9069905	0.4181	0.0923491	0.184403	0.305147	2.739259	0.4211139
17802	-1006.529	-1220.303	213.7741	0.8740947	0.0501316	0.330415	0.274425	0.345029	2.659141	0.5511487
17808	-1027.332	-1241.036	213.7039	0.8740947	0.0307076	0.202392	0.459468	0.307432	2.708152	0.6229268
17814	-1022.315	-1236.09	213.7747	0.774779	0.157784	0.242782	0.422987	0.176447	2.708152	0.3475096
17820	-1024.515	-1237.732	213.2176	1.159934	0.115632	0.133912	0.406671	0.343784	2.872447	0.3421041
17826	-1018.224	-1231.691	213.4674	0.9477607	0.328068	0.321211	0.16521	0.185512	2.831647	0.3421041
17832	-1028.294	-1241.831	213.5369	0.6840733	0.27282	0.195793	0.369869	0.161518	2.939856	0.2673405
17838	-1040.505	-1253.73	213.2251	0.8484264	0.215808	0.324363	0.232067	0.227763	2.959502	0.2127213
17844	-1053.663	-1266.993	213.3304	0.8422039	0.197803	0.323224	0.212706	0.266267	3.019884	0.2927215
17850	-1027.998	-1242.173	214.1747	0.7519845	0.378355	0.148085	0.210295	0.263265	2.351965	0.6529177
17856	-1006.54	-1220.508	213.9682	0.7779216	0.19906	0.266414	0.316889	0.217638	2.535211	0.6440379
17862	-1009.861	-1223.798	213.9371	0.8866304	0.320954	0.0956715	0.23455	0.348825	2.469696	0.602179
17868	-999.3457	-1213.146	213.7999	0.6854381	0.317666	0.182817	0.253236	0.246281	2.128626	1.350648
17874	-994.4496	-1207.529	213.0792	1.405087	0.354959	0.0868817	0.282965	0.275194	2.362734	1.166772
17880	-1009.967	-1223.957	213.9892	0.7707132	0.16178	0.203326	0.496267	0.138628	2.383682	0.8545448
17886	-1007.361	-1221.111	213.7506	0.9871903	0.369704	0.0726692	0.266576	0.291051	2.336375	0.9262792
17892	-998.4181	-1212.158	213.7395	0.9871903	0.348672	0.10173	0.275105	0.274493	2.331997	0.9428834
17898	-1007.602	-1220.887	213.2854	0.8453671	0.226233	0.243456	0.436087	0.094224	2.275773	1.503988
17904	-1002.7	-1216.412	213.712	0.7777783	0.240878	0.41075	0.248049	0.100323	2.293797	1.20706
17910	-1007.079	-1220.972	213.8932	0.7036991	0.0860901	0.172881	0.705173	0.0358557	1.971422	1.38578
17916	-1005.621	-1219.501	213.8803	0.6234674	0.124824	0.369837	0.482136	0.0232031	1.742671	1.630346
17922	-1014.851	-1227.778	212.9266	0.7661063	0.0807515	0.374958	0.488812	0.0554782	1.943174	2.04473
17928	-1010.736	-1224.69	213.9546	0.7641406	0.107149	0.243277	0.529443	0.120131	1.943174	1.308602
17934	-987.5513	-1201.8	214.2483	0.6374034	0.138021	0.163537	0.593785	0.104656	2.153229	0.9783391
17940	-999.9691	-1214.398	214.4294	0.4575638	0.367967	0.155757	0.428254	0.0480225	2.31004	0.8014512
17946	-1000.967	-1214.59	213.6227	1.122916	0.270167	0.246635	0.31443	0.168768	2.376472	0.8746677
17952	-998.1476	-1212.334	214.1863	0.6192298	0.426048	0.189495	0.324056	0.0604006	2.348416	0.8525428
17958	-1002.395	-1216.56	214.1652	0.6909611	0.231828	0.237228	0.351525	0.179419	2.109274	1.047809
17964	-1004.758	-1219.052	214.2935	0.6099338	0.121472	0.282761	0.518637	0.0771298	1.892439	1.204682
17970	-1012.073	-1226.381	214.3079	0.6339197	0.133193	0.354527	0.286433	0.225847	2.189604	0.8782667
17976	-1009.626	-1223.339	213.713	1.221174	0.186315	0.303186	0.324318	0.186181	2.189604	0.8782667
17982	-1013.374	-1227.574	214.2005	0.6235543	0.457722	0.132725	0.352274	0.057278	2.37119	0.7998397
17988	-998.1142	-1212.004	213.8899	1.02722	0.209153	0.278859	0.440385	0.0716042	2.151892	0.9319368
17994	-998.7961	-1212.526	213.7303	1.14189	0.126975	0.199197	0.500068	0.17376	2.385851	0.6844821
18000	-999.955	-1213.689	213.7343	1.066854	0.20279	0.318136	0.212089	0.266985	2.40842	0.7598272
18006	-1002.558	-1216.608	214.0497	0.7900756	0.22147	0.155257	0.502746	0.120526	2.429005	0.6692111
18012	-1010.723	-1224.707	213.984	0.7900756	0.166654	0.11683	0.534175	0.182341	2.541128	0.5149041
18018	-993.2542	-1206.926	213.6717	0.9913366	0.190922	0.0492446	0.561027	0.198807	2.644363	0.4642145
18024	-1018.845	-1232.702	213.8576	0.7870112	0.0855626	0.207769	0.474813	0.231855	2.665265	0.4474234
18030	-1010.313	-1224.306	213.9939	0.844639	0.319715	0.272009	0.352668	0.0556087	2.463735	0.577969
18036	-1019.732	-1233.545	213.8126	0.9210053	0.274191	0.0462983	0.559405	0.120106	2.566274	0.577969
18042	-1009.468	-1222.954	213.486	1.311628	0.23117	0.169576	0.504648	0.0946064	2.526076	0.5060965
18048	-1013.951	-1227.531	213.5801	1.208757	0.299447	0.275114	0.298496	0.126942	2.527094	0.4890784
18054	-1017.287	-1231.506	214.2192	0.57639	0.242344	0.0892253	0.460213	0.208217	2.531644	0.4890784
18060	-998.9988	-1212.197	213.1982	1.693972	0.266478	0.098111	0.460212	0.175198	2.484156	0.5052567
18066	-1014.289	-1227.218	212.9292	2.039454	0.36003	0.0610839	0.419273	0.159613	2.484156	0.5052567
18072	-1017.022	-1231.024	214.0014	0.8069789	0.212784	0.249226	0.517674	0.0203148	2.484156	0.6131453
18078	-1014.221	-1228.342	214.1209	0.5743152	0.226361	0.265127	0.461348	0.047164	2.620789	0.4278653
18084	-1004.069	-1217.628	213.5592	1.107804	0.0938231	0.326502	0.267228	0.312447	2.626004	0.4094038
18090	-1012.728	-1226.738	214.01	0.4241892	0.137002	0.406049	0.402726	0.054223	2.833967	0.3493279
18096	-1008.419	-1222.445	214.0266	0.4726169	0.135058	0.500678	0.361451	0.00281259	2.783832	0.3637815
18102	-1000.357	-1214.487	214.1302	0.4726169	0.18872	0.285463	0.522744	0.00307311	2.66943	0.3503061
18108	-998.7856	-1212.626	213.8407	0.6347642	0.259762	0.29219	0.446644	0.00140488	2.807794	0.36979
18114	-1010.976	-1224.196	213.2201	1.246863	0.239685	0.150468	0.608551	0.0012963	2.807794	0.366104
18120	-1028.761	-1242.713	213.9519	0.5806912	0.256304	0.186999	0.555311	0.00138618	2.791341	0.4603136
18126	-1002.829	-1216.734	213.9056	0.5806912	0.215409	0.194927	0.586105	0.00355941	2.834357	0.4446477
18132	-1022.33	-1235.965	213.6349	1.060158	0.409628	0.28818	0.0970238	0.205167	2.018226	1.261294
18138	-1041.39	-1254.604	213.2141	1.727532	0.162797	0.431019	0.385642	0.020542	2.075926	1.056676
18144	-992.6746	-1206.657	213.982	0.6024312	0.294644	0.163098	0.535726	0.00653192	2.741801	0.5013018
18150	-987.3386	-1201.475	214.1369	0.6024312	0.108142	0.391982	0.498017	0.00185901	2.586966	0.5013018
18156	-1004.226	-1218.44	214.2145	0.6220237	0.18864	0.187943	0.619682	0.00373476	2.453786	0.64411
18162	-1014.02	-1228.401	214.3805	0.4107394	0.256831	0.24519	0.490147	0.00783175	2.453786	0.7255382
18168	-1020.167	-1234.757	214.59	0.4107394	0.431919	0.0984307	0.45648	0.0131709	2.252478	0.7121282
18174	-1036.933	-1251.426	214.493	0.4958548	0.269386	0.122611	0.541746	0.0662576	2.242781	0.7544929
18180	-1023.979	-1237.624	213.6446	0.5867853	0.131369	0.234337	0.509528	0.124766	2.099081	1.570576
18186	-1000.989	-1214.256	213.2668	0.5867853	0.243623	0.252297	0.379154	0.124925	1.816135	2.029031
18192	-1015.322	-1228.357	213.0347	0.5867853	0.273815	0.243762	0.426299	0.0561245	2.15889	1.955102
18198	-1006.168	-1220.238	214.0696	0.5404617	0.138946	0.413852	0.395175	0.052027	2.150336	1.237133
18204	-1020.405	-1233.425	213.0202	1.915185	0.221667	0.214514	0.368482	0.195337	2.025289	1.145322
18210	-1022.117	-1235.551	213.4344	1.256099	0.25975	0.251368	0.259985	0.228896	2.092511	1.210137
18216	-1010.591	-1224.635	214.0436	1.067839	0.408168	0.411421	0.0298882	0.150523	2.050835	0.8240139
18222	-1010.16	-1223.661	213.5007	1.400735	0.196589	0.323336	0.0589721	0.421103	2.206759	0.9136402
18228	-1031.979	-1244.535	212.5558	2.766053	0.217778	0.359473	0.0855449	0.337203	2.206759	0.8324346
18234	-1011.438	-1224.414	212.9767	2.110649	0.467172	0.0432803	0.389872	0.0996754	2.269315	0.7795013
18240	-1018.658	-1231.707	213.0492	1.814534	0.251095	0.109568	0.565058	0.07428	2.201399	1.027844
18246	-1017.882	-1231.403	213.5208	1.290629	0.20557	0.217321	0.214299	0.362809	2.236215	0.9669439
18252	-1021.302	-1234.063	212.7607	2.059912	0.0770245	0.500781	0.376252	0.0459428	2.470934	0.8466755
18258	-1010.74	-1224.03	213.2906	1.707746	0.131727	0.357894	0.268897	0.241482	2.323269	0.6888928
18264	-1019.597	-1233.653	214.0561	0.9129331	0.374586	0.137151	0.300956	0.187306	2.212921	0.7988391
18270	-1015.638	-1229.827	214.1891	0.7158939	0.289308	0.288797	0.396242	0.0256529	2.194993	0.9084421
18276	-1017.513	-1231.666	214.1539	0.7338884	0.214694	0.241848	0.524421	0.0190369	2.207674	0.9123335
18282	-1006.095	-1220.041	213.946	0.9920081	0.285531	0.315955	0.374696	0.0238184	2.172822	0.8853233
18288	-1021.749	-1236.208	214.4587	0.5096026	0.163136	0.468384	0.340042	0.0284385	2.161554	0.8853233
18294	-1015.024	-1229.448	214.4244	0.5336642	0.142887	0.264449	0.560243	0.0324204	2.113057	0.9495821
18300	-1019.237	-1232.839	213.6012	1.211602	0.132273	0.390194	0.356363	0.12117	2.245827	0.9495821
18306	-1027.283	-1241.174	213.8904	0.8780021	0.149298	0.29122	0.40223	0.157252	2.118511	1.112452
18312	-1012.712	-1225.477	212.7651	0.9476821	0.46714	0.197462	0.0924375	0.242961	1.936965	2.031263
18318	-1025.199	-1237.795	212.596	0.9476821	0.217392	0.425795	0.0125756	0.344237	1.9768	2.11645
18324	-1026.324	-1240.475	214.1507	0.7794021	0.188831	0.454405	0.0409702	0.315794	2.234852	0.8276118
18330	-1016.237	-1230.321	214.0835	0.7794021	0.127041	0.623062	0.0374394	0.212458	2.401109	0.6793513
18336	-1027.235	-1241.317	214.0823	0.7828665	0.183989	0.55679	0.00922013	0.250001	2.398675	0.6793513
18342	-1016.846	-1230.226	213.3803	0.9808611	0.42723	0.267383	0.132606	0.172781	2.100585	1.460008
18348	-1029.665	-1242.197	212.5317	1.491614	0.238673	0.121385	0.476627	0.163314	2.210969	1.652595
18354	-1039.39	-1250.832	211.4422	3.417914	0.346659	0.25616	0.0703661	0.326815	2.135255	1.540948
18360	-1003.832	-1217.604	213.7729	1.061902	0.255927	0.397195	0.057715	0.289163	2.256628	0.9078536
18366	-1013.941	-1227.877	213.9364	1.000859	0.175623	0.193722	0.0930525	0.537603	2.192126	0.8636133
18372	-1018.71	-1232.494	213.7836	0.9613133	0.294273	0.308401	0.0666087	0.330717	2.261106	0.9973931
18378	-1008.834	-1222.315	213.481	1.214114	0.349441	0.317791	0.0557862	0.276982	2.000419	1.280889
18384	-1028.132	-1239.46	211.3274	1.337122	0.247035	0.311287	0.163721	0.277957	1.676445	2.865534
18390	-1016.298	-1229.011	212.713	1.450465	0.17861	0.428957	0.22561	0.166823	1.929209	1.749051
18396	-1025.439	-1237.465	212.0263	1.770442	0.181109	0.385344	0.148426	0.285122	1.929209	2.034176
18402	-1013.4	-1226.518	213.1174	1.135929	0.227515	0.330878	0.0834285	0.358179	1.935901	1.662427
18408	-1026.036	-1239.33	213.2938	0.9459276	0.131224	0.161192	0.37941	0.328174	1.979581	1.639274
18414	-1024.97	-1237.404	212.434	1.132311	0.134352	0.165035	0.388454	0.31216	1.961693	2.112844
18420	-1032.874	-1247.034	214.1595	0.6245296	0.195983	0.316958	0.183009	0.30405	2.540881	0.4891522
18426	-1017.329	-1231.285	213.9562	0.6245296	0.195084	0.265449	0.255343	0.284124	2.744116	0.4891522
18432	-1010.276	-1224.305	214.0284	0.7956707	0.220773	0.300404	0.157284	0.321539	2.490039	0.5261101
18438	-1013.53	-1227.442	213.9126	0.7956707	0.390814	0.283295	0.0263605	0.29953	2.605853	0.5261101
18444	-1019.8	-1233.712	213.9127	0.7956707	0.31565	0.379587	0.0442973	0.260466	2.605853	0.4756816
18450	-1005.025	-1219.211	214.186	0.5820707	0.104895	0.302825	0.532722	0.059558	2.144981	1.102418
18456	-996.5558	-1208.953	212.3969	2.100692	0.159612	0.360944	0.159169	0.320275	1.86119	1.652924
18462	-1001.133	-1211.672	210.5387	5.468485	0.353576	0.0369444	0.31459	0.29489	1.901159	1.663944
18468	-997.6147	-1207.218	209.6029	6.342954	0.483231	0.0269844	0.28377	0.206014	1.848531	2.106623
18474	-1011.075	-1220.813	209.7384	8.090833	0.525801	0.297988	0.0592066	0.117005	2.065207	1.447678
18480	-1011.97	-1225.544	213.5742	1.002811	0.390137	0.506799	0.016248	0.0868161	1.90087	1.447678
18486	-1013.28	-1225.994	212.7144	2.185528	0.196638	0.586351	0.0279085	0.189103	1.804728	1.413391
18492	-1012.786	-1224.718	211.9317	3.709337	0.194349	0.297137	0.0512091	0.457305	2.092449	1.044771
18498	-1013.862	-1226.659	212.7966	2.001969	0.366637	0.243063	0.0236519	0.366648	2.09185	1.224195
18504	-1015.402	-1227.532	212.1298	1.718436	0.332044	0.229929	0.163802	0.274225	3.193326	0.1925386
18510	-1028.143	-1241.848	213.705	1.05087	0.273987	0.14856	0.396184	0.181269	2.154624	1.089318
18516	-1020	-1232.676	212.6757	2.377804	0.273987	0.14856	0.396184	0.181269	2.035236	1.144745
18522	-1013.585	-1225.439	211.8536	3.857826	0.173434	0.394953	0.234134	0.197479	2.186135	0.9519053
18528	-1005.36	-1218.629	213.2687	1.715508	0.08697	0.526578	0.0991803	0.287271	2.097895	0.9914052
18534	-1007.662	-1220.461	212.7993	2.453988	0.150221	0.284587	0.171311	0.393881	1.96367	1.049381
18540	-1016.533	-1229.862	213.329	0.6445128	0.255465	0.249491	0.415515	0.079529	3.122277	0.2336081
18546	-1032.077	-1245.53	213.4528	0.7928386	0.207268	0.391084	0.337123	0.0645248	2.945214	0.2900407
18552	-1013.798	-1227.991	214.1928	0.7631173	0.100912	0.195601	0.482932	0.220556	2.246785	0.7786409
18558	-1019.416	-1233.758	214.3416	0.6739652	0.217331	0.301247	0.383587	0.0978349	2.058534	0.9393586
18564	-1017.154	-1230.871	213.7167	0.7297074	0.415359	0.190089	0.369908	0.0246435	2.861088	0.4281127
18570	-1007.307	-1221.002	213.6943	0.7297074	0.446002	0.130339	0.397198	0.0264615	2.872421	0.4011706
18576	-1005.628	-1219.089	213.4609	0.9544669	0.327376	0.29461	0.197433	0.180581	2.872421	0.4011706
18582	-1020.961	-1233.936	212.9758	1.69139	0.403662	0.23996	0.135558	0.22082	2.706904	0.470618
18588	-1010.846	-1223.453	212.6074	2.110569	0.477864	0.131135	0.129588	0.261412	2.750705	0.4627653
18594	-1012.237	-1225.933	213.6958	0.8624452	0.52428	0.149394	0.142175	0.18415	2.750705	0.458516
18600	-1011.249	-1224.921	213.6718	0.9651646	0.3043	0.20419	0.398572	0.0929372	2.670421	0.4630577
18606	-1036.935	-1250.141	213.2063	1.608746	0.25595	0.171747	0.335244	0.237059	2.470973	0.7202634
18612	-1025.39	-1238.855	213.4648	1.200667	0.296995	0.387408	0.181529	0.134068	2.649884	0.5146747
18618	-1026.566	-1240.075	213.5087	1.16773	0.344485	0.125912	0.374096	0.155506	2.636074	0.4727813
18624	-998.5049	-1212.595	214.0903	0.681347	0.147532	0.300734	0.350136	0.201597	1.970422	1.246718
18630	-1012.396	-1226.131	213.7351	0.4593572	0.313952	0.207675	0.300115	0.178258	2.081276	1.611273
18636	-1011.766	-1225.472	213.706	0.8302862	0.120362	0.315927	0.370306	0.193406	2.048652	1.367493
18642	-1018.322	-1232.02	213.6983	0.7154254	0.30646	0.0605229	0.454252	0.178765	2.116885	1.414607
18648	-1010.351	-1224.168	213.8167	0.7154254	0.218429	0.0513169	0.579274	0.150979	2.287538	1.178949
18654	-1028.653	-1242.526	213.8732	1.007981	0.394118	0.0436818	0.47625	0.0859506	2.388828	0.6553398
18660	-1017.639	-1231.428	213.789	0.9096398	0.196799	0.298327	0.306178	0.198696	2.572464	0.6553398
18666	-1023.394	-1237.35	213.9559	0.9096398	0.271642	0.129326	0.464165	0.134868	2.400711	0.6652569
18672	-1030.564	-1244.742	214.1781	0.7089771	0.443129	0.171836	0.117273	0.267762	2.365669	0.7067718
18678	-1028.377	-1242.395	214.0184	0.7551538	0.313269	0.364994	0.132444	0.189293	2.47553	0.7085362
18684	-1015.376	-1227.483	212.1063	1.123515	0.352896	0.0655664	0.524416	0.0571214	3.497721	0.1340159
18690	-1014.966	-1227.001	212.0345	1.123515	0.349625	0.109507	0.410787	0.130081	3.56952	0.1340159
18696	-1025.78	-1237.967	212.1873	1.088701	0.542153	0.132973	0.11341	0.211464	3.542499	0.1524538
18702	-1030.75	-1243.443	212.6931	1.060383	0.207805	0.075283	0.42837	0.288542	3.285669	0.2159536
18708	-1032.821	-1245.558	212.7368	1.060383	0.247762	0.23736	0.348665	0.166214	3.196286	0.1997091
18714	-1025.389	-1237.447	212.0587	1.773276	0.272373	0.196118	0.288083	0.243426	3.173029	0.178601
18720	-1029.113	-1241.327	212.2133	1.773276	0.217001	0.454148	0.134913	0.193939	3.176332	0.2333578
18726	-1011.868	-1225.162	213.2936	0.5436724	0.367376	0.273616	0.341162	0.0178458	3.177738	0.2009011
18732	-1009.468	-1222.696	213.228	0.6067537	0.315706	0.475926	0.195151	0.0132162	3.177738	0.2009011
18738	-1034.054	-1247.14	213.0855	0.6852441	0.179354	0.570498	0.202439	0.0477087	3.226975	0.1975164
18744	-1014.933	-1228.4	213.4673	0.9612837	0.304059	0.509774	0.154273	0.0318948	2.853839	0.3910841
18750	-1026.214	-1239.121	212.9076	0.6164685	0.226094	0.160137	0.434002	0.179767	3.377349	0.1686491
18756	-1011.836	-1224.883	213.0477	0.5022768	0.174653	0.427388	0.371808	0.0261511	3.377349	0.1744596
18762	-1024.807	-1238.034	213.2268	0.3564934	0.328578	0.234916	0.218309	0.218197	3.303905	0.1683028
18768	-1011.569	-1224.719	213.1504	0.4366529	0.322037	0.388692	0.213963	0.0753086	3.303905	0.1657404
18774	-1028.731	-1242.446	213.7148	1.054236	0.132705	0.432692	0.24043	0.194173	2.286544	0.9466439
18780	-1015.016	-1228.357	213.3415	0.4731834	0.091537	0.435119	0.416544	0.0568006	3.183303	0.1952899
18786	-1019.491	-1232.92	213.4288	0.4731834	0.302747	0.287855	0.324219	0.0851785	3.164005	0.2193023
18792	-1032.791	-1245.889	213.0975	0.791375	0.243273	0.231306	0.432833	0.0925878	3.164005	0.2193023
18798	-1026.227	-1239.479	213.2519	0.7397587	0.258075	0.238656	0.405047	0.0982214	3.096535	0.2327358
18804	-1019.186	-1232.703	213.5167	0.3694802	0.34931	0.323026	0.282871	0.0447932	3.08314	0.190236
18810	-1019.643	-1233.163	213.5207	0.3641254	0.322231	0.270857	0.365591	0.0413208	3.08314	0.190236
18816	-1022.713	-1236.008	213.2952	0.4094312	0.356086	0.257327	0.347329	0.0392568	3.236381	0.1797229
18822	-1026.024	-1239.176	213.1522	0.4094312	0.231198	0.227561	0.494548	0.0466932	3.276003	0.1539184
18828	-1026.343	-1239.703	213.3598	0.3940787	0.109699	0.367262	0.340775	0.182264	3.182632	0.1791248
18834	-1020.021	-1233.09	213.0682	0.6253965	0.190163	0.386094	0.343723	0.0800193	1.887893	2.085973
18840	-1019.134	-1232.177	213.043	0.6253965	0.137728	0.409839	0.352388	0.100044	1.750449	2.192099
18846	-1015.021	-1227.935	212.9143	1.04477	0.3096	0.20072	0.381322	0.108359	1.861737	1.91665
18852	-1016.615	-1230.146	213.5312	0.3482492	0.261598	0.328096	0.386431	0.0238752	3.099883	0.1952684
18858	-1007.642	-1221.024	213.3816	0.4278021	0.261598	0.328096	0.386431	0.0238752	3.185647	0.1952684
18864	-1010.522	-1223.866	213.3448	0.4174479	0.0920603	0.452933	0.424938	0.0300686	3.185647	0.1813708
18870	-1020.589	-1233.977	213.3878	0.4174479	0.402945	0.24937	0.313007	0.0346775	3.185647	0.1943104
18876	-1027.011	-1240.021	213.0095	1.124414	0.179309	0.329012	0.144434	0.347245	3.000572	0.2579086
18882	-1047.781	-1259.534	211.7533	2.442145	0.334389	0.0940883	0.118056	0.453467	1.952753	1.870999
18888	-1024.039	-1236.518	212.4799	2.696161	0.318786	0.0981264	0.306415	0.276673	1.894351	1.253268
18894	-1023.491	-1236.797	213.3055	0.6392879	0.252561	0.338603	0.332511	0.076325	3.120576	0.2208306
18900	-1037.202	-1250.39	213.1879	0.7094782	0.211925	0.352856	0.383823	0.0513957	3.098579	0.1973928
18906	-1048.543	-1261.468	212.9245	0.7094782	0.245582	0.204916	0.305453	0.244048	3.257295	0.1674428
18912	-1035.123	-1248.943	213.8192	0.9168353	0.12326	0.116828	0.524259	0.235653	2.57457	0.5144709
18918	-1022.111	-1236.313	214.2017	0.6874251	0.251414	0.0573597	0.43553	0.255697	2.410201	0.612635
18924	-1066.125	-1278.369	212.2436	2.144731	0.0451513	0.401256	0.235408	0.318185	1.621466	1.904134
18930	-1018.267	-1232.066	213.799	0.964061	0.276102	0.0467281	0.559337	0.117833	2.525997	0.6100996
18936	-1030.015	-1243.6	213.5845	1.244187	0.259169	0.0539039	0.407989	0.278938	2.39327	0.7529611
18942	-1035.037	-1248.472	213.4342	1.601832	0.264005	0.346176	0.0913165	0.298502	2.30719	0.5984259
18948	-1040.046	-1253.363	213.3168	1.706597	0.0850062	0.232612	0.341004	0.341377	2.235342	0.7864229
18954	-1012.972	-1226.413	213.4411	1.371805	0.174857	0.394156	0.265859	0.165128	2.052872	1.14707
18960	-1016.397	-1230.251	213.8549	1.045201	0.161969	0.146348	0.646318	0.0453659	2.203092	0.8943652
18966	-1027.409	-1241.5	214.0908	0.802468	0.411899	0.026863	0.425291	0.135947	2.214581	0.8943652
18972	-1012.367	-1226.482	214.115	0.7214542	0.235542	0.42186	0.227528	0.11507	1.870069	1.274139
18978	-1006.271	-1219.442	213.1706	1.203697	0.149539	0.0563246	0.681955	0.112181	1.850255	1.639468
18984	-1016.283	-1228.669	212.3863	1.257278	0.273049	0.102352	0.460763	0.163837	1.692184	2.24215
18990	-1003.15	-1215.776	212.6267	1.321191	0.266402	0.0998601	0.449546	0.184192	1.794981	1.978661
18996	-1015.214	-1228.328	213.1137	0.9207629	0.269964	0.049197	0.3547	0.326139	1.694708	1.978661
19002	-1020.995	-1231.711	210.7162	4.205347	0.129679	0.036053	0.476828	0.35744	1.730314	2.043936
19008	-1014.65	-1228.582	213.9328	0.466114	0.11685	0.438135	0.221109	0.223906	1.721315	1.722628
19014	-1008.394	-1220.426	212.0318	0.9099928	0.254162	0.321608	0.212825	0.211406	1.722936	2.658756
19020	-1022.042	-1234.915	212.8737	0.9099928	0.181162	0.402703	0.13206	0.284075	1.946538	1.978123
19026	-1023.511	-1236.574	213.0627	1.174272	0.241588	0.238814	0.159645	0.359953	1.873259	1.719737
19032	-1012.615	-1226.243	213.6283	0.8119513	0.27516	0.272	0.181829	0.271012	1.812289	1.618309
19038	-1015.498	-1228.955	213.457	0.7609138	0.195691	0.536528	0.163216	0.104565	1.865125	1.740845
19044	-1012.384	-1226.028	213.6445	0.7675035	0.153593	0.095325	0.664935	0.0861468	1.879279	1.591805
19050	-997.275	-1209.755	212.4796	0.8267607	0.349123	0.181462	0.394465	0.0749498	1.722751	2.433741
19056	-1004.072	-1216.971	212.8989	0.6950142	0.213901	0.228238	0.47681	0.0810506	1.722751	2.25537
19062	-1029.637	-1240.693	211.0564	1.586592	0.637257	0.00267117	0.0474691	0.312603	1.516461	2.994111
19068	-1022.004	-1233.172	211.1684	2.177737	0.410245	0.0185821	0.143827	0.427346	1.577419	2.609392
19074	-1031.315	-1242.781	211.4661	1.169454	0.359092	0.0217035	0.269171	0.350034	1.561684	2.945121
19080	-1018.715	-1231.312	212.5975	1.279193	0.323002	0.164118	0.263098	0.249782	1.863951	1.977795
19086	-1029.261	-1242.487	213.2257	0.8396047	0.309118	0.157063	0.285464	0.248355	1.611807	2.015072
19092	-1022.288	-1236.449	214.1616	0.8503907	0.187502	0.413652	0.380142	0.018704	2.262681	0.6516005
19098	-1016.681	-1230.762	214.081	0.8503907	0.0848717	0.414386	0.47726	0.0234824	2.321884	0.6934027
19104	-998.2176	-1212.237	214.0194	0.8503907	0.142663	0.528736	0.291055	0.037546	2.432859	0.5755392
19110	-1010.965	-1225.191	214.2258	0.6561739	0.101237	0.330008	0.542971	0.0257845	2.342688	0.7560885
19116	-1003.195	-1217.848	214.653	0.4306128	0.124862	0.462849	0.359473	0.0528164	2.183189	0.6925026
19122	-999.3091	-1213.827	214.5181	0.4358503	0.0603655	0.352103	0.561997	0.0255345	2.331916	0.6564411
19128	-1032.571	-1246.083	213.5127	1.247966	0.432369	0.160256	0.238296	0.169079	2.497168	0.6954735
19134	-1046.209	-1259.4	213.1915	1.91251	0.595522	0.121559	0.152188	0.130731	2.032857	0.9778667
19140	-1015.685	-1228.591	212.9064	1.91251	0.320929	0.245871	0.16816	0.265041	2.050446	1.223797
19146	-1016.361	-1229.711	213.3499	1.489254	0.105506	0.46099	0.310655	0.122849	2.14951	1.046999
19152	-1013.146	-1227.715	214.5692	0.5770095	0.119943	0.381758	0.353164	0.145135	2.090538	0.744215
19158	-1022.951	-1237.142	214.1904	0.8621838	0.205	0.281118	0.406927	0.106956	2.138571	0.7884665
19164	-1028.855	-1241.054	212.1992	3.194375	0.141878	0.296107	0.430448	0.131566	2.424308	0.64774
19170	-1019.054	-1232.682	213.6285	1.369284	0.156782	0.441621	0.297507	0.104091	2.295872	0.645561
19176	-1019.642	-1232.968	213.3255	1.453587	0.271532	0.190348	0.486359	0.0517619	2.532842	0.6253734
19182	-1031.326	-1244.088	212.7614	2.262713	0.209033	0.146535	0.374413	0.270018	2.490504	0.4962193
19188	-1008.716	-1222.527	213.8111	1.056972	0.150501	0.428089	0.260724	0.160687	2.425347	0.5982129
19194	-1019.592	-1231.307	211.7144	4.231716	0.265631	0.201258	0.122575	0.410536	2.362987	0.6467679
19200	-1008.267	-1220.4	212.1327	3.587268	0.218259	0.240936	0.0444882	0.496317	2.243939	0.7023918
19206	-1016.135	-1228.778	212.6424	2.626682	0.163842	0.509024	0.026911	0.300223	2.317668	0.6682063
19212	-1004.521	-1217.956	213.4347	1.536172	0.143279	0.472259	0.0542363	0.330225	2.336361	0.6612733
19218	-1002.743	-1216.242	213.4986	1.228315	0.115304	0.475476	0.189101	0.22012	2.309	0.9743186
19224	-1010.757	-1223.926	213.169	1.088641	0.154747	0.315718	0.37467	0.154865	1.875804	1.701051
19230	-1019.869	-1233.745	213.8768	0.3961585	0.0791796	0.37219	0.377236	0.171394	1.870902	1.701051
19236	-1021.576	-1234.661	213.0851	1.607104	0.0919581	0.512194	0.177905	0.217943	2.048391	1.280519
19242	-1021.956	-1234.323	212.3672	1.963059	0.21169	0.23846	0.30277	0.247081	1.806287	1.784918
19248	-1051.319	-1264.343	213.0242	1.49281	0.185676	0.465535	0.187853	0.160936	1.930087	1.496743
19254	-1033.278	-1247.129	213.8503	0.9409869	0.238619	0.185577	0.303279	0.272524	2.341283	0.8603341
19260	-1028.972	-1241.992	213.02	1.62653	0.251138	0.312128	0.177477	0.259257	1.823146	1.49505
19266	-1016.263	-1229.852	213.5889	0.7677084	0.116346	0.255326	0.392008	0.23632	1.823146	1.672212
19272	-1007.354	-1220.126	212.7715	0.8146845	0.285986	0.200254	0.445762	0.0679988	1.823664	2.191091
19278	-1007.164	-1220.957	213.7934	0.624426	0.293568	0.205563	0.457581	0.0432879	2.006856	1.49928
19284	-1017.172	-1231.24	214.0672	0.7836726	0.188157	0.273276	0.494474	0.0440934	2.006856	1.142185
19290	-1018.812	-1232.554	213.742	0.835209	0.235209	0.341614	0.380767	0.0424094	1.828138	1.505207
19296	-1030.401	-1243.386	212.985	1.078148	0.264447	0.328554	0.366211	0.0407881	2.052472	1.713496
19302	-1035.53	-1249.138	213.6078	0.6981177	0.139034	0.557059	0.227639	0.076268	2.100432	1.50978
19308	-1019.385	-1232.75	213.3647	1.042881	0.286824	0.384833	0.295629	0.0327138	2.034467	1.475066
19314	-1027	-1240.901	213.9005	0.6526632	0.133389	0.162859	0.697474	0.00627805	2.097443	1.322987
19320	-1021.608	-1235.566	213.9578	0.8607226	0.277453	0.255821	0.456864	0.00986163	2.097443	1.086351
19326	-1001.922	-1215.9	213.9772	0.631369	0.194169	0.271873	0.522675	0.0112822	2.081826	1.291746
19332	-1024.383	-1238.101	213.7186	0.8023309	0.183431	0.256838	0.49377	0.0659604	1.841118	1.538474
19338	-1020.449	-1233.802	213.3533	0.7416374	0.191741	0.212884	0.524015	0.0713597	1.724876	1.922676
19344	-1023.045	-1235.531	212.486	0.7886522	0.2264	0.329437	0.383042	0.0611204	1.571074	2.549559
19350	-1030.529	-1243.688	213.1596	1.07968	0.329631	0.0413097	0.538004	0.0910552	2.091236	1.558757
19356	-1014.164	-1227.49	213.3259	1.122449	0.249579	0.274132	0.407348	0.0689421	1.883345	1.558757
19362	-1021.075	-1234.336	213.2611	1.537438	0.241528	0.11922	0.549013	0.0902394	1.982031	1.238387
19368	-1008.914	-1223.205	214.2908	0.5727846	0.312233	0.10848	0.497513	0.0817746	2.16484	0.9923699
19374	-1032.232	-1246.115	213.8832	0.8905093	0.26889	0.184383	0.407735	0.138992	2.155387	1.073221
19380	-1027.329	-1241.364	214.0347	0.8905093	0.172125	0.278221	0.423521	0.126133	1.991794	1.084496
19386	-1024.733	-1237.377	212.6436	2.088383	0.316485	0.0871196	0.23813	0.358265	2.023474	1.35269
19392	-1020.198	-1233.535	213.3368	1.492663	0.203899	0.356268	0.217159	0.222674	1.843631	1.321379
19398	-1019.369	-1233.017	213.6484	1.146574	0.346087	0.0919143	0.379893	0.182106	2.035827	1.163418
19404	-1012.727	-1226.369	213.6419	0.9459138	0.353848	0.00290206	0.463625	0.179625	2.042483	1.32883
19410	-1033.244	-1247.118	213.8739	0.9459138	0.296452	0.0115553	0.557681	0.134311	2.128644	1.053779
19416	-1019.075	-1232.795	213.7192	0.9459138	0.442129	0.0265887	0.338342	0.19294	2.160412	1.16574
19422	-1031.2	-1243.994	212.7944	2.037534	0.263848	0.031853	0.473158	0.231141	2.153895	1.149507
19428	-1021.149	-1234.073	212.9239	2.037534	0.240413	0.0128547	0.367448	0.379285	2.298806	0.8770331
19434	-1025.992	-1239.446	213.4542	1.311538	0.240413	0.0128547	0.367448	0.379285	2.20482	1.045345
19440	-1027.43	-1241.086	213.6552	1.112896	0.288296	0.0119739	0.446387	0.253343	2.191893	1.044071
19446	-1028.991	-1242.799	213.8075	1.112896	0.404671	0.0371679	0.417691	0.140471	2.039635	1.044071
19452	-1017.534	-1229.889	212.3546	1.418286	0.234058	0.449275	0.188694	0.127972	1.568348	2.248393
19458	-1008.826	-1222.498	213.6722	0.6782032	0.169793	0.219752	0.434861	0.175594	1.795692	1.69976
19464	-1006.268	-1218.712	212.4438	0.8165803	0.274046	0.192157	0.380254	0.153544	1.717356	2.466274
19470	-1025.388	-1239.278	213.8906	0.9109366	0.192274	0.045319	0.476962	0.285445	2.501581	0.5661896
19476	-1010.062	-1223.741	213.6798	0.8467156	0.147593	0.273222	0.422743	0.156442	2.778884	0.4400555
19482	-1019.487	-1233.067	213.5797	0.8732107	0.239606	0.357915	0.27613	0.126349	1.963191	1.496025
19488	-1011.592	-1225.568	213.9764	0.8732107	0.274861	0.133955	0.357605	0.233579	2.006217	1.140534
19494	-1000.068	-1214.072	214.0041	0.7454398	0.176193	0.341874	0.281663	0.20027	2.48743	0.7292502
19500	-999.1077	-1212.848	213.7407	0.8338999	0.120475	0.36378	0.320963	0.194783	2.661847	0.7230167
19506	-1010.326	-1224.04	213.7146	0.8338999	0.216953	0.325101	0.107177	0.350769	2.762877	0.5344957
19512	-1010.322	-1224.43	214.1086	0.7879886	0.075677	0.566134	0.153516	0.204674	2.400575	0.6028946
19518	-996.6672	-1210.783	214.1155	0.6614799	0.298718	0.247955	0.363685	0.0896428	2.531337	0.5907283
19524	-1004.247	-1218.439	214.1921	0.6852407	0.195223	0.310986	0.337437	0.156354	2.443634	0.5171925
19530	-1016.27	-1229.232	212.9625	1.871509	0.273775	0.436119	0.123582	0.166525	2.577932	0.5171925
19536	-1019.755	-1233.83	214.0751	0.6799253	0.273775	0.436119	0.123582	0.166525	2.564333	0.5366965
19542	-1014.397	-1228.562	214.1656	0.6799253	0.277821	0.38479	0.134004	0.203386	2.476166	0.4905254
19548	-1011.341	-1222.629	211.2882	5.276112	0.363585	0.152993	0.175371	0.30805	2.336524	0.6069158
19554	-1015.704	-1226.606	210.9015	6.363955	0.310315	0.165799	0.190051	0.333835	2.270683	0.6683005
19560	-1023.779	-1236.356	212.5767	1.205845	0.326598	0.0485395	0.373145	0.251717	2.072227	1.897479
19566	-1018.746	-1231.962	213.2156	1.205845	0.224954	0.0627676	0.50943	0.202848	2.266416	1.286695
19572	-1031.745	-1245.672	213.927	0.7116814	0.107074	0.421051	0.427184	0.0446918	2.681146	0.4920384
19578	-1023.972	-1237.897	213.9246	0.704894	0.182783	0.14274	0.628155	0.0463222	2.672477	0.4100767
19584	-1015.967	-1230.425	214.4584	0.3862085	0.410813	0.180461	0.323235	0.0854906	2.472695	0.46585
19590	-1025.486	-1239.765	214.2793	0.3862085	0.348276	0.207617	0.429976	0.0141312	2.653202	0.4770459
19596	-1031.047	-1245.493	214.4455	0.5175763	0.371891	0.153887	0.459132	0.0150895	2.354438	0.5801657
19602	-1022.529	-1236.839	214.3097	0.5175763	0.330341	0.124477	0.371385	0.173798	2.340033	0.8407219
19608	-1028.64	-1242.853	214.2135	0.6717619	0.344365	0.220258	0.354121	0.0812555	2.412409	0.6195825
19614	-1028.761	-1242.751	213.9901	0.6720612	0.271733	0.355783	0.241231	0.131252	2.630706	0.6314164
19620	-1013.454	-1227.339	213.8848	0.6720612	0.11068	0.298965	0.480064	0.110291	2.762819	0.4644458
19626	-1013.704	-1227.35	213.6458	0.8935199	0.251649	0.169949	0.471921	0.106481	2.769683	0.4644458
19632	-1032.685	-1246.646	213.9607	0.720927	0.234958	0.388379	0.189954	0.186708	2.635034	0.4637767
19638	-1023.861	-1237.805	213.9441	0.7720161	0.219189	0.362314	0.244319	0.174178	2.592626	0.439814
19644	-999.9705	-1213.991	214.02	0.8518367	0.117833	0.332335	0.518019	0.031813	2.367506	0.7171137
19650	-996.2478	-1210.594	214.346	0.5316279	0.273924	0.164508	0.486458	0.0751099	2.367506	0.7335349
19656	-1008.186	-1222.534	214.3479	0.4414374	0.301094	0.21327	0.437359	0.0482769	2.362219	0.8574076
19662	-1000.793	-1215.156	214.3628	0.4414374	0.35515	0.0720269	0.515879	0.0569441	2.10031	1.109936
19668	-991.1084	-1204.735	213.6268	1.156468	0.219077	0.361608	0.378598	0.0407171	2.107863	1.109936
19674	-983.4435	-1197.363	213.9198	0.9146727	0.182509	0.301249	0.414169	0.102073	2.278904	0.8834548
19680	-985.0071	-1199.221	214.2144	0.6254355	0.19697	0.337638	0.355232	0.11016	2.287568	0.8834548
19686	-996.7421	-1210.601	213.8586	1.040213	0.18087	0.31004	0.326196	0.182894	2.356215	0.6851463
19692	-990.7124	-1204.341	213.6288	1.225784	0.183417	0.0578028	0.562084	0.196696	2.356215	0.7675754
19698	-1003.296	-1216.901	213.6045	1.187412	0.174452	0.0584374	0.568256	0.198855	2.48036	0.6609183
19704	-998.3246	-1211.541	213.2161	1.564162	0.168304	0.0728319	0.52329	0.235575	2.524209	0.6751381
19710	-998.3198	-1212.146	213.826	0.9836998	0.342112	0.0330045	0.504771	0.120113	2.462007	0.6516409
19716	-1001.996	-1216.293	214.2971	0.5570251	0.25809	0.302853	0.3808	0.0582569	2.463682	0.5758435
19722	-1005.481	-1219.865	214.3838	0.5621746	0.365443	0.0931445	0.436899	0.104513	2.37894	0.5406911
19728	-1012.461	-1226.533	214.0721	0.7451216	0.340622	0.135157	0.407224	0.116997	2.393333	0.7690512
19734	-1020.822	-1235.176	214.3546	0.4511026	0.298194	0.214607	0.325352	0.161847	2.517577	0.5486542
19740	-1024.915	-1239.166	214.2505	0.4511026	0.351022	0.101098	0.382991	0.164889	2.614891	0.4289219
19746	-1022.926	-1236.882	213.9564	0.9033728	0.364814	0.251178	0.223213	0.160795	2.445107	0.5591287
19752	-1012.498	-1226.427	213.9297	0.8150331	0.535753	0.280505	0.120137	0.0636052	2.526966	0.6608351
19758	-1009.779	-1223.697	213.9182	0.8150331	0.172793	0.37029	0.372953	0.0839641	2.487845	0.7484046
19764	-1008.775	-1222.892	214.1174	0.7553443	0.165972	0.0891509	0.412559	0.332318	2.392991	0.6786352
19770	-1020.997	-1234.551	213.5545	1.350003	0.315944	0.0345455	0.51426	0.135251	2.343462	0.7265774
19776	-1028.193	-1242.209	214.0157	0.6944897	0.247551	0.20107	0.485159	0.0662203	2.343462	0.9596381
19782	-1036.953	-1251.148	214.195	0.4802749	0.198025	0.395142	0.368337	0.0384959	2.629337	0.3976286
19788	-1035.209	-1249.373	214.1631	0.4827008	0.313824	0.338087	0.315152	0.0329374	2.6653	0.4114287
19794	-1024.542	-1238.634	214.0919	0.4160904	0.381666	0.170626	0.383281	0.0644272	2.788766	0.3911996
19800	-1028.759	-1242.438	213.6797	0.7949637	0.141527	0.200595	0.582135	0.0757431	2.788766	0.3555969
19806	-1016.113	-1229.541	213.428	0.9936751	0.474387	0.0578667	0.332897	0.13485	2.823492	0.3407239
19812	-1029.929	-1243.757	213.8271	0.6543486	0.503597	0.0842534	0.268997	0.143153	2.801496	0.3709689
19818	-1027.765	-1240.822	213.0563	1.175075	0.392835	0.170102	0.314867	0.122196	2.988538	0.3129258
19824	-1031.224	-1244.421	213.1975	0.9734757	0.404945	0.115742	0.324573	0.154739	2.988538	0.2732515
19830	-1025.019	-1238.523	213.5036	0.5961677	0.0849223	0.463572	0.31536	0.136146	1.750471	1.90766
19836	-1016.053	-1229.067	213.0133	1.127533	0.280045	0.360777	0.24543	0.113748	1.788483	1.844098
19842	-1009.966	-1221.978	212.0117	1.678863	0.296708	0.199832	0.179986	0.323473	1.693405	2.245979
19848	-1004.849	-1216.58	211.7305	1.917131	0.134066	0.464888	0.161363	0.239683	1.912707	2.163801
19854	-1010.357	-1223.505	213.1483	1.047368	0.283446	0.222106	0.376974	0.117474	1.848917	1.763014
19860	-1015.467	-1228.618	213.1513	0.8460108	0.356932	0.279689	0.215448	0.147931	2.05001	1.763014
19866	-999.5113	-1211.372	211.8604	2.175791	0.405649	0.453942	0.0483364	0.0920733	1.87833	1.974145
19872	-1015.464	-1228.833	213.3691	1.20722	0.639989	0.166867	0.0561402	0.137004	2.08494	1.308428
19878	-1021.541	-1233.31	211.7693	3.783572	0.351074	0.123859	0.314251	0.210816	1.9811	1.253237
19884	-1006.376	-1219.345	212.969	1.947343	0.33676	0.281942	0.194497	0.186801	2.128631	1.075553
19890	-1018.326	-1230.305	211.9792	1.04253	0.37453	0.117173	0.391801	0.116496	3.516972	0.1048737
19896	-1010.398	-1222.099	211.7008	1.606055	0.416944	0.130443	0.322925	0.129689	3.507697	0.1412735
19902	-1018.243	-1230.086	211.8431	1.38937	0.479579	0.16296	0.273584	0.0838771	3.553837	0.1415306
19908	-1009.187	-1221.883	212.696	0.5606843	0.327227	0.120423	0.516172	0.0361784	3.526284	0.1415306
19914	-1004.191	-1216.4	212.209	1.075144	0.404712	0.207561	0.20236	0.185366	3.481603	0.1415306
19920	-1009.814	-1222.073	212.259	1.126716	0.176339	0.216365	0.324364	0.282932	3.481603	0.1634341
19926	-1006.11	-1218.82	212.7105	0.6854819	0.195105	0.318263	0.36043	0.126203	3.366951	0.138906
19932	-1017.03	-1229.728	212.6984	1.603449	0.109085	0.173971	0.298728	0.418216	2.164845	1.494382
19938	-1017.424	-1230.05	212.6262	1.603449	0.290663	0.080552	0.328693	0.300092	2.17675	1.539397
19944	-1008.927	-1221.559	212.632	0.6048694	0.319912	0.179853	0.238096	0.262139	3.488324	0.1310809
19950	-1030.058	-1242.773	212.7144	1.308418	0.358778	0.0749588	0.30587	0.260393	2.287994	1.582424
19956	-1034.291	-1246.003	211.7117	2.026916	0.239945	0.0501313	0.437967	0.271957	2.161655	1.956988
19962	-1020.722	-1231.794	211.072	2.34718	0.158236	0.531899	0.220243	0.0896228	3.458512	0.1207007
19968	-1015.316	-1227.249	211.9327	1.411407	0.0874719	0.425953	0.388088	0.0984874	3.504294	0.1540308
19974	-1013.253	-1226.153	212.8997	0.5195879	0.135333	0.433699	0.269273	0.161696	3.430287	0.1553755
19980	-997.3996	-1210.149	212.749	0.6663085	0.0616615	0.433097	0.391751	0.11349	3.398022	0.1488468
19986	-1001.266	-1214.318	213.0519	0.4525418	0.179026	0.378927	0.342752	0.0992954	3.347954	0.1563114
19992	-1005.941	-1218.825	212.884	0.678796	0.251393	0.226313	0.332644	0.189649	3.364147	0.1762932
19998	-1006.246	-1218.484	212.238	1.243898	0.114884	0.357973	0.298652	0.228492	3.354772	0.1548595
20004	-1013.968	-1226.316	212.3482	1.174744	0.420024	0.201047	0.334668	0.044261	3.3437	0.1627722
20010	-1005.192	-1218.514	213.3223	0.5755679	0.297388	0.43432	0.236954	0.031338	3.126306	0.2043983
20016	-994.6845	-1207.428	212.7431	1.205493	0.265149	0.130402	0.346586	0.257862	3.139657	0.2337614
20022	-997.353	-1209.968	212.6147	1.300704	0.22891	0.215902	0.330612	0.224576	3.179593	0.2337614
20028	-996.894	-1210.074	213.1804	0.9510599	0.185769	0.26838	0.266688	0.279163	3.080658	0.3097571
20034	-997.3395	-1210.802	213.4625	0.6803939	0.322873	0.256054	0.25444	0.166634	3.080658	0.3097571
20040	-998.2106	-1211.534	213.3235	0.7095281	0.133413	0.156254	0.553099	0.157234	3.132389	0.2708554
20046	-1007.464	-1220.777	213.3132	0.6112062	0.119398	0.244889	0.494996	0.140716	3.132389	0.2168912
20052	-1009.074	-1222.589	213.5147	0.7317155	0.205238	0.248718	0.242679	0.303366	2.942657	0.2865793
20058	-1002.224	-1216.376	214.1516	0.4989595	0.150324	0.205991	0.421488	0.222197	2.66688	0.4271351
20064	-1009.497	-1223.626	214.1294	0.4989595	0.109057	0.28248	0.385042	0.22342	2.69319	0.4406556
20070	-1012.873	-1226.925	214.052	0.5818857	0.245913	0.127494	0.480224	0.146369	2.69319	0.5086662
20076	-1014.901	-1228.49	213.5888	0.9338971	0.316468	0.192165	0.303005	0.188363	2.782548	0.4496795
20082	-1020.883	-1233.95	213.0662	1.310948	0.319911	0.194255	0.306301	0.179533	2.894457	0.355436
20088	-1027.708	-1241.074	213.3662	0.9098885	0.193433	0.149231	0.519414	0.137921	2.982951	0.355436
20094	-1026.25	-1239.847	213.5977	0.6229556	0.265754	0.201785	0.42805	0.104411	1.943499	1.689236
20100	-1028.178	-1241.995	213.8167	0.8221458	0.172189	0.249	0.370603	0.208208	2.673556	0.4707765
20106	-1008.284	-1222.545	214.2607	0.5673273	0.17131	0.252836	0.36871	0.207145	2.499379	0.5144735
20112	-1009.549	-1223.658	214.1095	0.4924523	0.0985436	0.404001	0.438048	0.0594077	2.716269	0.4298751
20118	-1013.356	-1227.331	213.9753	0.6697192	0.194398	0.29729	0.322343	0.185969	2.642304	0.3787889
20124	-1009.535	-1223.468	213.9334	0.6946465	0.103838	0.53634	0.161815	0.198007	2.688819	0.4560781
20130	-1026.698	-1238.629	211.9313	2.315595	0.51523	0.107998	0.0252242	0.351548	2.019295	1.762009
20136	-1032.542	-1243.754	211.2126	3.081557	0.434619	0.126703	0.0262433	0.412434	1.919766	1.986503
20142	-1019.738	-1230.382	210.6446	3.958427	0.332925	0.0994193	0.0599865	0.50767	1.772268	2.14362
20148	-1014.618	-1225.312	210.6938	2.372397	0.44378	0.0717178	0.217939	0.266564	1.627304	2.786263
20154	-1010.465	-1221.455	210.9901	2.905271	0.0496857	0.296847	0.293942	0.359525	1.798239	2.280287
20160	-1036.461	-1250.081	213.6208	0.9301536	0.348738	0.125489	0.349591	0.176182	2.748984	0.4299396
20166	-1038.037	-1251.99	213.9524	0.7117088	0.139651	0.146586	0.474587	0.239176	2.651216	0.4530468
20172	-1032.552	-1246.515	213.9636	0.87569	0.223225	0.132428	0.349376	0.294971	2.472814	0.4996231
20178	-1029.341	-1242.123	212.782	2.180967	0.252864	0.0803097	0.275661	0.391166	2.528065	0.4996231
20184	-1027.5	-1241.499	213.9996	0.8096533	0.22691	0.247392	0.235467	0.290231	2.505487	0.4996231
20190	-1027.053	-1240.683	213.6301	1.011185	0.192097	0.201829	0.360371	0.245703	2.664606	0.5474251
20196	-1019.688	-1233.559	213.8713	0.4738794	0.189946	0.348552	0.274409	0.187094	2.832691	0.273157
20202	-1019.478	-1233.048	213.57	0.7003481	0.354203	0.165193	0.420595	0.0600087	2.899481	0.273157
20208	-1014.616	-1228.467	213.8515	0.5698227	0.38906	0.19076	0.354266	0.0659142	2.877443	0.3890471
20214	-1017.446	-1230.88	213.434	0.5036015	0.240082	0.157932	0.515421	0.0865648	1.864809	1.941743
20220	-1014.644	-1228.096	213.4519	0.5099959	0.251555	0.193067	0.540052	0.0153267	1.775138	1.985604
20226	-1014.953	-1228.064	213.1117	0.426446	0.227664	0.24386	0.488762	0.0397134	1.861185	2.205117
20232	-998.9962	-1211.809	212.8126	0.7307471	0.251638	0.224338	0.457021	0.0670027	1.756735	2.264698
20238	-1002.193	-1215.6	213.4072	0.5485082	0.228513	0.159618	0.566548	0.0453209	1.973466	1.855245
20244	-1010.054	-1223.031	212.9763	1.14027	0.338645	0.160889	0.412759	0.0877065	3.050023	0.2759826
20250	-1006.336	-1219.262	212.9262	1.440707	0.443726	0.0829398	0.358813	0.114521	2.860644	0.3007456
20256	-1022.353	-1235.844	213.4903	0.7436756	0.246334	0.54497	0.080648	0.128048	2.944388	0.280009
20262	-1025.535	-1238.936	213.4008	0.8392124	0.484693	0.0667194	0.391039	0.0575487	1.840624	1.739888
20268	-1012.902	-1226.102	213.2007	0.7874598	0.217814	0.117994	0.598843	0.0653488	1.821735	1.927677
20274	-1014.136	-1227.248	213.1118	0.9088536	0.476099	0.0790314	0.401099	0.04377	1.784633	1.927677
20280	-1033.399	-1245.429	212.0298	3.262047	0.333149	0.0551757	0.470583	0.141093	2.585891	0.4489132
20286	-1021.795	-1234.095	212.2996	2.812887	0.261735	0.028257	0.447079	0.262929	2.585891	0.4629083
20292	-1001.268	-1215.262	213.9943	0.7257885	0.243763	0.409811	0.185571	0.160854	2.585891	0.5857912
20298	-1014.498	-1227.932	213.4335	1.232524	0.221103	0.460132	0.151362	0.167402	2.638524	0.5857912
20304	-1013.295	-1226.884	213.5882	1.232524	0.4295	0.0496109	0.388081	0.132807	2.418118	0.7257267
20310	-1005.205	-1219.126	213.921	0.89358	0.271132	0.199483	0.325687	0.203697	2.418118	0.7257267
20316	-1004.211	-1218.117	213.9062	0.8551654	0.179221	0.178076	0.531216	0.111487	2.212098	1.032038
20322	-1001.785	-1215.834	214.0489	0.7131266	0.342354	0.189855	0.37235	0.0954413	2.147319	1.099097
20328	-1018.372	-1232.148	213.7761	0.9809963	0.341422	0.319601	0.272811	0.0661659	2.144698	1.09711
20334	-1001.948	-1216.214	214.2663	0.747015	0.295567	0.220005	0.324429	0.16	2.125587	0.8616109
20340	-1014.161	-1228.562	214.4014	0.4664551	0.283511	0.188959	0.377977	0.149552	2.35983	0.7593247
20346	-1008.881	-1222.86	213.9783	0.8721929	0.262116	0.250166	0.349452	0.138266	2.405508	0.6868999
20352	-1007.611	-1221.898	214.2869	0.5223603	0.324317	0.228762	0.384246	0.0626748	2.319943	0.8859541
20358	-1018.791	-1232.752	213.9607	0.7486048	0.283682	0.0518044	0.609691	0.0548221	2.408769	0.8859541
20364	-1012.577	-1226.649	214.0719	0.7486048	0.302678	0.0941195	0.54471	0.0584929	2.448128	0.6737879
20370	-1009.364	-1223.288	213.9243	0.8426113	0.0796959	0.221765	0.548777	0.149762	2.489166	0.6888942
20376	-1021.639	-1235.302	213.6624	0.9291173	0.0796959	0.221765	0.548777	0.149762	2.657915	0.6960881
20382	-1020.855	-1234.729	213.874	0.7981831	0.202319	0.113551	0.562064	0.122066	2.641214	0.5315527
20388	-1020.329	-1234.611	214.2818	0.4952077	0.293083	0.157578	0.502598	0.046741	2.550195	0.5315527
20394	-1044.924	-1258.818	213.8947	0.8664161	0.192765	0.301977	0.176736	0.328522	2.550195	0.5247917
20400	-1032.129	-1244.392	212.2623	2.903765	0.210929	0.381806	0.267557	0.139708	2.550195	0.6065692
20406	-1018.966	-1233.017	214.0509	0.6800277	0.161421	0.168981	0.590019	0.0795787	2.550195	0.6566275
20412	-1017.595	-1231.711	214.1158	0.7712709	0.234304	0.320936	0.270603	0.174158	2.318697	0.7737279
20418	-1014.34	-1228.046	213.7061	1.020204	0.159899	0.160742	0.435897	0.243462	2.47303	0.7737279
20424	-1024.787	-1238.833	214.0459	0.8245062	0.40216	0.0799255	0.4209	0.0970146	2.349989	0.7487967
20430	-1013.354	-1227.216	213.8617	0.8245062	0.151612	0.127946	0.645272	0.0751705	2.494555	0.8044721
20436	-1012.442	-1226.178	213.7364	1.011175	0.270208	0.14823	0.538147	0.0434145	2.322122	0.9311227
20442	-1014.469	-1228.383	213.9147	0.8745767	0.313318	0.0432023	0.624003	0.019477	2.304953	0.90647
20448	-1013.777	-1227.795	214.0183	0.6746724	0.535756	0.0214256	0.403614	0.0392052	2.377475	0.9432485
20454	-1005.305	-1218.913	213.6083	1.094763	0.479807	0.0191881	0.361464	0.139541	2.574359	0.6417871
20460	-1018.919	-1232.496	213.5778	1.094763	0.437477	0.0657552	0.269664	0.227103	2.574359	0.7015323
20466	-1016.529	-1229.738	213.2084	1.258467	0.295655	0.0407091	0.412482	0.251153	2.28783	1.234185
20472	-1019.59	-1232.041	212.4503	1.015468	0.413131	0.0461574	0.310443	0.230269	2.059662	2.112991
20478	-1020.76	-1232.35	211.5896	1.553442	0.413131	0.0461574	0.310443	0.230269	1.840515	2.486631
20484	-1018.328	-1229.043	210.7149	1.80103	0.413131	0.0461574	0.310443	0.230269	1.956776	2.828827
20490	-1033.923	-1247.734	213.8109	1.167206	0.310848	0.0992514	0.577959	0.0119413	2.292871	0.6614894
20496	-1018.158	-1232.382	214.2246	0.7439727	0.171768	0.0548442	0.680805	0.0925829	2.292871	0.6877981
20502	-1012.548	-1225.903	213.3553	1.539442	0.369328	0.230204	0.343803	0.0566653	2.452649	0.5416423
20508	-1013.46	-1226.314	212.8544	2.245672	0.341421	0.0719633	0.287205	0.29941	2.406945	0.5375331
20514	-1017.077	-1229.563	212.4851	2.700434	0.313374	0.227655	0.16854	0.290431	2.471369	0.5375331
20520	-1004.906	-1218.587	213.6814	1.17129	0.275294	0.20415	0.343573	0.176982	2.432434	0.6304266
20526	-1015.025	-1228.37	213.3455	1.313177	0.235754	0.081756	0.514005	0.168485	2.658501	0.5601946
20532	-1009.978	-1223.629	213.6502	1.023674	0.345994	0.0595504	0.500398	0.0940574	2.634987	0.5263798
20538	-1005.874	-1219.918	214.0443	0.6434172	0.358707	0.0948978	0.36522	0.181176	2.634987	0.5263798
20544	-1010.256	-1224.272	214.0165	0.7075518	0.287804	0.0761401	0.500378	0.135678	2.54938	0.6689947
20550	-1003.463	-1217.38	213.9166	0.8135803	0.293555	0.384907	0.289453	0.032085	2.5692	0.5923715
20556	-1012.703	-1226.47	213.7665	0.8480178	0.196387	0.406907	0.334271	0.0624349	2.691226	0.4416979
20562	-1035.35	-1248.693	213.343	1.141156	0.017963	0.305375	0.611893	0.0647685	2.243705	1.251114
20568	-1026.843	-1240.507	213.6632	0.9037672	0.0409765	0.441635	0.431389	0.0859995	2.384227	1.05194
20574	-1011.642	-1225.047	213.4045	1.135914	0.017715	0.565923	0.30616	0.110202	2.505156	0.9594052
20580	-1037.521	-1251.922	214.4003	0.4780349	0.142364	0.414684	0.382994	0.0599583	2.448144	0.5353604
20586	-1038.457	-1252.903	214.4465	0.4780349	0.148125	0.387986	0.358337	0.105553	2.404067	0.5103169
20592	-1009.972	-1223.682	213.7099	0.9109194	0.0958973	0.210002	0.579748	0.114353	2.644804	0.6664761
20598	-1007.314	-1221.186	213.8718	0.962588	0.175121	0.285743	0.447649	0.0914873	2.390264	0.7364809
20604	-1007.899	-1220.072	212.1729	2.816943	0.170809	0.401716	0.116117	0.311358	2.699907	0.5854381
20610	-1006.301	-1217.429	211.1278	5.100528	0.135468	0.270336	0.092092	0.502104	2.590987	0.4893607
20616	-1001.95	-1215.18	213.2303	1.495566	0.255393	0.243549	0.093172	0.407885	2.604032	0.590138
20622	-1009.2	-1222.966	213.7664	0.9788077	0.109568	0.431745	0.388246	0.0704411	2.540353	0.6191238
20628	-1002.447	-1216.371	213.9243	0.9124771	0.104927	0.258599	0.554405	0.0820696	2.392326	0.7306679
20634	-1002.785	-1216.501	213.7154	1.078113	0.150217	0.582449	0.20371	0.0636232	2.484928	0.638492
20640	-1001.092	-1215.022	213.9296	0.7566969	0.203472	0.176259	0.501792	0.118476	2.589241	0.659035
20646	-986.1863	-1200.164	213.9772	0.7566969	0.271445	0.16743	0.385794	0.175332	2.539192	0.6639538
20652	-986.1627	-1199.895	213.7325	0.9113731	0.119719	0.232666	0.579423	0.0681924	2.623761	0.6624263
20658	-1000.137	-1212.644	212.5072	2.553841	0.356055	0.333423	0.154148	0.156375	2.370855	0.8580018
20664	-1002.876	-1216.55	213.6745	0.9974729	0.228871	0.0436949	0.528474	0.19896	2.370855	0.9595297
20670	-1013.879	-1227.995	214.1164	0.8664534	0.355093	0.12029	0.418524	0.106093	2.121177	0.8957045
20676	-1010.362	-1224.264	213.9021	0.7407258	0.366014	0.118253	0.411437	0.104296	2.077209	1.262075
20682	-1013.953	-1228.033	214.0799	0.6065828	0.225537	0.0815024	0.599394	0.0935663	2.113969	1.200899
20688	-995.1077	-1209.073	213.9649	0.6250967	0.204338	0.172954	0.397902	0.224805	2.353548	1.072198
20694	-1004.024	-1217.893	213.8692	0.9139374	0.157357	0.134819	0.428173	0.279651	2.254447	0.9660318
20700	-1012.178	-1226.485	214.307	0.5639691	0.184072	0.336781	0.417128	0.0620196	2.308862	0.8236368
20706	-1011.325	-1225.881	214.5557	0.5495126	0.185114	0.338686	0.419487	0.0567132	2.122112	0.7598291
20712	-1021.503	-1235.568	214.0643	0.8109921	0.201368	0.424093	0.30543	0.0691083	2.338238	0.7598291
20718	-1027.079	-1241.161	214.0821	0.7981586	0.297881	0.0896849	0.55053	0.0619045	2.267553	0.847761
20724	-1027.34	-1240.647	213.3068	1.421239	0.472553	0.158657	0.306176	0.0626144	2.179386	1.11467
20730	-1028.822	-1243.007	214.1849	0.6961776	0.337751	0.257523	0.345488	0.0592383	2.155953	0.9767283
20736	-1020.828	-1234.873	214.0446	0.6992856	0.267796	0.340588	0.334296	0.0573194	2.465206	0.7747865
20742	-1029.871	-1242.11	212.2394	0.8758741	0.142683	0.344262	0.279152	0.233903	1.656068	2.593461
20748	-1015.307	-1227.845	212.5376	1.094427	0.114728	0.330403	0.363177	0.191692	1.657478	2.266662
20754	-1017.004	-1228.996	211.9914	1.004663	0.0384427	0.565324	0.289201	0.107032	1.462837	2.784174
20760	-1018.014	-1230.033	212.0183	1.402099	0.0390284	0.557229	0.173174	0.230569	1.621827	2.437314
20766	-1027.299	-1240.923	213.6242	0.8024824	0.160322	0.390593	0.287467	0.161619	1.664196	1.733872
20772	-1019.877	-1233.113	213.2361	1.580566	0.12253	0.394372	0.382094	0.101004	2.177571	1.054431
20778	-1019.682	-1232.435	212.7538	1.941146	0.167208	0.526941	0.115169	0.190682	1.995677	1.374695
20784	-1018.689	-1230.965	212.2756	1.780408	0.229687	0.55977	0.0639109	0.146632	1.672273	2.034017
20790	-1015.926	-1228.474	212.5483	1.547343	0.044724	0.492084	0.235651	0.227541	1.591309	2.034017
20796	-1024.012	-1234.24	210.228	3.689045	0.258365	0.140665	0.111145	0.489825	1.351525	2.757747
20802	-1026.99	-1241.033	214.0435	0.8653942	0.281191	0.199396	0.473026	0.0463869	1.959678	1.12932
20808	-1008.471	-1222.589	214.1178	0.8280474	0.125988	0.189408	0.628155	0.0564492	2.154156	0.9019163
20814	-1000.87	-1215.019	214.1492	0.8280474	0.326849	0.0462316	0.523517	0.103402	2.291066	0.6665505
20820	-1010.505	-1224.576	214.0708	0.8280474	0.224143	0.064035	0.640993	0.0708297	2.290172	0.7931725
20826	-1014.19	-1228.121	213.9308	0.8280474	0.305096	0.0558449	0.577288	0.0617705	2.317703	0.9277844
20832	-1011.566	-1225.615	214.0492	0.9016604	0.287114	0.280648	0.38496	0.047279	2.317703	0.6610265
20838	-1005.506	-1219.54	214.0341	0.779117	0.342548	0.0957859	0.459286	0.10238	2.460165	0.6610265
20844	-1008.392	-1222.085	213.6931	0.9213019	0.324724	0.113337	0.444606	0.117333	2.67453	0.6122717
20850	-1007.925	-1221.769	213.8445	0.7932829	0.35333	0.0352285	0.483773	0.127669	2.67453	0.5412507
20856	-1015.627	-1229.362	213.7347	0.8598189	0.627997	0.0342811	0.211178	0.126543	2.714985	0.5412507
20862	-1002.944	-1216.923	213.9784	0.6484883	0.349735	0.146522	0.436719	0.0670241	2.695049	0.4707812
20868	-997.1657	-1211.175	214.0092	0.5575859	0.148709	0.407264	0.342283	0.101745	2.753825	0.4409346
20874	-1014.721	-1228.885	214.1645	0.5575859	0.301068	0.267615	0.270917	0.1604	2.598618	0.4413483
20880	-1006.715	-1220.709	213.9946	0.7350052	0.161178	0.476683	0.153624	0.208515	2.583033	0.556631
20886	-1013.563	-1226.679	213.1153	1.672137	0.216664	0.542428	0.0419709	0.198937	2.583033	0.4699905
20892	-1012.628	-1225.567	212.9386	1.689284	0.146252	0.314411	0.429843	0.109494	2.726986	0.4052589
20898	-1015.383	-1229.367	213.9839	0.9056502	0.142547	0.127223	0.445265	0.284965	2.409795	0.5815013
20904	-1033.613	-1245.348	211.7352	0.7723816	0.127703	0.423209	0.403619	0.0454685	1.803164	2.878079
20910	-1025.552	-1238.745	213.193	0.4278895	0.215511	0.270841	0.445378	0.0682703	2.015887	2.05005
20916	-1018.683	-1231.679	212.9966	0.9475949	0.397922	0.211108	0.356335	0.0346352	1.847135	1.936599
20922	-1020.039	-1233.994	213.9551	1.1072	0.199249	0.373333	0.0136516	0.413767	2.041438	0.8952104
20928	-1011.423	-1225.207	213.784	1.191155	0.27226	0.21725	0.117936	0.392554	2.132145	0.8952104
20934	-1006.417	-1219.044	212.627	0.8601259	0.324696	0.211308	0.316026	0.14797	2.00317	2.137607
20940	-1009.119	-1221.809	212.6901	2.121813	0.575231	0.225081	0.0754127	0.124275	1.923195	1.375848
20946	-1015.776	-1228.611	212.8346	1.542388	0.248252	0.45159	0.0793941	0.220764	1.843713	1.667432
20952	-1018.436	-1232.534	214.0975	0.7356026	0.234966	0.205108	0.405768	0.154158	2.000681	1.165612
20958	-1024.184	-1238.342	214.1576	0.7356026	0.290021	0.253167	0.266533	0.190279	2.099153	1.019208
20964	-1019.799	-1229.677	209.8783	7.44329	0.346266	0.128959	0.044009	0.480765	1.756166	1.722856
20970	-1019.673	-1233.54	213.8669	0.9554909	0.391534	0.26714	0.0910954	0.250231	2.294411	0.8787603
20976	-1031.451	-1245.407	213.9564	0.7744872	0.423462	0.182545	0.301764	0.0922291	2.584036	0.473008
20982	-1026.331	-1240.125	213.7941	0.9001069	0.231264	0.191689	0.434322	0.142725	2.616264	0.4785057
20988	-1012.413	-1226.332	213.9189	0.6849027	0.156506	0.224236	0.452299	0.166958	2.714899	0.4627586
20994	-1024.558	-1238.878	214.3203	0.3717341	0.167335	0.239751	0.552136	0.0407769	2.6236	0.4781894
21000	-1009.524	-1223.7	214.176	0.4664535	0.117204	0.201268	0.652968	0.0285607	2.674069	0.4265964
21006	-1010.123	-1224.166	214.0435	0.6250352	0.137425	0.235992	0.532733	0.0938501	2.624287	0.3835661
21012	-999.022	-1212.636	213.614	1.001004	0.166245	0.228107	0.514934	0.0907144	2.662833	0.3835661
21018	-1006.727	-1220.365	213.6386	1.001004	0.136442	0.362897	0.400952	0.0997089	2.666896	0.4588436
21024	-1011.97	-1225.441	213.4707	1.17326	0.182628	0.444435	0.355196	0.0177412	2.663826	0.4448818
21030	-1053.809	-1266.011	212.2018	0.9785227	0.261943	0.00310098	0.576186	0.15877	1.800912	2.461378
21036	-1048.038	-1259.564	211.5265	1.397691	0.465335	0.00541062	0.472116	0.0571387	1.838339	2.61143
21042	-1015.27	-1229.001	213.7313	1.162132	0.249559	0.322877	0.383759	0.0438052	2.403793	0.5965961
21048	-1021.372	-1235.226	213.8541	0.8997725	0.315684	0.101907	0.516501	0.0659079	2.381719	0.8577746
21054	-1020.084	-1233.89	213.8069	0.7930319	0.542691	0.140839	0.175802	0.140668	2.346455	1.060567
21060	-1008.463	-1221.712	213.2492	1.263145	0.397808	0.103239	0.393556	0.105397	2.346949	1.14425
21066	-1007.982	-1221.896	213.914	0.7582926	0.200938	0.088173	0.590797	0.120092	2.386865	0.9500042
21072	-1016.047	-1230.388	214.3407	0.6235052	0.177589	0.364936	0.389562	0.0679138	2.339184	0.6116495
21078	-1017.866	-1232.156	214.2901	0.6235052	0.195116	0.19695	0.413119	0.194816	2.315555	0.7521407
21084	-1005.301	-1219.111	213.8099	0.8655874	0.363114	0.121115	0.206096	0.309675	2.311109	1.018834
21090	-1010.739	-1224.323	213.584	1.124291	0.278744	0.12035	0.363186	0.237721	2.119367	1.165413
21096	-1018.513	-1232.054	213.541	1.131911	0.205054	0.295078	0.174475	0.325393	2.112498	1.20221
21102	-1014.077	-1227.003	212.9264	1.658612	0.104668	0.18783	0.254854	0.452648	1.922775	1.470494
21108	-1013.457	-1226.75	213.2934	1.055787	0.118246	0.212197	0.499228	0.170329	2.068285	1.493746
21114	-1025.887	-1238.895	213.0084	1.082674	0.399102	0.0593594	0.314082	0.227457	2.085847	1.670097
21120	-1036.516	-1250.419	213.9034	1.07626	0.241467	0.137329	0.461624	0.15958	2.143758	0.8716704
21126	-1043.272	-1257.014	213.7425	0.8624965	0.236274	0.144071	0.484287	0.135368	2.284543	1.110542
21132	-1036.359	-1250.439	214.0801	0.8026546	0.35671	0.131445	0.380431	0.131414	2.150496	0.9746447
21138	-998.5919	-1212.521	213.9295	0.8026546	0.190134	0.070063	0.6723	0.0675037	2.303331	0.9723547
21144	-1004.897	-1218.842	213.9452	0.8020096	0.334729	0.162368	0.381984	0.12092	2.288322	0.9723547
21150	-990.7651	-1204.903	214.1376	0.638535	0.24801	0.233745	0.434753	0.0834922	2.437639	0.7733026
21156	-1008.236	-1222.406	214.1704	0.660855	0.249533	0.159306	0.437422	0.15374	2.322895	0.8494017
21162	-1007.326	-1221.491	214.1643	0.5977559	0.377582	0.122465	0.252702	0.247251	2.295064	0.9617894
21168	-1032.381	-1246.431	214.0497	0.8965756	0.295456	0.380008	0.0900263	0.234509	2.295064	0.7113669
21174	-1021.038	-1235.147	214.1089	0.6917294	0.216948	0.369306	0.133214	0.280533	2.310504	0.8975829
21180	-1030.659	-1244.68	214.0211	0.8543201	0.259957	0.0186283	0.566657	0.154757	2.281307	0.8337546
21186	-1020.94	-1235.199	214.2588	0.714582	0.265078	0.267962	0.302416	0.164545	2.216139	0.8004718
21192	-1022.103	-1236.491	214.3875	0.5236743	0.265125	0.26801	0.30247	0.164394	2.148379	0.9619022
21198	-1012.608	-1227.15	214.5417	0.5084356	0.179353	0.280587	0.367952	0.172109	2.169484	0.7719267
21204	-1015.956	-1230.157	214.2017	0.8390838	0.166621	0.192329	0.559601	0.0814496	2.137787	0.8064428
21210	-1022.511	-1236.874	214.3636	0.640582	0.272175	0.0912428	0.5557	0.0808819	2.137787	0.8654243
21216	-1031.739	-1246.028	214.2889	0.6941409	0.447667	0.14493	0.278931	0.128472	2.003465	1.02733
21222	-1038.054	-1252.214	214.1608	0.7027297	0.169941	0.0740803	0.631401	0.124578	2.230702	0.9156184
21228	-1026.147	-1240.387	214.2394	0.7162772	0.135508	0.30719	0.457966	0.0993362	2.137801	0.9156184
21234	-1009.253	-1223.522	214.2693	0.6981091	0.14372	0.192251	0.601861	0.0621684	2.127188	0.9156184
21240	-1008.111	-1222.281	214.17	0.6842899	0.3044	0.203782	0.391822	0.0999967	2.190861	0.9691017
21246	-1018.016	-1232.03	214.0141	0.7874954	0.366326	0.0325873	0.501852	0.0992342	2.257617	0.9483301
21252	-1015.252	-1229.089	213.8376	1.190686	0.387928	0.00858245	0.357288	0.246202	2.030339	0.9483301
21258	-1031.174	-1244.912	213.7376	1.190686	0.355765	0.0150298	0.447638	0.181567	2.091587	0.9884638
21264	-1032.973	-1247.077	214.104	0.6782564	0.197522	0.170633	0.480947	0.150897	1.958738	1.247768
21270	-1011.124	-1224.855	213.7301	0.9362626	0.185015	0.233107	0.507799	0.0740795	2.063296	1.247768
21276	-1008.176	-1221.869	213.6925	0.9362626	0.263109	0.191854	0.423142	0.121895	2.063296	1.278866
21282	-1031.225	-1243.783	212.5579	0.6784481	0.232224	0.169333	0.490857	0.107586	1.961694	2.331888
21288	-1015.726	-1228.564	212.8384	1.085043	0.10666	0.0822546	0.752099	0.0589865	1.530793	2.160103
21294	-1000.831	-1214.55	213.7189	0.95992	0.367834	0.32779	0.193843	0.110533	2.045151	1.252168
21300	-1005.593	-1218.842	213.2496	1.612187	0.394026	0.200226	0.238662	0.167086	2.207037	0.9863016
21306	-1014.018	-1227.744	213.7257	1.15489	0.443131	0.0751179	0.320778	0.160973	2.267846	0.8446862
21312	-1018.223	-1231.812	213.5897	0.8761141	0.579103	0.0981673	0.228181	0.0945487	2.067938	1.406222
21318	-1017.211	-1230.986	213.7749	0.8761141	0.2582	0.217057	0.463273	0.0614698	2.268718	1.082291
21324	-1018.526	-1232.15	213.6235	0.8761141	0.313438	0.263493	0.217791	0.205279	2.007664	1.426645
21330	-1027.071	-1241.016	213.9456	0.9642177	0.350954	0.313578	0.276581	0.0588872	2.124916	0.9681777
21336	-1021.883	-1235.496	213.6128	0.8564369	0.415566	0.167153	0.347552	0.0697285	2.139407	1.347977
21342	-1038.332	-1252.269	213.9374	0.7758408	0.38184	0.339667	0.187718	0.0907747	2.11576	1.167901
21348	-1025.379	-1239.581	214.2019	0.6397138	0.20335	0.34652	0.410131	0.0399992	1.799724	1.33098
21354	-1027.389	-1240.745	213.3555	1.190009	0.205219	0.224931	0.470775	0.0990741	1.937872	1.447369
21360	-1006.127	-1219.602	213.4752	0.6769164	0.116135	0.203378	0.521725	0.158762	1.942537	1.736098
21366	-1019.795	-1231.359	211.5644	0.9330762	0.10827	0.328238	0.530461	0.0330307	1.430095	3.104591
21372	-1012.992	-1224.209	211.2177	1.654963	0.229915	0.111692	0.6003	0.0580934	1.29707	2.994799
21378	-1010.364	-1222.373	212.0097	0.5868475	0.306391	0.338388	0.292013	0.0632088	1.530919	2.994799
21384	-1023.241	-1237.168	213.9267	0.6027609	0.108271	0.241142	0.605543	0.0450439	1.895296	1.50011
21390	-1024.61	-1238.224	213.614	0.7692176	0.101977	0.224183	0.640109	0.0337301	2.03202	1.50011
21396	-1020.474	-1233.907	213.433	1.13811	0.127364	0.207249	0.337312	0.328074	1.840181	1.50011
21402	-1039.897	-1251.081	211.1841	2.857362	0.246929	0.0334962	0.402705	0.31687	1.770146	2.192358
21408	-1035.357	-1246.011	210.6537	3.281461	0.308854	0.0197162	0.429977	0.241453	1.66359	2.438825
21414	-1030.944	-1242.167	211.2227	1.493131	0.20083	0.159607	0.225994	0.413568	1.689573	2.837363
21420	-1030.751	-1242.122	211.3707	1.520843	0.197562	0.173285	0.222316	0.406837	1.695376	2.729081
21426	-1024.259	-1235.945	211.6862	1.050459	0.199461	0.165456	0.456353	0.17873	1.627076	2.842223
21432	-1009.047	-1222.055	213.0076	1.050459	0.248793	0.206378	0.282308	0.262521	1.872431	1.84195
21438	-1015.745	-1229.023	213.2782	0.8754821	0.210734	0.401462	0.239122	0.148682	1.913881	1.748136
21444	-1011.672	-1225.473	213.801	0.7867472	0.106891	0.439868	0.261998	0.191242	2.099954	1.286659
21450	-1006.247	-1220.506	214.2586	0.5608701	0.138142	0.258187	0.338595	0.265077	2.110388	1.087749
21456	-1004.976	-1218.763	213.7867	1.101534	0.130925	0.379932	0.23497	0.254173	2.036917	1.076759
21462	-1005.968	-1219.878	213.9095	0.9672389	0.147172	0.296938	0.355425	0.200465	2.102573	1.023776
21468	-1003.397	-1217.315	213.9182	0.9628978	0.0891429	0.323095	0.466339	0.121423	2.171419	0.9496175
21474	-1005.171	-1219.019	213.8486	0.9628978	0.0778964	0.408461	0.347827	0.165815	2.181719	1.010164
21480	-1000.613	-1212.177	211.5641	3.721737	0.0793347	0.277821	0.0652925	0.577551	2.030994	1.403686
21486	-1011.482	-1220.749	209.2671	9.710965	0.0702464	0.285875	0.132489	0.511389	1.800243	1.643785
21492	-1014.122	-1223.423	209.3007	7.101074	0.0568946	0.384754	0.100466	0.457885	1.662131	2.249388
21498	-1016.924	-1229.418	212.4944	1.227816	0.0300899	0.211179	0.541249	0.217482	1.629762	2.230384
21504	-1024.794	-1234.664	209.8705	4.393412	0.0850973	0.103694	0.400814	0.410394	1.519818	2.65844
21510	-1024.772	-1236.948	212.1758	0.9140889	0.268115	0.0798559	0.504087	0.147942	1.61307	2.635085
21516	-1013.642	-1227.302	213.6593	0.680893	0.165452	0.199698	0.490806	0.144044	1.760031	1.732
21522	-1005.73	-1219.972	214.2424	0.6535978	0.138677	0.167382	0.572548	0.121393	1.894184	1.207475
21528	-1012.556	-1227.004	214.4488	0.4305912	0.135735	0.191471	0.560397	0.112397	1.913443	1.207475
21534	-1025.367	-1239.221	213.8535	0.8359052	0.16227	0.0811465	0.674433	0.0821499	2.090908	1.207475
21540	-1029.321	-1243.528	214.2069	0.7980581	0.340856	0.238106	0.248479	0.172559	2.111568	0.884663
21546	-1016.801	-1230.798	213.9968	0.7980581	0.227869	0.246872	0.346347	0.178912	2.321736	0.884663
21552	-1022.249	-1236.531	214.2816	0.6917006	0.245693	0.297855	0.342618	0.113834	2.266669	0.729482
21558	-1028.862	-1242.677	213.815	1.090859	0.0674278	0.386346	0.456186	0.09004	1.879194	1.201407
21564	-1026.436	-1240.382	213.9458	0.7575253	0.212547	0.163894	0.51794	0.105619	1.705995	1.50502
21570	-1016.07	-1230.207	214.1373	0.7988051	0.339852	0.0762421	0.533143	0.0507636	2.043803	1.028109
21576	-1012.72	-1226.822	214.1021	0.83178	0.142488	0.0993154	0.694488	0.0637085	2.249449	0.8005696
21582	-1004.244	-1218.541	214.2968	0.6626811	0.227949	0.212447	0.512583	0.0470215	2.103263	0.9521544
21588	-994.5021	-1208.865	214.3631	0.63542	0.25597	0.115635	0.575593	0.0528018	2.065792	0.9521544
21594	-1007.705	-1221.644	213.9396	0.8033368	0.233385	0.209079	0.524806	0.0327305	2.358385	0.9016948
21600	-1030.977	-1240.577	209.6008	5.425218	0.197567	0.00655747	0.54592	0.249955	1.507456	2.552526
21606	-1035.556	-1248.374	212.8184	1.024447	0.341428	0.0620987	0.49906	0.0974133	1.619308	2.154348
21612	-1023.072	-1235.133	212.0614	2.251024	0.356848	0.0534219	0.342969	0.246761	1.739762	1.895977
21618	-1038.485	-1250.624	212.1386	2.186725	0.574522	0.0444262	0.295248	0.0858039	1.795852	1.83615
21624	-1024.692	-1237.024	212.3322	1.654522	0.517661	0.0405412	0.424793	0.0170046	1.738717	2.020067
21630	-1014.365	-1227.186	212.8209	0.8215614	0.234288	0.194445	0.459279	0.111987	1.693374	2.238694
21636	-1013.563	-1225.591	212.0278	0.6347913	0.220173	0.286545	0.325529	0.167753	1.865886	2.750511
21642	-1003.452	-1216.708	213.256	1.521346	0.200677	0.0797076	0.574586	0.145029	2.006185	1.233992
21648	-1006.697	-1218.299	211.6021	3.445252	0.323657	0.128555	0.133374	0.414414	1.772508	1.677197
21654	-1021.946	-1234.534	212.5883	1.324887	0.233965	0.0929297	0.373534	0.299571	1.883223	1.942972
21660	-1024.724	-1237.455	212.7319	1.369646	0.251045	0.0655894	0.399848	0.283517	1.699264	1.942972
21666	-1031.779	-1244.914	213.1354	0.6242919	0.327763	0.132403	0.522039	0.0177963	1.886135	2.043536
21672	-1016.068	-1229.481	213.4129	0.7083647	0.324136	0.0978502	0.527012	0.0510017	1.964982	1.740661
21678	-1030.71	-1243.97	213.2596	0.7835762	0.279125	0.311081	0.376141	0.0336537	1.701552	1.971627
21684	-1024.756	-1237.063	212.3071	0.7835762	0.179913	0.570128	0.242446	0.00751322	1.528031	2.690012
21690	-1019.6	-1231.974	212.3736	0.4806963	0.286143	0.149673	0.560196	0.00398863	1.684292	2.747025
21696	-1017.644	-1229.934	212.2896	0.5469768	0.257706	0.287064	0.451502	0.0037278	1.701598	2.747025
21702	-1030.255	-1243.887	213.6314	1.053212	0.213559	0.177511	0.309772	0.299158	2.110011	1.192579
21708	-1030.721	-1244.166	213.445	0.812025	0.212759	0.192714	0.336301	0.258226	2.185516	1.477943
21714	-1021.027	-1232.512	211.4847	0.6262686	0.208387	0.2825	0.345415	0.163698	1.657112	3.207856
21720	-1026.805	-1239.59	212.7853	1.303682	0.283921	0.12855	0.349853	0.237676	2.20391	1.5952
21726	-1033.28	-1246.634	213.354	0.7082509	0.190841	0.180421	0.481742	0.146995	1.797744	1.896746
21732	-1020.243	-1233.157	212.9136	1.185586	0.0979345	0.548022	0.156927	0.197117	2.051642	1.691409
21738	-1018.84	-1231.21	212.3695	1.564226	0.251005	0.494628	0.136775	0.117591	2.228226	1.711502
21744	-1028.523	-1242.208	213.6848	0.9387448	0.143243	0.353618	0.0783453	0.424794	2.127033	1.230121
21750	-1018.074	-1231.226	213.1518	1.372254	0.103578	0.613418	0.0831079	0.199896	2.437869	1.059141
21756	-1012.548	-1226.738	214.1904	0.6090788	0.165783	0.438807	0.248692	0.146718	2.071689	1.139027
21762	-1011.476	-1224.787	213.3114	0.6090788	0.306038	0.197974	0.411044	0.0849434	2.190906	1.72707
21768	-1030.008	-1242.766	212.7587	0.9474634	0.069219	0.338356	0.503362	0.089063	1.962558	2.018661
21774	-1031.663	-1242.995	211.332	2.521891	0.357312	0.0988428	0.165808	0.378037	1.978015	2.100136
21780	-1019.332	-1231.363	212.0317	1.631987	0.494296	0.136737	0.10416	0.264808	1.936583	2.100136
21786	-1009.985	-1223.31	213.3252	1.052335	0.403966	0.20011	0.212366	0.183558	2.047845	1.48778
21792	-1027.456	-1240.561	213.1048	0.9510313	0.250663	0.138364	0.366918	0.244055	2.153144	1.646648
21798	-1008.811	-1221.088	212.2774	1.102878	0.258417	0.366311	0.123667	0.251605	2.151954	2.109485
21804	-1019.933	-1231.989	212.0557	1.113791	0.23259	0.209966	0.345978	0.211466	1.963289	2.366923
21810	-1032.981	-1245.99	213.0093	1.386557	0.127651	0.258283	0.21184	0.402227	1.980631	1.539686
21816	-1023.385	-1237.082	213.6969	0.7293683	0.344483	0.477267	0.0617579	0.116492	2.148248	1.379745
21822	-1025.812	-1238.781	212.9697	1.193599	0.207714	0.01342	0.608571	0.170294	1.749573	1.857405
21828	-1012.84	-1225.517	212.6769	1.587964	0.264595	0.250425	0.298154	0.186825	2.170041	1.516329
21834	-1003.07	-1215.99	212.9196	0.9035403	0.211592	0.261612	0.451738	0.0750573	1.997429	1.917496
21840	-1019.091	-1232.838	213.747	0.9035403	0.256237	0.32158	0.192108	0.230076	1.997429	1.315313
21846	-1013.13	-1226.835	213.7054	0.9035403	0.241314	0.302852	0.239157	0.216677	2.039036	1.315313
21852	-1017.444	-1231.1	213.6561	0.8294677	0.203549	0.324259	0.347457	0.124734	2.806264	0.4021787
21858	-1023.203	-1236.861	213.6585	0.8294677	0.244512	0.389515	0.163319	0.202654	2.806264	0.4074391
21864	-1019.573	-1232.681	213.1082	1.419067	0.260885	0.100356	0.422536	0.216223	2.806264	0.4749591
21870	-1012.598	-1226.065	213.4666	0.9925445	0.167355	0.239734	0.40805	0.184861	2.830438	0.4054882
21876	-1000.977	-1214.423	213.4462	1.102572	0.185954	0.435692	0.333681	0.0446724	2.742288	0.4054882
21882	-999.8666	-1213.669	213.8024	0.8439156	0.338941	0.222476	0.243274	0.195309	2.654731	0.4257159
21888	-1003.458	-1216.952	213.4942	1.196576	0.0405686	0.0166225	0.795088	0.147721	2.607504	0.4127161
21894	-1016.581	-1229.14	212.5591	2.182758	0.164747	0.0449196	0.349889	0.440445	2.732416	0.4127161
21900	-997.6361	-1210.306	212.6694	1.935478	0.180461	0.0492041	0.430368	0.339967	2.800835	0.4033855
21906	-1012.103	-1225.622	213.5188	0.9749924	0.248852	0.215753	0.227448	0.307947	2.786006	0.3867284
21912	-1014.564	-1228.118	213.5547	0.862214	0.078981	0.178783	0.678322	0.063914	2.863772	0.3841285
21918	-1015.183	-1228.737	213.5547	0.862214	0.250711	0.332543	0.36119	0.0555558	2.863772	0.3841285
21924	-1012.839	-1226.504	213.6641	0.862214	0.137644	0.484558	0.251164	0.126635	2.762165	0.3981094
21930	-1003.214	-1217.166	213.9523	0.7066106	0.0648632	0.441807	0.359021	0.134309	2.66092	0.5159749
21936	-1013.849	-1227.863	214.0144	0.7066106	0.293569	0.276818	0.324579	0.105035	2.599022	0.5105887
21942	-1017.079	-1231.024	213.9456	0.7066106	0.247842	0.241752	0.424502	0.0859037	2.665998	0.5328271
21948	-1002.364	-1216.476	214.1122	0.5492652	0.145125	0.3854	0.421004	0.0484704	2.665998	0.5226191
21954	-997.6724	-1211.293	213.621	0.8923719	0.224792	0.225028	0.387762	0.162417	2.694888	0.7630302
21960	-1007.077	-1220.548	213.4712	1.171825	0.352833	0.0355993	0.482382	0.129185	2.635949	0.6448589
21966	-1004.437	-1218.031	213.5939	1.171825	0.242339	0.186027	0.160509	0.411124	2.490648	0.6899394
21972	-1004.607	-1218.346	213.7389	0.949675	0.240357	0.279248	0.0737703	0.406624	2.430156	0.8765893
21978	-997.8674	-1211.725	213.8573	0.949675	0.215429	0.379073	0.0759386	0.32956	2.461731	0.6587769
21984	-1014.688	-1228.826	214.1377	0.6670041	0.282032	0.455286	0.0994161	0.163265	2.476154	0.6587769
21990	-1015.005	-1229.247	214.2417	0.529164	0.158489	0.40494	0.097437	0.339134	2.555499	0.5369879
21996	-1014.362	-1228.038	213.6763	0.9548936	0.409796	0.181904	0.11867	0.289631	2.674906	0.5474257
22002	-1007.761	-1220.012	212.251	1.234154	0.330733	0.23373	0.035747	0.39979	1.770149	2.292684
22008	-1011.916	-1223.655	211.7389	2.429773	0.179238	0.181022	0.0152262	0.624514	1.924493	1.905676
22014	-1012.093	-1224.556	212.4633	1.862898	0.217039	0.0713538	0.00208963	0.709517	2.047055	1.600395
22020	-1014.635	-1226.997	212.3618	1.510549	0.142142	0.442765	0.00102139	0.414072	1.828072	2.021551
22026	-1033.293	-1244.371	211.0782	1.920347	0.273476	0.128986	0.000394234	0.597144	1.668768	2.726196
22032	-1019.745	-1232.808	213.0629	1.822856	0.181227	0.447383	0.213335	0.158055	2.49001	0.6233886
22038	-994.8488	-1209.072	214.2232	0.6553932	0.143728	0.354812	0.329332	0.172128	2.408342	0.6473747
22044	-988.9524	-1203.085	214.1331	0.7316177	0.181084	0.44703	0.155021	0.216866	2.417707	0.6473747
22050	-995.0764	-1208.798	213.7219	0.9829268	0.253812	0.407329	0.141253	0.197606	2.598928	0.5587127
22056	-997.1937	-1211.308	214.114	0.7416502	0.376859	0.308395	0.145078	0.169668	2.460129	0.536378
22062	-1007.555	-1220.773	213.2179	1.588417	0.433769	0.212423	0.158519	0.195289	2.546347	0.5542582
22068	-1011.321	-1225.683	214.3617	0.5276112	0.218426	0.315542	0.399169	0.0668625	2.412547	0.6256643
22074	-1014.645	-1227.767	213.1217	0.8575695	0.280049	0.159131	0.541356	0.0194635	3.052252	0.2122909
22080	-1003.837	-1217.248	213.4106	0.6544327	0.18353	0.316406	0.43084	0.0692244	3.052252	0.2436823
22086	-1024.761	-1238.383	213.6224	0.4934183	0.173696	0.254377	0.516273	0.0556535	3.007191	0.2436823
22092	-1023.38	-1236.504	213.1231	0.6767302	0.1444	0.437466	0.358324	0.0598089	3.189269	0.194579
22098	-1023.981	-1237.01	213.0288	0.7371131	0.191087	0.534982	0.222796	0.0511358	3.219636	0.194579
22104	-1027.792	-1241.766	213.9741	0.6595029	0.150638	0.331273	0.442505	0.0755843	2.683043	0.4453518
22110	-1026.258	-1240.255	213.997	0.6595029	0.174286	0.498342	0.239922	0.08745	2.663574	0.4624298
22116	-1018.864	-1232.701	213.8368	0.7367318	0.22369	0.451035	0.119937	0.205337	2.742078	0.4624298
22122	-1023.837	-1237.189	213.3521	0.6151135	0.194594	0.201971	0.481819	0.121616	3.138267	0.2371656
22128	-1016.955	-1230.399	213.444	0.5158195	0.204704	0.212464	0.506851	0.0759817	3.149106	0.2371656
22134	-1033.452	-1246.123	212.671	1.664385	0.434922	0.0799595	0.349842	0.135277	1.881581	1.684282
22140	-1008.89	-1221.926	213.0365	1.252419	0.462072	0.084951	0.309256	0.143721	1.876134	1.684282
22146	-1013.846	-1225.918	212.0716	2.53191	0.200285	0.157413	0.476172	0.166129	2.047129	1.536062
22152	-1005.25	-1219.12	213.8698	1.084804	0.289968	0.290072	0.251671	0.16829	2.093544	0.9550292
22158	-992.7456	-1206.022	213.2766	1.216243	0.22435	0.305987	0.441602	0.0280606	1.989645	1.449148
22164	-1007.394	-1220.799	213.4052	0.732901	0.221605	0.346737	0.30601	0.125649	3.058775	0.2919771
22170	-1018.822	-1232.93	214.1087	0.5347592	0.147641	0.0945584	0.717302	0.0404988	2.480029	0.8922635
22176	-1010.91	-1225.303	214.3922	0.4546546	0.381487	0.376949	0.153454	0.0881103	2.458229	0.6146015
22182	-1005.432	-1218.943	213.5108	1.124736	0.21923	0.0548573	0.631275	0.094638	2.622962	0.6824581
22188	-992.8154	-1206.416	213.601	1.03482	0.293738	0.368095	0.301136	0.0370314	2.670388	0.4564791
22194	-1018.417	-1232.764	214.3471	0.4841934	0.12026	0.301065	0.489653	0.0890219	2.494097	0.5435783
22200	-1003.689	-1217.276	213.5874	0.9620522	0.266105	0.345808	0.353675	0.0344122	2.736986	0.3985978
22206	-1003.926	-1217.656	213.7301	0.6208672	0.266677	0.193036	0.488466	0.0518204	2.886796	0.3189097
22212	-1000.612	-1214.219	213.6074	0.689077	0.215308	0.238511	0.458571	0.0876105	2.937339	0.3189097
22218	-1019.859	-1233.821	213.9624	0.4508445	0.181417	0.180805	0.60959	0.0281884	2.826935	0.3189097
22224	-1014.872	-1228.87	213.9989	0.4508445	0.400583	0.132396	0.446379	0.0206413	2.826935	0.3568427
22230	-1014.295	-1228.198	213.9034	0.5610244	0.257842	0.280053	0.395632	0.0664729	2.826935	0.3763777
22236	-1005.235	-1219.396	214.1604	0.5188241	0.236977	0.353134	0.285374	0.124515	2.64303	0.4435271
22242	-1018.999	-1233.168	214.1694	0.5978458	0.383493	0.292409	0.234538	0.0895603	2.559108	0.5076576
22248	-1016.933	-1230.885	213.9527	0.6128974	0.297856	0.577808	0.0798444	0.0444913	2.704959	0.3518013
22254	-994.6728	-1208.711	214.0378	0.5750619	0.232151	0.465449	0.194191	0.108208	2.704959	0.4335645
22260	-999.3606	-1213.235	213.8748	0.6271788	0.222983	0.447068	0.258932	0.0710174	2.782236	0.3705665
22266	-1006.578	-1220.259	213.6812	0.7540403	0.184442	0.376663	0.142386	0.296508	2.841644	0.3705665
22272	-995.88	-1209.076	213.196	1.210426	0.167171	0.450161	0.113924	0.268744	2.793054	0.2955402
22278	-990.3239	-1203.798	213.4739	0.8670863	0.126755	0.533531	0.0211985	0.318515	2.866392	0.3044261
22284	-1005.122	-1217.422	212.2993	2.862189	0.126755	0.533531	0.0211985	0.318515	2.551823	0.4440126
22290	-1011.095	-1224.316	213.2206	1.844509	0.278855	0.506419	0.0466357	0.168091	2.309596	0.6370527
22296	-1016.68	-1230.645	213.965	1.019786	0.148272	0.618931	0.0584146	0.174383	2.023073	0.9953978
22302	-1020.469	-1234.261	213.7918	0.7364588	0.277562	0.226338	0.42343	0.0726699	2.777011	0.4229718
22308	-1021.677	-1234.999	213.3215	1.204246	0.054837	0.148744	0.748662	0.047757	2.777011	0.4229718
22314	-1017.057	-1230.834	213.7774	0.7503461	0.24506	0.39233	0.279579	0.0830307	2.777011	0.4235819
22320	-996.1233	-1209.95	213.8268	1.124044	0.1849	0.239802	0.338256	0.237042	2.15929	0.8885608
22326	-1000.869	-1215.196	214.3264	0.7171162	0.223421	0.28332	0.42533	0.0679285	2.074004	0.8885608
22332	-1016.293	-1229.955	213.6618	0.7759969	0.121024	0.313299	0.436072	0.129605	2.798778	0.3259039
22338	-1024.151	-1237.812	213.6612	0.7759969	0.232419	0.0436166	0.538987	0.184978	2.799359	0.3259039
22344	-1017.921	-1231.805	213.884	0.8031518	0.389982	0.246736	0.338372	0.0249099	2.236291	1.081578
22350	-1014.726	-1228.978	214.2521	0.5997001	0.234512	0.151185	0.585994	0.0283086	2.083061	1.081578
22356	-1011.682	-1225.97	214.2883	0.5888503	0.267377	0.248307	0.40338	0.0809355	2.157158	0.9857123
22362	-992.0487	-1206.203	214.1541	0.6899823	0.222878	0.396178	0.336246	0.0446973	2.184526	0.9857123
22368	-1009.044	-1222.079	213.035	1.926454	0.114563	0.552959	0.248978	0.0834998	2.162184	0.994653
22374	-1007.678	-1220.298	212.62	1.821885	0.0245419	0.36629	0.0803594	0.528809	1.711024	1.751118
22380	-1010.818	-1223.875	213.0571	1.704757	0.181088	0.178	0.506768	0.134144	1.931002	1.333084
22386	-1022.669	-1236.898	214.2281	0.8058215	0.0515326	0.162966	0.636986	0.148516	2.099924	0.8640067
22392	-1025.395	-1239.19	213.7948	0.8058215	0.0825751	0.261134	0.616683	0.0396079	2.058347	1.309317
22398	-1012.924	-1226.965	214.041	0.7591013	0.127191	0.380484	0.435339	0.0569861	1.99971	1.193982
22404	-1009.333	-1223.389	214.0555	0.7464527	0.129269	0.400663	0.385881	0.0841871	2.32507	0.8756488
22410	-1002.734	-1216.124	213.3899	1.163764	0.0542358	0.288372	0.605094	0.0522975	2.25124	1.186628
22416	-1014.214	-1228.111	213.8976	0.8816882	0.0403317	0.188126	0.665042	0.106501	2.214661	1.0111
22422	-1016.658	-1230.323	213.6647	0.9458489	0.266247	0.113804	0.591257	0.0286922	2.287728	1.100588
22428	-1031.807	-1245.862	214.0557	0.5126801	0.15276	0.131405	0.682705	0.03313	2.024821	1.373101
22434	-1024.24	-1238.523	214.2828	0.5126801	0.135013	0.29645	0.542224	0.0263128	2.064693	1.151679
22440	-1026.341	-1240.45	214.1093	0.6908067	0.145999	0.251109	0.458418	0.144475	2.31591	0.8920904
22446	-1009.403	-1223.522	214.1193	0.6908067	0.139105	0.239251	0.419679	0.201965	2.331044	0.8628476
22452	-1015.64	-1229.877	214.2366	0.6908067	0.169763	0.151573	0.595611	0.083052	2.13439	0.9513318
22458	-1019.713	-1233.784	214.0703	0.6908067	0.14887	0.160576	0.665384	0.025171	2.425021	0.8067624
22464	-1017.64	-1231.468	213.8285	0.9932521	0.193962	0.0806617	0.35378	0.371596	2.425021	0.699738
22470	-1025.407	-1239.677	214.2703	0.6192948	0.195662	0.0186033	0.35707	0.428665	2.430473	0.5532308
22476	-1014.957	-1228.854	213.897	0.9618791	0.221126	0.0210244	0.527407	0.230443	2.411996	0.653841
22482	-1017.35	-1231.617	214.2668	0.5806964	0.215988	0.0316033	0.590163	0.162246	2.430591	0.6736585
22488	-1007.374	-1220.722	213.3487	1.492419	0.497898	0.023679	0.265362	0.213061	2.480155	0.6143384
22494	-1016.785	-1229.717	212.9321	1.168473	0.0294875	0.539024	0.430971	0.000517336	1.833663	1.841892
22500	-1002.296	-1215.276	212.9798	0.978505	0.105378	0.756893	0.121024	0.0167056	1.678712	2.039508
22506	-1011.948	-1225.184	213.2359	0.8926775	0.156016	0.23506	0.162943	0.44598	1.752016	1.876906
22512	-1012.619	-1226.134	213.5152	1.016056	0.0458171	0.61991	0.203303	0.13097	1.963237	1.434929
22518	-1012.983	-1226.872	213.8889	0.7321664	0.0446702	0.471634	0.144635	0.339062	2.008064	1.336419
22524	-1013.42	-1227.362	213.9411	0.8965496	0.378335	0.0507569	0.372515	0.198394	2.369616	0.7642665
22530	-1018.227	-1232.104	213.8766	0.8354653	0.277004	0.158139	0.308006	0.256851	2.497289	0.7642665
22536	-1016.629	-1229.931	213.302	1.472621	0.423952	0.100314	0.208942	0.266792	2.447301	0.7857838
22542	-1000.662	-1214.235	213.5723	1.295127	0.309039	0.312398	0.141069	0.237495	2.415573	0.6538145
22548	-1015.621	-1229.957	214.3359	0.619356	0.186401	0.281399	0.273798	0.258403	2.330724	0.6538145
22554	-1006.207	-1219.615	213.408	1.371441	0.355553	0.132935	0.300722	0.210791	2.136584	1.101824
22560	-994.1992	-1208.331	214.1319	0.8234506	0.270615	0.0942617	0.431254	0.203869	2.209101	0.825531
22566	-1008.397	-1222.423	214.0253	0.8029652	0.0901428	0.419962	0.293318	0.196577	2.012759	1.156119
22572	-1009.759	-1224.006	214.2471	0.6871322	0.167951	0.178893	0.528334	0.124822	2.17043	0.905086
22578	-1009.152	-1223.236	214.0842	0.7540914	0.268989	0.286514	0.244583	0.199914	2.443313	0.6463758
22584	-1018.954	-1233.109	214.1543	0.7243645	0.239721	0.2054	0.271285	0.283593	2.404611	0.6463758
22590	-1016.311	-1230.67	214.3586	0.6007952	0.123059	0.265074	0.299147	0.31272	2.226832	0.8133358
22596	-1011.228	-1225.681	214.4529	0.5055259	0.291972	0.452808	0.17744	0.0777798	2.230595	0.8133358
22602	-1013.192	-1226.53	213.3377	1.510839	0.211223	0.5257	0.101684	0.161393	2.092529	1.094501
22608	-1010.784	-1224.068	213.2842	1.388343	0.224813	0.202182	0.377282	0.195723	2.253225	1.094501
22614	-1009.164	-1222.54	213.3758	0.9531241	0.216332	0.20316	0.233414	0.347094	2.28498	1.341852
22620	-1003.629	-1216.937	213.3078	1.263588	0.152293	0.388979	0.18645	0.272279	2.026298	1.36226
22626	-1002.061	-1213.373	211.3114	3.1184	0.192512	0.113765	0.416931	0.276792	2.067568	1.804234
22632	-1011.997	-1222.307	210.3107	3.1184	0.354217	0.24239	0.114042	0.289352	1.831287	2.606739
22638	-1014.263	-1226.745	212.4816	1.03032	0.129434	0.210095	0.393276	0.267195	2.127037	2.038232
22644	-1024.243	-1238.609	214.3664	0.5671511	0.01134	0.44628	0.39892	0.14346	2.200463	0.8790683
22650	-1017.246	-1231.675	214.4284	0.5299296	0.0594571	0.354986	0.384522	0.201035	2.230085	0.8138642
22656	-1008.916	-1223.302	214.3853	0.5366512	0.0584585	0.365819	0.378064	0.197659	2.367992	0.652605
22662	-1000.146	-1214.476	214.3299	0.5515672	0.232224	0.312217	0.411028	0.0445307	2.406555	0.6557857
22668	-1011.752	-1225.98	214.2273	0.6306159	0.346376	0.0672522	0.334479	0.251893	2.418746	0.6715482
22674	-1022.647	-1236.72	214.0738	0.7494545	0.211125	0.197938	0.337083	0.253854	2.39409	0.7588572
22680	-1002.065	-1216.125	214.0602	0.6921813	0.302216	0.278102	0.288873	0.13081	2.362639	0.8931423
22686	-1012.762	-1227.045	214.2834	0.5521167	0.390756	0.137871	0.406524	0.0648499	2.312907	0.8626872
22692	-1032.544	-1246.813	214.2693	0.6044333	0.266507	0.412002	0.277262	0.0442296	2.384586	0.7075095
22698	-1020.744	-1234.736	213.9919	0.9145452	0.189509	0.433165	0.217731	0.159596	2.098265	0.999517
22704	-1038.605	-1251.925	213.3201	1.651717	0.251971	0.131575	0.391844	0.22461	2.030099	1.058395
22710	-1023.948	-1237.435	213.4869	0.8529696	0.286324	0.176958	0.276395	0.260323	1.932986	1.602321
22716	-1027.62	-1241.025	213.4053	0.9152187	0.23749	0.146777	0.399811	0.215923	1.950547	1.602321
22722	-1018.092	-1231.048	212.9568	0.9152187	0.151906	0.370525	0.348427	0.129141	1.774869	2.03355
22728	-1025.092	-1238.242	213.1503	0.98298	0.257533	0.366972	0.164028	0.211467	1.779362	1.854008
22734	-1020.634	-1233.858	213.2242	1.616242	0.0308057	0.33324	0.342479	0.293476	2.316693	0.8925421
22740	-1021.336	-1235.304	213.968	0.614189	0.14003	0.239775	0.479876	0.140319	2.195543	1.219933
22746	-1014.703	-1228.904	214.2008	0.6070257	0.125013	0.235459	0.565941	0.0735859	1.918381	1.263409
22752	-1026.612	-1240.356	213.7432	0.8861371	0.128605	0.207693	0.312274	0.351427	2.072894	1.27141
22758	-1050.229	-1263.363	213.1334	1.456646	0.141239	0.462362	0.275194	0.121206	2.072894	1.325791
22764	-1022.614	-1236.081	213.4673	0.7001522	0.181199	0.258561	0.416665	0.143574	2.133427	1.587577
22770	-1040.836	-1252.962	212.1254	1.460839	0.234881	0.0340885	0.702415	0.0286157	1.928185	2.139592
22776	-1024.083	-1237.51	213.4269	0.8824328	0.141923	0.0840624	0.551971	0.222044	1.918025	1.634573
22782	-1019.704	-1233.977	214.2734	0.5899578	0.215274	0.296586	0.427945	0.0601948	2.21815	0.9363706
22788	-1044.498	-1258.516	214.0185	0.7375152	0.180507	0.23031	0.478884	0.110299	2.277449	0.9779741
22794	-1031.433	-1243.771	212.3381	1.72092	0.205019	0.329845	0.0898084	0.375327	1.858919	1.898988
22800	-1012.176	-1225.191	213.0148	1.487864	0.0721551	0.322452	0.116889	0.488504	1.982736	1.467288
22806	-1018.744	-1230.513	211.7695	2.897809	0.106648	0.476597	0.172767	0.243987	2.093887	1.552966
22812	-1022.766	-1235.809	213.0436	1.379803	0.150147	0.092136	0.38252	0.375197	2.112231	1.418902
22818	-1014.593	-1225.876	211.2823	2.289325	0.172124	0.294088	0.224566	0.309222	1.730661	2.393055
22824	-1014.419	-1227.93	213.5115	0.815697	0.223134	0.309833	0.236588	0.230444	1.982928	1.576311
22830	-1021.955	-1234.615	212.6594	1.477196	0.268416	0.372708	0.0931709	0.265705	2.060692	1.677645
22836	-1017.807	-1230.863	213.0562	1.10172	0.205981	0.156901	0.340984	0.296134	2.098562	1.613224
22842	-1020.117	-1233.548	213.4305	0.8698326	0.199585	0.160046	0.338327	0.302041	1.990059	1.589172
22848	-1008.433	-1222.192	213.7589	0.9234422	0.201044	0.159755	0.337711	0.301491	2.033402	1.259478
22854	-1006.908	-1220.164	213.2562	0.7201426	0.137074	0.384656	0.230255	0.248014	1.98565	1.826523
22860	-1007.347	-1220.835	213.4877	0.8044996	0.0528691	0.422191	0.252724	0.272216	1.952757	1.624066
22866	-1015.279	-1227.51	212.2307	1.80959	0.0499942	0.423203	0.224269	0.302534	1.730469	2.009765
22872	-1025.492	-1239.204	213.7121	1.270019	0.352554	0.11399	0.38907	0.144387	2.201615	0.808739
22878	-1002.617	-1216.165	213.5479	1.259785	0.331406	0.0897349	0.569046	0.00981342	2.09277	1.107016
22884	-1001.636	-1215.443	213.8072	0.8548034	0.161067	0.128519	0.533443	0.17697	2.09277	1.228523
22890	-998.7481	-1211.936	213.1881	0.757737	0.146197	0.184705	0.489638	0.17946	2.227434	1.677196
22896	-1013.003	-1226.485	213.482	0.757737	0.324669	0.276229	0.353812	0.0452895	2.161268	1.511193
22902	-1006.488	-1220.445	213.9571	0.843833	0.153213	0.334756	0.46554	0.0464914	2.241917	0.9629077
22908	-1002.753	-1216.974	214.2209	0.5607789	0.254719	0.31288	0.292047	0.140353	2.335508	0.8984855
22914	-994.3394	-1207.989	213.65	1.033065	0.253282	0.232831	0.217328	0.29656	2.474465	0.829437
22920	-986.1772	-1199.757	213.5803	1.073159	0.319612	0.336765	0.160795	0.182828	2.377804	0.972391
22926	-989.1213	-1201.878	212.7565	2.038731	0.203665	0.251868	0.485412	0.0590556	2.377804	0.972391
22932	-1000.422	-1214.405	213.9825	0.7468922	0.193006	0.238686	0.460008	0.108299	2.382452	0.8931479
22938	-991.8175	-1205.501	213.6836	0.9377759	0.106624	0.264236	0.509249	0.119892	2.452898	0.9266557
22944	-1005.013	-1219.163	214.1501	0.5631452	0.192479	0.491459	0.274035	0.0420273	2.091768	1.198725
22950	-1027.962	-1241.46	213.498	1.024885	0.284823	0.206436	0.238245	0.270495	2.113027	1.324048
22956	-1029.302	-1242.644	213.342	1.024885	0.256212	0.216446	0.249797	0.277546	2.424798	1.194783
22962	-1013.716	-1226.379	212.6622	2.321576	0.277975	0.0321628	0.662752	0.02711	2.18146	1.058735
22968	-995.7584	-1209.951	214.1928	0.6001285	0.335353	0.0388017	0.593139	0.0327059	2.276464	0.9487325
22974	-1012.289	-1225.639	213.3505	1.177133	0.276763	0.0686739	0.53385	0.120713	2.169502	1.277815
22980	-1009.62	-1223.431	213.8111	0.7519988	0.133904	0.213426	0.426832	0.225838	2.082395	1.322432
22986	-1006.555	-1220.581	214.0258	0.7592357	0.255487	0.162144	0.239206	0.343163	1.993925	1.211766
22992	-1011.354	-1225.477	214.1224	0.6862992	0.512316	0.0178504	0.338901	0.130932	2.495332	0.5992301
22998	-1004.817	-1218.813	213.996	0.7825807	0.48558	0.014182	0.345531	0.154707	2.520023	0.5992301
23004	-1011.21	-1225.287	214.0774	0.7694555	0.2373	0.254731	0.454748	0.0532208	2.300954	0.8494455
23010	-1012.238	-1226.256	214.0181	0.7530324	0.174092	0.00387662	0.801411	0.0206209	2.538736	0.5648716
23016	-1015.437	-1229.361	213.9241	0.800094	0.334411	0.00820027	0.4884	0.168989	2.590933	0.4954262
23022	-1008.882	-1221.356	212.4748	2.690056	0.489136	0.0119944	0.28392	0.21495	2.474985	0.5949772
23028	-1026.391	-1239.663	213.2718	1.634258	0.289697	0.0716053	0.402683	0.236015	2.363109	0.7530764
23034	-1026.993	-1240.884	213.8911	1.040392	0.200357	0.292886	0.343528	0.16323	2.282285	0.7530764
23040	-1014.499	-1225.063	210.5635	2.386233	0.278292	0.154701	0.463651	0.103356	1.577961	2.889602
23046	-1021.544	-1232.683	211.1383	1.329456	0.233857	0.266941	0.123918	0.375284	1.722829	2.955907
23052	-1031.788	-1246.319	214.5307	0.4174893	0.141928	0.220081	0.548048	0.0899432	2.200814	0.8576581
23058	-1014.024	-1228.509	214.4848	0.3965771	0.318869	0.236093	0.42981	0.0152282	2.26458	0.8576581
23064	-1013.653	-1227.701	214.048	0.6931775	0.358794	0.14064	0.483438	0.0171283	2.144888	1.121326
23070	-1020.521	-1234.623	214.1012	0.7024207	0.204379	0.211717	0.578835	0.00506926	2.072098	1.130137
23076	-1010.202	-1224.45	214.2488	0.7024207	0.115468	0.478549	0.373844	0.032139	2.164432	0.8916645
23082	-1003.251	-1217.597	214.3458	0.6586905	0.14861	0.19403	0.421712	0.235648	1.96511	1.045704
23088	-1008.143	-1222.698	214.5545	0.5946489	0.182388	0.312541	0.215859	0.289211	2.024227	0.8300714
23094	-1012.44	-1226.821	214.3818	0.5757668	0.143769	0.216095	0.281197	0.358939	2.003638	1.057864
23100	-1004.91	-1219.105	214.1949	0.8742366	0.27229	0.150847	0.454956	0.121907	1.8767	1.057864
23106	-1009.569	-1223.758	214.1884	0.8179646	0.255686	0.26705	0.365666	0.111598	2.040622	0.959713
23112	-1006.28	-1220.713	214.433	0.5018187	0.144384	0.11815	0.678442	0.0590245	2.194989	0.885368
23118	-1018.525	-1232.478	213.9525	0.951084	0.181794	0.299368	0.2996	0.219238	2.20174	0.8919348
23124	-1032.383	-1246.544	214.1618	0.8107303	0.135285	0.200856	0.414837	0.249021	2.112631	0.9192836
23130	-1025.428	-1239.256	213.8288	0.8826516	0.320597	0.0910418	0.443072	0.14529	2.034566	1.23509
23136	-1040.72	-1254.252	213.5324	0.6817253	0.290979	0.170987	0.371601	0.166433	1.534422	1.972974
23142	-1023.769	-1237.734	213.9648	0.8642608	0.377425	0.19059	0.192382	0.239604	2.307721	0.8577174
23148	-1003.743	-1217.526	213.7827	0.8900353	0.207217	0.442509	0.218725	0.131549	1.956371	1.330727
23154	-1011.878	-1225.267	213.3891	0.870804	0.191971	0.410793	0.363172	0.0340639	1.978511	1.626831
23160	-1010.178	-1223.702	213.5239	0.5881539	0.253132	0.186632	0.486244	0.0739923	1.903255	1.794868
23166	-1019.1	-1231.07	211.9695	3.213935	0.221168	0.17223	0.355528	0.251074	1.854972	1.441593
23172	-1032.792	-1246.46	213.6677	1.218212	0.21306	0.195928	0.409775	0.181237	2.175143	0.947456
23178	-1013.658	-1227.197	213.5385	1.291215	0.338916	0.0759968	0.462138	0.122949	2.235467	0.948693
23184	-1009.604	-1223.664	214.0602	0.8918325	0.222573	0.344133	0.303496	0.129798	2.217858	0.8155162
23190	-1008.3	-1222.948	214.6483	0.3924233	0.232491	0.293373	0.338554	0.135582	2.141421	0.8115509
23196	-1001.684	-1215.84	214.1555	0.8327783	0.162791	0.312039	0.453529	0.0716408	2.15434	0.8520646
23202	-1006.823	-1221.205	214.3819	0.5767999	0.167016	0.175288	0.65252	0.00517565	2.197651	0.8520646
23208	-1004.428	-1218.783	214.355	0.5166452	0.322636	0.151518	0.519345	0.00650169	2.197651	0.95185
23214	-1025.969	-1240.006	214.0372	0.8695621	0.497517	0.0985693	0.267265	0.136648	2.331272	0.7183077
23220	-1022.35	-1236.587	214.2371	0.7023698	0.309203	0.132501	0.35927	0.199025	2.339185	0.6589379
23226	-1012.391	-1226.272	213.8817	0.9356945	0.334418	0.143306	0.30702	0.215255	2.491089	0.5338002
23232	-1009.592	-1222.746	213.1544	1.561641	0.239756	0.152551	0.378551	0.229142	2.634088	0.5452024
23238	-1003.713	-1216.716	213.0038	1.561641	0.462554	0.0395091	0.428941	0.0689957	2.76298	0.3952811
23244	-1012.451	-1224.708	212.2567	2.581079	0.270262	0.150332	0.327294	0.252112	2.76298	0.4146692
23250	-1011.057	-1223.997	212.9406	1.843539	0.479536	0.0422261	0.22564	0.252598	2.605802	0.4146692
23256	-1011.541	-1224.77	213.2289	1.557112	0.22641	0.00553132	0.670428	0.0976307	2.564503	0.4635665
23262	-1025.032	-1238.12	213.0885	1.836222	0.121711	0.111747	0.452065	0.314477	2.460069	0.6067869
23268	-1013.613	-1226.972	213.3594	1.542284	0.210652	0.193407	0.261689	0.334252	2.42681	0.6140184
23274	-1002.862	-1216.496	213.6343	1.241919	0.143889	0.179242	0.408743	0.268126	2.42681	0.592729
23280	-1007.627	-1220.285	212.6583	2.500392	0.238634	0.168258	0.312491	0.280617	2.42681	0.5479574
23286	-1030.272	-1243.916	213.6439	1.187241	0.140414	0.342223	0.198726	0.318637	2.463864	0.4064604
23292	-1019.688	-1233.589	213.901	0.7661323	0.216426	0.304561	0.314205	0.164809	2.634343	0.4172608
23298	-1011.413	-1225.277	213.8634	0.7661323	0.2572	0.313114	0.373401	0.0562851	2.652442	0.3791662
23304	-1015.938	-1229.828	213.8906	0.6278379	0.245206	0.0787114	0.521265	0.154817	2.771485	0.3791662
23310	-998.6767	-1212.372	213.6952	0.7333716	0.135898	0.298489	0.436092	0.129521	2.844325	0.3634244
23316	-992.7593	-1206.556	213.7971	0.5550951	0.181251	0.095235	0.581628	0.141886	2.930241	0.3634244
23322	-996.3654	-1210.062	213.6964	0.5830554	0.0658068	0.201847	0.520979	0.211367	3.001899	0.3634244
23328	-987.3963	-1201.213	213.8164	0.6969963	0.205535	0.378384	0.228853	0.187228	2.784572	0.4005764
23334	-999.9046	-1212.618	212.7136	1.607551	0.359234	0.278472	0.224504	0.137791	2.992049	0.3605061
23340	-993.0656	-1206.723	213.6573	0.6162198	0.183607	0.356708	0.283183	0.176502	2.999915	0.3553983
23346	-992.2519	-1205.623	213.3709	0.9011876	0.0490622	0.312809	0.447373	0.190756	2.987106	0.3553983
23352	-983.4935	-1197.419	213.9257	0.5932165	0.0924594	0.216698	0.598221	0.0926219	2.786262	0.4033287
23358	-995.7649	-1209.668	213.9034	0.5550004	0.0890245	0.361922	0.528653	0.0204005	2.859836	0.4323143
23364	-1013.431	-1226.776	213.3451	1.578445	0.0100342	0.37092	0.496599	0.122447	2.307924	0.7935691
23370	-1005.205	-1217.88	212.6755	1.709776	0.423967	0.220505	0.329791	0.0257376	2.965929	0.3906306
23376	-1010.632	-1224.387	213.7551	0.8149358	0.12018	0.338825	0.506228	0.034766	2.743489	0.5230758
23382	-998.8606	-1212.725	213.8643	0.5391735	0.168745	0.215654	0.576041	0.0395605	2.885493	0.3719055
23388	-1003.234	-1217.106	213.8721	0.582868	0.311881	0.170588	0.455663	0.0618683	2.832502	0.3719055
23394	-997.547	-1211.549	214.0017	0.582868	0.204944	0.327305	0.452078	0.0156732	2.702822	0.3719055
23400	-999.7532	-1213.888	214.1347	0.4515523	0.248506	0.329301	0.318465	0.103728	2.741214	0.4883975
23406	-1004.497	-1218.794	214.2974	0.4553916	0.328438	0.279105	0.369188	0.0232699	2.575029	0.4928443
23412	-999.5723	-1213.346	213.7733	0.872893	0.331079	0.103497	0.518128	0.0472969	2.665939	0.4928443
23418	-999.61	-1213.615	214.0052	0.7702153	0.271474	0.111767	0.568679	0.0480807	2.52188	0.60497
23424	-1006.215	-1220.453	214.2378	0.613175	0.152048	0.0604436	0.786167	0.00134151	2.474639	0.5060703
23430	-1010.378	-1222.853	212.4749	1.492799	0.304886	0.243878	0.217139	0.234097	1.8804	1.920992
23436	-1019.047	-1231.078	212.0309	1.253395	0.380187	0.046224	0.306313	0.267277	1.700716	2.464691
23442	-1017.548	-1231.338	213.7902	0.5727286	0.264723	0.104584	0.622261	0.00843271	2.921053	0.3664897
23448	-1003.625	-1217.527	213.9029	0.5665799	0.301319	0.208132	0.485955	0.00459381	2.852964	0.4495126
23454	-1009.543	-1223.487	213.9439	0.5665799	0.315817	0.218147	0.461222	0.00481484	2.811949	0.4495126
23460	-1008.294	-1222.137	213.8422	0.5665799	0.266923	0.217913	0.510911	0.00425294	2.90247	0.4143787
23466	-1011.798	-1225.584	213.7861	0.6117142	0.291737	0.194529	0.513365	0.000368548	2.90247	0.3954263
23472	-1000.103	-1214.032	213.9291	0.5620686	0.370034	0.171232	0.458287	0.000447268	2.836758	0.5072806
23478	-1016.094	-1230.069	213.9757	0.5620686	0.436735	0.195557	0.353696	0.0140122	2.79016	0.5072806
23484	-1012.689	-1226.853	214.1633	0.5151159	0.300496	0.107569	0.567989	0.0239462	2.650615	0.5072806
23490	-1001.437	-1215.491	214.0536	0.6424504	0.247977	0.0977463	0.612767	0.0415092	2.621234	0.5606211
23496	-1008.269	-1222.242	213.9725	0.6424504	0.185574	0.301638	0.458565	0.0542239	2.702492	0.5598946
23502	-1005.58	-1219.54	213.96	0.824758	0.225698	0.366858	0.341496	0.0659481	2.474261	0.6848219
23508	-1007.018	-1221.035	214.0171	0.7683184	0.0890943	0.445278	0.355999	0.109628	2.485911	0.6662359
23514	-1013.643	-1227.541	213.8986	0.9091037	0.162323	0.471831	0.267599	0.0982465	2.479185	0.6185604
23520	-1026.2	-1239.61	213.4101	1.29887	0.34179	0.107768	0.285988	0.264454	2.613528	0.5111305
23526	-1017.112	-1230.765	213.6524	1.044183	0.205964	0.211638	0.351591	0.230806	2.613528	0.4885408
23532	-1010.408	-1224.191	213.7822	0.99138	0.225291	0.0763039	0.513189	0.185216	2.527593	0.5699648
23538	-1001.428	-1215.224	213.7963	0.99138	0.274556	0.0415367	0.570106	0.113801	2.490216	0.6378786
23544	-1002.684	-1216.95	214.2655	0.5640986	0.312949	0.00577695	0.649828	0.0314455	2.446521	0.6788089
23550	-997.7676	-1211.589	213.8213	0.9601248	0.502074	0.0135248	0.410782	0.0736193	2.497688	0.635542
23556	-1000.928	-1214.967	214.0391	0.843838	0.393852	0.0433596	0.322238	0.240551	2.367675	0.6985232
23562	-999.0071	-1213.628	214.6207	0.4428877	0.112523	0.33125	0.536646	0.0195811	2.121843	0.8152942
23568	-1002.242	-1216.504	214.2617	0.4605918	0.197706	0.118081	0.649809	0.0344044	2.041036	1.234265
23574	-1006.565	-1220.786	214.2211	0.5655565	0.305702	0.182582	0.476457	0.0352593	2.028147	1.190198
23580	-1012.055	-1226.203	214.1479	0.5655565	0.139554	0.237188	0.618952	0.00430561	2.169011	1.13069
23586	-1007.695	-1221.471	213.776	0.7243157	0.292653	0.381641	0.318279	0.00742719	2.13551	1.331418
23592	-1015.778	-1229.676	213.8981	0.7243157	0.235929	0.168067	0.319681	0.276322	2.162269	1.208553
23598	-1011.439	-1225.119	213.6802	1.086492	0.175203	0.233561	0.386037	0.205199	2.397894	0.821562
23604	-1018.932	-1233.101	214.1681	0.5998291	0.181142	0.180159	0.459948	0.178751	2.396536	0.8409324
23610	-1013.985	-1228.255	214.2694	0.5998291	0.259818	0.154787	0.395173	0.190221	2.396536	0.6948907
23616	-1018.504	-1232.581	214.0775	0.5998291	0.251469	0.14796	0.474384	0.126186	2.588447	0.6948907
23622	-1020.427	-1234.005	213.5787	1.027325	0.208608	0.261813	0.306297	0.223283	2.694286	0.4328602
23628	-1012.734	-1226.437	213.7033	0.9559547	0.379332	0.124034	0.347869	0.148765	2.63971	0.579488
23634	-1016.33	-1229.94	213.6104	1.190253	0.349716	0.114351	0.146618	0.389315	2.439027	0.7203418
23640	-1013.33	-1227.492	214.1614	0.68346	0.168667	0.41258	0.0614029	0.35735	2.41503	0.6969456
23646	-1018.291	-1231.968	213.6766	1.316104	0.236531	0.254986	0.287631	0.220852	2.076758	0.9463692
23652	-1015.199	-1229.305	214.1064	0.7211429	0.226399	0.226965	0.476706	0.06993	2.248278	0.9345558
23658	-1033.051	-1247.388	214.3373	0.5247603	0.430314	0.0336212	0.467487	0.0685777	2.287711	0.8619404
23664	-1008.224	-1222.236	214.0117	0.7753827	0.335281	0.0298111	0.520563	0.114345	2.350091	0.8619404
23670	-1030.292	-1244.676	214.3834	0.6004728	0.231881	0.0780645	0.656908	0.0331467	2.338983	0.543163
23676	-1022.746	-1237.068	214.3218	0.662731	0.165056	0.184042	0.641792	0.00910917	2.277526	0.6952261
23682	-1004.304	-1218.789	214.4856	0.5212114	0.37407	0.0910802	0.514205	0.0206443	2.261429	0.6952261
23688	-1012.37	-1226.791	214.4204	0.5044707	0.252848	0.26978	0.433984	0.0433881	2.343495	0.6952261
23694	-1020.312	-1234.635	214.323	0.5507388	0.350872	0.103129	0.519806	0.0261925	2.239427	0.9034106
23700	-1023.866	-1237.408	213.542	0.6762473	0.258506	0.0999848	0.602064	0.0394443	1.722773	1.842775
23706	-1014.945	-1229.458	214.5129	0.4167032	0.370476	0.0624086	0.542495	0.0246204	2.057022	1.030624
23712	-1012.506	-1226.68	214.1738	0.7025227	0.447854	0.0744243	0.355038	0.122684	2.291074	0.8299564
23718	-1008.206	-1222.295	214.0895	0.8649907	0.274712	0.0938434	0.556272	0.0751733	2.291074	0.7058959
23724	-1008.443	-1222.657	214.2144	0.5609981	0.362887	0.0875895	0.443482	0.106041	2.485755	0.7058959
23730	-999.2139	-1213.636	214.4223	0.494111	0.325939	0.0786715	0.500145	0.0952446	2.401789	0.5775103
23736	-1005.631	-1219.816	214.1843	0.6074126	0.358895	0.086626	0.449605	0.104875	2.516284	0.601111
23742	-1017.742	-1231.49	213.7478	0.9118057	0.331687	0.0782185	0.435672	0.154423	2.633495	0.601111
23748	-1015.317	-1229.178	213.8612	0.8641478	0.206324	0.0627977	0.568619	0.162259	2.583376	0.4577147
23754	-1013.392	-1227.079	213.6876	0.9865578	0.126291	0.0622301	0.650686	0.160792	2.632216	0.4577147
23760	-1010.986	-1224.942	213.9559	0.6762726	0.127605	0.0675173	0.642413	0.162465	2.679385	0.4308314
23766	-1009.398	-1223.17	213.7717	0.8491506	0.3052	0.0257563	0.500003	0.16904	2.679385	0.4239594
23772	-1015.303	-1229.283	213.9795	0.6443829	0.25181	0.0350817	0.593274	0.119835	2.700087	0.5036954
23778	-1024.848	-1238.933	214.0852	0.540155	0.271408	0.130058	0.444831	0.153702	2.665335	0.3745103
23784	-1015.498	-1229.613	214.1145	0.7610437	0.196805	0.386754	0.122029	0.294411	2.419181	0.613567
23790	-1014.25	-1226.983	212.7337	0.8816286	0.197419	0.244396	0.229499	0.328686	1.752239	2.216823
23796	-1021.387	-1234.074	212.6867	0.8553171	0.285079	0.255404	0.189782	0.269735	1.752239	2.264559
23802	-1007.859	-1221.634	213.7752	0.7531573	0.255219	0.187059	0.499062	0.0586603	1.856679	1.523283
23808	-1024.366	-1238.05	213.6835	0.8644923	0.305323	0.211981	0.375905	0.106791	1.831987	1.523283
23814	-1025.567	-1239.862	214.2955	0.5780258	0.338011	0.0622736	0.561681	0.0380351	1.931884	1.197837
23820	-1024.939	-1238.67	213.7311	1.088085	0.185787	0.125875	0.510455	0.177884	2.492026	0.5019047
23826	-1016.75	-1230.901	214.1507	0.678819	0.120732	0.0635369	0.722374	0.0933568	2.492026	0.5147043
23832	-1008.181	-1222.52	214.3391	0.4935712	0.261541	0.0894488	0.547912	0.101098	2.492026	0.5489084
23838	-1016.035	-1230.139	214.104	0.7252989	0.263968	0.301483	0.339556	0.0949931	2.458423	0.6362486
23844	-1007.248	-1221.417	214.1688	0.699394	0.253551	0.225539	0.326155	0.194755	2.407315	0.6657637
23850	-1014.491	-1228.559	214.0671	0.699394	0.188243	0.167447	0.499718	0.144592	2.549892	0.5480425
23856	-1021.998	-1236.027	214.0289	0.7243453	0.131866	0.226801	0.457307	0.184025	2.461628	0.7644628
23862	-1013.945	-1228.148	214.2029	0.6417647	0.159653	0.306443	0.473012	0.0608923	2.313667	0.845679
23868	-1006.277	-1220.064	213.7872	1.197546	0.221852	0.320552	0.318701	0.138894	2.160559	0.8510906
23874	-1005.485	-1219.753	214.2679	0.5936009	0.256132	0.285134	0.382663	0.0760712	2.438477	0.6246876
23880	-1007.051	-1221.443	214.3919	0.3988101	0.163583	0.265769	0.539864	0.0307843	2.527807	0.5433916
23886	-1005.843	-1219.884	214.0413	0.7933118	0.0735864	0.230084	0.519001	0.177328	2.46831	0.5838211
23892	-1005.355	-1219.408	214.0532	0.7933118	0.151963	0.319515	0.458741	0.0697801	2.46831	0.5186714
23898	-1013.534	-1227.518	213.9839	0.7278276	0.0619184	0.399427	0.286099	0.252555	2.588828	0.6023165
23904	-1015.356	-1229.234	213.8777	0.8535632	0.04235	0.380797	0.306388	0.270465	2.581004	0.5189104
23910	-1020.71	-1235.036	214.3262	0.4839418	0.0166774	0.215731	0.721698	0.0458936	2.508783	0.4324956
23916	-1016.606	-1230.668	214.0623	0.8139175	0.200378	0.0413265	0.712958	0.0453378	2.437923	0.5140889
23922	-1016.008	-1230.011	214.003	0.8139175	0.235558	0.193698	0.409401	0.161343	2.46905	0.6293628
23928	-1029.635	-1243.668	214.033	0.8006352	0.0802182	0.0659631	0.766761	0.0870575	2.452865	0.6293628
23934	-1006.403	-1219.807	213.4043	1.529984	0.00400751	0.501231	0.290434	0.204327	2.342222	0.7158394
23940	-1015.933	-1229.192	213.259	1.529984	0.00168611	0.652017	0.0805013	0.265795	2.553597	0.5600733
23946	-1017.222	-1230.598	213.3754	1.443629	0.00356945	0.800907	0.0454521	0.150071	2.468167	0.6761794
23952	-1026.742	-1240.165	213.4229	1.451143	0.00319034	0.715841	0.0406245	0.240344	2.32841	0.8082188
23958	-1027.435	-1240.268	212.8332	2.312244	0.0108122	0.754891	0.137678	0.0966184	2.161528	0.9116381
23964	-1036.35	-1250.205	213.8548	1.078661	0.183579	0.368697	0.0672435	0.38048	2.348431	0.630507
23970	-1042.593	-1255.207	212.6147	0.9322336	0.342711	0.0933646	0.29434	0.269584	2.026707	2.081728
23976	-1025.99	-1238.605	212.6148	0.8741059	0.308088	0.117195	0.369468	0.205248	1.672578	2.3489
23982	-1016.613	-1229.628	213.0147	1.94441	0.339273	0.428827	0.110462	0.121438	2.440038	0.6330932
23988	-1019.545	-1231.966	212.4215	2.715441	0.223894	0.247975	0.163403	0.364728	2.525118	0.540119
23994	-1033.178	-1245.103	211.9251	1.441971	0.125403	0.267309	0.279466	0.327822	1.706447	2.420603
24000	-1031.232	-1244.62	213.3878	1.195746	0.164433	0.343565	0.236028	0.255975	2.709514	0.4014245
24006	-1014.011	-1227.297	213.2867	1.145188	0.189242	0.3954	0.271638	0.14372	2.864762	0.4147609
24012	-1019.548	-1233.046	213.4981	0.9391885	0.185802	0.406388	0.266702	0.141108	2.840438	0.3824988
24018	-1011.182	-1224.607	213.4251	0.9186341	0.137527	0.254369	0.503658	0.104445	2.900384	0.338754
24024	-1043.456	-1256.519	213.0631	1.393188	0.386563	0.241015	0.108912	0.26351	1.89448	1.55921
24030	-1012.656	-1225.881	213.2248	0.7913104	0.210016	0.249748	0.443193	0.0970432	3.152001	0.2752054
24036	-1013.676	-1226.895	213.219	0.7913104	0.22049	0.200101	0.494107	0.0853019	3.125589	0.2568983
24042	-1027.911	-1240.787	212.8757	1.147929	0.222159	0.298938	0.197253	0.28165	3.125589	0.2655349
24048	-1012.342	-1225.231	212.8889	1.147929	0.28303	0.295785	0.179534	0.241651	3.043252	0.231461
24054	-1015.941	-1228.9	212.9598	1.044155	0.271725	0.302593	0.193683	0.231999	3.073266	0.231461
24060	-1015.595	-1228.439	212.8442	1.163227	0.066434	0.44265	0.286812	0.204104	3.073266	0.231461
24066	-1029.138	-1241.598	212.4605	1.549555	0.40619	0.0946203	0.23703	0.262159	3.133769	0.2426248
24072	-1010.168	-1222.557	212.3889	1.549555	0.418087	0.0973914	0.156538	0.327984	3.133769	0.2127469
24078	-1013.897	-1226.607	212.7102	0.9656531	0.351948	0.0731995	0.302553	0.272299	3.245158	0.177874
24084	-1010.065	-1223.034	212.9693	0.7828482	0.148884	0.297097	0.46879	0.0852287	3.245158	0.199183
24090	-1011.744	-1224.555	212.8103	0.696517	0.112988	0.455283	0.355765	0.0759644	3.339706	0.1565455
24096	-1026.702	-1239.507	212.8044	0.696517	0.0334996	0.379237	0.450598	0.136666	3.377425	0.1640362
24102	-1019.497	-1231.5	212.003	1.53001	0.028794	0.422152	0.334127	0.214927	3.373703	0.1640362
24108	-999.6661	-1212.442	212.7764	0.6666122	0.122815	0.340205	0.386556	0.150424	3.397534	0.1547782
24114	-1007.181	-1220.002	212.8202	0.6666122	0.191956	0.31339	0.356087	0.138567	3.410303	0.168267
24120	-1012.741	-1225.591	212.8501	0.6666122	0.21353	0.259948	0.398041	0.128481	3.410303	0.176115
24126	-1001.26	-1214.07	212.8093	0.7598208	0.150569	0.364176	0.31364	0.171616	3.37858	0.1834643
24132	-1007.192	-1220.466	213.2741	0.5814964	0.199878	0.344816	0.227487	0.227818	3.130975	0.192117
24138	-1012.407	-1225.769	213.3624	0.5925618	0.272599	0.289112	0.33068	0.107608	3.130975	0.2281879
24144	-1011.218	-1224.264	213.0462	0.8532313	0.184881	0.331064	0.102134	0.381922	3.172672	0.2281879
24150	-1025.529	-1238.915	213.3862	0.6009036	0.159284	0.317489	0.49239	0.0308376	3.097659	0.2278658
24156	-1009.897	-1223.102	213.2051	0.9322624	0.187165	0.240024	0.311226	0.261585	3.097659	0.3298516
24162	-1004.259	-1217.167	212.9076	1.027459	0.135242	0.226169	0.52537	0.113219	3.197768	0.2581481
24168	-1000.627	-1213.752	213.1243	0.7471874	0.173004	0.457772	0.334362	0.0348629	3.197768	0.2249326
24174	-997.1011	-1210.086	212.9844	0.8753182	0.228011	0.112705	0.58845	0.0708335	3.197768	0.222516
24180	-990.0518	-1203.286	213.234	0.6378972	0.233025	0.166697	0.523333	0.0769459	3.197768	0.222516
24186	-1005.341	-1218.677	213.3359	0.5731707	0.39267	0.134609	0.407108	0.0656126	3.171754	0.2256837
24192	-998.7955	-1212.195	213.3997	0.4847257	0.219854	0.313772	0.431623	0.0347512	3.188821	0.22208
24198	-1012.847	-1226.104	213.2578	0.526833	0.277106	0.135072	0.544022	0.0438007	3.288634	0.22208
24204	-1024.25	-1236.164	211.9138	0.6629977	0.174456	0.415558	0.403539	0.00644673	1.827827	2.824927
24210	-1036.423	-1250.152	213.7291	0.3601944	0.154828	0.385059	0.457905	0.00220726	1.896343	1.806232
24216	-1023.736	-1237.481	213.7454	0.5074274	0.220282	0.127719	0.651486	0.00051326	2.065765	1.580836
24222	-1023.649	-1236.977	213.3278	0.8083308	0.232901	0.322869	0.443754	0.000476077	1.946372	1.73953
24228	-1006.983	-1220.441	213.4586	0.475145	0.151562	0.388799	0.459012	0.000627267	1.791949	1.992931
24234	-1019.909	-1232.924	213.0154	0.585872	0.0978116	0.417051	0.419372	0.0657652	3.301092	0.168481
24240	-1012.361	-1225.456	213.0949	1.262307	0.1878	0.371093	0.437712	0.00339497	2.055718	1.504127
24246	-1018.06	-1231.389	213.3293	0.7211832	0.188642	0.369037	0.438945	0.00337617	2.155207	1.655521
24252	-1002.168	-1215.614	213.4454	0.7568637	0.141622	0.34345	0.508165	0.00676367	2.177251	1.5273
24258	-1008.514	-1221.732	213.218	1.215891	0.243568	0.351152	0.401784	0.00349636	2.212611	1.320793
24264	-1008.511	-1222.427	213.916	0.6073597	0.271251	0.190532	0.529029	0.00918832	1.945497	1.466675
24270	-1016.748	-1230.389	213.641	0.626273	0.310139	0.287824	0.318931	0.0831061	1.933239	1.663182
24276	-1013.227	-1226.506	213.2789	0.6538556	0.237525	0.318121	0.352501	0.0918538	1.933604	1.894647
24282	-1024.033	-1237.237	213.2039	0.6538556	0.176961	0.187507	0.548063	0.0874691	2.008514	1.894647
24288	-1035.194	-1249.088	213.8946	0.6987171	0.0935135	0.193239	0.655343	0.0579047	1.959544	1.398102
24294	-1042.091	-1255.791	213.7	0.7085044	0.210962	0.219081	0.49676	0.0731973	2.457234	1.138781
24300	-1034.019	-1247.705	213.6863	0.5747779	0.183013	0.295718	0.424549	0.0967202	2.360075	1.349755
24306	-1045.111	-1257.398	212.2876	1.527748	0.40406	0.18927	0.351779	0.0548909	2.114809	1.868577
24312	-1025.122	-1238.166	213.0442	0.7386235	0.221743	0.173054	0.534552	0.0706505	2.116774	1.868577
24318	-1034.82	-1247.637	212.8165	0.9607571	0.392271	0.139247	0.413792	0.0546899	2.126724	1.860005
24324	-1042.914	-1254.328	211.414	3.110923	0.096205	0.158593	0.278109	0.467093	1.837697	1.894504
24330	-1036.187	-1248.36	212.1737	1.833662	0.525484	0.159462	0.0985403	0.216514	2.036879	1.828302
24336	-1034.655	-1247.664	213.0094	0.8787314	0.374874	0.252584	0.145835	0.226707	2.063834	1.828302
24342	-1016.356	-1230.088	213.7312	1.062171	0.189531	0.351053	0.31461	0.144806	2.516438	0.4804418
24348	-1022.366	-1235.839	213.4729	1.392171	0.18023	0.264687	0.474714	0.0803687	2.465372	0.5259403
24354	-1014.229	-1227.822	213.5931	1.132525	0.240632	0.0632755	0.63381	0.0622825	2.574064	0.5845116
24360	-1009.975	-1223.639	213.6643	1.307502	0.242057	0.0636501	0.644589	0.0497046	2.124741	0.9162847
24366	-1023.096	-1235.44	212.3443	3.18779	0.374798	0.139986	0.0247962	0.460421	2.285683	0.6417868
24372	-996.2356	-1210.488	214.2526	0.6910476	0.196687	0.166061	0.395631	0.241621	2.36285	0.5906497
24378	-1016.669	-1230.537	213.8683	0.9223425	0.188923	0.168635	0.380014	0.262428	2.504071	0.5953642
24384	-1030.495	-1244.466	213.9708	0.6709287	0.140754	0.33682	0.263379	0.259047	2.680708	0.5001454
24390	-1032.237	-1245.392	213.1551	1.510771	0.183965	0.120083	0.35738	0.338572	2.680708	0.5001454
24396	-1020.914	-1234.623	213.709	1.002925	0.165407	0.265669	0.34396	0.224965	2.596657	0.528399
24402	-1019.374	-1232.772	213.3974	1.106164	0.358097	0.0899604	0.361416	0.190526	2.806537	0.528399
24408	-1028.21	-1241.574	213.3637	1.39879	0.321626	0.094067	0.40789	0.176416	2.534692	0.6448048
24414	-1022.483	-1235.122	212.6385	1.273398	0.281595	0.224579	0.304621	0.189205	1.755187	2.026546
24420	-1018.779	-1232.147	213.3677	1.530926	0.260378	0.387527	0.233296	0.1188	2.351717	0.7568163
24426	-1028.996	-1242.214	213.218	1.733645	0.252427	0.375693	0.226171	0.14571	2.351717	0.7283489
24432	-1017.484	-1231.686	214.2019	0.6747839	0.2061	0.221089	0.364122	0.208689	2.324938	0.7872272
24438	-1018.955	-1233.11	214.1543	0.6747839	0.241427	0.23936	0.466181	0.0530321	2.430907	0.6977522
24444	-1003.303	-1217.804	214.5002	0.4245911	0.190473	0.33069	0.446378	0.0324585	2.344473	0.6868289
24450	-1014.958	-1229.56	214.602	0.4013433	0.171704	0.514455	0.299635	0.0142061	2.200442	0.7845882
24456	-1014.209	-1228.765	214.5569	0.4190432	0.0942636	0.487682	0.402438	0.0156169	2.03465	1.007362
24462	-1012.308	-1226.385	214.0763	0.6496592	0.0580484	0.529875	0.393816	0.0182604	2.025398	1.24047
24468	-1013.524	-1227.561	214.0367	0.8636639	0.050049	0.456856	0.477351	0.015744	1.854291	1.228396
24474	-1016.212	-1230.441	214.2292	0.700985	0.0352084	0.559124	0.386399	0.0192684	1.824164	1.235434
24480	-1016.32	-1229.07	212.7497	1.443042	0.312706	0.169484	0.469329	0.0484806	1.845745	1.786204
24486	-1022.168	-1235.117	212.9482	1.339366	0.255035	0.31618	0.38496	0.0438251	1.709599	1.807
24492	-1025.178	-1236.856	211.6782	3.067031	0.26408	0.0753208	0.336877	0.323722	1.66737	1.848009
24498	-1041.305	-1253.819	212.5135	1.883619	0.290863	0.0829599	0.289807	0.336369	1.629423	1.848009
24504	-1030.275	-1243.077	212.802	1.883619	0.298182	0.129646	0.4529	0.119272	1.825906	1.501742
24510	-1033.535	-1244.503	210.9677	3.118157	0.443282	0.00413383	0.437395	0.115189	1.765811	2.233866
24516	-1016.3	-1228.707	212.4064	1.201455	0.490563	0.00113961	0.442247	0.0660505	1.737116	2.233866
24522	-993.3532	-1207.181	213.8277	0.8454227	0.468074	0.00108736	0.461072	0.0697664	1.896664	1.378938
24528	-988.7597	-1201.249	212.4896	2.641877	0.52838	0.00122746	0.391638	0.078755	1.896664	1.272154
24534	-1007.383	-1221.498	214.1145	0.6668037	0.284666	0.257301	0.208728	0.249305	2.538773	0.5367444
24540	-1006.341	-1220.266	213.9253	0.8964964	0.161633	0.138954	0.564291	0.135122	2.450709	0.6530334
24546	-1004.933	-1218.859	213.9265	0.8964964	0.335956	0.0664414	0.461393	0.13621	2.44687	0.6584897
24552	-996.4125	-1210.826	214.4133	0.467519	0.279759	0.206026	0.424169	0.0900453	2.442587	0.5523082
24558	-999.4097	-1213.647	214.2372	0.6388592	0.237806	0.17513	0.538248	0.0488158	2.442587	0.4488503
24564	-1010.213	-1224.443	214.2298	0.6388592	0.460993	0.0474639	0.451949	0.0395939	2.442587	0.5853345
24570	-1006.891	-1221.252	214.361	0.4643122	0.228646	0.364949	0.379465	0.0269402	2.496824	0.5578461
24576	-995.1417	-1209.804	214.6622	0.4643122	0.0818867	0.370339	0.541248	0.00652603	2.189571	0.5826471
24582	-995.5365	-1210.124	214.5879	0.3774777	0.194112	0.323583	0.411636	0.0706694	2.321997	0.6340435
24588	-993.1136	-1207.746	214.6326	0.4679348	0.212555	0.379186	0.330875	0.0773839	2.069273	0.8369518
24594	-992.8135	-1207.235	214.4212	0.6199023	0.258659	0.274778	0.245098	0.221465	2.191117	0.7478382
24600	-1001.322	-1215.699	214.3765	0.6033282	0.170666	0.308815	0.214472	0.306047	2.251666	0.7503418
24606	-1008.187	-1222.387	214.1996	0.6901058	0.257928	0.2594	0.423423	0.0592494	2.090347	1.033789
24612	-1010.735	-1224.743	214.0071	0.6901058	0.279682	0.207969	0.459136	0.0532123	2.10075	1.198983
24618	-1016.379	-1229.582	213.2036	1.81135	0.284219	0.0357792	0.609377	0.0706247	2.062998	1.014594
24624	-1022.37	-1235.631	213.2604	0.9501172	0.0173094	0.169025	0.801498	0.012167	1.944345	1.685316
24630	-1027.955	-1240.792	212.8376	1.088637	0.209044	0.023165	0.609695	0.158096	2.069024	1.79783
24636	-1025.154	-1238.817	213.6635	0.8925769	0.208074	0.015407	0.585258	0.191261	2.017913	1.37445
24642	-1020.927	-1234.185	213.2581	1.744503	0.382161	0.0067645	0.282849	0.328225	1.718859	1.316192
24648	-1027.921	-1241.439	213.5179	1.074736	0.340344	0.00602431	0.261976	0.391655	2.209081	1.186769
24654	-1016.202	-1229.814	213.612	0.8905135	0.384602	0.193096	0.261144	0.161158	1.906768	1.50074
24660	-1015.022	-1229.333	214.3114	0.6940306	0.289896	0.232237	0.284043	0.193825	2.248736	0.7057889
24666	-1017.448	-1231.761	214.3131	0.6101839	0.186628	0.329504	0.23201	0.251858	2.380963	0.6112175
24672	-1009.209	-1223.154	213.9454	0.938471	0.0755818	0.351974	0.412685	0.159759	2.376314	0.6760908
24678	-1009.719	-1223.605	213.886	0.958555	0.163283	0.420219	0.0713622	0.345136	2.408771	0.6882722
24684	-1011.995	-1225.65	213.6542	1.184777	0.189321	0.407142	0.0691415	0.334395	2.419702	0.6869245
24690	-999.1366	-1213.175	214.0388	0.9405054	0.311347	0.305933	0.225646	0.157074	2.166214	0.8448006
24696	-1005.976	-1219.884	213.9072	0.7522722	0.304207	0.321849	0.220472	0.153472	2.078668	1.246487
24702	-1011.002	-1224.432	213.4297	1.422898	0.252923	0.124395	0.495083	0.127599	1.903143	1.246487
24708	-1001.815	-1215.689	213.8741	0.9409347	0.441296	0.149437	0.255982	0.153285	1.993307	1.1808
24714	-1034.921	-1248.257	213.3357	1.149826	0.194838	0.206892	0.267675	0.330595	1.997434	1.446161
24720	-1017.394	-1230.238	212.8442	1.296662	0.29414	0.270415	0.0561533	0.379291	1.800468	1.842846
24726	-1007.945	-1220.823	212.878	1.179122	0.357946	0.233451	0.0573132	0.35129	2.014666	1.746912
24732	-1011.695	-1224.723	213.0286	1.074993	0.296133	0.358582	0.0990502	0.246234	1.781685	1.873229
24738	-1001.01	-1214.682	213.6714	0.9551189	0.146749	0.134131	0.611996	0.107124	2.052738	1.289069
24744	-1005.428	-1218.218	212.7897	0.9551189	0.422968	0.111377	0.264519	0.201137	1.943206	2.005738
24750	-997.26	-1210.196	212.9363	1.586112	0.191106	0.133674	0.433816	0.241404	2.134022	1.345728
24756	-1016.85	-1230.528	213.6779	0.67857	0.306983	0.226803	0.166348	0.299865	2.134022	1.447121
24762	-1009.729	-1223.007	213.2782	0.7914555	0.365482	0.341991	0.105791	0.186736	1.947311	1.78587
24768	-993.1814	-1206.736	213.5548	0.6087448	0.229402	0.291264	0.294544	0.184789	1.863736	1.78587
24774	-1002.533	-1215.373	212.8403	0.9821819	0.258033	0.327615	0.249513	0.164839	1.893993	1.986637
24780	-1012.528	-1225.407	212.8787	1.259586	0.196573	0.495486	0.251701	0.0562403	1.8943	1.777744
24786	-1018.379	-1231.567	213.1883	1.235833	0.291792	0.185275	0.448711	0.074223	1.766936	1.664885
24792	-1030.54	-1243.454	212.9138	1.253903	0.305796	0.14241	0.470245	0.081549	1.78149	1.835123
24798	-1026.078	-1237.312	211.234	1.485244	0.451394	0.122773	0.352111	0.0737226	1.858633	2.731592
24804	-1016.8	-1229.513	212.7136	1.001806	0.364487	0.0835323	0.47667	0.0753108	1.996069	1.989941
24810	-1008.666	-1221.133	212.4671	1.86377	0.356072	0.0750071	0.435992	0.132929	1.796978	1.774923
24816	-1013.36	-1226.828	213.468	0.8731798	0.266997	0.113191	0.458542	0.161271	1.882626	1.63734
24822	-1019.846	-1233.248	213.4012	0.9362349	0.398744	0.168404	0.190017	0.242835	1.907339	1.621064
24828	-1012.762	-1225.739	212.9768	1.145154	0.257389	0.153536	0.359412	0.229664	1.827633	1.830641
24834	-1009.502	-1223.186	213.6834	1.053111	0.401048	0.120758	0.173312	0.304882	2.024082	1.221648
24840	-1023.419	-1236.936	213.5176	1.172908	0.193413	0.21232	0.373771	0.220496	2.60743	0.5959326
24846	-1022.573	-1236.816	214.2424	0.581193	0.23942	0.368353	0.293248	0.0989791	2.49704	0.5596775
24852	-1026.76	-1240.172	213.4123	1.23284	0.300247	0.155724	0.340221	0.203808	2.577132	0.7513831
24858	-1030.528	-1244.308	213.78	1.075102	0.187984	0.332572	0.194921	0.284523	2.360277	0.7513831
24864	-1010.913	-1224.533	213.6205	1.283676	0.24105	0.0988525	0.439713	0.220385	2.058072	1.051102
24870	-1005.11	-1218.373	213.2629	1.306759	0.187687	0.276606	0.168231	0.367476	1.924633	1.445278
24876	-1012.692	-1226.481	213.789	0.6966559	0.227202	0.299139	0.275295	0.198364	2.006162	1.445278
24882	-1017.314	-1231.296	213.9818	0.7039239	0.16273	0.324095	0.298262	0.214913	2.125158	1.187088
24888	-1011.581	-1225.303	213.7222	0.7507054	0.397585	0.270467	0.204596	0.127353	2.14227	1.346704
24894	-1001.668	-1214.833	213.1643	1.624223	0.227781	0.419061	0.22295	0.130207	2.575249	0.488662
24900	-1008.032	-1221.846	213.8144	0.9214924	0.203622	0.374614	0.199303	0.222461	2.517211	0.6898951
24906	-1015.855	-1229.767	213.9124	0.9214924	0.234455	0.202425	0.493031	0.070088	2.420034	0.688378
24912	-1012.56	-1225.208	212.6476	1.521882	0.105169	0.333621	0.334869	0.22634	1.867502	1.794498
24918	-1011.164	-1223.877	212.7128	0.9598783	0.12104	0.257309	0.5621	0.0595511	1.87426	2.099
24924	-1001.334	-1214.582	213.2483	0.8248761	0.281583	0.207261	0.302423	0.208732	2.034709	1.721144
24930	-1009.325	-1223.488	214.1629	0.6534302	0.193624	0.117677	0.441018	0.247681	2.461961	0.6656711
24936	-1012.989	-1226.19	213.2004	1.663267	0.511577	0.0426301	0.28547	0.160323	2.461961	0.6656711
24942	-1002.048	-1216.007	213.959	0.9597151	0.368852	0.038249	0.318714	0.274185	2.375826	0.5942524
24948	-1006.288	-1219.959	213.671	1.153013	0.166699	0.0235659	0.579059	0.230676	2.467561	0.61193
24954	-1006.161	-1220.072	213.9108	0.5877248	0.186351	0.391577	0.374809	0.0472631	1.98234	1.458264
24960	-1020.621	-1233.802	213.181	0.6725972	0.119754	0.111773	0.564402	0.204071	2.051237	1.867654
24966	-1033.964	-1247.446	213.4812	0.6725972	0.174938	0.197831	0.385887	0.241345	2.395819	1.401795
24972	-1027.784	-1242.124	214.3405	0.5760685	0.375107	0.0210017	0.477191	0.126701	2.338637	0.7150022
24978	-1010.543	-1224.767	214.2238	0.5760685	0.177162	0.123292	0.546201	0.153345	2.470198	0.6890694
24984	-1018.042	-1232.127	214.0842	0.6746646	0.274187	0.118249	0.412661	0.194903	2.268027	0.9883714
24990	-1012.582	-1224.271	211.6886	0.9420586	0.513226	0.140642	0.226601	0.119531	1.709491	2.856611
24996	-1011.887	-1225.078	213.191	0.8068159	0.197124	0.0563169	0.462455	0.284105	1.696705	2.004443
25002	-1009.187	-1221.058	211.8707	0.6506798	0.176457	0.184485	0.365627	0.273431	1.696705	2.938227
25008	-1018.884	-1230.709	211.8251	0.7977834	0.185825	0.407658	0.256427	0.15009	1.638953	2.906829
25014	-1032.613	-1247.211	214.5982	0.4862056	0.253638	0.0821341	0.596992	0.0672362	1.909068	1.028359
25020	-1009.909	-1224.316	214.4064	0.4929403	0.19621	0.516304	0.212295	0.075191	2.221618	0.8954154
25026	-1005.412	-1218.965	213.5523	1.078578	0.129999	0.45139	0.261161	0.157451	1.92328	1.389439
25032	-1007.1	-1219.956	212.8562	2.163601	0.251671	0.239606	0.303959	0.204764	1.993565	1.155024
25038	-1015.342	-1229.295	213.9531	0.8964667	0.170424	0.274256	0.440343	0.114977	2.34176	0.7867328
25044	-1026.452	-1240.122	213.6706	1.184404	0.328077	0.309137	0.216495	0.146291	2.323801	0.8080183
25050	-1019.395	-1232.533	213.1381	2.038693	0.347232	0.0992754	0.084041	0.469451	2.215334	0.6947301
25056	-1019.347	-1232.811	213.4638	1.265945	0.28033	0.0569098	0.531554	0.131206	2.584586	0.5555771
25062	-996.9338	-1210.09	213.1559	1.747145	0.381743	0.0774976	0.262822	0.277938	2.476093	0.5631364
25068	-1006.562	-1220.483	213.9211	0.8373887	0.280755	0.0914326	0.302392	0.325421	2.348775	0.8933314
25074	-1020.156	-1233.802	213.646	1.289896	0.395807	0.161539	0.0622521	0.380401	2.381132	0.551147
25080	-1028.213	-1240.93	212.717	2.327664	0.193583	0.417094	0.00806274	0.381261	2.484702	0.551147
25086	-1016.064	-1229.17	213.1052	1.635434	0.374513	0.329258	0.00701713	0.289213	2.610372	0.5916685
25092	-1025.442	-1237.963	212.5206	2.357128	0.296147	0.343679	0.00378806	0.356387	2.663511	0.5340372
25098	-1023.346	-1236.225	212.8796	2.010519	0.294215	0.444996	0.0027428	0.258047	2.55134	0.5466848
25104	-1020.105	-1232.614	212.509	2.541095	0.443485	0.154055	0.00215168	0.400308	2.544124	0.5711454
25110	-1015.186	-1227.776	212.5903	2.541095	0.289183	0.129441	0.0011398	0.580236	2.435272	0.6483344
25116	-1007.605	-1220.301	212.6959	2.541095	0.412863	0.108375	0.00253218	0.47623	2.329693	0.6483344
25122	-1010.967	-1224.279	213.3121	1.420906	0.305995	0.248105	0.0370978	0.408802	2.395332	0.893755
25128	-997.4314	-1211.057	213.6251	1.185136	0.247282	0.281559	0.140796	0.330363	2.339611	0.8447132
25134	-998.5645	-1212.079	213.5143	1.285673	0.225431	0.24154	0.176789	0.356241	2.16098	1.052505
25140	-1015.057	-1228.126	213.069	1.246733	0.266366	0.311715	0.198486	0.223433	1.824537	1.701536
25146	-1014.712	-1228.06	213.3483	0.846184	0.331883	0.31737	0.268924	0.0818233	1.94035	1.701536
25152	-1022.848	-1236.471	213.6231	0.846184	0.266137	0.167045	0.214617	0.352202	2.247996	1.260123
25158	-1024.386	-1237.217	212.8313	0.846184	0.118626	0.316416	0.213913	0.351045	1.843955	2.117621
25164	-1015.598	-1228.034	212.4358	0.797365	0.120545	0.305358	0.217373	0.356724	1.77749	2.446143
25170	-1019.549	-1232.211	212.6619	0.653405	0.0761304	0.467348	0.378046	0.0784752	1.703544	2.446143
25176	-1009.117	-1220.588	211.4706	0.653405	0.127187	0.522049	0.313858	0.0369055	1.738419	3.150963
25182	-1027.089	-1238.204	211.1144	1.134746	0.231883	0.461904	0.219611	0.0866017	1.887315	2.980746
25188	-997.1574	-1209.955	212.7973	0.5446681	0.265527	0.38383	0.251476	0.099167	1.851068	2.339273
25194	-1016.925	-1230.49	213.5657	1.052144	0.25609	0.135959	0.226742	0.381209	1.90972	1.40974
25200	-1037.608	-1249.559	211.9515	3.096882	0.415562	0.100749	0.0669844	0.416704	1.890512	1.479961
25206	-1046.776	-1260.065	213.2889	1.318834	0.25722	0.20417	0.278552	0.260058	2.125228	1.256501
25212	-1022.278	-1236.486	214.2084	0.5486324	0.204896	0.314382	0.44143	0.0392922	1.947197	1.28351
25218	-1035.958	-1249.816	213.8586	0.5486324	0.354013	0.196338	0.275682	0.173968	1.891038	1.595159
25224	-1039.626	-1253.649	214.023	0.854252	0.166174	0.115323	0.515061	0.203441	2.325512	0.7727693
25230	-1015.205	-1228.864	213.6584	1.19261	0.293318	0.0639285	0.455942	0.186811	2.346536	0.7834483
25236	-1034.893	-1249.268	214.3753	0.5435841	0.0589722	0.509042	0.402538	0.0294484	2.35331	0.6872416
25242	-1023.138	-1236.249	213.1116	0.8076493	0.244866	0.0450508	0.613288	0.0967949	1.665661	2.076983
25248	-1023.324	-1236.894	213.57	0.8461109	0.248942	0.101069	0.299413	0.350576	1.743965	1.683629
25254	-1016.34	-1228.897	212.5576	0.8145483	0.236186	0.0550507	0.469745	0.239018	1.555708	2.497558
25260	-1018.594	-1229.891	211.2972	1.538321	0.0989037	0.103678	0.519544	0.277874	1.565909	2.84368
25266	-1013.765	-1225.367	211.6019	1.801039	0.155185	0.375786	0.03303	0.435999	1.362814	2.649553
25272	-1023.954	-1234.374	210.4205	3.333306	0.657812	0.181004	0.0347822	0.126402	1.3575	2.754724
25278	-1017.028	-1228.933	211.9046	1.764359	0.336713	0.440318	0.0178039	0.205166	1.621763	2.316108
25284	-1004.017	-1217.268	213.2514	1.304107	0.284941	0.123271	0.418168	0.17362	1.907287	1.469039
25290	-996.2586	-1209.662	213.403	1.233803	0.336646	0.336291	0.0855392	0.241523	2.038957	1.298018
25296	-1009.211	-1222.848	213.6371	1.233803	0.302478	0.200389	0.150133	0.346999	2.063863	1.073587
25302	-1008.732	-1222.132	213.3995	1.528183	0.223839	0.243317	0.268123	0.264722	2.27274	0.8242737
25308	-1020.691	-1234.734	214.0432	0.8730501	0.414986	0.0775061	0.257924	0.249584	2.281618	0.7786318
25314	-1024.862	-1237.876	213.0143	1.600337	0.103691	0.269586	0.592919	0.0338036	2.011115	1.371815
25320	-1028.592	-1242.358	213.7655	1.032701	0.337685	0.0175941	0.384222	0.260499	2.326607	0.8691987
25326	-1018.994	-1232.969	213.975	0.8117857	0.432792	0.0163319	0.356658	0.194218	2.377426	0.826523
25332	-1017.372	-1231.472	214.1005	0.8117857	0.359468	0.143025	0.306887	0.19062	1.981809	1.108226
25338	-1010.676	-1224.877	214.2004	0.6005058	0.339723	0.135169	0.344957	0.18015	2.097326	1.11508
25344	-1011.958	-1226.136	214.1774	0.5331233	0.322909	0.128479	0.377378	0.171234	2.169904	1.133421
25350	-1014.985	-1228.925	213.94	0.6613311	0.301557	0.0857408	0.452791	0.159911	2.169904	1.223206
25356	-1009.335	-1223.017	213.6825	0.8428719	0.346888	0.106242	0.409424	0.137446	2.113933	1.323888
25362	-1006.075	-1219.701	213.6263	0.8428719	0.340792	0.111081	0.428072	0.120056	2.143504	1.345145
25368	-1015.558	-1229.158	213.6004	0.8521553	0.282466	0.191246	0.458768	0.0675202	2.194289	1.317479
25374	-1004.489	-1217.875	213.3858	0.8957645	0.431361	0.0930221	0.414597	0.0610193	2.095986	1.524327
25380	-1023.259	-1236.56	213.3004	1.136101	0.295197	0.0352715	0.339634	0.329898	2.234329	1.297856
25386	-1019.382	-1232.927	213.545	1.266695	0.266663	0.0210059	0.414321	0.29801	2.333401	0.856845
25392	-1011.54	-1225.595	214.0543	0.8647916	0.323141	0.023673	0.453101	0.200085	2.275774	0.7832347
25398	-1008.779	-1222.636	213.8576	0.8647916	0.388346	0.0284499	0.54453	0.0386736	2.417774	0.8535605
25404	-1027.991	-1241.341	213.3505	1.771261	0.318118	0.199954	0.257984	0.223943	1.969064	0.9935793
25410	-1016.644	-1230.11	213.4657	1.365337	0.168309	0.105791	0.607416	0.118483	2.150595	1.039655
25416	-1026.604	-1241.003	214.3989	0.6069424	0.239848	0.181663	0.505246	0.0732424	2.225364	0.7504713
25422	-1012.367	-1226.718	214.3507	0.6222296	0.285251	0.0267538	0.600888	0.0871071	2.201958	0.8263905
25428	-1019.58	-1233.71	214.1299	0.7816482	0.219939	0.129623	0.504056	0.146383	2.256209	0.8239361
25434	-1010.586	-1224.916	214.3306	0.5177787	0.0593575	0.245155	0.413019	0.282468	2.462476	0.6017277
25440	-1036.603	-1249.982	213.3788	1.566629	0.0878019	0.0943542	0.61094	0.206904	2.359404	0.6750848
25446	-1031.711	-1245.98	214.2687	0.7540405	0.113169	0.131061	0.56457	0.1912	2.244901	0.6750848
25452	-1017.203	-1230.853	213.6503	1.16673	0.0970076	0.0934826	0.576133	0.233377	2.115589	1.072071
25458	-1023.838	-1237.867	214.0283	0.9085106	0.212614	0.103828	0.557295	0.126263	2.272527	0.7608403
25464	-1014.628	-1228.299	213.6703	1.11687	0.360793	0.0842354	0.452535	0.102437	2.233044	0.9847974
25470	-1006.145	-1220.03	213.8842	0.9518561	0.182494	0.156942	0.46971	0.190854	2.278285	0.8815664
25476	-1007.566	-1221.398	213.8322	0.9259569	0.0974828	0.212585	0.599498	0.0904343	2.507344	0.6660754
25482	-997.3704	-1211.363	213.993	0.8218974	0.246318	0.169441	0.507661	0.0765807	2.473449	0.6225271
25488	-1011.87	-1225.824	213.9539	0.8939385	0.405478	0.10278	0.44529	0.0464525	2.451839	0.5812129
25494	-1004.437	-1218.341	213.9042	0.4905023	0.244185	0.20323	0.49541	0.0571759	2.371032	1.232971
25500	-1011.158	-1224.373	213.2144	0.7786786	0.271549	0.0361102	0.633245	0.0590958	2.075043	1.750668
25506	-1034.927	-1247.135	212.2071	1.456701	0.321103	0.013036	0.311068	0.354793	1.91203	2.09908
25512	-1022.053	-1235.856	213.8024	0.8758864	0.363343	0.250314	0.339199	0.0471444	2.633162	0.4822211
25518	-1015.219	-1228.563	213.344	1.342104	0.398097	0.0781417	0.434866	0.0888958	2.634477	0.4471132
25524	-1011.508	-1225.57	214.0615	0.7568346	0.416478	0.0802149	0.454944	0.0483629	2.487155	0.5812482
25530	-1024.456	-1238.721	214.2647	0.5769863	0.416478	0.0802149	0.454944	0.0483629	2.473856	0.5812482
25536	-1021.918	-1235.983	214.0647	0.6650726	0.31565	0.228095	0.432939	0.0233159	2.581115	0.5812482
25542	-1032.84	-1246.841	214.0006	0.7787834	0.204327	0.224053	0.425268	0.146352	2.532971	0.5455985
25548	-1016.897	-1230.964	214.0667	0.6243032	0.22588	0.129762	0.539326	0.105032	2.631287	0.5385428
25554	-1025.424	-1238.905	213.4809	1.318608	0.213066	0.132112	0.52222	0.132603	2.515862	0.5703385
25560	-1009.906	-1224.152	214.2456	0.5706016	0.283011	0.250035	0.378944	0.0880104	2.235858	0.9683049
25566	-1009.958	-1224.351	214.3936	0.4500013	0.362071	0.264977	0.333467	0.0394847	2.087632	1.086002
25572	-1013.897	-1228.312	214.4151	0.4613356	0.284972	0.249383	0.259025	0.20662	1.957554	1.173817
25578	-1023.379	-1237.692	214.3125	0.4613356	0.118659	0.204017	0.644754	0.0325703	2.322869	0.9213958
25584	-1029.789	-1243.78	213.9913	0.7044738	0.173659	0.321877	0.325141	0.179323	2.619807	0.4525973
25590	-1034.821	-1248.841	214.0202	0.7583996	0.271297	0.201851	0.315342	0.211509	2.529483	0.5711834
25596	-1022.78	-1236.895	214.1153	0.7583996	0.282914	0.158403	0.416162	0.142522	2.440658	0.5395214
25602	-1026.724	-1240.911	214.1864	0.5979396	0.222985	0.169101	0.44494	0.162974	2.438643	0.7632922
25608	-1039.267	-1253.553	214.2862	0.5979396	0.324711	0.269897	0.248751	0.156642	2.438643	0.5444705
25614	-1012.63	-1225.675	213.0457	0.7509762	0.204005	0.128059	0.47518	0.192756	1.884232	2.015418
25620	-1016.454	-1230.367	213.9126	0.7526069	0.320537	0.122407	0.396298	0.160758	1.884841	1.397869
25626	-1013.924	-1228.003	214.0786	0.7321291	0.213732	0.414826	0.26425	0.107192	1.884841	1.282673
25632	-1015.399	-1228.912	213.5134	1.354109	0.252714	0.490485	0.130058	0.126743	1.799336	1.313316
25638	-1023.89	-1236.363	212.4731	2.509187	0.118303	0.0957595	0.328322	0.457615	1.841055	1.399249
25644	-1038.153	-1252.307	214.1535	0.6934631	0.138046	0.267544	0.481217	0.113193	2.342617	0.8019383
25650	-1010.902	-1224.391	213.4888	1.024923	0.183178	0.140351	0.541454	0.135018	2.008217	1.413867
25656	-1015.551	-1228.987	213.4368	1.184451	0.359111	0.117571	0.410214	0.113104	1.954429	1.375657
25662	-1010.77	-1224.247	213.4764	1.184451	0.299122	0.152891	0.275863	0.272124	1.767703	1.488712
25668	-1014.448	-1226.281	211.8324	1.362738	0.313744	0.0727086	0.417317	0.19623	1.690861	2.532487
25674	-1014.298	-1228.592	214.294	0.6303459	0.534436	0.171041	0.200734	0.0937889	2.391559	0.5693998
25680	-1004.865	-1219.041	214.1762	0.6921124	0.214365	0.317612	0.266349	0.201674	2.44406	0.5693998
25686	-1004.489	-1218.667	214.178	0.6921124	0.127024	0.458008	0.187064	0.227903	2.442681	0.567386
25692	-1009.912	-1223.887	213.9751	0.8234817	0.114483	0.41279	0.267324	0.205403	2.507218	0.567386
25698	-1011.514	-1225.497	213.9835	0.8146735	0.199931	0.0775669	0.475556	0.246946	2.507218	0.5707996
25704	-1004.469	-1218.097	213.6278	1.162236	0.129801	0.106785	0.689537	0.0738769	2.514585	0.5707996
25710	-1023.215	-1232.566	209.3503	9.684812	0.170558	0.163952	0.385553	0.279938	1.877083	1.53213
25716	-1021.394	-1232.709	211.3156	4.149663	0.242349	0.222684	0.210656	0.324312	2.110142	1.366627
25722	-1003.148	-1217.472	214.3241	0.655541	0.250372	0.0320429	0.689122	0.0284637	2.281601	0.697508
25728	-1018.991	-1232.737	213.7469	1.063375	0.208406	0.361952	0.157609	0.272033	2.45198	0.6721749
25734	-1003.417	-1215.734	212.3166	3.038678	0.0595434	0.55597	0.112127	0.27236	2.362086	0.7153211
25740	-1008.949	-1222.672	213.7226	1.249625	0.0219448	0.691603	0.0353432	0.251109	2.295622	0.6771719
25746	-1021.049	-1235.184	214.1351	0.8842872	0.127727	0.523049	0.0430881	0.306135	2.173282	0.7853282
25752	-1000.084	-1213.224	213.1397	1.909169	0.136142	0.491627	0.0459268	0.326304	2.219233	0.8297443
25758	-1009.195	-1221.274	212.0797	3.459451	0.0706454	0.487799	0.0238319	0.417724	2.397147	0.6421897
25764	-1022.688	-1236.346	213.6585	1.071138	0.224124	0.21066	0.382974	0.182242	2.580291	0.5217285
25770	-1011.767	-1222.4	210.6324	6.418825	0.00577986	0.693824	0.124905	0.175491	2.520363	0.6670636
25776	-1006.366	-1219.863	213.4971	1.266932	0.0335148	0.377212	0.43572	0.153552	2.532328	0.6172585
25782	-998.3155	-1211.537	213.2218	1.555812	0.160441	0.133985	0.486251	0.219324	2.499607	0.7209271
25788	-1001.914	-1214.605	212.6901	2.585384	0.144311	0.151417	0.383867	0.320405	2.207983	0.8069916
25794	-1002.146	-1215.192	213.0451	1.69004	0.178905	0.0861343	0.647121	0.0878392	2.63939	0.5239535
25800	-1022.506	-1236.187	213.6806	1.133057	0.112527	0.53417	0.144006	0.209297	2.494586	0.547947
25806	-1023.071	-1236.064	212.9926	2.045433	0.217885	0.124036	0.447946	0.210134	2.409767	0.5598653
25812	-1024.871	-1237.676	212.8051	2.205006	0.418592	0.0566471	0.266694	0.258066	2.487065	0.5186354
25818	-1012.909	-1226.155	213.2465	1.264404	0.315723	0.0918502	0.435673	0.156753	2.758314	0.3571562
25824	-1005.868	-1219.218	213.3499	1.376313	0.0846243	0.0402633	0.804706	0.0704064	2.603719	0.4930154
25830	-1017.813	-1231.542	213.7292	0.7850805	0.190002	0.0444643	0.737789	0.027745	2.792028	0.4339176
25836	-1009.167	-1222.453	213.2866	1.137439	0.315765	0.182808	0.472485	0.0289426	2.864178	0.3973392
25842	-1025.245	-1239.006	213.7608	0.7613445	0.228997	0.132025	0.506287	0.132691	2.770506	0.3973392
25848	-1016.87	-1229.879	213.0091	1.500708	0.358105	0.185526	0.252846	0.203523	2.784928	0.3574829
25854	-1007.942	-1221.591	213.6492	0.8065177	0.292375	0.120309	0.502042	0.0852742	2.784928	0.3312695
25860	-1007.044	-1220.592	213.5482	0.8076984	0.202433	0.185756	0.542262	0.0695485	2.85736	0.3071685
25866	-1000.269	-1213.778	213.5085	0.8076984	0.175505	0.346133	0.450611	0.0277517	2.894332	0.304983
25872	-1007.96	-1220.19	212.23	2.422222	0.316149	0.0393255	0.607134	0.0373914	2.843919	0.3376238
25878	-998.9548	-1211.204	212.2489	2.422222	0.384127	0.376146	0.194356	0.0453707	2.843919	0.3592955
25884	-1005.573	-1218.971	213.3983	1.150755	0.112586	0.351936	0.398063	0.137415	2.762652	0.4725909
25890	-1008.66	-1222.596	213.936	0.6781897	0.125615	0.276941	0.444127	0.153317	2.704555	0.460825
25896	-1022.105	-1236.028	213.9227	0.7061171	0.242356	0.241725	0.401545	0.114374	2.683984	0.4409978
25902	-1018.569	-1232.292	213.7234	0.8980346	0.202362	0.201835	0.359222	0.236581	2.683984	0.4468828
25908	-1015.731	-1229.248	213.5175	1.101196	0.257335	0.337746	0.245715	0.159205	2.687453	0.449699
25914	-1015.544	-1229.003	213.4597	1.101196	0.285121	0.31303	0.254294	0.147555	2.734576	0.4156924
25920	-1017.326	-1230.763	213.437	0.9629424	0.383864	0.146777	0.299404	0.169954	2.861048	0.358981
25926	-1021.642	-1234.991	213.3494	1.005543	0.18368	0.202462	0.293028	0.32083	2.905889	0.358981
25932	-1026.681	-1239.866	213.185	1.154991	0.18785	0.226024	0.27979	0.306335	2.900022	0.3320471
25938	-1026.088	-1238.899	212.8106	1.713918	0.220915	0.0587601	0.403099	0.317226	2.835689	0.4067468
25944	-997.5483	-1210.565	213.0164	1.531557	0.125182	0.00730746	0.715429	0.152082	2.781658	0.4067485
25950	-1007.951	-1220.917	212.9658	1.548775	0.224851	0.0755862	0.534445	0.165117	2.779148	0.3481108
25956	-1013.986	-1227.062	213.0755	1.225261	0.412704	0.138735	0.374626	0.0739347	2.966238	0.357751
25962	-1014.337	-1227.425	213.0881	1.367729	0.219509	0.102449	0.543185	0.134857	2.835037	0.3740292
25968	-1011.73	-1225.676	213.9456	0.6849111	0.182954	0.305567	0.394527	0.116951	2.690953	0.5083675
25974	-1026.269	-1239.637	213.3687	1.026798	0.164149	0.275243	0.310235	0.250373	2.860448	0.3528674
25980	-1009.289	-1222.099	212.8098	2.380006	0.387082	0.248849	0.0767179	0.287351	2.342277	0.6025329
25986	-1008.984	-1221.888	212.9033	2.131036	0.180394	0.314948	0.0532173	0.451441	2.35871	0.7339675
25992	-1013.57	-1226.998	213.4282	0.9450856	0.280673	0.10534	0.526396	0.0875918	2.848807	0.3181233
25998	-1005.739	-1219.228	213.4891	0.9450856	0.261927	0.168109	0.55418	0.0157838	2.848807	0.3916605
26004	-1006.991	-1220.495	213.5031	1.025995	0.198549	0.611819	0.0303021	0.159331	2.741803	0.3725479
26010	-1023.725	-1236.678	212.9535	1.630509	0.392516	0.123267	0.169233	0.314985	2.741803	0.3725479
26016	-1003.114	-1216.671	213.5575	0.8448776	0.339851	0.106738	0.398841	0.15457	2.871559	0.3725479
26022	-1004.174	-1218.057	213.8831	0.6936223	0.242674	0.386333	0.292021	0.0789721	2.705049	0.3725479
26028	-1014.413	-1228.353	213.9404	0.7217518	0.224256	0.260569	0.485656	0.0295197	2.650769	0.445298
26034	-996.8011	-1211.113	214.3115	0.5933655	0.240672	0.282732	0.449287	0.0273091	2.419549	0.5347175
26040	-1000.922	-1214.977	214.0552	0.4740415	0.226575	0.200363	0.42297	0.150092	2.773786	0.3950852
26046	-1001.841	-1215.804	213.9626	0.7986639	0.243113	0.124016	0.447577	0.185294	2.542715	0.4286364
26052	-1007.841	-1221.128	213.2872	1.168538	0.0951337	0.0938057	0.59645	0.214611	2.840716	0.411783
26058	-1008.061	-1222.16	214.0989	0.7557407	0.181533	0.100407	0.528005	0.190054	2.462605	0.5112822
26064	-1039.357	-1253.243	213.8861	0.9081183	0.227992	0.292326	0.390333	0.089349	2.141153	1.066827
26070	-1018.162	-1230.025	211.8636	3.554156	0.369155	0.0707701	0.477358	0.0827171	2.595556	0.5112822
26076	-1020.118	-1233.346	213.2279	1.523655	0.284947	0.200063	0.440562	0.0744278	2.595556	0.4747482
26082	-1017.381	-1231.093	213.7125	0.9078745	0.163176	0.395922	0.380393	0.0605094	2.679385	0.4279212
26088	-1016.079	-1228.98	212.9006	1.807103	0.162209	0.188309	0.576963	0.0725191	2.679385	0.4279212
26094	-1017.968	-1231.395	213.4267	1.313119	0.302407	0.0520487	0.205155	0.440389	2.577105	0.4431401
26100	-1006.981	-1220.374	213.3931	1.167371	0.280307	0.111009	0.162328	0.446356	2.746542	0.4431401
26106	-1001.688	-1215.639	213.9506	0.8681045	0.172529	0.261088	0.298902	0.26748	2.491717	0.5318256
26112	-999.025	-1212.99	213.9653	0.7187136	0.118752	0.418752	0.276708	0.185787	2.632266	0.460679
26118	-1011.945	-1225.933	213.9875	0.8008585	0.364726	0.186042	0.314047	0.135186	2.48858	0.6512514
26124	-1021.194	-1235.209	214.0146	0.8008585	0.414347	0.183878	0.268162	0.133613	2.472445	0.6261098
26130	-1022.577	-1236.347	213.7697	0.9437385	0.327197	0.177849	0.210381	0.284573	2.577105	0.6066476
26136	-1018.677	-1232.22	213.5428	1.174572	0.143866	0.344245	0.386764	0.125125	2.577105	0.6066476
26142	-1016.788	-1230.83	214.0421	0.6183578	0.176089	0.366665	0.309625	0.147622	2.662056	0.5395292
26148	-1017.998	-1231.557	213.559	1.190197	0.152885	0.355413	0.262704	0.228998	2.562987	0.5395292
26154	-1003.906	-1217.892	213.986	0.7834533	0.252805	0.213672	0.232747	0.300776	2.546477	0.505369
26160	-1017.224	-1229.641	212.4167	2.362177	0.456496	0.0880195	0.15188	0.303604	2.717496	0.3598586
26166	-1026.629	-1239.459	212.8303	1.967739	0.243782	0.0844295	0.521914	0.149875	2.626601	0.4315357
26172	-1014.593	-1228.524	213.9304	0.724037	0.278122	0.370829	0.173143	0.177906	2.662945	0.4697552
26178	-1029.344	-1243.047	213.703	0.8965056	0.225699	0.261144	0.304911	0.208246	2.706205	0.5556912
26184	-1025.05	-1238.739	213.6884	0.9309648	0.341467	0.119102	0.461309	0.0781218	2.691334	0.4988951
26190	-1033.315	-1246.678	213.3636	0.9309648	0.377838	0.051483	0.488032	0.0826472	2.876243	0.2799355
26196	-1029.705	-1243.447	213.7425	0.8672642	0.347445	0.052479	0.51583	0.0842461	2.665997	0.3765499
26202	-1011.322	-1224.925	213.6029	0.9446807	0.339942	0.241811	0.311417	0.106829	2.71434	0.3598845
26208	-1018.484	-1231.777	213.2934	1.26288	0.0929184	0.652745	0.146304	0.108032	2.748874	0.4191936
26214	-1014.427	-1227.821	213.3938	1.250306	0.254899	0.305225	0.25998	0.179896	2.660149	0.4191936
26220	-1019.295	-1232.322	213.0273	0.8837047	0.204903	0.249728	0.323165	0.222204	3.142995	0.221202
26226	-1026.089	-1239.244	213.1543	0.8684217	0.123394	0.194932	0.44715	0.234523	3.134861	0.270825
26232	-1015.812	-1229.133	213.3205	0.6456679	0.266902	0.20726	0.322832	0.203007	3.073051	0.21104
26238	-1009.638	-1222.952	213.3143	0.6456679	0.156513	0.195421	0.455631	0.192436	3.073051	0.2087722
26244	-1035.284	-1248.603	213.3188	1.371255	0.0501452	0.459252	0.346121	0.144482	2.631944	0.4412811
26250	-1031.792	-1244.435	212.643	0.9969368	0.188568	0.314811	0.275272	0.221349	3.239757	0.167045
26256	-1013.584	-1225.981	212.3976	1.199829	0.312516	0.064963	0.456212	0.166309	3.287875	0.167045
26262	-1019.593	-1232.449	212.8559	0.7439349	0.148712	0.0963929	0.676932	0.0779631	3.287875	0.167045
26268	-1006.583	-1219.48	212.8971	0.7439349	0.0868189	0.0875504	0.754819	0.0708113	3.322869	0.1879697
26274	-1023.463	-1236.433	212.9698	0.7975076	0.453738	0.0177714	0.412745	0.115745	3.193763	0.1879697
26280	-1028.672	-1241.186	212.5137	0.9801369	0.38101	0.038043	0.344524	0.236422	3.308499	0.1491728
26286	-1023.671	-1235.784	212.113	1.567878	0.240746	0.024038	0.38741	0.347806	3.308499	0.1846089
26292	-1002.961	-1215.76	212.7993	1.027471	0.207721	0.0904372	0.464045	0.237796	3.227854	0.2221542
26298	-1022.457	-1235.155	212.6978	0.9752122	0.203926	0.0459932	0.44068	0.309401	3.31665	0.1985845
26304	-1024.006	-1236.825	212.8195	0.8541034	0.224371	0.313851	0.204996	0.256782	3.280539	0.1866202
26310	-1017.737	-1230.758	213.0203	0.5323653	0.179976	0.251751	0.406872	0.161401	3.292794	0.1544903
26316	-1012.358	-1225.04	212.6817	0.7234419	0.186078	0.209463	0.32723	0.277229	3.394244	0.1466319
26322	-1021.86	-1235.385	213.5249	0.7943115	0.14832	0.248711	0.308156	0.294814	2.911044	0.3209313
26328	-1009.485	-1223.124	213.6391	0.6501536	0.101853	0.395537	0.189192	0.313418	2.911044	0.2909593
26334	-1003.489	-1215.887	212.398	1.124495	0.147926	0.30144	0.328843	0.22179	3.349393	0.1645832
26340	-997.8216	-1210.642	212.82	0.5860554	0.211467	0.336021	0.366567	0.0859452	3.431904	0.1532298
26346	-1003.175	-1215.497	212.3224	1.173029	0.173286	0.27535	0.300381	0.250984	3.475239	0.1912232
26352	-1002.279	-1216.222	213.9428	0.5734686	0.156727	0.256789	0.460417	0.126067	2.792532	0.4092552
26358	-993.7797	-1207.994	214.2141	0.5734686	0.324393	0.334149	0.177411	0.164046	2.515973	0.6178255
26364	-1017.999	-1230.375	212.376	1.80215	0.360818	0.361151	0.02072	0.257311	3.08145	0.2811861
26370	-1027.116	-1239.584	212.4679	1.616398	0.228516	0.486435	0.0261304	0.258919	3.06455	0.240031
26376	-1015.366	-1227.991	212.6249	1.631477	0.411746	0.169488	0.0475237	0.371243	2.982937	0.2891667
26382	-1013.32	-1227.103	213.7835	0.822454	0.336487	0.274341	0.189468	0.199704	2.694782	0.4223626
26388	-1033.216	-1246.602	213.3864	1.205599	0.207207	0.183608	0.509728	0.0994568	2.683386	0.3706603
26394	-994.5302	-1208.175	213.6448	0.6481153	0.198466	0.199702	0.572872	0.0289601	2.983364	0.361268
26400	-998.3491	-1212.114	213.7648	0.6481153	0.084055	0.199656	0.499247	0.217041	2.902446	0.4378299
26406	-1004.34	-1217.808	213.4673	0.7626679	0.0581094	0.266332	0.357484	0.318075	3.051635	0.3783011
26412	-1016.655	-1230.415	213.7601	0.7409023	0.237889	0.191267	0.342201	0.228643	2.807231	0.4323481
26418	-1019.216	-1233.244	214.0287	0.6029677	0.0773213	0.31804	0.27708	0.327559	2.694105	0.4842547
26424	-1025.974	-1239.595	213.6209	0.7794315	0.287525	0.391612	0.181588	0.139275	2.862081	0.3534278
26430	-1022.952	-1236.581	213.6286	0.7539782	0.247492	0.337087	0.275611	0.13981	2.881233	0.3534278
26436	-1014.316	-1228.411	214.0956	0.5125829	0.306331	0.31073	0.254061	0.128878	2.7208	0.5110434
26442	-1026.464	-1239.751	213.2875	1.457555	0.10177	0.33358	0.259566	0.305084	2.594326	0.507556
26448	-1031.101	-1244.821	213.7197	0.9063175	0.218238	0.329203	0.324606	0.127953	2.665364	0.4067225
26454	-1016.892	-1230.376	213.4839	1.069898	0.286414	0.290298	0.286244	0.137044	2.737105	0.4067225
26460	-1010.452	-1223.997	213.545	1.069898	0.222266	0.0708808	0.488088	0.218765	2.672934	0.400452
26466	-1024.975	-1238.728	213.7531	0.7094741	0.347618	0.186531	0.285898	0.179952	2.820731	0.3763177
26472	-1011.466	-1225.311	213.8451	0.6281385	0.364875	0.267488	0.200682	0.166955	2.77832	0.3321008
26478	-998.6717	-1211.959	213.287	1.25244	0.32288	0.160478	0.460868	0.055774	2.752158	0.3917081
26484	-1005.542	-1219.2	213.6578	1.25244	0.331538	0.209277	0.401915	0.0572696	2.39756	0.5789905
26490	-1006.438	-1220.14	213.7019	1.110879	0.221527	0.139835	0.535469	0.103169	2.487723	0.5789905
26496	-1003.678	-1217.624	213.9466	0.7937624	0.300172	0.32589	0.31353	0.060408	2.570973	0.4554947
26502	-1009.785	-1223.916	214.1303	0.5134275	0.0818575	0.297607	0.578769	0.0417665	2.681192	0.4554947
26508	-998.9362	-1213.347	214.4105	0.4827159	0.189895	0.381764	0.339409	0.0889322	2.364123	0.7138229
26514	-1024.167	-1236.901	212.7338	1.615444	0.280823	0.0771323	0.376284	0.265761	2.932917	0.3253054
26520	-1018.326	-1231.495	213.1696	1.436551	0.198843	0.323309	0.404218	0.0736302	2.726669	0.4564762
26526	-1016.186	-1230.158	213.9712	0.7256568	0.185947	0.460765	0.251695	0.101592	2.62144	0.4794727
26532	-1003.356	-1217.445	214.0882	0.581933	0.163832	0.311147	0.480061	0.0449599	2.648994	0.4387946
26538	-1014.059	-1228.279	214.2199	0.581933	0.148749	0.179805	0.560789	0.110657	2.524482	0.4792858
26544	-990.1977	-1204.111	213.9129	0.8407583	0.274308	0.309234	0.312683	0.103775	2.558652	0.5238655
26550	-989.1774	-1202.746	213.5688	1.033706	0.155653	0.358365	0.456379	0.0296037	2.700358	0.4415349
26556	-999.2305	-1213.308	214.0774	0.6980433	0.0586846	0.277321	0.58473	0.0792645	2.543982	0.5270369
26562	-996.8108	-1210.798	213.9871	0.6980433	0.13276	0.260026	0.420657	0.186557	2.635186	0.4841337
26568	-990.829	-1204.77	213.941	0.7960517	0.244152	0.239167	0.434321	0.0823613	2.559328	0.603892
26574	-996.5797	-1210.618	214.0382	0.7960517	0.301284	0.162397	0.378961	0.157358	2.454801	0.623671
26580	-1008.378	-1222.634	214.2557	0.5858723	0.228122	0.134223	0.580132	0.0575223	2.457238	0.6284528
26586	-990.5916	-1204.759	214.1672	0.7467477	0.199535	0.242716	0.507434	0.0503141	2.300885	0.7627364
26592	-985.4327	-1199.678	214.2451	0.6743025	0.285632	0.22359	0.39222	0.0985581	2.299617	0.7627364
26598	-998.0084	-1212.065	214.0565	0.8967438	0.258023	0.177511	0.445052	0.119413	2.255089	0.7627364
26604	-996.3656	-1210.729	214.3635	0.6378929	0.278071	0.208559	0.479632	0.0337384	2.132974	0.8745807
26610	-1013.963	-1228.309	214.346	0.6656062	0.251438	0.169926	0.48328	0.0953555	2.208571	0.7618169
26616	-1015.235	-1229.337	214.1017	0.6656062	0.204233	0.175423	0.596889	0.0234551	2.452848	0.7618169
26622	-1010.271	-1224.368	214.0964	0.7320019	0.261053	0.114407	0.577516	0.0470233	2.452848	0.6498631
26628	-1002.604	-1217.036	214.4313	0.6464805	0.0487771	0.308533	0.60654	0.0361498	2.196895	0.6736419
26634	-1018.552	-1232.807	214.255	0.8584749	0.0468547	0.361365	0.323065	0.268714	2.038986	0.8388224
26640	-1011.888	-1226.209	214.3216	0.6419125	0.172984	0.380312	0.247834	0.198871	2.234081	0.7953846
26646	-1002.058	-1216.532	214.4746	0.5597824	0.173703	0.300377	0.368848	0.157072	2.234081	0.6930906
26652	-998.0242	-1212.502	214.4781	0.5059217	0.164811	0.336193	0.349966	0.149031	2.312445	0.6390303
26658	-1004.722	-1219.016	214.2932	0.7318643	0.210458	0.246273	0.465468	0.0778007	2.259408	0.6426384
26664	-992.6295	-1207.068	214.4381	0.4499695	0.273393	0.108584	0.506325	0.111698	2.432915	0.5599795
26670	-999.2728	-1213.336	214.0636	0.8004436	0.143541	0.272223	0.489807	0.0944295	2.397561	0.6819871
26676	-999.1288	-1213.263	214.1341	0.8004436	0.197491	0.099061	0.652476	0.0509724	2.260054	0.7872792
26682	-1000.685	-1214.859	214.1742	0.684616	0.202557	0.182796	0.562581	0.052066	2.400363	0.6981188
26688	-1004.501	-1218.805	214.3038	0.5459449	0.291127	0.170156	0.523678	0.0150392	2.407358	0.7135342
26694	-990.6344	-1204.728	214.0936	0.7528089	0.276244	0.422397	0.287089	0.0142704	2.389713	0.7299323
26700	-1006.224	-1220.455	214.231	0.7083378	0.100334	0.566406	0.222795	0.110465	2.341603	0.6534347
26706	-999.695	-1213.817	214.1215	0.7437539	0.111698	0.372887	0.46976	0.0456548	2.41363	0.6534347
26712	-997.4888	-1210.226	212.737	2.326346	0.284216	0.267001	0.136488	0.312295	2.453159	0.5990713
26718	-1004.573	-1217.557	212.9841	1.944547	0.228592	0.016345	0.465609	0.289454	2.348207	0.8292078
26724	-1011.978	-1226.048	214.0695	0.7562006	0.22897	0.0147173	0.466379	0.289933	2.264403	0.9168746
26730	-1009.302	-1223.229	213.927	1.056023	0.279625	0.014916	0.569555	0.135904	2.112785	0.9028442
26736	-1006.786	-1220.532	213.7467	1.128062	0.269177	0.0143587	0.670984	0.0454806	2.281682	0.8334679
26742	-1004.996	-1215.983	210.9878	5.867653	0.217108	0.0302329	0.54119	0.21147	2.238151	0.8632294
26748	-1008.061	-1219.737	211.6759	4.340684	0.54073	0.0516978	0.0599373	0.347635	2.205038	0.8632294
26754	-1025.459	-1236.531	211.0717	4.921036	0.484603	0.16003	0.0522601	0.303108	2.098819	1.28503
26760	-1020.81	-1232.846	212.0361	3.253632	0.259704	0.247555	0.0280068	0.464734	2.081583	1.186142
26766	-1011.882	-1224.618	212.7365	2.043509	0.156844	0.34693	0.215557	0.280669	1.870408	1.425633
26772	-1044.144	-1258.217	214.0728	0.7611995	0.220562	0.261379	0.137487	0.380571	1.943438	1.212988
26778	-1022.151	-1236.087	213.9356	0.878519	0.113811	0.488644	0.18279	0.214755	2.178334	1.012676
26784	-1015.756	-1228.88	213.1236	1.680887	0.131902	0.269655	0.388458	0.209984	2.090414	1.160564
26790	-1007.255	-1221.771	214.5164	0.3647083	0.180006	0.207747	0.557047	0.0551992	1.907063	1.201857
26796	-1014.435	-1228.211	213.7756	0.9383353	0.177389	0.377881	0.241675	0.203055	2.114025	1.163697
26802	-993.1502	-1207.228	214.0778	0.7195174	0.16022	0.242727	0.547462	0.049591	2.108005	1.102467
26808	-1002.492	-1216.844	214.352	0.4289377	0.122987	0.354269	0.495224	0.0275207	2.128544	1.104509
26814	-1032.455	-1246.113	213.6576	1.167102	0.348583	0.125838	0.330921	0.194658	2.355723	0.8047845
26820	-1011.612	-1225.997	214.3845	0.5284733	0.177237	0.295719	0.503795	0.023249	2.200935	0.9031782
26826	-1020.64	-1234.708	214.0684	0.9061847	0.0760081	0.33285	0.567051	0.0240917	2.150537	0.8700253
26832	-1008.713	-1222.561	213.8482	1.212314	0.151346	0.591787	0.216155	0.0407119	2.069755	0.8700253
26838	-1018.923	-1231.491	212.5687	2.538669	0.17718	0.0284351	0.631273	0.163111	2.422736	0.7153543
26844	-1011.618	-1224.829	213.2108	1.643551	0.386573	0.0460827	0.23825	0.329094	2.471069	0.6590081
26850	-1001.324	-1214.945	213.6205	1.189402	0.453113	0.0217631	0.433284	0.0918398	2.463336	0.6590081
26856	-1001.095	-1215.147	214.0518	0.7809541	0.453113	0.0217631	0.433284	0.0918398	2.463336	0.6070052
26862	-998.2835	-1212.445	214.1617	0.6826232	0.118602	0.0222742	0.765127	0.0939964	2.369559	0.7694982
26868	-999.0274	-1213.381	214.3531	0.5355749	0.0927633	0.499309	0.279473	0.128454	2.429832	0.5753536
26874	-1007.49	-1220.845	213.3545	1.500444	0.321511	0.05617	0.522554	0.0997652	2.185458	0.99789
26880	-1029.993	-1244.385	214.3924	0.5135431	0.162858	0.0921465	0.698519	0.0464767	2.185458	0.928178
26886	-1020.434	-1234.712	214.2772	0.6533559	0.344058	0.194671	0.436356	0.0249151	2.223888	0.8495095
26892	-1013.22	-1227.275	214.0546	0.6861288	0.384379	0.32185	0.199904	0.0938664	2.487748	0.7476923
26898	-1000.684	-1214.008	213.3239	1.488377	0.295469	0.0698583	0.38982	0.244853	2.487748	0.6621913
26904	-1017.65	-1231.047	213.3962	1.488377	0.517736	0.0165585	0.256031	0.209675	1.805942	1.30686
26910	-1006.058	-1218.834	212.7767	2.176719	0.262638	0.443662	0.0257421	0.267957	1.88345	1.30686
26916	-1010.667	-1223.536	212.8694	1.969179	0.348288	0.0402183	0.24883	0.362664	2.089307	1.185259
26922	-1010.479	-1224.671	214.1919	0.7638934	0.230437	0.0838649	0.591258	0.0944401	2.281777	0.7266594
26928	-1009.926	-1224.191	214.2645	0.7638934	0.229219	0.414096	0.275849	0.0808361	2.234805	0.6824443
26934	-1009.943	-1223.951	214.0076	0.5253316	0.264734	0.0866015	0.570036	0.0786287	2.234805	1.231206
26940	-1020.872	-1235.122	214.2493	0.5253316	0.301759	0.201566	0.442877	0.0537973	2.107145	1.132389
26946	-1011.558	-1225.383	213.8249	1.141081	0.356956	0.289201	0.276656	0.0771867	2.153745	0.8782117
26952	-1017.933	-1232.093	214.1604	0.7067063	0.208059	0.278798	0.39816	0.114983	2.106245	1.039314
26958	-1012.015	-1226.345	214.3297	0.6198391	0.318844	0.36945	0.22622	0.0854856	1.991089	1.075156
26964	-1024.928	-1238.779	213.8507	1.083827	0.137423	0.293651	0.226722	0.342203	2.124746	0.9433151
26970	-1019.617	-1233.657	214.0395	0.914707	0.361126	0.357022	0.0478161	0.234036	2.298009	0.6916636
26976	-1014.215	-1228.07	213.8551	0.9618147	0.394461	0.391734	0.0397175	0.174087	2.298009	0.8807692
26982	-1011.845	-1225.903	214.0589	0.9618147	0.256058	0.298497	0.254268	0.191177	2.095175	0.8796742
26988	-1020.857	-1234.934	214.0769	0.6712181	0.284046	0.331123	0.235478	0.149354	2.317069	0.9490077
26994	-1017.295	-1231.092	213.7973	0.9252543	0.246155	0.326626	0.0686728	0.358546	2.005152	1.249562
27000	-1018.175	-1231.697	213.5217	0.9895926	0.343607	0.215553	0.1775	0.263339	2.066855	1.369923
27006	-1026.375	-1239.796	213.4212	1.250483	0.32603	0.382432	0.16842	0.123117	2.217639	1.116493
27012	-1013.88	-1227.44	213.5598	1.31403	0.306255	0.308512	0.158205	0.227029	2.085171	1.056655
27018	-1018.066	-1230.97	212.9034	1.534713	0.0990859	0.43585	0.204651	0.260412	1.854193	1.615127
27024	-1021.873	-1234.543	212.6692	1.001632	0.257799	0.321591	0.170766	0.249845	1.612744	2.269642
27030	-1011.995	-1223.984	211.9889	1.001632	0.2293	0.473745	0.0880484	0.208907	1.729162	2.62418
27036	-1018.683	-1231.258	212.5752	1.304577	0.300102	0.343673	0.18398	0.172246	1.551229	2.183035
27042	-1034.855	-1246.266	211.4111	1.304577	0.410442	0.147348	0.228388	0.213822	1.73465	2.797311
27048	-1020.784	-1234.157	213.3737	0.5209706	0.437714	0.171956	0.266532	0.123798	1.666646	2.101893
27054	-1013.98	-1227.062	213.0823	1.06345	0.279522	0.100382	0.552435	0.0676605	1.815264	1.821144
27060	-1017.755	-1231.623	213.867	0.9630134	0.247555	0.164266	0.399485	0.188694	2.138861	1.033959
27066	-1029.284	-1242.358	213.0736	1.533997	0.180579	0.113756	0.48569	0.219975	1.995872	1.381294
27072	-1025.753	-1239.497	213.7444	0.9079898	0.137364	0.16479	0.627573	0.0702724	1.912464	1.381294
27078	-1019.673	-1233.18	213.5077	1.194326	0.541237	0.0425692	0.363692	0.052502	1.867012	1.381294
27084	-1012.604	-1225.27	212.6662	0.6504258	0.157416	0.257594	0.511194	0.0737952	1.922307	2.306871
27090	-1009.487	-1222.922	213.4347	0.7228296	0.33881	0.107014	0.500281	0.0538955	1.832409	1.807179
27096	-1000.781	-1214.39	213.6091	0.6129409	0.200582	0.274287	0.307395	0.217736	1.876305	1.736102
27102	-1011.939	-1225.562	213.6228	0.7174135	0.238327	0.0884194	0.479294	0.19396	2.106081	1.478902
27108	-999.0345	-1212.003	212.9681	0.7174135	0.137828	0.254662	0.495341	0.112169	1.771513	2.16383
27114	-1030.218	-1242.615	212.3972	0.7515175	0.356244	0.0801959	0.471398	0.0921624	1.93348	2.402582
27120	-1044.887	-1258.3	213.4132	0.7154962	0.243093	0.377755	0.321672	0.0574804	1.734448	1.894333
27126	-1017.796	-1230.499	212.7031	0.7656897	0.295782	0.256783	0.340046	0.107389	1.870404	2.238285
27132	-1022.025	-1234.879	212.8531	0.8588138	0.2306	0.468129	0.244312	0.0569588	2.02746	1.973026
27138	-1019.829	-1232.786	212.9569	0.802549	0.248349	0.137711	0.404329	0.209611	1.717875	2.147606
27144	-1018.044	-1228.721	210.6771	0.802549	0.195122	0.302596	0.246966	0.255317	1.52258	3.650437
27150	-1033.207	-1245.204	211.9967	1.241889	0.210066	0.133722	0.220927	0.435285	1.660144	2.518114
27156	-1024.655	-1235.07	210.4155	1.645581	0.308307	0.175005	0.324247	0.192442	1.416528	3.40411
27162	-1022.196	-1235.966	213.7707	0.9289232	0.284058	0.0584869	0.278625	0.37883	2.605072	0.5571018
27168	-1021.857	-1235.851	213.9945	0.7241413	0.156198	0.0521417	0.398849	0.392811	2.600545	0.5046964
27174	-1042.467	-1254.84	212.3736	0.7522168	0.329717	0.0807735	0.448221	0.141288	1.482416	2.697436
27180	-1024.22	-1238.179	213.9594	0.7698908	0.297508	0.13857	0.465201	0.0987202	1.907866	1.328306
27186	-1035.274	-1249.029	213.7547	0.8287798	0.279762	0.0832355	0.437452	0.19955	2.005556	1.364371
27192	-1038.237	-1252.233	213.9963	0.8287798	0.260406	0.0166417	0.688749	0.0342033	2.334822	0.830986
27198	-1029.923	-1243.77	213.8471	0.8767237	0.433778	0.0111208	0.519224	0.0358777	2.315716	0.9651021
27204	-1028.354	-1241.64	213.2859	1.229095	0.381102	0.0391416	0.536722	0.0430344	1.779128	1.590164
27210	-1029.347	-1242.984	213.6376	1.009352	0.314631	0.0524084	0.451368	0.181592	2.095217	1.236854
27216	-1034.181	-1247.724	213.5436	1.009352	0.216289	0.0918521	0.383345	0.308514	2.096532	1.313097
27222	-1022.093	-1235.68	213.5879	1.377444	0.334066	0.0249739	0.604131	0.0368287	2.302592	0.697726
27228	-1018.381	-1232.177	213.7963	1.135027	0.263586	0.0220785	0.399793	0.314542	2.286405	0.7506278
27234	-1021.845	-1235.487	213.6424	1.286516	0.346365	0.0263142	0.257733	0.369587	2.348869	0.6630333
27240	-1029.934	-1242.871	212.9371	1.306574	0.399375	0.0046656	0.419845	0.176114	2.218789	1.469485
27246	-1059.808	-1270.827	211.0193	1.285929	0.505186	0.00183158	0.379748	0.113234	1.686159	3.073052
27252	-1031.537	-1244.912	213.375	1.164364	0.434525	0.00676769	0.436495	0.122213	2.773147	0.4739742
27258	-1026.706	-1239.248	212.5417	1.910895	0.405809	0.176868	0.303186	0.114137	2.919498	0.3588284
27264	-1020.068	-1233.346	213.2785	1.060892	0.364358	0.21277	0.315941	0.106931	2.870222	0.3075737
27270	-1010.667	-1223.727	213.0608	1.28985	0.442404	0.237884	0.0902037	0.229508	2.870222	0.3075737
27276	-1013.395	-1227.043	213.6476	0.8653412	0.133593	0.439788	0.120367	0.306252	2.774228	0.39574
27282	-1016.799	-1230.09	213.2914	1.309474	0.410771	0.322175	0.0427029	0.224351	2.701673	0.4042217
27288	-1007.556	-1220.174	212.618	2.068286	0.384652	0.30169	0.0358574	0.2778	2.773431	0.4824078
27294	-1020.876	-1233.847	212.9708	1.565673	0.335443	0.331215	0.0283547	0.304988	2.789229	0.3891983
27300	-1014.6	-1227.339	212.739	1.844299	0.16063	0.367342	0.0244893	0.447539	2.762268	0.3451184
27306	-1026.052	-1237.944	211.8919	3.184211	0.142616	0.509705	0.0168715	0.330808	2.766071	0.4395542
27312	-1020.245	-1233.712	213.4667	1.38685	0.102878	0.652866	0.0789587	0.165298	2.464001	0.5872029
27318	-1021.495	-1235.45	213.9552	1.010991	0.061171	0.641806	0.0776211	0.219402	2.311065	0.639362
27324	-1028.311	-1242.377	214.0662	1.003041	0.387005	0.0753051	0.301209	0.236481	2.145204	0.7517322
27330	-1002.763	-1216.757	213.9932	0.8360315	0.240442	0.247487	0.381008	0.131062	2.217381	0.9592476
27336	-1009.38	-1223.544	214.1644	0.8990937	0.242521	0.149826	0.398652	0.209001	1.88521	1.054446
27342	-1015.312	-1229.66	214.348	0.7028786	0.112992	0.538456	0.218393	0.130159	2.200007	0.7104656
27348	-1006.68	-1221.043	214.3626	0.6379668	0.166426	0.297917	0.415679	0.119978	2.249091	0.7188614
27354	-999.8067	-1213.755	213.9482	0.9485791	0.169721	0.320974	0.423601	0.0857043	2.384605	0.6303631
27360	-993.3783	-1207.74	214.3621	0.6277412	0.129917	0.359955	0.499595	0.0105322	2.26603	0.7095512
27366	-997.2703	-1211.526	214.2552	0.6036148	0.142212	0.270176	0.551932	0.0356805	2.425041	0.6598769
27372	-1034.657	-1248.646	213.9893	1.113248	0.205013	0.384078	0.262666	0.148243	1.91069	0.9917674
27378	-1029.558	-1243.095	213.5368	1.58881	0.184919	0.462852	0.156349	0.19588	2.016283	0.9046308
27384	-1035.187	-1249.281	214.0936	0.8576892	0.186926	0.467877	0.14719	0.198007	2.083788	0.9704105
27390	-1013.824	-1227.873	214.0489	0.7136566	0.163962	0.148666	0.619411	0.0679613	2.552589	0.5501957
27396	-1000.138	-1214.286	214.1473	0.7136566	0.286694	0.306496	0.363208	0.0436018	2.425565	0.6405181
27402	-998.4601	-1212.959	214.4986	0.4216971	0.380887	0.237411	0.336362	0.0453401	2.29911	0.7664071
27408	-1001.731	-1216.105	214.374	0.4838006	0.21148	0.195442	0.547793	0.0452845	2.29911	0.8533294
27414	-1010.042	-1223.645	213.6031	1.295796	0.145567	0.148388	0.652134	0.0539101	2.340203	0.7328656
27420	-1000.813	-1214.538	213.7255	1.295796	0.186644	0.113782	0.500046	0.199528	2.167479	0.8049287
27426	-1004.288	-1218.061	213.7734	0.8078548	0.0926025	0.115922	0.588195	0.203281	1.868157	1.47288
27432	-1011.189	-1225.276	214.0876	0.7376778	0.260676	0.32632	0.218548	0.194456	2.325163	0.8483938
27438	-1005.449	-1219.275	213.826	0.9964001	0.182154	0.21787	0.38705	0.212926	1.889705	1.261828
27444	-1013.987	-1226.898	212.9108	1.539766	0.338912	0.0724904	0.399414	0.189183	1.685913	1.726846
27450	-1000.102	-1213.217	213.1146	0.7600993	0.283348	0.17937	0.33393	0.203352	1.742356	2.057365
27456	-1000.419	-1213.379	212.9603	1.267645	0.341606	0.21625	0.196981	0.245162	1.417278	2.040734
27462	-1004.785	-1216.915	212.1301	2.252887	0.256948	0.37013	0.110452	0.262471	1.508496	2.00443
27468	-1011.009	-1222.804	211.7951	1.611719	0.156211	0.342038	0.223574	0.278176	1.616468	2.467524
27474	-1003.262	-1215.018	211.7568	1.069865	0.217625	0.216285	0.269169	0.296921	1.555979	2.830972
27480	-998.6662	-1211.352	212.6854	1.776961	0.164809	0.428795	0.193237	0.213159	1.720724	1.723392
27486	-1015.687	-1229.425	213.7386	1.097838	0.235744	0.189868	0.21535	0.359038	2.161625	1.006483
27492	-1021.212	-1235.235	214.023	0.8751052	0.35574	0.232786	0.18873	0.222744	2.212619	0.8877301
27498	-1009.819	-1223.992	214.173	0.7300595	0.294085	0.118066	0.403709	0.18414	2.242017	0.8554406
27504	-1026.456	-1240.626	214.1703	0.7324324	0.231318	0.245694	0.378149	0.144839	2.276574	0.8125161
27510	-1020.678	-1234.749	214.0711	0.8268349	0.142634	0.160235	0.540048	0.157083	2.276574	0.8125161
27516	-1019.252	-1233.362	214.1104	0.7044749	0.149526	0.373768	0.37959	0.097117	2.350695	0.8320467
27522	-1004.04	-1217.78	213.7405	1.021153	0.182631	0.166195	0.463633	0.187541	2.504023	0.6644003
27528	-1018.815	-1232.901	214.0859	0.6415606	0.247571	0.162753	0.297539	0.292137	2.584583	0.4262615
27534	-1021.543	-1235.55	214.0075	0.6313706	0.227315	0.251705	0.370886	0.150094	2.685855	0.5002021
27540	-1015.498	-1229.73	214.2322	0.5328941	0.459155	0.16236	0.281668	0.0968167	2.558327	0.449686
27546	-1009.957	-1224.124	214.1675	0.5540285	0.313762	0.106346	0.559279	0.0206135	2.544428	0.6980073
27552	-1004.897	-1219.245	214.348	0.4338461	0.38418	0.130213	0.460367	0.0252398	2.544428	0.5078603
27558	-1009.028	-1222.848	213.8195	0.9155258	0.407347	0.0874892	0.448524	0.0566404	2.545023	0.6351274
27564	-1020.072	-1233.826	213.7538	0.9930751	0.224239	0.13374	0.295117	0.346904	2.532198	0.6351274
27570	-1007.739	-1221.417	213.6787	1.054571	0.14978	0.179806	0.432868	0.237547	2.532198	0.6655299
27576	-998.6776	-1213.147	214.4694	0.4489357	0.28499	0.192515	0.463462	0.0590335	2.398671	0.5761583
27582	-1013.958	-1227.976	214.0185	0.7089635	0.328747	0.169905	0.275685	0.225663	2.580778	0.5811011
27588	-1015.254	-1229.236	213.9827	0.7089635	0.441353	0.122933	0.347516	0.0881979	2.580778	0.6707316
27594	-1017.234	-1231.135	213.9015	0.7576332	0.232895	0.153711	0.598411	0.0149832	2.657251	0.5220735
27600	-1003.368	-1217.303	213.9353	0.725709	0.178538	0.320804	0.496684	0.00397467	2.657251	0.5220735
27606	-1010.494	-1224.566	214.0723	0.6791699	0.428814	0.0945775	0.456816	0.019792	2.539873	0.6340791
27612	-1010.788	-1224.871	214.0822	0.7041708	0.469906	0.0760659	0.43811	0.0159181	2.503497	0.6340791
27618	-1008.914	-1223.192	214.2774	0.701889	0.318165	0.0726248	0.587852	0.0213587	2.301712	0.6541413
27624	-1010.172	-1224.134	213.9624	0.9464843	0.193137	0.0509893	0.605752	0.150121	2.298585	0.7625224
27630	-1007.392	-1221.398	214.0064	0.7768266	0.291846	0.0234679	0.446834	0.237853	2.264787	0.9606938
27636	-1006.924	-1220.723	213.7985	1.004245	0.120456	0.124099	0.514638	0.240807	2.192258	1.008196
27642	-998.1675	-1212.348	214.1809	0.7188905	0.316018	0.100126	0.397745	0.186111	2.119867	0.9929972
27648	-1014.488	-1228.408	213.9194	0.6146969	0.349895	0.188184	0.295861	0.16606	2.039348	1.385847
27654	-1026.49	-1240.484	213.9937	0.8177261	0.142174	0.459751	0.235001	0.163074	2.151667	1.043474
27660	-1013.76	-1228.098	214.3385	0.4950207	0.136255	0.300291	0.49157	0.0718844	2.344978	0.8268092
27666	-1015.394	-1229.595	214.2017	0.6659366	0.139113	0.334191	0.428725	0.0979705	2.313725	0.8148873
27672	-1007.114	-1221.38	214.266	0.6029208	0.150694	0.321427	0.438978	0.0889007	2.213591	0.934655
27678	-1025.046	-1238.988	213.9416	0.839632	0.167948	0.243736	0.489238	0.099079	2.32932	0.8894136
27684	-1006.73	-1220.906	214.1751	0.7880359	0.10245	0.282839	0.379022	0.235689	2.302309	0.6758392
27690	-1011.437	-1224.69	213.2524	1.663859	0.225416	0.379561	0.051614	0.34341	2.299349	0.8325994
27696	-1020.521	-1234.171	213.6502	0.9991375	0.141371	0.508474	0.0691441	0.281011	2.657861	0.4631709
27702	-1029.638	-1242.243	212.6047	1.16851	0.230045	0.38394	0.0777134	0.308301	1.937665	1.992984
27708	-1037.668	-1249.576	211.9081	2.404629	0.273511	0.2884	0.274906	0.163184	1.744768	1.924317
27714	-1041.15	-1253.97	212.8206	1.711525	0.348325	0.111145	0.339188	0.201342	1.925336	1.515536
27720	-1033.791	-1246.109	212.3179	1.574775	0.248331	0.164184	0.29514	0.292345	1.630893	2.144213
27726	-1023.282	-1234.019	210.7377	1.574775	0.267872	0.134241	0.300366	0.297522	1.918948	2.94973
27732	-1024.253	-1235.695	211.4427	3.100075	0.207044	0.327179	0.23216	0.233616	1.989852	1.774548
27738	-1035.373	-1245.67	210.2971	2.539513	0.308766	0.307902	0.191067	0.192265	1.994668	2.735585
27744	-998.6469	-1212.37	213.7236	0.9214141	0.242771	0.0454396	0.658464	0.0533255	2.665879	0.4950945
27750	-1016.46	-1230.248	213.7875	0.9425351	0.283705	0.0211132	0.617164	0.0780177	2.578918	0.4726749
27756	-1029.762	-1243.753	213.9913	0.524324	0.330521	0.00534201	0.594704	0.0694329	2.79863	0.4188113
27762	-1024.842	-1238.333	213.491	0.4843553	0.332068	0.261797	0.295023	0.111111	1.763527	1.984269
27768	-1024.141	-1235.955	211.814	0.5596347	0.267214	0.389633	0.261248	0.0819048	1.91391	2.899056
27774	-1021.027	-1232.52	211.4927	0.4189693	0.154423	0.319139	0.494515	0.0319226	1.461562	3.440125
27780	-1019.52	-1232.712	213.1922	0.5503273	0.0971228	0.584692	0.311019	0.00716584	1.661983	2.203584
27786	-1025.244	-1237.305	212.061	0.6563951	0.0899948	0.433486	0.469879	0.00663993	1.735782	2.795686
27792	-1010.457	-1223.161	212.7041	0.6563951	0.103316	0.497652	0.391409	0.00762279	1.742416	2.393017
27798	-1023.621	-1237.336	213.7149	0.493447	0.187907	0.173946	0.623633	0.0145143	2.025802	1.642008
27804	-1031.236	-1244.567	213.3313	0.7070305	0.211737	0.349694	0.417411	0.0211576	1.809762	1.904865
27810	-1017.932	-1230.045	212.1122	0.7589596	0.144779	0.488611	0.332529	0.0340811	1.472624	2.858471
27816	-1017.452	-1231.638	214.1859	0.5513708	0.047975	0.679671	0.232639	0.0397153	1.733417	1.467052
27822	-1023.963	-1238.556	214.5934	0.4971189	0.0808145	0.618062	0.222022	0.0791014	1.733417	1.183408
27828	-1009.877	-1223.966	214.0888	0.7083424	0.124187	0.452658	0.3016	0.121555	1.854148	1.319773
27834	-1012.968	-1226.289	213.3214	1.477099	0.232134	0.29954	0.330146	0.138179	2.072848	1.153146
27840	-1022.563	-1235.093	212.53	2.515972	0.133228	0.420657	0.192948	0.253168	2.072848	1.158064
27846	-1027.215	-1241.106	213.8912	0.7075061	0.110653	0.484666	0.318579	0.086102	2.145837	1.243304
27852	-1011.167	-1224.914	213.7477	0.9950879	0.226213	0.272267	0.22976	0.27176	2.567292	0.4953306
27858	-1024.36	-1238.229	213.8693	0.7420249	0.176342	0.288549	0.245531	0.289578	2.706874	0.4953306
27864	-1002.755	-1216.153	213.3981	1.185127	0.228214	0.30699	0.197376	0.26742	2.731652	0.4953306
27870	-999.7268	-1213.33	213.6032	1.083637	0.279142	0.375498	0.152651	0.192708	2.624253	0.501939
27876	-1003.781	-1217.649	213.8678	0.7287435	0.253925	0.0716298	0.55262	0.121826	2.713785	0.4369115
27882	-1014.849	-1228.84	213.9911	0.5633537	0.429508	0.12116	0.439215	0.0101178	2.760502	0.4235167
27888	-1011.647	-1225.632	213.9843	0.5633537	0.254173	0.253371	0.477966	0.0144904	2.760502	0.4069098
27894	-1004.225	-1218.192	213.9668	0.4092666	0.256467	0.255657	0.482279	0.00559781	2.855397	0.3149295
27900	-1015.642	-1229.511	213.8693	0.5781103	0.0901317	0.340959	0.563814	0.00509549	2.791097	0.3177014
27906	-1007.99	-1221.738	213.7474	0.5781103	0.11521	0.494344	0.383866	0.00658125	2.888338	0.2979637
27912	-1010.69	-1224.595	213.9049	0.4179114	0.0388229	0.386468	0.567863	0.00684572	2.888338	0.2979637
27918	-1005.721	-1219.635	213.9139	0.5737371	0.151797	0.340127	0.499093	0.00898218	2.801218	0.3734846
27924	-999.9546	-1213.882	213.9273	0.6461128	0.245817	0.296547	0.444421	0.0132144	2.711743	0.3734846
27930	-1017.21	-1231.383	214.1728	0.4240628	0.327275	0.0634409	0.591691	0.0175933	2.711743	0.4138437
27936	-1000.587	-1214.76	214.1729	0.4240628	0.400564	0.127581	0.417651	0.0542037	2.711669	0.4138437
27942	-1007.795	-1220.629	212.8333	2.300931	0.481475	0.010164	0.114268	0.394093	2.129828	0.9541069
27948	-1008.84	-1222.011	213.1705	1.685537	0.19135	0.14891	0.349263	0.310476	1.947326	1.239737
27954	-1009.822	-1223.687	213.8652	0.7149687	0.144584	0.225496	0.402722	0.227197	2.704034	0.3781017
27960	-999.2363	-1212.806	213.57	0.6683289	0.16967	0.26462	0.299094	0.266616	2.925341	0.2684136
27966	-1003.586	-1217.156	213.57	0.6683289	0.119717	0.289579	0.327304	0.2634	2.925341	0.2684136
27972	-1011.102	-1224.417	213.3155	0.9678207	0.230245	0.566608	0.0784211	0.124727	2.867999	0.2684136
27978	-1017.464	-1230.314	212.8504	1.238317	0.383159	0.414036	0.0541582	0.148647	3.085778	0.2776344
27984	-1004.312	-1217.661	213.3497	0.715191	0.29778	0.42353	0.163166	0.115524	3.085778	0.2626236
27990	-1001.149	-1214.885	213.7354	0.4583558	0.431877	0.232082	0.168494	0.167547	2.912685	0.236508
27996	-1001.357	-1214.588	213.2311	0.681773	0.14536	0.396537	0.225576	0.232526	3.187303	0.236508
28002	-1025.73	-1239.811	214.0814	0.5789973	0.158295	0.594029	0.202114	0.0455626	1.984399	1.330716
28008	-1018.017	-1230.776	212.7586	0.6240282	0.184781	0.357389	0.435908	0.0219219	1.626726	2.453148
28014	-1015.764	-1229.529	213.7646	0.5107915	0.23987	0.238116	0.495616	0.0263982	1.964943	1.637629
28020	-1016.963	-1230.769	213.8065	0.7286625	0.373442	0.363728	0.163824	0.0990064	2.037365	1.381321
28026	-1006.917	-1221.04	214.1236	0.7158915	0.280796	0.288465	0.260317	0.170422	2.104069	1.06715
28032	-991.8651	-1205.856	213.991	0.5238577	0.299878	0.159641	0.414991	0.125489	2.318677	1.174931
28038	-1004.577	-1217.122	212.5446	1.042746	0.236318	0.353882	0.329897	0.0799033	1.898309	2.139131
28044	-1007.634	-1220.89	213.2562	0.8271507	0.173681	0.161691	0.577225	0.087403	2.166125	1.620043
28050	-1017.36	-1229.705	212.3454	1.032157	0.215087	0.339261	0.175977	0.269674	1.747589	2.370715
28056	-1009.266	-1222.05	212.7844	1.057317	0.32024	0.100527	0.318181	0.261052	2.049204	1.869149
28062	-995.0104	-1208.473	213.4629	0.8508747	0.253772	0.212809	0.405232	0.128187	2.242631	1.389256
28068	-1010.373	-1223.43	213.0573	1.583179	0.44524	0.157102	0.303026	0.0946317	2.173123	1.216441
28074	-1002.79	-1216.01	213.2198	1.358412	0.344859	0.367827	0.251259	0.0360552	2.188583	1.231293
28080	-1005.985	-1219.246	213.2616	0.9881414	0.323847	0.258953	0.294469	0.122731	2.330733	1.368092
28086	-1011.453	-1224.878	213.4244	1.004107	0.175182	0.257779	0.400229	0.166811	2.11262	1.398908
28092	-1011.885	-1225.019	213.1337	1.021821	0.105345	0.354233	0.456172	0.0842509	2.125134	1.594664
28098	-1011.333	-1224.01	212.6774	1.318309	0.184767	0.120725	0.656335	0.038173	1.995176	1.809962
28104	-1003.446	-1216.593	213.1468	0.6216865	0.149828	0.339551	0.484196	0.0264246	2.087243	1.903092
28110	-1003.009	-1215.472	212.4627	0.5590213	0.36597	0.13506	0.492798	0.00617209	1.588248	2.70282
28116	-1004.942	-1217.91	212.9683	0.7445681	0.103748	0.339201	0.497031	0.0600193	1.609357	2.249966
28122	-1019.541	-1232.901	213.36	0.2933109	0.0696554	0.227736	0.495967	0.206642	1.537995	2.31256
28128	-1033.429	-1246.406	212.9777	0.5842248	0.0710726	0.413013	0.453642	0.0622719	1.671633	2.31256
28134	-1023.638	-1236.88	213.2417	1.037568	0.394779	0.115258	0.424954	0.0650099	2.928318	0.3062384
28140	-1030.968	-1244.607	213.6391	0.606937	0.204116	0.299201	0.47802	0.0186626	2.962697	0.2952654
28146	-1028.624	-1242.318	213.6932	0.5551423	0.225874	0.331094	0.409069	0.0339627	2.962697	0.2952654
28152	-1021.714	-1235.374	213.6607	0.5827719	0.0538451	0.663642	0.23707	0.0454422	2.962697	0.2926062
28158	-1018.469	-1232.02	213.5502	0.5827719	0.106767	0.48779	0.344961	0.0604817	2.978426	0.2391492
28164	-1015.186	-1228.902	213.7158	0.4043474	0.0227557	0.439411	0.43725	0.100584	2.986944	0.2391492
28170	-1017.353	-1230.977	213.6236	0.5899406	0.0332169	0.350471	0.469489	0.146824	2.969966	0.2777693
28176	-1008.728	-1222.317	213.5893	0.5544532	0.034982	0.493509	0.341966	0.129543	2.969966	0.2397289
28182	-1013.718	-1227.597	213.8795	0.3394728	0.138072	0.435491	0.419636	0.00680137	2.920171	0.2632983
28188	-1004.874	-1219.047	214.1733	0.4284013	0.370158	0.25821	0.344061	0.0275714	2.700272	0.3985075
28194	-1024.737	-1238.876	214.1393	0.4639877	0.391431	0.23521	0.313413	0.0599467	2.701178	0.3985075
28200	-1016.886	-1231.136	214.2498	0.4855447	0.128705	0.252463	0.547135	0.0716959	2.581403	0.4255609
28206	-1004.071	-1217.961	213.8895	0.6424861	0.305843	0.205309	0.413084	0.075763	2.746649	0.3639768
28212	-1007.291	-1221.288	213.9969	0.5611867	0.168882	0.253748	0.472686	0.104683	2.746649	0.3996238
28218	-1010.21	-1223.414	213.2035	1.034672	0.132377	0.42704	0.26523	0.175353	2.992944	0.3265599
28224	-1029.848	-1241.769	211.9215	2.440192	0.157865	0.417137	0.29204	0.132959	1.66151	1.9552
28230	-1035.694	-1249.534	213.8402	0.4889392	0.179316	0.136248	0.47997	0.204466	2.857902	0.2786066
28236	-1029.61	-1242.837	213.227	1.012503	0.153302	0.423712	0.339836	0.0831498	2.932378	0.2810333
28242	-1029.624	-1243.076	213.4518	0.8902852	0.219335	0.317024	0.265474	0.198167	2.888126	0.3243866
28248	-1022.142	-1235.688	213.5457	0.8907609	0.274684	0.283196	0.329497	0.112623	2.812662	0.3432847
28254	-1014.926	-1228.645	213.7188	0.6037841	0.216713	0.308389	0.386044	0.0888544	2.913658	0.3167558
28260	-1037.165	-1250.716	213.5514	1.256143	0.109304	0.153627	0.3709	0.366169	2.323131	0.8729985
28266	-1032.982	-1247.051	214.0688	0.8919056	0.105184	0.514381	0.275007	0.105429	2.30025	0.6766055
28272	-1026.308	-1239.936	213.6273	1.095295	0.230329	0.113157	0.404095	0.25242	2.576482	0.4257515
28278	-1036.503	-1248.489	211.986	3.460027	0.329841	0.0662089	0.242475	0.361476	2.513352	0.4286368
28284	-1023.901	-1237.496	213.595	0.8731641	0.245484	0.152438	0.341609	0.260469	2.833507	0.4306897
28290	-1000.411	-1213.981	213.57	0.8731641	0.22482	0.123831	0.535991	0.115358	2.842085	0.3927368
28296	-1021.467	-1235.247	213.78	0.6324193	0.314269	0.257178	0.267297	0.161256	2.884245	0.3908234
28302	-1033.013	-1245.318	212.3053	2.181104	0.161831	0.202627	0.563628	0.0719138	2.879403	0.2896303
28308	-1026.636	-1240.485	213.8494	0.5345135	0.18728	0.296686	0.348309	0.167725	2.879403	0.340079
28314	-1033.483	-1246.76	213.2776	1.425291	0.466916	0.00726066	0.294601	0.231223	2.632635	0.5024364
28320	-1020.057	-1234.312	214.2554	0.4907567	0.293055	0.351353	0.245559	0.110033	2.582926	0.5025584
28326	-1032.816	-1247.086	214.2694	0.4907567	0.242497	0.290738	0.375715	0.0910498	2.564205	0.5502164
28332	-1016.455	-1230.692	214.2371	0.418908	0.289685	0.270495	0.341423	0.0983969	2.668816	0.5034126
28338	-1024.474	-1238.621	214.1473	0.4653312	0.338881	0.224569	0.354859	0.0816907	2.705627	0.5748332
28344	-1024.972	-1239.124	214.1517	0.4815276	0.183239	0.270164	0.347274	0.199322	2.681438	0.4201884
28350	-1013.055	-1226.945	213.8895	0.7287061	0.139344	0.390923	0.293738	0.175995	2.686327	0.4197977
28356	-1008.669	-1221.904	213.2347	1.076938	0.145211	0.346401	0.143111	0.365278	2.913243	0.3201996
28362	-1003.974	-1217.303	213.329	0.9723986	0.157297	0.375232	0.0717913	0.39568	2.909908	0.3093266
28368	-998.1105	-1211.823	213.7121	0.6052962	0.190887	0.465571	0.054946	0.288596	2.909908	0.3093266
28374	-1002.966	-1216.588	213.6216	0.7300815	0.271732	0.497391	0.148298	0.0825788	2.90103	0.3393911
28380	-996.196	-1209.675	213.4788	0.8853746	0.380379	0.344359	0.182328	0.0929338	2.90103	0.3624391
28386	-1006.613	-1219.612	212.9985	1.396612	0.478017	0.154358	0.229129	0.138496	2.870296	0.3387634
28392	-1020.091	-1233.536	213.4449	0.9167062	0.370477	0.164288	0.299233	0.166002	2.857168	0.3147748
28398	-1012.4	-1226.255	213.8546	0.5110613	0.206646	0.243273	0.482626	0.0674543	2.831624	0.2851265
28404	-1009.054	-1222.949	213.8954	0.5110613	0.25421	0.232266	0.449122	0.0644023	2.831624	0.3157559
28410	-1012.296	-1226.206	213.9092	0.4803356	0.260219	0.214117	0.459739	0.0659247	2.848189	0.3157559
28416	-1017.67	-1230.857	213.1864	0.7302168	0.331376	0.282773	0.25602	0.129832	3.149464	0.2232287
28422	-1001.073	-1214.652	213.5785	0.6374109	0.370679	0.316311	0.283615	0.0293954	2.953638	0.2707878
28428	-993.8744	-1207.524	213.6492	0.6374109	0.0454845	0.329215	0.578448	0.0468528	2.953638	0.3219538
28434	-1002.171	-1216.005	213.8338	0.7223102	0.123003	0.460581	0.335298	0.0811183	2.736409	0.392942
28440	-1013.101	-1226.761	213.6601	0.8615602	0.221117	0.379126	0.253933	0.145823	2.7762	0.4188333
28446	-1026.423	-1240.272	213.8492	0.8622663	0.210958	0.343761	0.163752	0.28153	2.585908	0.4177723
28452	-1010.936	-1224.741	213.8048	0.8622663	0.210278	0.346061	0.270172	0.173489	2.640741	0.452759
28458	-1013.47	-1227.436	213.9659	0.6807747	0.152367	0.348756	0.303797	0.195081	2.675187	0.5030721
28464	-1013.948	-1228.149	214.2009	0.503524	0.0564442	0.472024	0.377186	0.0943456	2.624808	0.4975384
28470	-998.1412	-1212.095	213.9542	0.6975097	0.25936	0.214362	0.420979	0.105299	2.634558	0.6432161
28476	-994.7321	-1208.826	214.0944	0.8327524	0.373477	0.0535596	0.433586	0.139378	2.304498	0.7308791
28482	-1006.353	-1220.237	213.8845	0.8327524	0.189476	0.101018	0.536913	0.172593	2.564842	0.6365139
28488	-1009.241	-1222.937	213.696	1.046771	0.162848	0.397359	0.278093	0.1617	2.539219	0.6287808
28494	-994.6017	-1208.51	213.9081	0.94336	0.0857516	0.446623	0.295692	0.171933	2.3474	0.7749257
28500	-995.4398	-1209.263	213.8234	1.093619	0.270486	0.386335	0.194456	0.148724	2.234482	0.8382412
28506	-1009.502	-1220.97	211.4682	4.372613	0.258072	0.311763	0.241593	0.188572	2.577869	0.5059629
28512	-1006.761	-1218.683	211.922	3.47139	0.284805	0.221345	0.0849602	0.40889	2.582394	0.5059629
28518	-1009.534	-1223.113	213.5784	1.126366	0.381712	0.321832	0.126482	0.169973	2.60757	0.4954702
28524	-1002.661	-1216.405	213.7448	1.006366	0.25531	0.473101	0.115873	0.155716	2.553955	0.5515581
28530	-1014.181	-1227.606	213.4254	1.226848	0.133276	0.274941	0.252483	0.3393	2.658541	0.559434
28536	-997.4203	-1211.465	214.0451	0.6914883	0.23138	0.33069	0.299453	0.138477	2.578845	0.5554702
28542	-1007.102	-1220.695	213.5922	1.141528	0.141909	0.451661	0.309077	0.0973531	2.573407	0.5554702
28548	-1019.028	-1232.625	213.5969	1.086053	0.17931	0.570701	0.167757	0.0822315	2.623016	0.5524603
28554	-1017.175	-1229.815	212.6399	1.386511	0.22409	0.258191	0.132735	0.384984	1.742302	1.965699
28560	-1017.601	-1230.649	213.0477	1.690774	0.143994	0.36457	0.277216	0.21422	2.634594	0.537718
28566	-1014.161	-1228.005	213.844	0.8339978	0.0500055	0.441788	0.48703	0.021177	2.634594	0.4766028
28572	-1024.592	-1238.816	214.2243	0.6263132	0.0643092	0.508891	0.402406	0.0243935	2.466839	0.5639478
28578	-1013.623	-1227.744	214.1213	0.6555238	0.101025	0.420957	0.412419	0.0655986	2.54324	0.4605034
28584	-1023.295	-1237.095	213.7995	0.7675439	0.301446	0.147613	0.446973	0.103968	2.743224	0.444808
28590	-1013.479	-1227.468	213.9887	0.6462188	0.239375	0.331271	0.326108	0.103246	2.682353	0.444808
28596	-1001.459	-1215.47	214.0108	0.5367775	0.302688	0.22225	0.457889	0.0171733	2.773577	0.440667
28602	-1012.468	-1226.359	213.8912	0.5367775	0.176228	0.209606	0.562592	0.0515747	2.88142	0.4078515
28608	-1032.85	-1246.674	213.8246	0.6391201	0.104636	0.212233	0.63091	0.0522211	2.841127	0.4078515
28614	-1040.871	-1254.867	213.9962	0.4238849	0.107106	0.193632	0.645808	0.0534542	2.883273	0.4021294
28620	-1030.056	-1244.554	214.4984	0.4603244	0.226533	0.076622	0.552096	0.144749	2.34369	0.6221715
28626	-1030.276	-1244.78	214.5034	0.4090986	0.21829	0.37808	0.319788	0.0838424	2.38537	0.6221715
28632	-1040.315	-1254.429	214.1133	0.5187426	0.0895807	0.367647	0.526903	0.015869	2.691011	0.4470942
28638	-1027.648	-1241.654	214.0056	0.6728885	0.291759	0.285288	0.39369	0.0292632	2.638163	0.555008
28644	-1028.67	-1242.183	213.5128	0.8325817	0.208221	0.256502	0.280966	0.254311	2.918913	0.3588349
28650	-1019.861	-1233.572	213.7108	0.8325817	0.224023	0.210971	0.296571	0.268435	2.760019	0.4316308
28656	-1030.374	-1243.986	213.6124	0.9809832	0.477313	0.142107	0.199766	0.180814	2.706434	0.4316308
28662	-1012.811	-1226.934	214.1233	0.8511969	0.234416	0.0682412	0.560207	0.137136	2.227922	0.7734065
28668	-1002.816	-1217.16	214.3436	0.6750659	0.395275	0.140014	0.34543	0.119281	2.192941	0.7734065
28674	-1005.331	-1219.558	214.2274	0.6750659	0.270752	0.0551137	0.588471	0.0856636	2.077823	1.034454
28680	-1018.465	-1232.8	214.3357	0.6750659	0.389018	0.216202	0.384333	0.0104463	2.059529	0.9434048
28686	-1020.707	-1235.113	214.4057	0.6522911	0.133076	0.26655	0.598036	0.0023382	2.080928	0.8681747
28692	-1022.878	-1237.131	214.2524	0.7050956	0.261873	0.138296	0.597597	0.00223379	2.066547	0.9894353
28698	-1004.696	-1218.944	214.2476	0.7050956	0.128269	0.235533	0.634246	0.00195311	2.22505	0.8166089
28704	-1004.325	-1218.889	214.5641	0.4872332	0.197944	0.309974	0.489512	0.0025704	2.135088	0.8166089
28710	-1012.48	-1227.117	214.6368	0.4872332	0.239164	0.374523	0.383207	0.00310567	2.125551	0.7266128
28716	-996.7003	-1211.19	214.4896	0.5285169	0.307835	0.197793	0.493235	0.00113662	2.035621	0.9678612
28722	-1005.753	-1220.18	214.4272	0.5514792	0.416752	0.267776	0.312711	0.00276157	2.074467	0.9678612
28728	-1004.595	-1218.989	214.3938	0.5514792	0.290786	0.347481	0.358436	0.0032976	2.107935	0.9678612
28734	-1003.603	-1217.729	214.1262	0.7673643	0.16389	0.377215	0.454712	0.00418333	2.037481	1.076241
28740	-1019.623	-1233.243	213.6202	0.7381425	0.2881	0.111513	0.389838	0.210549	2.905018	0.3518495
28746	-1012.278	-1225.822	213.5444	0.6589884	0.288799	0.166645	0.412493	0.132063	2.974444	0.2765657
28752	-1018.665	-1232.301	213.6357	1.139751	0.314557	0.0314978	0.511307	0.142638	1.873978	1.315291
28758	-1020.597	-1234.402	213.8043	0.9889998	0.355683	0.0281222	0.427447	0.188748	1.990596	1.201445
28764	-1013.056	-1226.985	213.929	1.070922	0.192926	0.166479	0.419741	0.220854	1.856619	1.138641
28770	-1009.597	-1223.672	214.0745	0.5882075	0.258054	0.167745	0.371548	0.202652	1.803514	1.469332
28776	-1008.706	-1222.78	214.074	0.6156778	0.157884	0.16219	0.519089	0.160838	1.919547	1.357658
28782	-1009.699	-1223.557	213.858	0.9159439	0.261842	0.268983	0.28958	0.179595	2.045997	1.171082
28788	-1022.884	-1235.847	212.9623	0.8817051	0.283762	0.310796	0.346308	0.0591335	2.193893	1.768761
28794	-1009.523	-1223.498	213.9758	0.7643801	0.366955	0.171404	0.381805	0.0798349	2.221695	1.047231
28800	-1015.149	-1228.809	213.6596	1.173741	0.409086	0.117289	0.302747	0.170878	2.305174	0.857761
28806	-1022.601	-1236.118	213.5163	1.125832	0.396452	0.183758	0.205709	0.214081	2.240009	1.116959
28812	-1025.312	-1238.305	212.9926	0.8296503	0.33339	0.212734	0.382544	0.0713315	3.163509	0.1961302
28818	-1013.457	-1226.32	212.8631	0.6800909	0.126652	0.24414	0.606389	0.0228196	3.324377	0.1612079
28824	-1024.749	-1237.62	212.8713	0.9198946	0.178383	0.172396	0.271515	0.377706	2.330772	1.709055
28830	-1016.195	-1229.727	213.5321	0.8828173	0.472013	0.0790068	0.398696	0.050284	2.339801	1.227742
28836	-1015.117	-1228.152	213.0354	1.276885	0.363494	0.141963	0.241939	0.252605	1.897261	1.653792
28842	-1006.259	-1219.556	213.2963	1.392832	0.387704	0.129181	0.338228	0.144886	2.200404	1.127921
28848	-1011.83	-1225.422	213.5927	1.041801	0.203736	0.487704	0.224947	0.0836135	2.194967	1.162152
28854	-1008.104	-1221.887	213.7833	1.240456	0.154372	0.382322	0.271122	0.192184	2.01378	0.9735165
28860	-1029.165	-1242.07	212.9049	0.9004315	0.303663	0.104491	0.53332	0.0585262	2.262696	1.747329
28866	-1008.568	-1222.72	214.1511	0.6624727	0.26645	0.188729	0.467963	0.076858	2.28498	0.9135044
28872	-1017.413	-1230.457	213.0439	0.9605769	0.184017	0.300258	0.28354	0.232185	3.137988	0.2633141
28878	-998.5521	-1211.868	213.3156	0.6975754	0.188958	0.213374	0.394182	0.203485	3.137988	0.2623011
28884	-1034.549	-1248.583	214.0339	0.6552763	0.17313	0.260297	0.460821	0.105752	2.619222	0.5915366
28890	-1025.477	-1239.06	213.5836	1.212454	0.29579	0.162394	0.440686	0.101131	2.484124	0.6469555
28896	-1023.8	-1237.753	213.9528	0.8226336	0.317085	0.234396	0.408586	0.0399333	2.484124	0.6839138
28902	-1020.949	-1235.162	214.2128	0.601157	0.2353	0.232061	0.493104	0.0395355	2.489039	0.616047
28908	-1017.716	-1232.08	214.3635	0.5135958	0.306939	0.302714	0.316132	0.0742149	2.420282	0.6368383
28914	-1013.451	-1226.91	213.4585	1.087946	0.448842	0.190383	0.227273	0.133502	2.731183	0.3813941
28920	-1024.066	-1237.677	213.6111	0.955443	0.377395	0.249836	0.260518	0.112251	2.731183	0.4247296
28926	-1022.214	-1235.802	213.5879	1.020281	0.262279	0.173629	0.40158	0.162512	2.690458	0.4279151
28932	-1029.339	-1242.345	213.0056	1.60242	0.305014	0.16732	0.459308	0.0683575	2.745924	0.4451774
28938	-1034.404	-1248.248	213.8433	0.7128422	0.37167	0.233397	0.351309	0.0436244	2.76103	0.5382617
28944	-1031.438	-1245.564	214.1255	0.7963568	0.206328	0.252316	0.312805	0.228551	2.342776	0.6766446
28950	-1023.337	-1237.544	214.2071	0.7409708	0.185645	0.252617	0.356097	0.205641	2.319448	0.6766446
28956	-1033.739	-1247.954	214.2145	0.683199	0.11138	0.270178	0.384199	0.234243	2.206614	0.9057817
28962	-1024.592	-1238.682	214.0901	0.6916519	0.110699	0.469691	0.291265	0.128344	2.385218	0.8313501
28968	-1024.114	-1238.066	213.9513	0.9786669	0.197542	0.462531	0.27472	0.0652068	2.288524	0.7457149
28974	-1021.692	-1235.759	214.0671	0.7169495	0.335983	0.0858615	0.46725	0.110905	2.432412	0.7628374
28980	-1030.903	-1243.379	212.4758	2.296658	0.243067	0.155349	0.275125	0.32646	2.746279	0.4465173
28986	-1030.86	-1244.494	213.6336	0.8987295	0.281555	0.00938659	0.418942	0.290117	2.772962	0.4465173
28992	-1019.489	-1233.177	213.6878	0.9550099	0.447986	0.0107435	0.335385	0.205886	2.666529	0.523204
28998	-1008.338	-1221.533	213.1952	1.344745	0.451115	0.07419	0.158872	0.315823	2.779519	0.4418039
29004	-1008.165	-1221.647	213.4815	1.024852	0.188821	0.141178	0.539669	0.130331	2.779519	0.3976843
29010	-1005.283	-1218.658	213.3747	1.264665	0.184598	0.428223	0.259763	0.127416	2.659623	0.4044771
29016	-1005.404	-1218.763	213.3586	1.401779	0.188847	0.438081	0.265742	0.10733	2.572318	0.5058445
29022	-1005.147	-1218.031	212.8847	1.401779	0.456685	0.0663451	0.369424	0.107546	2.98136	0.3406992
29028	-1013.219	-1226.256	213.0369	1.135285	0.398925	0.057954	0.433694	0.109427	3.004231	0.2822689
29034	-996.2255	-1209.104	212.8783	1.334111	0.184745	0.36597	0.336086	0.113199	2.995949	0.2951382
29040	-1010.926	-1224.037	213.1115	1.090765	0.141679	0.213078	0.512421	0.132823	3.009909	0.3091746
29046	-1014.424	-1227.773	213.3485	0.9195422	0.225298	0.369501	0.242983	0.162219	2.970957	0.3334887
29052	-1023.351	-1236.788	213.4363	1.101772	0.359571	0.151804	0.410219	0.0784059	2.769809	0.4584811
29058	-1013.751	-1227.657	213.9058	0.6561879	0.366871	0.154886	0.325255	0.152988	2.757809	0.4591933
29064	-1012.755	-1226.656	213.9008	0.6839234	0.350051	0.159972	0.310343	0.179634	2.734927	0.4689262
29070	-1015.723	-1229.387	213.6639	0.875979	0.303107	0.135105	0.355827	0.205962	2.770217	0.4689262
29076	-1025.112	-1238.724	213.6126	0.9649008	0.338833	0.144474	0.286499	0.230195	2.71883	0.5880718
29082	-1022.062	-1236.096	214.034	0.8777655	0.28017	0.23715	0.29234	0.190341	2.339431	0.6953179
29088	-1018.91	-1233.224	214.3143	0.5924359	0.33276	0.109982	0.498215	0.0590427	2.359168	0.6953179
29094	-1020.555	-1234.653	214.0982	0.9001236	0.351964	0.0444501	0.526968	0.0766179	2.274275	0.652544
29100	-1036.177	-1247.651	211.4746	1.484722	0.350882	0.170798	0.061217	0.417102	1.752838	2.649132
29106	-1023.115	-1234.44	211.3255	2.804696	0.361553	0.145582	0.0630786	0.429787	1.95974	1.996365
29112	-1016.544	-1227.405	210.861	3.358388	0.279267	0.114782	0.27398	0.331971	2.006333	2.056989
29118	-1013.156	-1224.743	211.5876	1.738694	0.314024	0.192775	0.217815	0.275386	1.82125	2.403747
29124	-1012.946	-1223.75	210.8039	2.061224	0.318637	0.0802849	0.384756	0.216322	1.596227	2.872787
29130	-1031.845	-1246.185	214.3406	0.5208633	0.274112	0.205043	0.437735	0.0831105	2.46726	0.51341
29136	-1016.945	-1231.191	214.2465	0.4332696	0.190359	0.0952748	0.6438	0.0705654	2.646175	0.51341
29142	-1009.571	-1223.905	214.3348	0.4964826	0.266197	0.0196046	0.64365	0.0705489	2.497466	0.4850825
29148	-1001.51	-1215.428	213.918	0.7801911	0.209589	0.185012	0.506776	0.0986226	2.615384	0.4644952
29154	-1002.647	-1216.535	213.8878	0.7801911	0.277934	0.127064	0.527269	0.0677326	2.648073	0.5076553
29160	-1004.618	-1218.661	214.0427	0.6924245	0.211053	0.240946	0.485619	0.0623822	2.581109	0.5510819
29166	-1008	-1222.041	214.0412	0.6924245	0.262505	0.073452	0.458604	0.205439	2.579774	0.5650052
29172	-1010.356	-1224.326	213.9703	0.7234792	0.204781	0.148439	0.446681	0.200098	2.608147	0.5991772
29178	-1010.519	-1224.598	214.0785	0.6267264	0.183766	0.21425	0.477383	0.124602	2.608147	0.5800217
29184	-1009.694	-1223.821	214.1269	0.7622743	0.092243	0.297253	0.444639	0.165865	2.422854	0.552333
29190	-1009.933	-1224.063	214.1304	0.7622743	0.280547	0.249533	0.228151	0.241769	2.422854	0.5284244
29196	-994.5195	-1208.411	213.8916	0.9195016	0.293963	0.128264	0.302186	0.275587	1.912722	1.252848
29202	-999.9241	-1213.288	213.3635	0.9881093	0.366381	0.058121	0.429581	0.145917	1.931464	1.592877
29208	-1003.772	-1217.438	213.6652	0.8743013	0.256926	0.0686608	0.425191	0.249223	2.054311	1.359246
29214	-1011.133	-1224.24	213.1075	1.322804	0.295956	0.0790912	0.533813	0.0911398	2.084676	1.430456
29220	-1015.688	-1228.734	213.0456	1.074506	0.170063	0.145713	0.396284	0.287941	1.954246	1.742518
29226	-1009.675	-1223.398	213.7231	0.7481437	0.269941	0.059138	0.581854	0.0890679	1.910895	1.525677
29232	-1004.272	-1218.658	214.3859	0.6500613	0.336266	0.191205	0.394667	0.0778614	2.127766	0.8384025
29238	-993.5184	-1207.718	214.1991	0.6020662	0.308412	0.0928982	0.538119	0.0605703	2.127766	1.086955
29244	-997.059	-1211.18	214.1206	0.6020662	0.332406	0.0830853	0.519225	0.0652827	2.160781	1.128431
29250	-1000.402	-1214.507	214.1055	0.6020662	0.491492	0.124479	0.338688	0.0453419	1.702318	1.511265
29256	-1014.601	-1228.315	213.7138	0.3158986	0.459838	0.1473	0.35044	0.0424217	1.893891	1.837642
29262	-1018.139	-1229.956	211.8162	1.260536	0.381183	0.0354295	0.284636	0.298752	1.79781	2.534023
29268	-1035.185	-1248.074	212.8888	0.8785345	0.256063	0.0291089	0.438881	0.275947	2.121684	1.871433
29274	-1021.295	-1233.229	211.9341	2.416154	0.4472	0.130821	0.286196	0.135783	1.76899	1.884981
29280	-1013.189	-1226.493	213.3045	0.9267139	0.369016	0.147732	0.249881	0.233371	1.796744	1.774895
29286	-1014.963	-1227.571	212.608	1.053273	0.339738	0.216253	0.301808	0.142201	1.68774	2.227856
29292	-1015.035	-1228.075	213.0405	0.9839496	0.265366	0.154552	0.253841	0.326241	1.673033	1.9993
29298	-1035.337	-1249.143	213.8055	0.9329191	0.236442	0.137706	0.33517	0.290682	2.170101	1.091353
29304	-1013.584	-1227.69	214.1063	0.7309362	0.176459	0.504203	0.18661	0.132728	2.158386	1.016297
29310	-1016.034	-1229.869	213.8348	0.9182666	0.226022	0.292165	0.286038	0.195775	2.013248	1.217176
29316	-1019.449	-1233.616	214.1674	0.7788052	0.389044	0.160242	0.267575	0.183138	2.028578	1.034054
29322	-1032.32	-1245.545	213.2247	1.107108	0.242172	0.188283	0.255354	0.31419	2.072289	1.504654
29328	-1024.553	-1238.23	213.6777	0.5867579	0.382474	0.175443	0.307563	0.134521	2.155018	1.504654
29334	-1030.832	-1242.51	211.6773	1.764164	0.393725	0.252226	0.114845	0.239204	1.653591	2.439929
29340	-1029.337	-1242.217	212.8794	0.8467523	0.301911	0.0812162	0.549591	0.0672814	1.547653	2.277905
29346	-1039.526	-1250.164	210.6378	1.996803	0.151925	0.207163	0.504317	0.136595	1.57808	3.012693
29352	-1052.908	-1266.531	213.6225	0.559927	0.0692111	0.388525	0.501665	0.0405986	1.873318	1.767573
29358	-1049.867	-1262.827	212.9602	0.842048	0.106887	0.298042	0.540117	0.0549539	1.633461	2.173613
29364	-1034.586	-1247.268	212.6819	0.7850463	0.212559	0.3407	0.206479	0.240262	1.799346	2.284465
29370	-1037.102	-1249.002	211.8999	1.047237	0.235105	0.330945	0.200568	0.233383	1.581874	2.741529
29376	-1031.815	-1243.519	211.7039	1.300209	0.301428	0.115752	0.116535	0.466286	1.53731	2.741529
29382	-1029.795	-1242.049	212.2545	0.768129	0.373083	0.200841	0.157205	0.268871	1.732883	2.606186
29388	-1032.381	-1244.931	212.5505	0.7306185	0.23648	0.0930141	0.500082	0.170424	1.974205	2.293367
29394	-1041.938	-1254.914	212.9758	0.9840251	0.109242	0.317054	0.546827	0.0268775	2.331216	1.587066
29400	-1023.342	-1237.329	213.9867	0.798042	0.291438	0.325336	0.355646	0.0275796	2.194142	1.029173
29406	-1026.037	-1239.266	213.2287	0.9474674	0.143294	0.378655	0.387484	0.0905675	1.927933	1.721335
29412	-1024.401	-1237.9	213.4985	1.122816	0.188141	0.226424	0.460996	0.124438	2.632264	0.6912313
29418	-1024.798	-1238.753	213.9552	0.7353733	0.264874	0.288052	0.298255	0.148819	2.569502	0.6912313
29424	-1028.327	-1242.327	214.0002	0.8258254	0.181148	0.376282	0.311524	0.131045	2.457459	0.6340321
29430	-1026.619	-1240.712	214.0936	0.704037	0.508293	0.301365	0.0853884	0.104954	2.391011	0.8023679
29436	-1026.001	-1239.474	213.4722	1.231768	0.417268	0.220058	0.276515	0.0861588	2.224894	1.079007
29442	-1021.133	-1235.228	214.0947	0.7051888	0.140507	0.249732	0.431899	0.177862	2.117563	1.092124
29448	-1010.547	-1224.396	213.8492	0.8211254	0.37381	0.200559	0.308117	0.117515	2.008729	1.292399
29454	-1009.592	-1223.524	213.9326	0.6721065	0.270216	0.186911	0.429131	0.113742	2.106318	1.272872
29460	-1046.896	-1259.641	212.7451	1.063569	0.267377	0.0471193	0.291382	0.394122	1.992955	1.929774
29466	-1027.872	-1239.787	211.9157	1.658827	0.362696	0.0348081	0.44439	0.158105	1.974511	2.136721
29472	-1018.764	-1227.076	208.3123	15.50833	0.32098	0.15887	0.0751337	0.445016	2.144449	1.079552
29478	-1013.789	-1224.675	210.8858	5.449833	0.272414	0.207412	0.266545	0.25363	2.081966	1.267833
29484	-1014.582	-1227.395	212.8128	1.946455	0.443704	0.188544	0.289486	0.0782651	2.067463	1.266146
29490	-1018.89	-1231.02	212.1303	1.022366	0.373458	0.049248	0.350293	0.227001	1.651193	2.572056
29496	-1018.811	-1230.699	211.888	1.286879	0.164968	0.106024	0.688333	0.0406737	1.534967	2.637411
29502	-1006.001	-1218.101	212.1003	0.9199594	0.192051	0.184866	0.575732	0.0473509	1.678798	2.637411
29508	-1018.96	-1231.209	212.2497	1.326147	0.521249	0.227472	0.106815	0.144464	1.529862	2.392434
29514	-1022.23	-1234.914	212.684	0.5741432	0.376716	0.0753754	0.467881	0.0800276	1.559927	2.574084
29520	-1016.878	-1230.86	213.9819	0.7912703	0.216687	0.397545	0.27746	0.108308	1.902738	1.296141
29526	-1002.135	-1216.055	213.9193	0.8441747	0.224109	0.229558	0.473451	0.0728816	1.858825	1.337417
29532	-1015.406	-1228.658	213.2518	0.8040125	0.227105	0.232948	0.456031	0.0839156	1.926315	1.809582
29538	-1020.781	-1234.692	213.911	0.5150427	0.138284	0.243838	0.460239	0.157639	1.965514	1.527019
29544	-1013.188	-1226.487	213.2989	1.018503	0.0897412	0.434939	0.125433	0.349886	1.763704	1.737211
29550	-1027.852	-1240.67	212.8176	0.5874061	0.189776	0.516462	0.254989	0.0387735	1.982313	2.213732
29556	-1016.474	-1228.817	212.3432	0.5874061	0.335841	0.118424	0.521354	0.0243811	1.982313	2.514672
29562	-1010.217	-1223.354	213.1367	0.6644102	0.181387	0.297569	0.423238	0.0978057	2.02714	1.920009
29568	-1025.981	-1238.198	212.217	0.6188015	0.271392	0.166463	0.447385	0.11476	1.887067	2.631627
29574	-1033.189	-1247.534	214.3444	0.3791759	0.0855327	0.329637	0.44266	0.14217	2.070062	1.20016
29580	-1018.067	-1232.468	214.401	0.3791759	0.286404	0.0883561	0.549069	0.0761707	1.985071	1.224305
29586	-1016.894	-1230.398	213.5043	0.4299289	0.127144	0.298367	0.540269	0.0342203	1.985071	1.860291
29592	-1035.513	-1249.625	214.1114	0.6808443	0.253487	0.271725	0.41214	0.0626483	2.529311	0.5121608
29598	-1020.894	-1234.823	213.9287	0.8630716	0.375054	0.26824	0.251237	0.105469	2.520474	0.5121608
29604	-1024.27	-1237.697	213.4275	0.8024423	0.101133	0.157566	0.732417	0.00888356	1.935488	1.681123
29610	-1003.934	-1217.024	213.0898	1.101022	0.483369	0.0942244	0.415191	0.00721526	2.044057	1.628814
29616	-1007.446	-1220.338	212.8916	1.270348	0.516924	0.15245	0.32291	0.00771612	2.045903	1.654644
29622	-1023.034	-1236.492	213.4584	0.8094898	0.363845	0.285589	0.195379	0.155187	2.887599	0.2682026
29628	-1034.443	-1248.177	213.7345	0.7726427	0.304501	0.436262	0.221817	0.0374197	2.729581	0.325827
29634	-1020.349	-1234.001	213.6512	0.8943315	0.0794904	0.545433	0.319425	0.0556515	2.062462	1.347508
29640	-1022.221	-1232.885	210.6641	5.42422	0.119628	0.240258	0.295415	0.344699	2.833665	0.3205589
29646	-1032.244	-1244.613	212.3685	2.144806	0.365535	0.369344	0.0614992	0.203622	2.893679	0.3315241
29652	-1018.19	-1230.054	211.8643	2.95468	0.264072	0.266824	0.0758165	0.393288	2.852993	0.3218326
29658	-1009.628	-1221.015	211.3872	3.655522	0.121595	0.465569	0.0488935	0.363942	2.859043	0.268424
29664	-1011.425	-1224.535	213.1094	1.355003	0.129496	0.403046	0.152392	0.315067	2.760904	0.3063706
29670	-1013.442	-1226.41	212.9676	1.588315	0.202834	0.632537	0.108549	0.05608	2.739451	0.3430988
29676	-1015.717	-1229.567	213.8505	0.7112352	0.197654	0.466755	0.0800994	0.255491	2.756156	0.4681874
29682	-1012.157	-1225.221	213.0639	1.523867	0.185407	0.222001	0.141441	0.451151	2.756156	0.4540367
29688	-1031.481	-1244.898	213.4171	1.037038	0.139487	0.146189	0.417239	0.297085	2.810851	0.3641559
29694	-1028.482	-1241.788	213.3063	1.255082	0.304983	0.151435	0.351304	0.192278	2.726321	0.3846384
29700	-1022.392	-1235.794	213.4023	1.092762	0.267076	0.197028	0.334373	0.201524	2.778082	0.3742642
29706	-1022.807	-1236.353	213.5462	0.9609368	0.286874	0.131469	0.385761	0.195896	2.778023	0.3960157
29712	-1044.734	-1258.049	213.3152	0.7152728	0.161212	0.356292	0.370885	0.111611	3.108376	0.2562739
29718	-1024.283	-1237.64	213.3573	0.9542398	0.191827	0.352984	0.322383	0.132806	2.923491	0.3301623
29724	-1015.896	-1229.424	213.5287	0.7119531	0.236284	0.328227	0.42535	0.0101398	2.923491	0.2701812
29730	-1020.836	-1234.403	213.5666	0.7119531	0.178829	0.346349	0.448834	0.0259891	2.930817	0.3001971
29736	-1019.785	-1233.5	213.7144	0.7756056	0.494116	0.111259	0.210491	0.184134	2.825478	0.4789829
29742	-1017.617	-1231.2	213.583	0.7756056	0.07056	0.449386	0.256181	0.223873	2.863936	0.3134319
29748	-1008.96	-1222.209	213.2486	0.7756056	0.0863986	0.297376	0.328849	0.287376	3.077307	0.2395849
29754	-1020.314	-1233.587	213.2725	0.7062114	0.270306	0.321438	0.243906	0.16435	3.126691	0.2395849
29760	-1009.966	-1223.612	213.6459	0.5801453	0.280778	0.295149	0.253356	0.170717	3.016225	0.3211027
29766	-1014.412	-1228.113	213.7007	0.594396	0.29713	0.0963492	0.4151	0.191421	2.965437	0.3394469
29772	-1019.618	-1232.547	212.9291	1.308267	0.240872	0.0496427	0.610858	0.0986272	3.019908	0.3394469
29778	-1011.292	-1225.072	213.7799	0.6726006	0.348449	0.253074	0.255802	0.142675	2.851386	0.4099605
29784	-1035.227	-1248.721	213.4942	0.7435656	0.168681	0.224835	0.54889	0.0575937	2.212222	1.474968
29790	-1022.42	-1235.2	212.7799	1.507179	0.361024	0.139488	0.376262	0.123226	2.947545	0.2995448
29796	-1012.793	-1225.913	213.1201	1.133518	0.38315	0.19069	0.390474	0.0356856	2.947545	0.2995448
29802	-1017.864	-1231.623	213.7597	0.8196807	0.324147	0.143841	0.40022	0.131792	2.42247	1.005614
29808	-1008.952	-1222.831	213.8788	0.8196807	0.339738	0.15076	0.262511	0.246992	2.374949	0.9315471
29814	-1015.833	-1229.47	213.6375	1.166734	0.242059	0.178949	0.297884	0.281107	2.360172	0.8254961
29820	-1012.517	-1226.343	213.8251	0.7529964	0.274319	0.382138	0.191835	0.151709	2.727682	0.426905
29826	-1011.292	-1225.418	214.1257	0.5241264	0.226497	0.166638	0.506411	0.100454	2.660766	0.4099843
29832	-992.6663	-1206.702	214.0354	0.7359691	0.157281	0.282749	0.497611	0.0623581	2.546708	0.4847455
29838	-1011.346	-1225.4	214.0542	0.4880536	0.154261	0.277319	0.390151	0.178269	2.749645	0.3757476
29844	-1013.742	-1227.778	214.0353	0.6062384	0.267781	0.252706	0.317066	0.162447	2.681133	0.4598774
29850	-1008.161	-1222.095	213.9341	0.7400789	0.188212	0.340519	0.262358	0.208911	2.640779	0.4598774
29856	-1010.42	-1224.33	213.9099	0.7534591	0.0262855	0.672116	0.198822	0.102776	2.640779	0.4223444
29862	-1018.585	-1232.233	213.6478	1.116776	0.157003	0.159103	0.475705	0.20819	2.530461	0.597931
29868	-1007.22	-1220.733	213.5132	1.275839	0.0833946	0.48087	0.238983	0.196752	2.530461	0.5261857
29874	-1033.363	-1243.51	210.1465	0.9921569	0.277958	0.0225068	0.457244	0.242292	1.648877	3.771613
29880	-1035.419	-1244.596	209.1763	2.162751	0.368082	0.0312716	0.373791	0.226855	1.688031	3.734864
29886	-1040.307	-1249.507	209.2002	1.067891	0.315248	0.0267829	0.465533	0.192436	1.402218	4.408562
29892	-1015.557	-1229.523	213.9655	0.7094124	0.218879	0.28388	0.297056	0.200184	2.639218	0.5566448
29898	-1010.196	-1223.967	213.7712	0.7356163	0.231832	0.231531	0.44226	0.0943765	2.805809	0.5566448
29904	-1006.241	-1219.978	213.7373	1.121287	0.299133	0.298744	0.28035	0.121774	2.447587	0.5566448
29910	-1042.753	-1255.035	212.2815	1.206722	0.450075	0.0521864	0.183879	0.31386	1.374489	2.539196
29916	-1033.715	-1243.888	210.1733	0.6671116	0.306278	0.359766	0.184446	0.14951	1.368105	4.110403
29922	-1045.506	-1255.999	210.493	0.4341467	0.286253	0.336243	0.345905	0.0315984	1.285104	4.110403
29928	-1046.72	-1258.944	212.2242	1.832586	0.259539	0.343685	0.201456	0.19532	1.685777	2.031741
29934	-1043.076	-1256.642	213.5653	1.366551	0.598615	0.0838697	0.0446624	0.272853	2.163341	0.9239554
29940	-1026.347	-1239.94	213.5933	1.244048	0.273447	0.390163	0.0530426	0.283348	1.786609	1.340327
29946	-1021.3	-1234.401	213.1007	0.8847762	0.406498	0.0821166	0.422656	0.0887298	1.82393	1.92536
29952	-1017.081	-1230.306	213.2259	1.267154	0.412383	0.0739783	0.281003	0.232636	1.852405	1.554545
29958	-1016.868	-1230.531	213.6627	0.8931491	0.411702	0.0684864	0.280539	0.239273	1.902435	1.463759
29964	-1017.859	-1231.626	213.767	0.870596	0.340912	0.0567105	0.232301	0.370076	1.842873	1.447346
29970	-1014.576	-1228.032	213.4557	1.125433	0.38365	0.0838531	0.261424	0.271073	1.899332	1.447346
29976	-1009.842	-1223.286	213.4439	1.125433	0.373292	0.0344797	0.495869	0.0963587	1.957839	1.411418
29982	-1010.346	-1224.385	214.039	0.912888	0.38271	0.03224	0.340025	0.245024	2.226263	0.8039273
29988	-997.5575	-1211.452	213.8942	0.742248	0.271732	0.0228911	0.571733	0.133644	2.449916	0.9217843
29994	-995.3646	-1209.379	214.0148	0.742248	0.412592	0.0162835	0.4067	0.164424	2.443011	0.7839586
30000	-1002.623	-1216.042	213.4187	1.562334	0.172906	0.375174	0.428955	0.022964	2.193174	0.8626581
30006	-1010.581	-1224.948	214.3674	0.6069246	0.137872	0.299156	0.511267	0.0517056	2.171811	0.8626581
30012	-998.4896	-1212.066	213.5767	1.169094	0.409768	0.00147135	0.362818	0.225942	1.930395	1.29463
30018	-1009.59	-1222.833	213.2424	1.117849	0.436937	0.000532431	0.25837	0.304161	1.907513	1.605427
30024	-1008.062	-1221.657	213.5951	0.9439669	0.44296	0.000332006	0.296683	0.260025	1.960318	1.431489
30030	-1021.627	-1235.182	213.5559	0.8396832	0.517483	0.000387862	0.178358	0.303772	1.82957	1.637204
30036	-1005.558	-1218.56	213.0023	1.146636	0.255021	0.00656291	0.368281	0.370136	1.836019	1.806291
30042	-1024.894	-1239.039	214.1447	0.6345038	0.144927	0.263902	0.505988	0.0851823	2.526982	0.6021434
30048	-1013.676	-1227.706	214.0301	0.771769	0.162604	0.41671	0.296172	0.124514	2.488598	0.6231276
30054	-1029.503	-1243.636	214.1327	0.6563712	0.315656	0.160372	0.476765	0.0472069	2.477973	0.6870045
30060	-1019.251	-1233.259	214.0075	0.9381301	0.385108	0.42255	0.115555	0.0767868	2.336001	0.6302723
30066	-1016.577	-1230.156	213.579	1.35787	0.27175	0.327557	0.341169	0.0595244	2.378047	0.5858903
30072	-1013.484	-1227.396	213.9123	0.8900821	0.456803	0.0869605	0.420302	0.0359343	2.509005	0.4879192
30078	-1017.899	-1231.651	213.7515	1.065703	0.14192	0.212139	0.532912	0.11303	2.490904	0.5367315
30084	-1010.004	-1223.273	213.2691	1.366784	0.277245	0.177066	0.260811	0.284878	2.49499	0.884082
30090	-1015.273	-1229.324	214.0518	0.6311419	0.134492	0.415	0.383343	0.0671645	2.641665	0.4914427
30096	-1022.832	-1236.889	214.0567	0.6265075	0.210489	0.46327	0.123121	0.203119	2.641665	0.4914427
30102	-1019.983	-1233.959	213.9759	0.9506845	0.331542	0.0637978	0.425737	0.178923	2.373276	0.5761786
30108	-1018.186	-1232.284	214.098	0.8234478	0.201727	0.128332	0.484091	0.185851	2.373276	0.6051973
30114	-1018.723	-1231.483	212.7602	2.51348	0.169263	0.107679	0.566497	0.156561	2.286712	0.6415047
30120	-1012.624	-1225.785	213.1609	1.944736	0.11541	0.438381	0.38626	0.0599487	2.289976	0.6415047
30126	-1013.921	-1227.79	213.8688	1.056429	0.389309	0.237636	0.0384336	0.334622	2.351539	0.6415047
30132	-1018.884	-1231.378	212.4945	2.863263	0.458244	0.253909	0.112588	0.175259	2.351539	0.5785538
30138	-1018.076	-1230.292	212.2156	3.366231	0.411433	0.27303	0.128776	0.186761	2.30077	0.6678328
30144	-1032.798	-1245.529	212.7306	2.577159	0.39935	0.169227	0.309697	0.121726	2.182003	0.7948538
30150	-1021.181	-1234.223	213.0422	0.7420243	0.0980096	0.292588	0.333874	0.275528	1.637417	2.185856
30156	-1033.809	-1245.625	211.8157	1.116688	0.139065	0.271256	0.433836	0.155842	1.583503	2.750531
30162	-1018.313	-1231.772	213.4591	0.9084313	0.22844	0.235456	0.289747	0.246357	1.869122	1.627352
30168	-1020.972	-1235.116	214.1434	0.4232251	0.179692	0.216245	0.513827	0.0902351	1.908159	1.46159
30174	-1023.542	-1237.432	213.8902	0.8958215	0.323029	0.0214528	0.509476	0.146041	2.204012	1.014591
30180	-1029.665	-1242.584	212.9195	1.973405	0.424012	0.234905	0.0866494	0.254434	1.957027	1.252292
30186	-1021.412	-1233.699	212.2865	2.842074	0.264023	0.133181	0.326646	0.276151	1.925037	1.311596
30192	-1015.885	-1228.63	212.7456	2.342738	0.552405	0.00147562	0.420586	0.0255329	2.29813	0.8290927
30198	-1016.062	-1229.599	213.5371	1.32267	0.232166	0.00444914	0.680945	0.0824398	2.29813	0.8469212
30204	-1018.687	-1232.403	213.7164	0.8906026	0.248052	0.491197	0.0734325	0.187319	1.936088	1.39859
30210	-1018.423	-1231.193	212.7695	1.576541	0.105058	0.144644	0.575148	0.17515	1.89503	1.656563
30216	-1016.936	-1229.399	212.463	1.683819	0.203802	0.425801	0.242159	0.128238	1.757781	1.903318
30222	-1020.043	-1232.489	212.4464	1.104336	0.474204	0.32435	0.0588268	0.142619	1.713199	2.283213
30228	-1008.911	-1222.817	213.9066	0.5724507	0.334549	0.190998	0.373836	0.100617	1.778772	1.623879
30234	-1015.242	-1228.574	213.3322	1.081694	0.36503	0.208401	0.316785	0.109784	1.985086	1.508005
30240	-1040.551	-1252.98	212.4288	2.017825	0.070488	0.629094	0.103059	0.197359	1.807969	1.71167
30246	-1013.321	-1226.291	212.9708	1.174687	0.12621	0.587326	0.109879	0.176585	1.801106	1.833617
30252	-1032.296	-1244.855	212.5589	1.587309	0.147808	0.276933	0.406589	0.16867	1.846752	1.831773
30258	-1022.31	-1232.959	210.6481	3.248925	0.200398	0.288719	0.111385	0.399498	1.758291	2.394333
30264	-1025.912	-1236.71	210.7976	3.248925	0.200398	0.288719	0.111385	0.399498	1.602505	2.398309
30270	-1022.393	-1234.301	211.9075	1.518034	0.187451	0.370768	0.0987743	0.343006	1.714746	2.384768
30276	-1011.291	-1222.878	211.5866	1.87597	0.188437	0.372718	0.214224	0.224621	1.660403	2.437303
30282	-1022.723	-1235.879	213.1564	0.9253952	0.26635	0.277355	0.103781	0.352514	2.254161	1.554637
30288	-1029.521	-1242.993	213.4715	0.767213	0.099273	0.538497	0.201495	0.160734	2.073876	1.576234
30294	-1019.126	-1233.013	213.8873	0.767213	0.146799	0.372929	0.28631	0.193962	2.128339	1.208093
30300	-1015.566	-1229.244	213.6781	1.02209	0.188776	0.385072	0.222179	0.203973	2.044106	1.23504
30306	-1012.736	-1226.712	213.9766	0.7780943	0.190382	0.320031	0.367962	0.121625	1.990916	1.239098
30312	-1010.72	-1224.573	213.8532	0.8256071	0.281701	0.323788	0.126457	0.268054	1.969887	1.31685
30318	-1020.581	-1233.214	212.6334	2.468951	0.225636	0.158628	0.316179	0.299556	2.157062	1.013024
30324	-1009.837	-1224.355	214.5183	0.4172943	0.156227	0.369093	0.425428	0.0492532	2.157062	0.9219402
30330	-1007.521	-1221.116	213.5951	0.8697932	0.359361	0.259043	0.298581	0.0830147	2.096752	1.384656
30336	-1014.429	-1227.046	212.6167	1.749286	0.262538	0.186614	0.473992	0.0768561	2.176486	1.456991
30342	-1014.837	-1228.378	213.5413	1.083687	0.275546	0.0876929	0.465617	0.171144	2.19969	1.167013
30348	-1019.787	-1233.524	213.7376	1.099539	0.249379	0.352564	0.16433	0.233727	2.275474	0.8848227
30354	-1025.04	-1238.219	213.1794	1.521364	0.304336	0.205068	0.18595	0.304646	2.215097	1.118767
30360	-1024.221	-1238.065	213.8437	0.922395	0.371099	0.142386	0.295542	0.190973	1.890954	1.307606
30366	-1033.79	-1246.942	213.152	0.7686452	0.150191	0.250257	0.263682	0.33587	1.928964	1.901469
30372	-1031.381	-1244.385	213.0043	0.7686452	0.0833066	0.351785	0.419751	0.145158	1.760296	2.11223
30378	-1026.248	-1239.91	213.6617	0.6086527	0.225597	0.217723	0.449521	0.107159	1.838926	1.728557
30384	-1028.913	-1240.826	211.9127	1.88134	0.167402	0.13271	0.629007	0.0708809	1.878545	2.085056
30390	-1024.807	-1238.375	213.5673	1.005885	0.12125	0.340652	0.459228	0.0788706	2.394433	1.035039
30396	-1018.112	-1230.764	212.6525	2.249375	0.193968	0.342018	0.261303	0.202711	2.33045	0.9711484
30402	-1005.198	-1219.574	214.3758	0.5029879	0.172293	0.533764	0.284144	0.00979887	2.450329	0.4928453
30408	-1001.212	-1215.138	213.9263	0.8049784	0.181536	0.25978	0.54006	0.0186243	2.582059	0.4722503
30414	-1003.487	-1217.174	213.6872	1.057586	0.363975	0.259765	0.335719	0.0405414	2.538461	0.6261082
30420	-1005.146	-1218.986	213.8406	0.9371815	0.283418	0.32677	0.371467	0.0183446	2.505598	0.6261082
30426	-1014.482	-1228.629	214.1468	0.6956246	0.180652	0.255233	0.539898	0.0242169	2.43666	0.6590239
30432	-1013.97	-1228.218	214.248	0.7156404	0.188804	0.26675	0.519136	0.0253097	2.314267	0.6590239
30438	-1022.659	-1236.962	214.3021	0.7156404	0.170027	0.573523	0.20608	0.0503706	2.260139	0.6590239
30444	-1010.7	-1224.784	214.0839	0.7623555	0.153683	0.324272	0.479076	0.042969	2.09738	1.064645
30450	-1014.195	-1227.79	213.5954	0.8637516	0.29974	0.260373	0.384673	0.0552141	1.839528	1.583243
30456	-1007.626	-1221.572	213.9457	0.7871386	0.269029	0.223338	0.45543	0.0522034	2.135735	1.132335
30462	-1015.805	-1230.042	214.2378	0.4647327	0.0636653	0.392419	0.493505	0.0504107	2.219902	1.094875
30468	-1004.854	-1219.042	214.1887	0.5682986	0.208578	0.326907	0.411117	0.0533981	2.468169	0.7620212
30474	-993.7775	-1208.048	214.2705	0.6729159	0.204242	0.430257	0.323485	0.042016	2.242735	0.8081194
30480	-1010.161	-1223.947	213.7854	0.6611283	0.306867	0.100374	0.512886	0.0798734	2.00262	1.479292
30486	-1003.358	-1217.24	213.8816	0.6611283	0.172728	0.312723	0.445214	0.0693346	1.980577	1.422679
30492	-1026.817	-1240.665	213.8475	0.7400273	0.41	0.0839678	0.40705	0.0989825	2.708758	0.402096
30498	-1019.506	-1233.428	213.9214	0.6299726	0.257374	0.240263	0.401719	0.100644	2.740954	0.3832185
30504	-1012.01	-1225.427	213.4175	1.036892	0.133009	0.370175	0.362277	0.134539	2.828512	0.3919491
30510	-1005.105	-1218.006	212.9011	1.510764	0.293146	0.18712	0.332842	0.186892	2.828512	0.3035316
30516	-1009.708	-1223.349	213.6414	0.8101813	0.339845	0.278047	0.25362	0.128489	2.828512	0.3797476
30522	-1023.259	-1236.796	213.5371	0.8101813	0.149572	0.284453	0.279106	0.28687	2.900869	0.3390783
30528	-1034.818	-1248.197	213.3787	0.8601627	0.202777	0.297012	0.200676	0.299535	2.959204	0.2972323
30534	-1024.656	-1238.375	213.719	0.888991	0.465836	0.00811517	0.458764	0.0672854	2.702928	0.5201258
30540	-1018.526	-1231.202	212.676	1.54842	0.181079	0.333079	0.27933	0.206512	2.954259	0.2603076
30546	-1018.097	-1231.572	213.4752	0.8423669	0.177893	0.327217	0.31496	0.17993	2.872442	0.2909528
30552	-1015.831	-1229.471	213.6392	0.7314513	0.193186	0.266	0.432165	0.108649	2.909543	0.3735471
30558	-1008.765	-1222.157	213.392	0.8923522	0.0817842	0.448933	0.191743	0.277539	2.954424	0.3325548
30564	-1026.805	-1239.732	212.927	1.38365	0.445631	0.037084	0.350679	0.166606	1.964503	1.613671
30570	-1029.934	-1243.291	213.3569	0.9231629	0.203432	0.372518	0.172294	0.251757	2.941538	0.3173555
30576	-1035.384	-1248.741	213.3569	0.9231629	0.230278	0.281289	0.169722	0.318711	2.941538	0.3173555
30582	-1030.776	-1244.152	213.3765	1.493445	0.251649	0.330804	0.250463	0.167085	2.187501	0.9796776
30588	-1022.443	-1235.458	213.0143	1.493445	0.150449	0.427074	0.39751	0.0249669	2.150524	1.333429
30594	-1022.708	-1235.753	213.0446	1.583867	0.124382	0.420929	0.415541	0.0391482	2.343744	1.075651
30600	-1019.206	-1233.084	213.8771	1.018692	0.17752	0.147787	0.404195	0.270498	2.349071	0.7030388
30606	-1027.498	-1241.453	213.9545	0.9140463	0.125832	0.184068	0.331607	0.358492	2.377295	0.7030388
30612	-1025.68	-1239.509	213.829	1.0012	0.0774707	0.450499	0.251319	0.220711	2.476281	0.5435472
30618	-1035.762	-1249.93	214.168	0.6833955	0.0730168	0.489264	0.233051	0.204668	2.466742	0.5435472
30624	-1028.671	-1242.682	214.0107	0.7898855	0.136184	0.351241	0.434663	0.0779121	2.454895	0.6941577
30630	-1016.93	-1230.978	214.048	0.7898855	0.109717	0.330808	0.350188	0.209286	2.397848	0.7275165
30636	-1027.941	-1241.514	213.5727	1.326483	0.186039	0.340554	0.242119	0.231288	2.400882	0.6204452
30642	-1029.172	-1242.929	213.7569	0.8321042	0.148812	0.214321	0.440099	0.196768	2.696258	0.6290947
30648	-1046.892	-1260.609	213.7169	0.8929382	0.340245	0.353961	0.142856	0.162938	2.701823	0.498594
30654	-1032.313	-1245.862	213.5491	0.6360703	0.36989	0.133865	0.433603	0.0626421	3.06314	0.329346
30660	-1030.892	-1244.705	213.8128	0.6625851	0.181599	0.214594	0.387007	0.216801	2.833986	0.4221675
30666	-1035.946	-1249.038	213.0916	1.321353	0.160824	0.225429	0.562052	0.0516959	2.847236	0.3413047
30672	-1024.888	-1238.501	213.6133	0.9339332	0.232849	0.493008	0.20475	0.0693927	2.747587	0.4161585
30678	-1025.531	-1239.366	213.8356	0.7043734	0.190841	0.404937	0.213178	0.191044	2.747587	0.3825874
30684	-1026.905	-1240.802	213.8976	0.6536413	0.208765	0.105736	0.454681	0.230818	2.747587	0.3970483
30690	-1013.583	-1227.621	214.038	0.8000282	0.178811	0.317392	0.389441	0.114356	2.477031	0.5070788
30696	-1012.764	-1226.693	213.9288	0.7467747	0.175596	0.377817	0.38244	0.0641458	2.640607	0.4702994
30702	-1013.447	-1227.62	214.1732	0.5125783	0.125094	0.269154	0.396887	0.208865	2.640607	0.4633881
30708	-1007.942	-1221.971	214.0291	0.8460409	0.345733	0.182948	0.416972	0.054347	2.436239	0.5305757
30714	-1019.125	-1232.516	213.3914	1.53644	0.224524	0.0736926	0.636931	0.0648526	2.296064	0.7951159
30720	-1017.212	-1230.672	213.4605	1.53644	0.265838	0.0939964	0.553688	0.0864774	2.178749	0.8562238
30726	-1020.911	-1235.058	214.1464	0.7481356	0.265838	0.0939964	0.553688	0.0864774	2.264532	0.8370494
30732	-1030.442	-1243.515	213.0739	1.987724	0.521503	0.0318379	0.30956	0.137098	2.219449	0.8370494
30738	-1018.578	-1232.647	214.0692	0.9051753	0.541095	0.0350701	0.295716	0.128119	2.213792	0.7907413
30744	-1039.079	-1253.329	214.25	0.6185428	0.381475	0.0911402	0.454055	0.073329	2.422912	0.6418888
30750	-1014.796	-1228.569	213.7731	0.9625707	0.0971528	0.459403	0.417014	0.0264302	1.838368	1.37332
30756	-1023.161	-1236.992	213.8311	0.6863261	0.152976	0.0721198	0.706582	0.0683221	1.838368	1.54784
30762	-1014.722	-1227.845	213.123	1.091926	0.30767	0.243977	0.217223	0.23113	1.819835	1.770418
30768	-1010.138	-1222.465	212.3265	1.14574	0.280257	0.319709	0.204846	0.195187	1.684009	2.352778
30774	-1016.337	-1229.295	212.9582	1.833421	0.301887	0.215921	0.27194	0.210252	1.78956	1.440669
30780	-1011.625	-1225.535	213.9103	0.8928137	0.209936	0.413259	0.276592	0.100213	2.508356	0.4908188
30786	-1010.056	-1224.261	214.2047	0.612715	0.260759	0.25804	0.391292	0.0899088	2.508356	0.4982561
30792	-1026.532	-1240.769	214.2371	0.5954114	0.287042	0.235564	0.453858	0.0235362	2.469971	0.6180442
30798	-1031.845	-1246.101	214.2558	0.5954114	0.441833	0.198105	0.321923	0.0381394	2.467755	0.5642607
30804	-1019.421	-1233.478	214.0563	0.7784647	0.257888	0.157829	0.380723	0.20356	2.447764	0.6414473
30810	-1014.632	-1228.741	214.1095	0.7348048	0.26425	0.156476	0.377459	0.201815	2.365195	0.7714013
30816	-1012.175	-1226.207	214.0311	0.7087295	0.251577	0.19693	0.359356	0.192137	2.512927	0.706678
30822	-1017.01	-1230.695	213.6852	1.076688	0.419819	0.120267	0.228187	0.231728	2.512927	0.6466696
30828	-1026.91	-1239.934	213.0245	1.861253	0.193964	0.246039	0.230185	0.329813	2.491275	0.6401762
30834	-1004.905	-1218.961	214.0557	0.5943047	0.249548	0.338207	0.267645	0.1446	2.673534	0.5406997
30840	-1007.14	-1221.297	214.1568	0.5819306	0.32498	0.0872809	0.491214	0.0965252	2.417582	0.8519134
30846	-994.763	-1208.928	214.1647	0.7253146	0.221491	0.0529343	0.667034	0.0585407	2.298611	0.8007382
30852	-991.9948	-1206.153	214.1584	0.7253146	0.327279	0.181466	0.45162	0.0396354	2.292774	0.8166658
30858	-1000.886	-1215.304	214.4176	0.5526672	0.349268	0.175534	0.436857	0.0383398	2.141254	0.9052402
30864	-994.0086	-1208.504	214.495	0.5526672	0.301578	0.260694	0.345052	0.0926763	2.105334	0.8572531
30870	-1000.882	-1215.118	214.2363	0.6654263	0.188945	0.44304	0.26083	0.107185	2.400822	0.6073323
30876	-1008.123	-1222.273	214.1497	0.648843	0.123137	0.272682	0.461797	0.142383	2.5139	0.5787614
30882	-1008.771	-1223.141	214.3701	0.648843	0.155354	0.351775	0.309189	0.183683	2.236142	0.7088463
30888	-1019.875	-1233.916	214.0407	0.648843	0.445252	0.126093	0.180162	0.248493	2.63382	0.4863981
30894	-1011.94	-1226.018	214.0781	0.6161368	0.200666	0.154117	0.603741	0.0414754	2.283817	1.039913
30900	-1009.286	-1223.445	214.1585	0.6161368	0.207353	0.165576	0.623857	0.00321375	2.184248	1.058213
30906	-1021.928	-1236.123	214.1946	0.6435987	0.323356	0.180833	0.493069	0.00274228	2.119175	1.058213
30912	-1020.274	-1234.379	214.1045	0.6575793	0.524517	0.0987602	0.375226	0.00149767	2.134315	1.113907
30918	-1009.737	-1224.17	214.4328	0.4673295	0.20764	0.180511	0.610565	0.00128403	2.180537	0.9390592
30924	-1024.554	-1239.13	214.576	0.3658497	0.404748	0.106526	0.486455	0.00227141	2.039561	1.026622
30930	-1028.634	-1242.618	213.984	0.9266616	0.333066	0.140165	0.40321	0.123559	1.945946	1.138613
30936	-1018.767	-1232.976	214.2091	0.6595083	0.310949	0.134059	0.385645	0.169346	2.000229	1.138613
30942	-1015.634	-1229.82	214.1856	0.6994701	0.200448	0.452423	0.220879	0.12625	1.981376	1.138613
30948	-1013.771	-1228.088	214.3166	0.5317289	0.382412	0.173175	0.421391	0.0230219	1.95829	1.198123
30954	-1013.722	-1228.096	214.3736	0.4903275	0.261444	0.313715	0.394864	0.029977	1.992631	1.154791
30960	-1018.757	-1232.843	214.086	0.7327713	0.184124	0.361184	0.322603	0.132089	2.168675	1.024178
30966	-1021.728	-1235.9	214.172	0.7169251	0.418282	0.203041	0.304422	0.0742547	2.423004	0.5650219
30972	-1017.252	-1231.323	214.0712	0.7169251	0.352368	0.0873477	0.417253	0.143031	2.510624	0.6094701
30978	-1014.491	-1228.552	214.0611	0.7271374	0.361559	0.0635423	0.428136	0.146762	2.528028	0.5382115
30984	-1038.315	-1251.764	213.4494	0.7294439	0.226387	0.169859	0.415293	0.188461	1.952446	1.708083
30990	-1025.297	-1238.362	213.0647	1.062993	0.267809	0.224228	0.349403	0.15856	1.995268	1.708083
30996	-1025.666	-1238.243	212.5771	1.848777	0.149841	0.259915	0.405012	0.185232	1.792781	1.708952
31002	-1019.38	-1233	213.6194	1.032599	0.113977	0.584219	0.10616	0.195643	2.058709	1.263154
31008	-1018.6	-1232.351	213.7513	0.6133105	0.107516	0.157584	0.43352	0.30138	1.926672	1.598227
31014	-1021.789	-1234.939	213.1499	1.044043	0.223949	0.180482	0.351328	0.244241	1.796818	1.800362
31020	-1007.568	-1220.385	212.817	0.7911842	0.144503	0.507515	0.0255983	0.322383	1.680449	2.269977
31026	-1010.991	-1223.971	212.9804	0.693865	0.153175	0.248996	0.0829291	0.5149	1.629119	2.263998
31032	-1018.267	-1230.772	212.5049	1.004575	0.100658	0.297044	0.091865	0.510433	1.825511	2.236596
31038	-1009.801	-1222.298	212.4973	0.8434744	0.313825	0.337694	0.100142	0.248338	1.870557	2.317883
31044	-1004.355	-1218.084	213.7286	0.8434744	0.47802	0.172933	0.2049	0.144146	1.730561	1.580902
31050	-1011.882	-1224.519	212.6366	2.331999	0.402298	0.12644	0.105752	0.365509	2.024013	1.215816
31056	-1021.663	-1235.686	214.0226	0.7147062	0.399716	0.130677	0.106444	0.363163	1.996762	1.251711
31062	-1006.183	-1220.201	214.0185	0.9455888	0.488316	0.0846007	0.191971	0.235112	2.086148	0.9522558
31068	-1014.201	-1227.939	213.7379	0.9836626	0.392494	0.0341397	0.267001	0.306365	2.064815	1.199376
31074	-1016.692	-1230.718	214.0261	0.7083388	0.447702	0.0389418	0.304558	0.208798	2.003058	1.24916
31080	-1017.295	-1231.055	213.7603	0.9570739	0.309005	0.0246086	0.53444	0.131946	2.010309	1.24916
31086	-1023.835	-1237.075	213.2399	1.669851	0.348309	0.0192017	0.337987	0.294502	1.910176	1.223451
31092	-1035.632	-1247.241	211.6098	2.889232	0.363806	0.0332632	0.162483	0.440447	2.195378	1.599454
31098	-1015.832	-1228.922	213.0904	1.513454	0.324335	0.035327	0.172564	0.467774	2.048882	1.339994
31104	-1017.273	-1228.959	211.6858	3.941338	0.338989	0.00338393	0.168719	0.488908	2.178412	1.082796
31110	-1011.028	-1224.054	213.0269	1.119382	0.362289	0.00357387	0.394498	0.239639	2.1744	1.566816
31116	-1010.817	-1223.217	212.4008	1.467638	0.588009	0.00954051	0.18773	0.21472	1.924148	1.956172
31122	-1017.65	-1230.486	212.8358	1.467638	0.325068	0.0228881	0.247737	0.404307	2.05882	1.557331
31128	-1028.155	-1241.572	213.417	0.8745315	0.390676	0.0195679	0.329815	0.259941	1.831609	1.709042
31134	-1021.071	-1235.079	214.0071	0.8407583	0.35529	0.0177955	0.456554	0.170361	2.082998	1.073155
31140	-1017.815	-1231.295	213.48	1.06549	0.340102	0.0126222	0.526441	0.120835	2.082449	1.330847
31146	-1026.165	-1239.867	213.7017	1.099187	0.366066	0.182051	0.318338	0.133546	2.424626	0.7369318
31152	-1024.986	-1239.223	214.2376	0.6143728	0.294375	0.268793	0.259789	0.177043	2.38111	0.7469944
31158	-1022.924	-1237.045	214.1213	0.7706415	0.389748	0.220483	0.343956	0.0458125	2.277307	0.8227333
31164	-1020.631	-1234.932	214.3012	0.4639993	0.246451	0.149952	0.58903	0.0145667	2.562947	0.5099983
31170	-1008.348	-1222.452	214.1044	0.4639993	0.114503	0.334443	0.544771	0.00628196	2.759813	0.5099983
31176	-1008.995	-1223.225	214.2306	0.3758125	0.0936187	0.453855	0.445409	0.00711709	2.710969	0.5099983
31182	-1018.793	-1233.295	214.5017	0.3128088	0.0283287	0.576491	0.388987	0.00619371	2.480954	0.5132823
31188	-1011.985	-1226.414	214.4293	0.4180351	0.183951	0.423181	0.380583	0.0122855	2.477014	0.5132823
31194	-1024.194	-1238.529	214.3351	0.4180351	0.386631	0.161868	0.418881	0.0326201	2.57075	0.4798237
31200	-1007.526	-1221.735	214.2088	0.5454799	0.0737977	0.362817	0.551053	0.0123321	2.57386	0.485834
31206	-1007.973	-1222.294	214.321	0.5454799	0.231941	0.265984	0.487923	0.0141515	2.46071	0.5266213
31212	-1025.761	-1240.2	214.4381	0.4255747	0.247165	0.16142	0.568637	0.022778	2.45654	0.5533562
31218	-1013.669	-1228.107	214.4377	0.4255747	0.251876	0.188433	0.55133	0.00836031	2.457009	0.5533562
31224	-1003.833	-1217.598	213.7653	1.099827	0.331924	0.156858	0.35906	0.152159	2.178287	0.9604118
31230	-1011.772	-1225.725	213.953	0.6417817	0.231277	0.361722	0.404487	0.00251374	2.678157	0.3566043
31236	-1002.247	-1215.992	213.7451	0.6417817	0.223194	0.314386	0.459469	0.00295066	2.860783	0.3290677
31242	-1016.935	-1230.853	213.9178	0.6699822	0.249268	0.418279	0.148621	0.183832	2.699524	0.3789203
31248	-1011.203	-1225.163	213.9606	0.6699822	0.381791	0.302081	0.227635	0.0884937	2.656808	0.3789203
31254	-1006.925	-1221.326	214.4018	0.5539027	0.413216	0.117092	0.450456	0.0192349	2.173146	0.8855256
31260	-1028.181	-1242.186	214.0043	0.5904058	0.174688	0.25385	0.414949	0.156514	2.683728	0.3600816
31266	-1029.619	-1243.508	213.8892	0.5904058	0.188641	0.274126	0.428219	0.109014	2.773671	0.3318817
31272	-1016.956	-1231.394	214.4378	0.4391809	0.206908	0.340575	0.313769	0.138748	2.448818	0.4777798
31278	-1023.704	-1236.766	213.0617	2.027812	0.332471	0.207197	0.237385	0.222947	2.347767	0.5836412
31284	-1009.706	-1223.748	214.0419	0.5238407	0.1703	0.260467	0.505165	0.0640679	2.734121	0.3886498
31290	-1013.507	-1227.468	213.9609	0.6260839	0.303116	0.0534931	0.588737	0.0546546	2.737963	0.5060406
31296	-1016.067	-1229.938	213.8712	0.5826133	0.174308	0.275586	0.530626	0.0194803	2.869089	0.4551394
31302	-1016.762	-1230.977	214.2154	0.5826133	0.105535	0.25407	0.533897	0.106498	2.522785	0.4456016
31308	-1020.708	-1234.897	214.1887	0.6129018	0.501222	0.144318	0.305439	0.0490215	2.522785	0.5259072
31314	-1005.24	-1219.454	214.2144	0.6129018	0.327735	0.276547	0.340991	0.0547275	2.496347	0.5332579
31320	-1010.586	-1224.919	214.3332	0.6129018	0.307234	0.0992872	0.542175	0.0513041	2.351684	0.6277507
31326	-1014.588	-1228.832	214.2439	0.6129018	0.331574	0.0659805	0.565894	0.0365514	2.441888	0.6253929
31332	-1015.113	-1229.4	214.2875	0.6129018	0.201986	0.387261	0.403654	0.00709963	2.302002	0.7910245
31338	-1028.047	-1242.312	214.2652	0.711238	0.239936	0.203896	0.488308	0.06786	2.007688	1.028599
31344	-1023.054	-1237.317	214.2634	0.7425879	0.22093	0.256497	0.239978	0.282595	1.995782	1.009561
31350	-1016.369	-1230.123	213.7547	1.210575	0.4035	0.268734	0.164952	0.162814	1.925978	1.112322
31356	-1022.747	-1236.186	213.4382	1.316292	0.200753	0.176495	0.496342	0.12641	2.068013	1.180316
31362	-1025.58	-1239.037	213.4569	1.634804	0.463942	0.170511	0.336166	0.0293817	1.872928	1.090468
31368	-1027.276	-1240.822	213.5467	1.082513	0.281665	0.467651	0.190999	0.0596859	2.148724	1.207355
31374	-1022.55	-1236.067	213.5165	0.8768526	0.246084	0.454384	0.228216	0.0713159	2.028424	1.491668
31380	-1010.535	-1221.978	211.4431	3.287321	0.0526589	0.306391	0.168758	0.472193	2.060399	1.648127
31386	-1011.854	-1223.482	211.6283	3.287321	0.106542	0.288964	0.159159	0.445335	2.124339	1.464487
31392	-1022.282	-1235.574	213.2921	1.160726	0.381366	0.141361	0.146737	0.330536	2.041742	1.437694
31398	-1024.573	-1237.094	212.521	2.623045	0.467695	0.0640333	0.179953	0.288318	2.035393	1.137017
31404	-1004.148	-1217.129	212.9813	0.9895894	0.369923	0.0524949	0.495108	0.0824737	1.928813	1.862808
31410	-1017.336	-1229.881	212.5457	1.04516	0.245429	0.0484151	0.434956	0.2712	1.777193	2.215474
31416	-1027.967	-1240.217	212.25	1.223185	0.383004	0.0755542	0.237331	0.30411	1.768137	2.301193
31422	-1039.198	-1251.901	212.703	2.146599	0.490935	0.03049	0.199772	0.278803	1.636177	1.569911
31428	-1008.176	-1221.557	213.3815	0.8474901	0.269948	0.0447501	0.447608	0.237693	1.797194	1.777693
31434	-1016.964	-1230.473	213.509	0.7260434	0.326489	0.0496557	0.496676	0.12718	1.797194	1.777693
31440	-1020.076	-1232.985	212.9098	1.978341	0.505698	0.0338757	0.359602	0.100825	1.951719	1.261602
31446	-1010.014	-1223.255	213.2407	1.398299	0.38662	0.0119618	0.440014	0.161405	2.270096	1.110751
31452	-1003.68	-1216.901	213.221	1.522323	0.350668	0.0108495	0.399097	0.239386	1.957925	1.302009
31458	-1000.644	-1213.35	212.7068	1.948193	0.363353	0.0106375	0.3913	0.234709	2.046705	1.367277
31464	-1013.416	-1227.788	214.3722	0.5701854	0.161066	0.219579	0.422948	0.196407	2.329598	0.6861142
31470	-1013.04	-1226.823	213.7824	1.114048	0.207987	0.0988368	0.513416	0.17976	2.335365	0.7276468
31476	-1024.871	-1239.007	214.1355	0.7119235	0.266698	0.373242	0.258255	0.101805	2.392429	0.7276468
31482	-1004.741	-1218.528	213.7865	1.153498	0.215311	0.175675	0.505669	0.103345	2.293316	0.7276468
31488	-1005.306	-1218.724	213.4177	1.388924	0.377302	0.0435281	0.181227	0.397943	2.503469	0.6103967
31494	-1020.672	-1233.981	213.3091	1.388924	0.493693	0.0569558	0.237133	0.212218	2.632627	0.481569
31500	-1016.775	-1228.643	211.8683	3.477661	0.0778729	0.0940477	0.407761	0.420318	2.632627	0.5045809
31506	-1027.932	-1238.695	210.7631	5.900474	0.0342061	0.260028	0.30941	0.396357	2.630088	0.5149852
31512	-1022.603	-1235.882	213.2787	1.433588	0.0668601	0.240798	0.325296	0.367046	2.607596	0.4143838
31518	-1014.22	-1226.208	211.9884	3.128066	0.36717	0.386706	0.0581539	0.18797	2.69484	0.4176193
31524	-1011.345	-1225.069	213.7236	0.8114512	0.255338	0.0736076	0.449116	0.221939	1.853648	1.518396
31530	-1009.927	-1223.905	213.9783	0.6397822	0.385152	0.103243	0.42216	0.0894445	1.813226	1.493683
31536	-1009.707	-1222.964	213.2571	0.5733757	0.134373	0.140712	0.691825	0.0330892	1.744489	2.091958
31542	-1015.538	-1229.718	214.1793	0.6842559	0.224802	0.139974	0.312535	0.322689	2.415211	0.6609947
31548	-1026.339	-1240.668	214.3287	0.8185237	0.127991	0.553585	0.183645	0.134779	1.973382	0.8789361
31554	-1031.707	-1245.54	213.8325	0.9981026	0.0411451	0.702384	0.213143	0.0433274	2.03467	1.130142
31560	-1020.783	-1234.5	213.7165	1.383948	0.156409	0.609343	0.194674	0.039573	2.073442	0.8347713
31566	-1010.889	-1225.061	214.1723	0.700235	0.226766	0.344034	0.384859	0.0443407	2.237987	0.8976393
31572	-1005.558	-1219.912	214.3542	0.6294537	0.0764943	0.626168	0.104754	0.192583	2.214082	0.7960895
31578	-1007.561	-1221.466	213.9054	0.9810344	0.05739	0.393958	0.454512	0.0941394	2.19165	0.9219917
31584	-1007.609	-1221.792	214.1832	0.5926577	0.0661428	0.415595	0.34928	0.168982	2.171068	1.070602
31590	-1007.881	-1221.33	213.449	1.338682	0.0589451	0.184554	0.43788	0.318621	2.229786	1.001958
31596	-999.029	-1213.199	214.1702	0.7633458	0.0307108	0.289025	0.45794	0.222323	2.105931	0.9702982
31602	-997.4337	-1211.265	213.8309	1.108874	0.0206822	0.194644	0.41032	0.374354	2.175706	0.8818758
31608	-988.2006	-1201.745	213.5446	1.258088	0.0063196	0.251473	0.541601	0.200606	2.323213	0.8786877
31614	-997.5797	-1211.499	213.9195	1.011042	0.153331	0.129665	0.544781	0.172223	2.021543	1.049948
31620	-1003.245	-1217.157	213.9119	0.9278963	0.0771293	0.32032	0.26325	0.339301	2.304995	0.8458876
31626	-1029.002	-1243.258	214.2555	0.6643732	0.145584	0.296602	0.425826	0.131987	2.304995	0.755086
31632	-1007.784	-1221.537	213.7528	1.012695	0.0960179	0.195619	0.621312	0.0870504	2.464146	0.7282849
31638	-1012.652	-1226.507	213.8551	1.012695	0.222114	0.309926	0.330043	0.137917	2.364393	0.7241294
31644	-1007.621	-1221.48	213.8583	0.8907087	0.330042	0.269707	0.255949	0.144302	2.364393	0.8841892
31650	-1004.543	-1217.99	213.4471	1.272161	0.281868	0.230339	0.466257	0.0215355	2.359462	0.9325618
31656	-1004.677	-1217.183	212.5068	2.923957	0.253872	0.198308	0.295942	0.251878	2.116337	0.8825957
31662	-1008.517	-1222.455	213.9384	0.8201473	0.1229	0.304443	0.367806	0.204851	2.130502	1.112483
31668	-997.7181	-1211.846	214.1279	0.7901344	0.0636693	0.242287	0.292713	0.401331	2.265312	0.8030561
31674	-1005.242	-1219.156	213.9134	0.8560591	0.0257349	0.328473	0.483576	0.162217	2.230974	1.005559
31680	-1010.864	-1224.132	213.2674	1.615639	0.112734	0.403079	0.285125	0.199061	2.167152	1.005559
31686	-1003.196	-1216.737	213.5409	1.258282	0.142596	0.481022	0.30872	0.0676621	2.294295	0.915346
31692	-1004.869	-1218.492	213.6228	1.06107	0.170869	0.564252	0.1838	0.0810778	2.190886	1.122146
31698	-1030.205	-1242.334	212.1284	2.905693	0.272959	0.427554	0.139272	0.160216	1.944629	1.390507
31704	-1034.874	-1247.363	212.4895	0.8278454	0.269665	0.345286	0.331384	0.0536645	1.738555	2.416841
31710	-1015.109	-1228.211	213.102	1.518689	0.158797	0.297802	0.338899	0.204501	2.058109	1.319746
31716	-999.0402	-1212.445	213.4052	1.179326	0.221103	0.225872	0.433927	0.119098	2.060626	1.320226
31722	-1001.466	-1214.823	213.3571	1.135366	0.0514122	0.199965	0.587401	0.161221	2.150714	1.320226
31728	-1006.74	-1219.256	212.5151	1.837137	0.0912897	0.171167	0.675575	0.0619687	1.645318	1.860783
31734	-1005.173	-1218.432	213.2585	0.8524688	0.150984	0.142135	0.647488	0.0593924	1.837155	1.83157
31740	-1001.631	-1215.331	213.6999	1.083644	0.154004	0.312616	0.128606	0.404774	1.902188	1.284383
31746	-1008.586	-1222.495	213.9091	0.8062133	0.138116	0.432672	0.341646	0.0875662	1.927236	1.322524
31752	-1020.926	-1233.063	212.1371	2.4588	0.0819936	0.668652	0.219888	0.0294661	1.940223	1.602164
31758	-1009.398	-1223.092	213.6933	1.214233	0.163502	0.493415	0.086629	0.256454	1.948574	1.144084
31764	-1012.432	-1225.582	213.1502	1.628501	0.107764	0.591894	0.131311	0.16903	2.020304	1.234977
31770	-1019.787	-1232.68	212.8923	1.632121	0.0717492	0.27481	0.501092	0.152349	2.169778	1.321567
31776	-1015.428	-1226.867	211.4385	5.005543	0.470978	0.165687	0.0531864	0.310149	2.256359	0.7026263
31782	-997.04	-1208.36	211.3198	4.82148	0.260045	0.3403	0.0603112	0.339343	2.260142	0.9525819
31788	-997.3835	-1209.338	211.9547	3.378008	0.224765	0.362704	0.0512084	0.361323	2.45805	0.8173514
31794	-1001.448	-1214.218	212.7704	2.327746	0.512632	0.302521	0.118782	0.0660649	2.18393	0.9437805
31800	-1014.633	-1227.16	212.5279	2.666844	0.280382	0.13349	0.55876	0.0273675	2.191052	0.9537838
31806	-1014.242	-1225.717	211.475	4.102129	0.355333	0.169174	0.307519	0.167974	2.091211	1.272313
31812	-1006.087	-1218.514	212.4274	0.9198397	0.128988	0.52464	0.285527	0.0608451	1.905525	2.289927
31818	-1026.462	-1239.828	213.3663	0.5486664	0.273933	0.408982	0.238572	0.0785129	1.982655	1.876798
31824	-1029.404	-1241.198	211.7939	1.129118	0.277833	0.400568	0.241969	0.0796307	1.993169	2.503581
31830	-1020.541	-1233.607	213.066	1.129118	0.414632	0.253514	0.223158	0.108695	2.333906	1.410081
31836	-1037.07	-1250.402	213.3314	0.7071325	0.218438	0.383038	0.253778	0.144746	2.333906	1.534634
31842	-1022.123	-1235.83	213.7065	1.286292	0.120234	0.0408594	0.739922	0.098984	2.10285	0.9154073
31848	-1004.345	-1218.503	214.1579	0.6584225	0.109449	0.154853	0.562644	0.173054	2.280772	0.9154073
31854	-1023.338	-1237.263	213.9248	1.116378	0.204986	0.155011	0.540072	0.0999315	2.186147	0.7348851
31860	-1012.987	-1225.765	212.7783	2.281849	0.187565	0.257478	0.388968	0.165989	2.098418	1.053615
31866	-1006.303	-1218.296	211.993	3.687683	0.283797	0.297056	0.167996	0.251152	1.960545	1.12097
31872	-1008.754	-1219.427	210.6732	6.370849	0.299391	0.380022	0.210569	0.110018	2.072971	1.152611
31878	-999.2982	-1213.277	213.9784	0.6987733	0.29598	0.375692	0.244323	0.0840044	2.173541	1.152611
31884	-1010.277	-1223.805	213.5272	1.397125	0.169825	0.37991	0.335063	0.115203	2.226937	0.8639762
31890	-1030.296	-1243.691	213.3954	0.7968282	0.330104	0.0790221	0.522978	0.0678957	1.869452	1.754492
31896	-1016.614	-1230.467	213.8538	1.003397	0.263526	0.0691519	0.590642	0.0766802	2.154557	0.9914217
31902	-1016.726	-1228.797	212.071	1.051174	0.357714	0.0962192	0.451314	0.0947525	1.844028	2.471012
31908	-1015.401	-1226.31	210.9089	1.639671	0.392452	0.0408569	0.426801	0.13989	1.633183	2.985981
31914	-1017.345	-1228.65	211.3058	1.207728	0.475719	0.0461522	0.304809	0.17332	1.307118	3.171422
31920	-999.541	-1212.546	213.0047	0.7364959	0.4725	0.0502977	0.332188	0.145015	1.756213	2.136816
31926	-1006.02	-1219.586	213.5661	0.6864522	0.28659	0.33671	0.288743	0.0879575	1.862777	1.721122
31932	-1002.209	-1215.534	213.3253	0.9459161	0.228745	0.238305	0.266018	0.266933	1.822092	1.728921
31938	-1007.669	-1221.146	213.4775	0.8744447	0.213245	0.39956	0.17272	0.214475	1.812494	1.679746
31944	-1027.182	-1237.423	210.2409	3.519054	0.407541	0.0963431	0.019754	0.476362	1.5922	2.658016
31950	-1006.907	-1220.702	213.7956	0.9635678	0.218067	0.493835	0.0926233	0.195475	1.897798	1.307145
31956	-997.0804	-1210.704	213.624	0.9635678	0.162144	0.501948	0.309025	0.026884	2.029954	1.338831
31962	-1001.057	-1213.971	212.9142	0.5685983	0.192913	0.368335	0.371752	0.0669992	1.911749	2.209635
31968	-1009.49	-1222.638	213.1489	0.978809	0.279535	0.390055	0.162243	0.168167	1.858948	1.803085
31974	-1014.536	-1228.542	214.0063	0.690359	0.1525	0.60277	0.032733	0.211997	1.968148	1.309671
31980	-1013.599	-1226.502	212.9034	1.970463	0.278466	0.233964	0.14086	0.346709	1.956127	1.268187
31986	-1013.229	-1226.538	213.3087	1.446874	0.410852	0.18371	0.124882	0.280556	1.894358	1.335217
31992	-1056.414	-1269.069	212.6556	1.760712	0.424022	0.350477	0.0272815	0.19822	2.198256	1.403256
31998	-1041.242	-1254.091	212.8492	2.09416	0.193002	0.471127	0.0309181	0.304953	2.253305	0.962951
32004	-1023.003	-1237.229	214.2264	0.6304357	0.153313	0.0976858	0.642709	0.106292	2.383532	0.7344848
32010	-1014.115	-1228.295	214.1792	0.6304357	0.0946272	0.0896015	0.788495	0.027276	2.103306	1.10022
32016	-1017.48	-1231.612	214.1328	0.6304357	0.0749112	0.382032	0.497223	0.0458338	2.149801	1.10022
32022	-1026.64	-1240.884	214.2433	0.6196591	0.163743	0.180074	0.600657	0.0555259	2.184915	0.9701444
32028	-1010.229	-1224.66	214.4303	0.5195329	0.17867	0.190102	0.577031	0.0541978	2.101797	0.9701444
32034	-999.7086	-1213.898	214.1893	0.5195329	0.296017	0.244205	0.415547	0.0442312	2.04988	1.23885
32040	-1007.712	-1222.062	214.3508	0.66976	0.149954	0.253129	0.351632	0.245285	2.168131	0.8050772
32046	-1000.233	-1214.661	214.4275	0.5416329	0.141342	0.457611	0.236249	0.164798	1.998249	1.053139
32052	-1007.323	-1220.779	213.4559	0.7938257	0.301656	0.294308	0.298048	0.105988	2.00524	1.617162
32058	-1011.944	-1225.047	213.1034	1.231272	0.307632	0.280327	0.303952	0.108088	1.904313	1.630251
32064	-1004.074	-1218.348	214.2735	0.5808328	0.223547	0.313112	0.32645	0.13689	1.854825	1.278502
32070	-1018.45	-1232.497	214.0464	0.7256863	0.368832	0.150405	0.287563	0.1932	1.928894	1.278502
32076	-1017.695	-1231.769	214.0741	0.8795006	0.152723	0.299452	0.336429	0.211396	1.87513	1.164283
32082	-1021.601	-1234.966	213.3657	0.8253352	0.200248	0.173057	0.469513	0.157182	2.173222	1.536109
32088	-1023.335	-1236.494	213.1595	1.591011	0.250028	0.216076	0.251642	0.282253	2.12687	1.162423
32094	-1030.988	-1245.136	214.1477	0.7898593	0.341584	0.2952	0.228341	0.134875	2.100666	0.970125
32100	-1019.902	-1234.319	214.4167	0.4516716	0.325412	0.211617	0.239177	0.223793	1.98493	1.156438
32106	-1020.075	-1234.461	214.386	0.6643113	0.331199	0.231539	0.232855	0.204407	2.153292	0.785335
32112	-1011.371	-1225.301	213.93	0.8481171	0.297649	0.0843991	0.329078	0.288874	2.514152	0.6090537
32118	-1027.502	-1241.385	213.8832	0.9962999	0.322816	0.0915353	0.356902	0.228746	2.331715	0.7564042
32124	-1021.453	-1235.257	213.8038	1.24898	0.249965	0.0779126	0.394473	0.277649	2.252231	0.5878865
32130	-1020.607	-1234.042	213.4343	1.62696	0.257538	0.0599204	0.495765	0.186777	2.083674	0.9082501
32136	-1013.667	-1227.608	213.9413	1.025031	0.182924	0.158618	0.478271	0.180187	2.270476	0.7168218
32142	-1012.475	-1226.414	213.9382	0.8595804	0.238904	0.136408	0.404333	0.220355	2.191956	1.01594
32148	-997.8034	-1212.05	214.2464	0.7302207	0.401498	0.327953	0.206326	0.0642234	2.173915	0.8487625
32154	-1000.678	-1214.871	214.193	0.7302207	0.319957	0.112569	0.435055	0.132419	2.177919	0.9062829
32160	-1013.355	-1227.539	214.1842	0.6821728	0.244047	0.135554	0.523886	0.0965127	2.078851	1.067515
32166	-1023.045	-1237.357	214.3112	0.5761818	0.263045	0.35212	0.280809	0.104026	2.202575	0.9279511
32172	-1025.5	-1239.886	214.386	0.5761818	0.294018	0.333751	0.247591	0.124639	2.219373	0.8207819
32178	-1020.264	-1234.285	214.0203	0.9800283	0.234442	0.401466	0.0534399	0.310652	2.256178	0.6820679
32184	-1027.084	-1240.107	213.0234	1.320699	0.01138	0.553508	0.375016	0.0600961	1.98628	1.568843
32190	-1019.999	-1233.219	213.2199	1.720383	0.00625136	0.522161	0.33052	0.141068	1.957785	1.164195
32196	-1029.85	-1242.207	212.3569	2.76833	0.0134744	0.431995	0.0913271	0.463203	2.212974	1.038796
32202	-1029.611	-1243.827	214.2166	0.7300429	0.248278	0.058378	0.588967	0.104377	2.208993	0.8425122
32208	-1042.07	-1255.264	213.194	1.713904	0.271372	0.110825	0.468157	0.149646	2.265299	0.8939964
32214	-1023.046	-1236.423	213.3772	1.226334	0.42865	0.200894	0.255016	0.115439	2.057858	1.309266
32220	-1016.725	-1230.173	213.4479	0.9440797	0.312037	0.146242	0.405299	0.136422	1.997764	1.514479
32226	-1014.59	-1226.951	212.3608	2.673835	0.439547	0.0860323	0.249681	0.224739	1.897969	1.358415
32232	-1014.738	-1228.76	214.0211	0.9633119	0.237603	0.129562	0.334423	0.298412	2.197687	0.797568
32238	-1018.59	-1232.847	214.2571	0.6731881	0.27169	0.247968	0.3824	0.097941	2.263862	0.797568
32244	-1020.71	-1234.906	214.1959	0.7211431	0.055904	0.387499	0.443095	0.113503	2.367882	0.6431479
32250	-1029.262	-1243.155	213.8921	0.8802222	0.246136	0.11572	0.450205	0.187939	2.386013	0.8305706
32256	-1022.144	-1235.388	213.2446	1.73396	0.304364	0.055426	0.407811	0.2324	2.342733	0.6984453
32262	-1032.409	-1243.034	210.6245	7.003827	0.288531	0.0433472	0.496621	0.171501	2.181588	0.8687081
32268	-1017.871	-1231.601	213.7302	1.067275	0.338509	0.0815321	0.467086	0.112872	1.981773	1.205953
32274	-1031.994	-1245.38	213.3859	1.015055	0.27574	0.0718189	0.602169	0.0502721	1.76	1.680778
32280	-1047.206	-1257.656	210.4493	7.388399	0.142536	0.293599	0.396679	0.167186	2.377513	0.6428555
32286	-1021.209	-1232.371	211.1623	5.530171	0.244382	0.110277	0.358697	0.286644	2.34357	0.6428555
32292	-1012.232	-1225.591	213.3595	0.813297	0.169254	0.393032	0.417233	0.0204817	1.935819	1.721035
32298	-1017.013	-1230.804	213.7914	0.880608	0.151088	0.483771	0.331568	0.0335721	1.838998	1.423691
32304	-1024.071	-1238.261	214.1902	0.647277	0.20622	0.462581	0.253449	0.0777501	2.088266	1.087549
32310	-1034.319	-1247.935	213.6167	1.11698	0.436652	0.14329	0.255428	0.164629	2.180358	1.087549
32316	-1024.297	-1237.979	213.6814	0.9742143	0.536218	0.118463	0.211171	0.134148	2.159408	1.174629
32322	-1035.461	-1249.249	213.7878	0.9224257	0.52125	0.115156	0.23319	0.130403	2.3413	0.9512875
32328	-1031.574	-1245.33	213.7562	0.7776284	0.316658	0.0482968	0.555825	0.0792198	2.408144	1.065431
32334	-1028.079	-1241.896	213.817	1.164674	0.450401	0.0255011	0.29348	0.230617	2.180742	0.8278716
32340	-1013.591	-1227.315	213.7236	1.074908	0.299321	0.355333	0.20503	0.140316	2.480946	0.6359515
32346	-1023.912	-1237.959	214.0467	0.7778354	0.137353	0.463181	0.177528	0.221938	2.260246	0.9213633
32352	-1027.325	-1240.725	213.4003	1.448953	0.152177	0.428065	0.327272	0.0924862	2.307763	0.8643502
32358	-1023.999	-1237.682	213.6839	1.035106	0.315082	0.264242	0.293433	0.127244	2.400873	0.8750095
32364	-1030.217	-1244.183	213.9654	0.8306075	0.160175	0.174987	0.600153	0.0646855	2.290674	0.9165634
32370	-1011.53	-1225.608	214.0777	0.7126017	0.332314	0.264375	0.369644	0.033667	2.339627	0.8746075
32376	-1007.319	-1221.433	214.1142	0.7126017	0.278444	0.221518	0.468283	0.0317547	2.303138	0.8746075
32382	-1026.016	-1239.838	213.8219	0.8041191	0.0196766	0.3045	0.60916	0.0666642	2.215237	1.15588
32388	-1023.643	-1236.094	212.4517	2.633918	0.0313902	0.453673	0.156522	0.358415	2.138194	1.100412
32394	-1032.426	-1246.743	214.3172	0.6367869	0.119232	0.377504	0.460156	0.0431082	2.25633	0.7782602
32400	-1020.788	-1234.69	213.9022	0.7923679	0.129798	0.266275	0.500931	0.102996	2.327632	0.9864292
32406	-1002.331	-1216.488	214.1573	0.7312744	0.100292	0.250297	0.470874	0.178537	2.339607	0.744117
32412	-1005.482	-1219.664	214.1815	0.7312744	0.33819	0.230784	0.300931	0.130095	2.388732	0.5990521
32418	-1015.471	-1229.595	214.1234	0.7312744	0.345669	0.193944	0.32143	0.138957	2.263477	0.8869352
32424	-1016.668	-1230.828	214.1599	0.7312744	0.444725	0.0186829	0.41881	0.117782	2.226931	0.8869352
32430	-1014.859	-1228.879	214.0197	0.7312744	0.27112	0.113662	0.417219	0.197999	2.450321	0.7831133
32436	-1005.811	-1219.935	214.1245	0.6620603	0.262808	0.111631	0.425941	0.19962	2.492486	0.6630981
32442	-1008.458	-1222.754	214.2962	0.7372264	0.28064	0.0728433	0.438422	0.208095	2.180752	0.764418
32448	-1005.391	-1219.441	214.0499	0.7372264	0.222694	0.252832	0.347898	0.176576	2.269386	0.9540916
32454	-998.6943	-1212.844	214.1493	0.7372264	0.166989	0.284846	0.34803	0.200135	2.138543	0.9864632
32460	-1032.437	-1246.643	214.2065	0.5759079	0.214717	0.168541	0.523199	0.0935433	2.145337	1.08915
32466	-1026.228	-1239.644	213.4164	1.501901	0.180702	0.071184	0.575876	0.172237	2.315356	0.7749686
32472	-1030.001	-1243.851	213.8503	0.9698509	0.242369	0.0853956	0.607225	0.0650102	2.235578	0.9461079
32478	-1015.522	-1228.988	213.4669	1.400641	0.415023	0.00928809	0.469775	0.105913	2.235578	0.919262
32484	-1023.809	-1236.194	212.3852	2.154839	0.258495	0.00799644	0.444131	0.289378	2.182624	1.392714
32490	-1024.447	-1236.245	211.7984	3.01639	0.340926	0.00515159	0.297506	0.356417	2.505981	1.14374
32496	-1039.107	-1251.454	212.3471	2.864404	0.173424	0.0261426	0.364162	0.436272	2.460502	0.6730501
32502	-1030.988	-1243.39	212.4018	2.786323	0.101575	0.598695	0.131959	0.167771	2.454245	0.6730501
32508	-1040.813	-1253.906	213.0935	1.805371	0.165387	0.240578	0.135542	0.458493	2.283924	0.9036278
32514	-1025.773	-1239.708	213.9344	0.8137445	0.526889	0.0316289	0.358421	0.0830605	2.341152	0.9145198
32520	-1021.48	-1234.705	213.225	1.416407	0.100299	0.394715	0.149425	0.35556	2.318604	1.065566
32526	-1035.507	-1249.277	213.7696	1.047002	0.0130504	0.464344	0.154639	0.367966	2.439217	0.6838739
32532	-1012.565	-1226.539	213.9735	0.8844401	0.222349	0.249765	0.487505	0.0403807	2.390483	0.6998753
32538	-1017.496	-1231.18	213.6837	1.05683	0.324489	0.0872688	0.54451	0.0437322	2.544939	0.6204289
32544	-1020.99	-1235.201	214.2113	0.7082085	0.0871444	0.260581	0.501436	0.150838	2.267453	0.8043231
32550	-1007.168	-1220.79	213.6215	1.188645	0.0633544	0.297356	0.364547	0.274742	2.306211	0.8847425
32556	-1026.333	-1239.515	213.1826	1.755365	0.287718	0.310943	0.154082	0.247257	2.054263	1.085566
32562	-1013.872	-1227.705	213.8324	0.9110562	0.206953	0.19778	0.507366	0.0879014	2.171861	1.085566
32568	-1015.841	-1229.944	214.1032	0.7070047	0.251054	0.199733	0.533635	0.0155792	2.197216	1.005942
32574	-1020.927	-1234.512	213.5855	1.278917	0.42709	0.148594	0.391973	0.0323438	2.055381	1.090562
32580	-1002.718	-1216.851	214.1326	0.6148093	0.318452	0.0609977	0.517714	0.102836	2.496895	0.7296616
32586	-1020.785	-1234.505	213.7196	1.180523	0.391214	0.0781304	0.441471	0.0891854	2.314604	0.7580436
32592	-1008.879	-1223.12	214.241	0.7056575	0.294989	0.0572955	0.400227	0.247488	2.273723	0.7580436
32598	-1020.026	-1234.176	214.15	0.7056575	0.219189	0.0425729	0.488203	0.250036	2.320655	0.8184052
32604	-997.6245	-1211.083	213.4584	1.148703	0.354605	0.06444	0.483267	0.0976881	2.316554	1.07965
32610	-1011.74	-1225.872	214.132	0.6932653	0.169764	0.289449	0.434792	0.105995	2.344012	0.8283035
32616	-1012.989	-1227.499	214.5096	0.4124408	0.247562	0.310128	0.29547	0.14684	2.250143	0.8283035
32622	-1015.952	-1229.779	213.8276	0.9107911	0.416433	0.0260273	0.437646	0.119894	2.425965	0.8218905
32628	-1014.267	-1228.322	214.0556	0.8597813	0.324828	0.125803	0.341304	0.208065	2.393745	0.5436332
32634	-1010.119	-1223.866	213.7469	0.9931756	0.272378	0.0680944	0.597463	0.0620646	2.569313	0.4812552
32640	-1010.452	-1224.455	214.0026	0.7403206	0.160002	0.233449	0.527774	0.0787755	2.575258	0.5080177
32646	-1036.689	-1250.733	214.0435	0.7403206	0.148936	0.270417	0.385358	0.195289	2.407051	0.7965649
32652	-1017.218	-1231.422	214.2043	0.5907959	0.27962	0.231803	0.410648	0.0779285	2.523969	0.5650143
32658	-1020.969	-1234.986	214.0168	0.7185953	0.329951	0.214996	0.417916	0.0371377	2.576368	0.5650143
32664	-1015.323	-1227.789	212.4661	0.7340497	0.239745	0.151747	0.350355	0.258152	2.038207	2.304075
32670	-1012.275	-1226.442	214.167	0.6036719	0.289112	0.0456804	0.353898	0.311309	2.038207	1.193829
32676	-1010.432	-1223.983	213.5513	1.358756	0.396954	0.0627198	0.485906	0.0544198	2.25117	0.8471759
32682	-1030.016	-1243.325	213.3089	1.604799	0.300605	0.242099	0.296406	0.16089	2.280134	0.8471759
32688	-1021.265	-1234.417	213.1521	1.689552	0.321926	0.222609	0.0423438	0.413121	2.533857	0.4981481
32694	-1043.08	-1256.562	213.4817	1.307284	0.454099	0.107286	0.129512	0.309103	2.533857	0.5172237
32700	-1032.16	-1246.343	214.1834	0.5399527	0.298195	0.128377	0.469946	0.103483	2.581846	0.6163848
32706	-1032.307	-1246.115	213.8074	0.9144315	0.378355	0.102806	0.454059	0.06478	2.579679	0.5723832
32712	-1015.836	-1228.554	212.7177	2.317319	0.361139	0.00158241	0.458676	0.178603	2.474495	0.611338
32718	-1011.941	-1225.411	213.4697	1.337397	0.368455	0.00154422	0.425782	0.204219	2.503518	0.5933876
32724	-1010.83	-1224.397	213.5671	1.170897	0.422271	0.00125336	0.345584	0.230892	2.574695	0.4729619
32730	-1018.079	-1231.09	213.0114	1.998059	0.406085	0.27687	0.219073	0.0979722	2.412812	0.6073175
32736	-1013.366	-1227.576	214.2103	0.5595536	0.178824	0.34933	0.348233	0.123613	2.557615	0.5189024
32742	-1014.328	-1228.337	214.0094	0.7722641	0.159126	0.375784	0.397885	0.0672046	2.527722	0.5624092
32748	-1026.444	-1239.941	213.4969	1.258892	0.152891	0.225042	0.503871	0.118196	2.532413	0.6359787
32754	-1018.546	-1232.339	213.7935	1.032032	0.137235	0.52	0.212295	0.13047	2.466105	0.6028685
32760	-1018.801	-1232.922	214.1214	0.7072184	0.186376	0.306982	0.288315	0.218327	2.466105	0.621722
32766	-1009.639	-1223.782	214.1434	0.6960653	0.30812	0.31572	0.219538	0.156623	2.466105	0.5927745
32772	-1003.814	-1218.007	214.1929	0.5648707	0.262065	0.247813	0.393197	0.0969256	2.569188	0.4782183
32778	-1007.594	-1221.823	214.2286	0.5511445	0.202228	0.267907	0.425079	0.104785	2.547758	0.5219888
32784	-1012.139	-1226.316	214.1765	0.5103116	0.282223	0.295827	0.338506	0.083444	2.641437	0.5219888
32790	-1025.093	-1239.615	214.5213	0.4016084	0.240444	0.245607	0.353727	0.160223	2.380613	0.6039084
32796	-1028.731	-1242.772	214.0417	0.9007691	0.197737	0.293212	0.221544	0.287507	2.322027	0.6692626
32802	-1007.179	-1221.129	213.95	0.9408754	0.211111	0.313043	0.168893	0.306953	2.39023	0.631463
32808	-1020.037	-1233.986	213.9493	0.9408754	0.307368	0.28952	0.258252	0.14486	2.272956	0.8227587
32814	-1001.904	-1215.753	213.8484	1.0807	0.227365	0.453983	0.158006	0.160646	2.272956	0.7711113
32820	-1004.236	-1218.292	214.0559	0.7885587	0.245143	0.427469	0.148778	0.178609	2.381388	0.7429468
32826	-1009.489	-1223.646	214.1565	0.760532	0.240028	0.439416	0.145674	0.174882	2.327374	0.7158886
32832	-1014.774	-1228.193	213.419	0.8881699	0.386682	0.0922409	0.322685	0.198391	2.920044	0.3215511
32838	-1008.994	-1222.206	213.2121	1.132268	0.244783	0.128913	0.34904	0.277265	2.881781	0.3198652
32844	-1000.577	-1214.23	213.6532	0.834407	0.259375	0.240657	0.206173	0.293794	2.773845	0.3553491
32850	-1012.83	-1226.404	213.5738	1.044047	0.281836	0.261497	0.224026	0.232641	2.673943	0.4098195
32856	-1027.636	-1241.357	213.7213	0.9156597	0.22474	0.152803	0.486515	0.135942	2.668759	0.4500873
32862	-1020.358	-1234.051	213.6922	0.9208429	0.321468	0.124904	0.348168	0.205459	2.252125	1.131024
32868	-1015.655	-1229.853	214.1981	0.6795006	0.248918	0.3224	0.269592	0.15909	2.252125	0.877083
32874	-1006.068	-1220.032	213.9643	0.966713	0.212763	0.110334	0.501905	0.174998	2.252125	0.7961147
32880	-1009.049	-1223.264	214.2154	0.6915716	0.109728	0.164888	0.4321	0.293284	2.256075	0.8362548
32886	-1016.619	-1230.786	214.1669	0.6915716	0.173107	0.260128	0.104079	0.462685	2.212332	0.9417614
32892	-1009.439	-1222.864	213.425	1.246933	0.26422	0.100324	0.214557	0.420899	2.322893	1.016884
32898	-1014.001	-1227.131	213.1304	1.762722	0.260395	0.0988716	0.439958	0.200776	2.172539	1.016884
32904	-1017.114	-1231.137	214.0229	0.9017374	0.200913	0.292452	0.387075	0.11956	2.345215	0.6581981
32910	-1006.199	-1219.657	213.4582	1.490647	0.216932	0.31577	0.338206	0.129092	2.345215	0.6746519
32916	-998.139	-1212.301	214.1616	0.7809491	0.119402	0.473828	0.335716	0.0710538	2.323917	0.6746519
32922	-1004.482	-1218.606	214.1239	0.7865267	0.252268	0.32576	0.348263	0.0737093	2.357192	0.6718716
32928	-1007.032	-1221.231	214.1995	0.6348603	0.357667	0.203974	0.379605	0.0587539	2.357192	0.803957
32934	-1004.803	-1218.665	213.8624	0.9284025	0.401156	0.136184	0.253444	0.209216	2.370203	0.8257383
32940	-1013.285	-1227.086	213.8009	1.02644	0.219254	0.139494	0.475964	0.165288	2.455291	0.6267592
32946	-1022.896	-1237.127	214.2318	0.642893	0.182201	0.557456	0.102837	0.157506	2.421761	0.6267592
32952	-1021.748	-1235.339	213.5909	1.097494	0.320972	0.354429	0.156606	0.167994	2.575436	0.6705071
32958	-1025.115	-1238.373	213.2581	1.381532	0.202338	0.22549	0.46627	0.105902	1.974387	1.357799
32964	-1013.081	-1226.326	213.2448	1.00491	0.200086	0.12035	0.290103	0.389461	2.09795	1.545458
32970	-1004.275	-1217.982	213.7074	0.7546136	0.198232	0.325157	0.296204	0.180407	2.057787	1.421161
32976	-996.4541	-1210.506	214.0518	0.7399283	0.194591	0.390577	0.289217	0.125615	1.975402	1.222774
32982	-989.6101	-1202.404	212.7943	2.107763	0.0831055	0.32595	0.329812	0.261132	1.975204	1.258215
32988	-1006.409	-1217.965	211.5555	3.308097	0.410126	0.0960176	0.142045	0.351812	1.854258	1.706531
32994	-1000.675	-1213.948	213.2737	1.40393	0.226087	0.128474	0.379503	0.265936	1.76407	1.492493
33000	-998.2244	-1210.806	212.5816	2.268366	0.247218	0.0470191	0.414972	0.290791	1.654851	1.581547
33006	-1004.674	-1215.971	211.2962	2.688429	0.290593	0.202833	0.348189	0.158385	1.591841	2.30308
33012	-1004.21	-1215.592	211.3819	2.617147	0.239767	0.471406	0.118892	0.169936	1.551977	2.30308
33018	-999.9667	-1211.768	211.8008	1.279958	0.393742	0.198987	0.167647	0.239624	1.552979	2.683913
33024	-1021.57	-1232.06	210.4903	1.67477	0.404609	0.278896	0.0702585	0.246237	1.374938	3.370559
33030	-1032.5	-1244.812	212.3122	1.11336	0.225951	0.0428874	0.425895	0.305267	1.950415	2.211357
33036	-1022.464	-1234.033	211.5693	1.11336	0.353795	0.0671532	0.407026	0.172025	1.816079	2.760934
33042	-1023.537	-1236.884	213.3464	0.5692228	0.193088	0.177053	0.606131	0.0237274	1.653376	2.095971
33048	-1035.627	-1249.429	213.8022	0.8089771	0.161908	0.148462	0.655971	0.0336578	1.82168	1.485364
33054	-1022.327	-1235.166	212.8387	0.8089771	0.519041	0.0643552	0.349883	0.0667205	2.183549	1.912586
33060	-1022.079	-1236.032	213.9529	0.6499153	0.106364	0.257077	0.5761	0.0604591	1.903258	1.436443
33066	-1018.509	-1232.133	213.6233	0.9371841	0.0875984	0.315893	0.340826	0.255683	1.932607	1.436443
33072	-1033.121	-1245.45	212.3295	0.8055643	0.217661	0.269308	0.358318	0.154713	1.576736	2.632037
33078	-1020.642	-1231.847	211.2054	1.141555	0.355866	0.179909	0.250283	0.213942	2.070518	2.811065
33084	-1018.564	-1231.492	212.9282	1.141555	0.380821	0.127601	0.267834	0.223744	1.872428	1.83562
33090	-1032.404	-1245.273	212.8689	2.380219	0.47365	0.0359558	0.0976907	0.392703	1.889803	1.100199
33096	-1013.159	-1226.711	213.5522	0.8781619	0.287232	0.389147	0.0854775	0.238144	1.718545	1.690766
33102	-1020.526	-1233.742	213.2162	1.247124	0.295074	0.271963	0.0862636	0.3467	1.766756	1.637452
33108	-1027.796	-1241.756	213.9598	0.7429022	0.253928	0.275504	0.119355	0.351214	1.766756	1.460268
33114	-1035.808	-1249.358	213.5504	1.012408	0.287896	0.236322	0.166279	0.309503	1.815775	1.522562
33120	-1026.864	-1239.768	212.9043	1.648581	0.351351	0.245595	0.132012	0.271042	1.883761	1.522562
33126	-1036.306	-1249.379	213.073	1.688527	0.468604	0.138836	0.00619787	0.386362	2.131847	1.163115
33132	-1030.722	-1243.929	213.2069	1.687641	0.380636	0.162618	0.0361254	0.42062	2.386721	0.7490191
33138	-1031.411	-1244.196	212.7855	1.821731	0.411611	0.154485	0.0343187	0.399585	2.332362	1.145589
33144	-1019.581	-1232.49	212.9086	1.821731	0.180102	0.231789	0.107482	0.480628	2.396729	0.9672641
33150	-1018.747	-1232.196	213.4492	0.783204	0.151631	0.253628	0.349528	0.245213	2.202266	1.484952
33156	-1026.951	-1240.438	213.487	0.9958461	0.19585	0.240874	0.331952	0.231323	2.371708	1.139793
33162	-1014.958	-1228.738	213.78	0.9641264	0.172994	0.204692	0.211909	0.410405	2.110597	1.139793
33168	-1008.154	-1221.572	213.4176	1.038273	0.288416	0.159202	0.336097	0.216285	2.155191	1.344
33174	-1011.415	-1224.751	213.3356	0.9556504	0.269837	0.100896	0.396782	0.232485	1.842567	1.700203
33180	-1017.609	-1230.899	213.2901	0.9556504	0.162947	0.369678	0.3312	0.136175	1.803622	1.75962
33186	-1015.169	-1227.454	212.2851	0.7977039	0.182347	0.224141	0.450744	0.142768	1.561769	2.673656
33192	-1007.726	-1221.445	213.7187	0.7977039	0.199289	0.0772868	0.492623	0.2308	1.858761	1.528929
33198	-1018.015	-1232.396	214.3811	0.5469308	0.156985	0.133212	0.311994	0.397809	2.08326	1.010323
33204	-1026.767	-1240.407	213.6401	0.6371444	0.182025	0.0860784	0.441988	0.289909	2.041884	1.576935
33210	-1023.72	-1236.922	213.2018	0.7838086	0.10649	0.103373	0.441981	0.348156	2.041884	1.77877
33216	-1016.598	-1229.776	213.1782	0.7727899	0.284402	0.0108049	0.660048	0.044745	1.961828	1.858294
33222	-1013.595	-1226.376	212.781	0.8690621	0.410027	0.019788	0.377198	0.192987	1.751871	2.194835
33228	-1003.389	-1216.228	212.839	0.718557	0.363744	0.142017	0.334621	0.159618	1.654986	2.321128
33234	-1006.53	-1218.924	212.3932	0.6048842	0.332822	0.129944	0.48002	0.0572145	1.927505	2.506255
33240	-1027.03	-1238.543	211.5136	2.05369	0.215263	0.290665	0.0380335	0.456038	2.032583	2.159924
33246	-1026.767	-1239.728	212.961	1.451588	0.425488	0.151685	0.104414	0.318412	1.889845	1.599611
33252	-1023.016	-1235.376	212.3607	1.509273	0.275829	0.0216038	0.501264	0.201304	1.915829	1.964465
33258	-1057.828	-1270.158	212.3304	1.546003	0.250971	0.00750428	0.0438712	0.697653	1.978785	1.921305
33264	-1021.09	-1233.737	212.6471	0.8274652	0.470789	0.200006	0.170895	0.15831	2.123905	2.067468
33270	-1028.772	-1240.772	212.0003	2.112038	0.15824	0.00634375	0.516226	0.31919	1.915569	1.885802
33276	-1027.812	-1239.03	211.2178	1.859747	0.384117	0.0110186	0.331392	0.273472	1.899095	2.526711
33282	-1029.164	-1241.293	212.1288	1.733803	0.223563	0.00641303	0.587027	0.182997	1.901714	2.003899
33288	-1010.113	-1222.687	212.5741	1.100907	0.423525	0.00885136	0.315048	0.252575	2.016915	2.003899
33294	-1020.299	-1232.548	212.2485	2.06069	0.342462	0.0188379	0.402785	0.235916	2.007482	1.675429
33300	-1003.243	-1215.525	212.2821	2.244662	0.456942	0.0626949	0.123195	0.357168	2.112686	1.476295
33306	-1021.491	-1234.689	213.1977	1.761529	0.442478	0.0607104	0.330057	0.166755	1.99299	1.123235
33312	-1023.844	-1237.498	213.6534	0.796849	0.30389	0.178018	0.422435	0.0956575	2.378191	1.167398
33318	-1042.012	-1255.653	213.6412	0.796849	0.163382	0.0947665	0.617365	0.124487	2.461936	1.103549
33324	-1020.416	-1234.078	213.6621	1.037633	0.328577	0.0956405	0.218158	0.357624	2.60614	0.4545367
33330	-1022.858	-1235.954	213.0956	1.746095	0.377505	0.159333	0.250644	0.212519	2.518195	0.6237962
33336	-1019.084	-1233.258	214.1739	0.5772185	0.148877	0.33814	0.40914	0.103843	2.558108	0.601556
33342	-1019.735	-1232.729	212.9946	2.038304	0.312499	0.409979	0.178888	0.0986341	2.351028	0.7088495
33348	-1025.715	-1238.095	212.3803	2.892833	0.485734	0.166501	0.0235384	0.324227	2.312546	0.8211882
33354	-1017.725	-1230.542	212.8168	1.761318	0.23475	0.468863	0.0200608	0.276326	2.340132	1.153432
33360	-1012.795	-1225.512	212.7166	2.638989	0.207567	0.288778	0.226357	0.277298	2.272905	0.5703035
33366	-1024.705	-1238.118	213.4131	1.657712	0.303741	0.237099	0.180475	0.278685	2.277327	0.6115833
33372	-1017.495	-1230.663	213.1677	1.657712	0.192931	0.124608	0.568555	0.113907	2.515047	0.6310757
33378	-1016.092	-1230.203	214.1108	0.7006583	0.22391	0.269638	0.317099	0.189353	2.4814	0.6273506
33384	-1026.54	-1239.837	213.2971	0.9854239	0.310754	0.0360193	0.320587	0.33264	2.04551	1.559928
33390	-1022.546	-1236.387	213.8409	0.7318351	0.0974417	0.198171	0.608799	0.0955888	2.74222	0.5454226
33396	-1000.192	-1214.355	214.1631	0.7318351	0.291597	0.204557	0.435472	0.0683743	2.333937	0.7430122
33402	-1000.975	-1215.238	214.263	0.5987565	0.121695	0.110722	0.627016	0.140567	2.306983	0.835693
33408	-1000.663	-1214.526	213.8629	0.7365493	0.116372	0.20685	0.530174	0.146604	2.29985	1.107073
33414	-1007.622	-1220.005	212.3832	1.864663	0.216159	0.195243	0.500424	0.0881741	2.075365	1.636874
33420	-1013.235	-1226.415	213.1795	1.02671	0.278024	0.121372	0.42306	0.177545	2.016157	1.636874
33426	-1018.289	-1231.824	213.5341	1.115926	0.182359	0.242764	0.33157	0.243307	2.037353	1.283761
33432	-1021.933	-1235.908	213.975	0.7897642	0.0987574	0.519528	0.34141	0.0403055	2.550782	0.5083073
33438	-1028.979	-1243.001	214.0228	0.7141952	0.344646	0.356907	0.270938	0.027509	2.582759	0.5083073
33444	-1029.186	-1242.447	213.2612	0.8289747	0.166932	0.268254	0.328969	0.235845	1.965321	1.757794
33450	-1026.931	-1239.443	212.5115	0.8779141	0.34241	0.25981	0.318614	0.0791664	1.807841	2.326055
33456	-1001.348	-1214.242	212.8944	0.7232913	0.314325	0.180791	0.404402	0.100482	1.970367	2.077896
33462	-1008.472	-1220.932	212.4597	1.439058	0.298995	0.274636	0.185685	0.240684	2.025567	1.864482
33468	-999.685	-1212.134	212.4489	0.6438833	0.254773	0.234017	0.306124	0.205086	1.850781	2.49367
33474	-1010.994	-1223.084	212.0906	1.474396	0.265616	0.201419	0.319151	0.213814	2.1323	2.020419
33480	-1026.263	-1240.561	214.2983	0.5989315	0.133502	0.213368	0.509058	0.144072	2.368485	0.695006
33486	-1019.884	-1234.058	214.174	0.6474854	0.190383	0.354323	0.354862	0.100432	2.467406	0.6440517
33492	-1026.16	-1240.422	214.262	0.5956513	0.18108	0.33701	0.386384	0.0955253	2.415975	0.6808801
33498	-1016.272	-1230.547	214.2744	0.5907906	0.24488	0.122994	0.522517	0.109609	2.415975	0.6667756
33504	-1029.724	-1242.02	212.2968	1.777989	0.284982	0.0559917	0.485257	0.17377	2.261516	1.614167
33510	-1041.232	-1254.495	213.2627	1.777989	0.222468	0.0895025	0.52724	0.160789	2.139159	0.9005974
33516	-1040.443	-1253.542	213.0985	2.026741	0.362954	0.0601276	0.483819	0.0930997	2.073571	0.9422189
33522	-1014.162	-1226.792	212.6295	2.026741	0.276023	0.251912	0.401264	0.0708015	2.081575	1.354018
33528	-1015.472	-1229.67	214.1986	0.4110104	0.277995	0.345399	0.313673	0.0629335	1.881995	1.447684
33534	-1016.415	-1230.773	214.3573	0.6228758	0.235649	0.318935	0.321406	0.124011	2.189467	0.8330283
33540	-1008.14	-1222.116	213.9766	0.8789934	0.174205	0.352647	0.337631	0.135518	2.300876	0.8330283
33546	-1013.118	-1227.256	214.138	0.7731526	0.315383	0.320335	0.110503	0.25378	2.307971	0.7542775
33552	-1024.03	-1237.579	213.5494	1.45839	0.515598	0.1666	0.250622	0.0671796	1.973414	1.05033
33558	-1028.652	-1241.525	212.8725	2.343794	0.567637	0.135642	0.276192	0.0205293	2.226807	0.7525096
33564	-1006.974	-1220.769	213.7957	0.8721558	0.343274	0.0500804	0.466742	0.139904	2.03581	1.270636
33570	-993.1626	-1206.825	213.6623	0.6807679	0.208162	0.21884	0.440854	0.132145	1.94994	1.594154
33576	-1011.124	-1224.72	213.5956	0.9300755	0.391765	0.0280396	0.279424	0.300772	2.149547	1.292679
33582	-1006.695	-1220.115	213.4203	0.783131	0.0794883	0.291938	0.542652	0.0859223	1.957475	1.68501
33588	-1008.392	-1222.579	214.1877	0.7498259	0.165116	0.29759	0.447312	0.0899813	2.108047	0.9647092
33594	-997.4956	-1211.252	213.7563	0.7498259	0.151283	0.37591	0.409837	0.0629707	1.862295	1.535801
33600	-1010.167	-1222.375	212.2077	2.846502	0.0452506	0.216408	0.242117	0.496225	2.008506	1.305585
33606	-999.0337	-1212.623	213.589	1.016217	0.254857	0.233296	0.178984	0.332862	2.292813	1.100538
33612	-1000.811	-1215.18	214.3682	0.5082699	0.248243	0.069761	0.465395	0.216601	2.378925	0.717449
33618	-1006.469	-1220.342	213.873	0.7332393	0.263232	0.0887269	0.529195	0.118846	2.502341	0.8976989
33624	-1009.523	-1223.552	214.0295	0.7592924	0.383847	0.143308	0.275632	0.197213	2.308522	0.9086831
33630	-1021.986	-1234.96	212.9741	1.276019	0.309808	0.115666	0.334275	0.240251	2.15076	1.513889
33636	-1011.049	-1223.359	212.3102	1.137114	0.150926	0.354947	0.197574	0.296554	1.878419	2.244243
33642	-1024.557	-1236.692	212.1353	1.358851	0.146107	0.213115	0.462724	0.178055	1.847098	2.244243
33648	-1025.217	-1238.256	213.0396	0.7479631	0.308666	0.114619	0.533377	0.0433385	1.850483	2.043956
33654	-1012.533	-1225.763	213.2308	0.4580525	0.107737	0.170514	0.687859	0.033889	1.687855	2.221305
33660	-1001.389	-1214.772	213.3827	0.9027485	0.194469	0.143181	0.577595	0.0847554	1.956741	1.623406
33666	-993.8807	-1207.165	213.2846	0.6289656	0.310324	0.100558	0.529593	0.0595252	1.935821	1.907079
33672	-1022.067	-1234.542	212.4748	0.883375	0.258814	0.203203	0.413334	0.12465	1.935821	2.264095
33678	-1009.578	-1222.771	213.1933	0.5922312	0.160535	0.291294	0.470854	0.0773167	1.895892	2.021052
33684	-1015.607	-1228.949	213.342	0.7670489	0.155778	0.244555	0.576471	0.0231955	1.744973	1.898554
33690	-1014.379	-1226.623	212.2436	0.834291	0.126974	0.417083	0.409218	0.0467252	1.618358	2.640862
33696	-1010.644	-1224.051	213.4063	0.3730162	0.333881	0.196035	0.420801	0.0492829	1.62944	2.193372
33702	-1011.6	-1224.423	212.8226	0.4524821	0.325124	0.190894	0.409765	0.0742169	1.570981	2.556792
33708	-1011.164	-1223.911	212.7478	0.4865374	0.212353	0.137944	0.60571	0.0439922	1.613054	2.556792
33714	-1001.168	-1214.541	213.373	0.4807416	0.20631	0.320669	0.419175	0.0538463	1.556451	2.20019
33720	-1000.294	-1213.192	212.8974	0.7876832	0.23275	0.153309	0.523715	0.0902258	1.738373	2.183142
33726	-999.7186	-1212.75	213.0314	0.5497521	0.201265	0.177718	0.556925	0.064092	1.690876	2.288829
33732	-993.0628	-1205.508	212.4456	0.8708033	0.108028	0.18778	0.535282	0.16891	1.503652	2.563337
33738	-1007.197	-1219.673	212.4765	0.6172041	0.381437	0.0817234	0.332599	0.204241	1.739549	2.563337
33744	-1039.993	-1252.086	212.0937	2.207999	0.0792577	0.346959	0.3859	0.187883	1.975227	1.732177
33750	-1019.552	-1232.765	213.2134	1.040771	0.121166	0.557785	0.194266	0.126784	1.834321	1.732177
33756	-1039.702	-1251.661	211.9589	2.508832	0.243864	0.408754	0.0781699	0.269212	1.90308	1.732177
33762	-1028.131	-1240.605	212.4738	0.8136439	0.132025	0.376946	0.373599	0.117429	1.510084	2.578751
33768	-1038.254	-1251.588	213.3343	0.8606671	0.216796	0.115301	0.498459	0.169443	1.658669	1.895935
33774	-1046.087	-1259.23	213.1429	1.255636	0.113037	0.405922	0.209879	0.271161	2.407398	1.190408
33780	-1025.124	-1238.301	213.1773	1.211332	0.179527	0.0660105	0.518539	0.235923	2.334786	1.257722
33786	-1019.386	-1232.916	213.53	0.8700334	0.279248	0.102677	0.548413	0.0696617	2.324719	1.253188
33792	-1025.904	-1239.182	213.2776	0.7166763	0.104152	0.30982	0.323665	0.262363	1.632057	2.052905
33798	-1026.074	-1239.38	213.3068	0.6943376	0.0850262	0.222787	0.503525	0.188662	1.775332	1.953734
33804	-1026.857	-1240.803	213.9468	0.8512761	0.0931748	0.244139	0.52209	0.140596	1.921548	1.258028
33810	-1024.79	-1238.785	213.9948	0.7520249	0.251698	0.251659	0.353112	0.143531	1.977506	1.258028
33816	-1024.569	-1237.205	212.6359	0.939924	0.192427	0.305533	0.330844	0.171195	1.746271	2.245203
33822	-1012.998	-1226.248	213.2501	1.062306	0.272125	0.0608711	0.46787	0.199135	1.763188	1.741445
33828	-1017.714	-1231.838	214.124	0.7245025	0.219208	0.156194	0.610941	0.0136572	2.088391	1.073
33834	-1021.695	-1235.668	213.9736	0.7985275	0.121513	0.570735	0.254637	0.0531155	2.043615	1.178472
33840	-1019.622	-1233.356	213.7342	0.9413061	0.411416	0.147969	0.342945	0.0976702	2.086934	1.220128
33846	-1004.234	-1217.981	213.7469	1.134157	0.408809	0.0289482	0.442867	0.119376	2.060268	1.062544
33852	-1001.878	-1215.906	214.0285	0.6652071	0.262071	0.160557	0.484632	0.0927406	1.940471	1.335507
33858	-1020.428	-1234.298	213.8701	0.8690081	0.263284	0.220619	0.486876	0.0292201	1.884699	1.335507
33864	-1019.726	-1233.65	213.9239	0.9804794	0.2282	0.115565	0.580349	0.0758862	1.970719	1.121366
33870	-1018.288	-1232.086	213.7974	0.7275085	0.301934	0.242718	0.242098	0.213251	1.871616	1.515808
33876	-1014.172	-1227.994	213.8223	0.7275085	0.233694	0.0543168	0.546935	0.165054	1.874762	1.494798
33882	-1012.345	-1225.808	213.463	1.19085	0.280813	0.158005	0.452752	0.10843	1.992071	1.32009
33888	-1020.389	-1234.071	213.6823	0.7572283	0.132786	0.174433	0.573078	0.119704	1.969564	1.50516
33894	-1006.212	-1219.652	213.4398	1.018129	0.231991	0.304753	0.434801	0.0284552	2.077249	1.40354
33900	-1013.367	-1226.718	213.351	1.40051	0.160766	0.304359	0.508008	0.0268671	2.100174	1.162273
33906	-1007.182	-1221.391	214.2084	0.5113303	0.0486806	0.286276	0.643186	0.0218576	2.063978	1.217899
33912	-1006.968	-1221.206	214.2383	0.5784943	0.133256	0.100876	0.741245	0.0246218	2.164025	1.038987
33918	-998.547	-1212.517	213.9696	0.7787422	0.12509	0.155978	0.69582	0.0231129	2.221351	1.038987
33924	-998.8509	-1212.694	213.8432	0.7873921	0.289419	0.360883	0.296223	0.0534759	2.304801	1.071199
33930	-1035.746	-1249.36	213.614	1.155495	0.0866397	0.552011	0.259592	0.101757	2.190706	1.045435
33936	-1037.638	-1251.734	214.0961	0.7780521	0.155804	0.588162	0.184272	0.071762	1.904424	1.211226
33942	-1026.344	-1239.984	213.6401	0.593394	0.102738	0.627865	0.193889	0.0755074	1.895357	1.715269
33948	-1022.48	-1236.165	213.6859	0.766042	0.178608	0.495759	0.235392	0.0902403	1.985706	1.483389
33954	-1001.878	-1215.99	214.112	0.663984	0.258179	0.245691	0.431958	0.064172	2.546671	0.510723
33960	-1010.242	-1224.025	213.7831	0.7759492	0.336445	0.205869	0.361945	0.0957401	2.757165	0.4909704
33966	-1009.632	-1223.371	213.7394	0.8648493	0.224198	0.303779	0.428594	0.0434286	2.682238	0.394458
33972	-1011.887	-1225.948	214.0602	0.5815634	0.129864	0.387735	0.468034	0.0143667	2.682238	0.460524
33978	-1009.727	-1223.689	213.9622	0.7491314	0.249663	0.168308	0.572289	0.00973988	2.605196	0.5262153
33984	-1032.048	-1245.534	213.4856	0.7037732	0.122118	0.45152	0.38614	0.0402222	2.104936	1.592216
33990	-1016.528	-1228.6	212.0713	1.106842	0.110458	0.541549	0.297089	0.0509034	1.952975	2.367829
33996	-1008.677	-1221.224	212.5466	1.853854	0.14938	0.089866	0.665296	0.0954575	1.917887	1.638653
34002	-1007.185	-1219.529	212.3445	1.674303	0.142631	0.163667	0.487494	0.206209	1.880821	1.90556
34008	-1008.326	-1221.461	213.1342	0.6701927	0.148763	0.295584	0.508455	0.0471971	1.861705	2.028388
34014	-1006.634	-1219.837	213.2033	0.9670773	0.302953	0.414296	0.158117	0.124634	2.015008	1.663471
34020	-1014.332	-1226.745	212.4131	1.585589	0.380441	0.171163	0.371326	0.0770695	2.152541	1.721386
34026	-1010.889	-1224.762	213.8727	0.9048739	0.243108	0.274045	0.422228	0.0606197	2.185173	1.040859
34032	-1018.833	-1233.055	214.222	0.6428306	0.17996	0.466025	0.268639	0.0853757	2.301927	0.8351158
34038	-1022.897	-1237.191	214.2941	0.5035896	0.187472	0.425651	0.224838	0.162038	2.374245	0.8351158
34044	-1014.491	-1228.368	213.8769	0.806986	0.253721	0.395664	0.193774	0.156842	2.217424	1.101818
34050	-1006.674	-1220.676	214.0021	0.806986	0.167803	0.561092	0.128156	0.142949	2.183672	1.015188
34056	-1023.466	-1237.251	213.7852	0.806986	0.30744	0.128606	0.545881	0.0180729	2.356205	1.057968
34062	-1021.626	-1235.686	214.0602	0.7084666	0.190005	0.398375	0.296106	0.115514	2.390156	0.8401922
34068	-1017.09	-1230.965	213.8745	0.7084666	0.186788	0.391628	0.375899	0.0456849	2.453123	0.9769572
34074	-1011.12	-1225.45	214.3302	0.6609469	0.419624	0.0489116	0.391306	0.140159	2.306958	0.6201349
34080	-1020.981	-1234.9	213.9189	0.7270271	0.329402	0.260247	0.279293	0.131059	2.620318	0.6806706
34086	-1019.241	-1233.237	213.9955	0.8031007	0.305778	0.402164	0.168364	0.123695	2.473248	0.6617422
34092	-1006.948	-1220.558	213.6094	1.107185	0.476427	0.0948432	0.370204	0.0585258	2.5556	0.654137
34098	-1010.193	-1223.71	213.5167	1.281854	0.438508	0.0348031	0.453875	0.0728143	2.489171	0.6409252
34104	-1013.679	-1227.104	213.4241	1.293392	0.417845	0.0331631	0.432488	0.116504	2.557026	0.6708517
34110	-1009.371	-1223.722	214.3516	0.4157085	0.148474	0.376023	0.417205	0.0582984	2.557026	0.4919004
34116	-1003.471	-1217.638	214.1671	0.6872569	0.360111	0.208961	0.231847	0.199081	2.466942	0.4919004
34122	-1004.897	-1218.481	213.5839	1.176143	0.434762	0.224264	0.280322	0.0606508	2.532768	0.6112932
34128	-1013.207	-1227.224	214.0176	0.7760931	0.385528	0.198868	0.361822	0.0537825	2.501052	0.6112932
34134	-1029.915	-1243.928	214.0133	0.7140477	0.088746	0.33529	0.521429	0.0545351	2.588547	0.5457126
34140	-1027.744	-1241.818	214.0744	0.6596813	0.186181	0.374307	0.388209	0.0513034	2.588547	0.4848306
34146	-1018.691	-1232.772	214.0802	0.6596813	0.200495	0.313838	0.418053	0.0676143	2.576028	0.5624986
34152	-1002.574	-1216.137	213.5635	1.216368	0.211007	0.110598	0.482518	0.195878	2.532154	0.453386
34158	-1024.389	-1237.895	213.506	1.335372	0.198868	0.0425808	0.689365	0.0691868	2.475569	0.4358425
34164	-1014.862	-1228.993	214.1311	0.5307418	0.404555	0.0443008	0.347121	0.204023	2.658066	0.4358425
34170	-1007.95	-1222.322	214.372	0.5307418	0.256277	0.0357306	0.486355	0.221637	2.424348	0.4701621
34176	-1010.396	-1224.25	213.8539	0.9381075	0.29116	0.0751313	0.356174	0.277535	2.516196	0.535249
34182	-998.5495	-1212.414	213.8647	0.8530242	0.32984	0.033535	0.403491	0.233133	2.594189	0.5227425
34188	-1001.704	-1216.005	214.301	0.4882454	0.277827	0.401354	0.129266	0.191553	2.53884	0.5227425
34194	-1004.407	-1218.519	214.1116	0.788195	0.339028	0.319306	0.24888	0.0927856	2.386345	0.6318113
34200	-1009.625	-1223.717	214.0924	0.7772895	0.486552	0.0730339	0.19773	0.242685	2.417	0.6318113
34206	-1007.232	-1220.858	213.6259	1.206941	0.49309	0.0605768	0.200387	0.245946	2.445432	0.6505796
34212	-1015.486	-1229.464	213.9782	0.6753299	0.408579	0.0765205	0.311108	0.203793	2.667674	0.5225485
34218	-1011.219	-1225.125	213.9062	0.8309092	0.353461	0.0897006	0.441934	0.114905	2.576444	0.4891619
34224	-1001.713	-1215.734	214.0212	0.7215684	0.385208	0.0766495	0.427096	0.111047	2.576444	0.4891619
34230	-1012.209	-1226.357	214.1488	0.6546176	0.228313	0.190451	0.473679	0.107557	2.507208	0.5841917
34236	-1006.314	-1220.464	214.1494	0.6546176	0.310454	0.304755	0.261491	0.1233	2.507208	0.5822016
34242	-1018.174	-1232.097	213.9235	0.9621989	0.428815	0.104945	0.374726	0.0915138	2.385172	0.6538964
34248	-1016.347	-1230.546	214.1995	0.5773856	0.399697	0.0623833	0.490562	0.0473578	2.520196	0.6336492
34254	-1029.393	-1243.327	213.9341	0.7888303	0.585032	0.0405423	0.317398	0.0570271	2.570208	0.6139163
34260	-1028.922	-1242.914	213.9915	0.7888303	0.482532	0.0298717	0.297521	0.190076	2.502687	0.6390374
34266	-1023.374	-1237.213	213.8397	0.9169658	0.354903	0.14463	0.272243	0.228224	2.003526	1.222418
34272	-1023.834	-1236.692	212.8573	1.054129	0.293444	0.113578	0.402168	0.19081	2.101803	1.784918
34278	-1017.461	-1231.275	213.8142	0.9023966	0.30979	0.150964	0.424571	0.114674	1.789461	1.42701
34284	-1018.352	-1232.171	213.8184	0.7557202	0.386255	0.0743836	0.513101	0.0262611	1.93886	1.426381
34290	-1013.435	-1227.137	213.7016	0.9341519	0.282149	0.454566	0.234688	0.0285965	1.871261	1.42579
34296	-1028.583	-1241.899	213.3165	0.4932864	0.347609	0.299737	0.303731	0.048922	1.931587	1.982679
34302	-1023.848	-1236.627	212.7789	1.292938	0.288721	0.294759	0.35569	0.0608298	1.87869	1.836315
34308	-1015.869	-1228.998	213.129	0.5708255	0.0929415	0.27927	0.540164	0.0876243	1.798473	2.142213
34314	-1023.137	-1236.557	213.4209	0.5708255	0.0654142	0.416201	0.498814	0.01957	1.878713	1.894773
34320	-1020.951	-1234.108	213.1567	0.9217745	0.26148	0.328887	0.394169	0.0154644	1.99923	1.740155
34326	-1011.899	-1225.253	213.354	0.828946	0.174823	0.338615	0.478912	0.00764925	1.985075	1.678447
34332	-1014.474	-1228.011	213.5372	0.7292926	0.196045	0.306022	0.349894	0.148039	1.90655	1.678447
34338	-1012.828	-1226.134	213.3064	0.7292926	0.160458	0.216374	0.448128	0.17504	1.871089	1.864034
34344	-1019.872	-1232.931	213.0591	0.7292926	0.26627	0.359059	0.0842032	0.290468	1.921467	1.996914
34350	-1015.802	-1228.444	212.641	1.35854	0.231597	0.241676	0.221097	0.30563	1.868512	1.896704
34356	-1004.321	-1217.132	212.811	1.196501	0.09664	0.48812	0.185408	0.229831	1.917837	1.848976
34362	-1011.653	-1225.241	213.5878	0.8631464	0.0847369	0.253007	0.420216	0.24204	2.118223	1.378959
34368	-1021.479	-1235.13	213.6507	0.8362	0.332869	0.139585	0.394011	0.133535	2.216342	1.272101
34374	-1019.358	-1233.278	213.9197	0.9075166	0.406249	0.306936	0.100228	0.186587	2.250151	0.9239752
34380	-1009.681	-1223.561	213.8797	0.9075166	0.362836	0.0343208	0.27152	0.331323	2.272051	0.9434561
34386	-1008.353	-1222.118	213.7652	0.8436929	0.229073	0.148277	0.181015	0.441635	2.27486	1.116419
34392	-1023.764	-1237.08	213.3159	1.180626	0.151716	0.120813	0.457249	0.270223	2.388625	1.116419
34398	-1032.758	-1246.216	213.4583	0.8094488	0.196734	0.140073	0.530143	0.133051	1.909937	1.672206
34404	-1019.782	-1233.308	213.5254	1.098109	0.304663	0.0288789	0.472914	0.193544	1.991235	1.342003
34410	-1040.879	-1253.376	212.4974	1.285508	0.368594	0.100015	0.330703	0.200687	2.345931	1.711725
34416	-1032.099	-1243.857	211.7575	0.900391	0.219919	0.233434	0.221207	0.32544	1.982125	2.674073
34422	-1030.422	-1242.55	212.128	0.900391	0.305707	0.0989401	0.457416	0.137937	1.799501	2.557955
34428	-1048.646	-1260.691	212.0446	1.245649	0.270816	0.0744064	0.181306	0.473472	1.75044	2.429324
34434	-1027.154	-1239.199	212.0448	0.9768296	0.275843	0.112553	0.488358	0.123247	1.622366	2.670886
34440	-1028.049	-1240.379	212.3304	1.08854	0.253325	0.337017	0.160382	0.249276	1.71615	2.364995
34446	-1023.164	-1236.032	212.8689	0.9965881	0.208066	0.440724	0.1375	0.21371	1.847238	1.98912
34452	-1029.925	-1242.551	212.6257	1.01013	0.12648	0.400132	0.0909547	0.382434	1.847238	2.140628
34458	-1033.72	-1246.508	212.7881	0.9643261	0.0678825	0.525436	0.200623	0.206058	1.881624	2.041549
34464	-1038.854	-1252.448	213.5947	0.5233553	0.180097	0.123849	0.649563	0.0464912	1.940939	1.76596
34470	-1043.542	-1255.202	211.6608	0.6407576	0.292038	0.223926	0.392663	0.091373	1.792007	3.013399
34476	-1020.848	-1233.697	212.8495	0.7166845	0.352142	0.166817	0.323784	0.157257	1.651732	2.317796
34482	-1038.777	-1252.292	213.5149	0.720903	0.319656	0.200221	0.320078	0.160046	1.754586	1.806916
34488	-1038.659	-1252.181	213.5218	0.720903	0.12892	0.468687	0.160272	0.242121	1.899874	1.700453
34494	-1028.926	-1242.728	213.8019	0.5948486	0.173347	0.409503	0.226415	0.190735	1.988453	1.52987
34500	-1021.666	-1235.6	213.9342	0.6854122	0.280203	0.269083	0.375113	0.0756013	2.025159	1.326114
34506	-1023.31	-1237.324	214.0141	0.6854122	0.204241	0.511637	0.189062	0.0950598	1.929074	1.339071
34512	-1022.682	-1236.431	213.7487	0.7276354	0.199845	0.410626	0.296516	0.0930136	1.894788	1.534704
34518	-1023.75	-1236.931	213.1803	0.8015416	0.151427	0.358461	0.127905	0.362207	1.901545	1.877387
34524	-1022.848	-1236.208	213.3597	0.9283802	0.237579	0.272891	0.102612	0.386918	1.765332	1.757098
34530	-1021.394	-1235.098	213.704	1.168519	0.236558	0.34389	0.133454	0.286097	1.877492	1.233563
34536	-1011.794	-1224.639	212.8455	1.370653	0.399828	0.0812208	0.329369	0.189582	2.111375	1.57452
34542	-1021.36	-1234.223	212.8629	0.9450672	0.0988819	0.0200868	0.85162	0.0294113	2.063964	1.882017
34548	-1019.147	-1231.854	212.7067	0.8649395	0.103748	0.407125	0.269171	0.219955	2.114949	2.008107
34554	-1005.578	-1218.64	213.0622	0.9886972	0.235843	0.385414	0.211952	0.16679	1.798187	1.89732
34560	-1027.067	-1240.41	213.3428	0.9736962	0.185682	0.220379	0.362808	0.231131	2.238667	1.388007
34566	-1018.772	-1231.777	213.0052	0.7562935	0.297267	0.178249	0.29345	0.231033	1.886474	2.037068
34572	-1025.085	-1239.017	213.9314	0.600476	0.213777	0.231942	0.347069	0.207212	2.371558	1.110417
34578	-1041.75	-1254.86	213.111	1.188579	0.239174	0.112768	0.3883	0.259758	2.340649	1.324571
34584	-1026.944	-1237.963	211.0195	1.034153	0.318179	0.277036	0.189439	0.215346	1.536358	3.304303
34590	-1032.882	-1246.47	213.588	1.135714	0.0921137	0.287982	0.381743	0.238162	2.230402	1.050439
34596	-1024.711	-1238.8	214.0888	0.520498	0.18569	0.196068	0.473278	0.144963	2.408066	1.004889
34602	-1023.381	-1237.367	213.9864	0.70475	0.351704	0.19947	0.32272	0.126105	2.52477	0.7646708
34608	-1024.319	-1238.317	213.9981	0.8839808	0.300258	0.196409	0.227691	0.275642	2.376421	0.6816813
34614	-1037.147	-1250.672	213.525	1.468695	0.362987	0.14558	0.0381496	0.453283	2.293746	0.6816813
34620	-1040.769	-1253.251	212.4819	0.7144673	0.462061	0.00812317	0.403709	0.126107	1.589967	2.588926
34626	-1034.117	-1245.78	211.6625	1.745019	0.525791	0.00717531	0.356602	0.110432	1.908997	2.297168
34632	-1035.39	-1249.358	213.9679	0.8708188	0.31613	0.0633575	0.40484	0.215673	2.466531	0.5618335
34638	-1033.927	-1247.594	213.6675	1.192394	0.193912	0.458186	0.21561	0.132292	2.454925	0.5159053
34644	-1018.287	-1231.576	213.2891	1.610779	0.336519	0.172402	0.323738	0.167341	2.458809	0.540957
34650	-1024.646	-1236.307	211.6616	1.011479	0.102271	0.444848	0.231208	0.221673	1.417419	3.006839
34656	-1008.804	-1219.314	210.5096	2.144944	0.0318422	0.506863	0.0726382	0.388656	1.615471	3.001599
34662	-1011.673	-1223.36	211.6865	0.9228629	0.0446322	0.76913	0.0329027	0.153335	1.579936	2.947954
34668	-1014.105	-1226.362	212.2578	1.806539	0.0767843	0.506227	0.0310892	0.385899	1.678388	2.027987
34674	-1005.608	-1218.319	212.7113	1.985215	0.199729	0.270674	0.0797236	0.449874	1.868155	1.47984
34680	-1024.477	-1237.615	213.1375	0.7301445	0.164372	0.222759	0.463056	0.149813	1.71918	2.078444
34686	-1016.659	-1229.708	213.0483	1.431542	0.0374196	0.433475	0.264535	0.26457	1.656402	1.716821
34692	-1025.202	-1237.568	212.3664	2.395213	0.0423971	0.573135	0.0791447	0.305324	1.762543	1.595975
34698	-1022.515	-1233.174	210.6594	6.179082	0.0680582	0.498311	0.0612936	0.372337	1.752472	1.480568
34704	-1018.387	-1232.382	213.9948	0.4602698	0.164255	0.354797	0.329893	0.151055	2.079678	1.417863
34710	-1009.462	-1222.655	213.1926	1.246332	0.205987	0.301991	0.401513	0.0905091	1.998838	1.484613
34716	-1019.542	-1231.5	211.9579	1.009137	0.163932	0.371195	0.356512	0.108361	1.955766	2.497945
34722	-1018.402	-1230.967	212.565	1.106078	0.280685	0.297714	0.285937	0.135663	2.005173	2.014441
34728	-1028.514	-1241.469	212.9548	0.8213162	0.146836	0.226025	0.501587	0.125551	2.152117	1.846078
34734	-1013.368	-1226.977	213.6091	0.9669341	0.373579	0.123773	0.235469	0.267179	1.912319	1.439795
34740	-1013.923	-1227.055	213.1319	0.9669341	0.289273	0.0281266	0.379227	0.303373	1.884307	1.805577
34746	-1001.742	-1215.212	213.4699	0.929357	0.189958	0.0842253	0.700252	0.025565	1.770175	1.675205
34752	-999.2625	-1213.132	213.8696	0.5852596	0.291361	0.0741859	0.616784	0.0176683	2.022276	1.461183
34758	-996.7866	-1211.28	214.4934	0.438595	0.294742	0.243397	0.453028	0.00883352	2.180755	0.9020029
34764	-986.901	-1201.128	214.2274	0.6189998	0.37479	0.0460409	0.567937	0.0112326	2.472132	0.5610867
34770	-999.897	-1214.162	214.2646	0.630683	0.343819	0.0390757	0.606801	0.0103044	2.421773	0.5648561
34776	-998.5237	-1212.394	213.8703	0.7641015	0.216533	0.0497397	0.727237	0.00648958	2.667797	0.4186708
34782	-1002.445	-1216.37	213.9252	0.7641015	0.281628	0.161518	0.403479	0.153375	2.627279	0.5148421
34788	-1009.504	-1223.8	214.2958	0.4806911	0.175989	0.127451	0.628301	0.0682598	2.551606	0.480421
34794	-1013.508	-1227.828	214.3203	0.4267408	0.249874	0.115429	0.569033	0.0656641	2.578202	0.5151127
34800	-1006.569	-1220.169	213.5999	0.9973694	0.318102	0.116612	0.481693	0.0835935	2.704834	0.439451
34806	-1005.61	-1219.422	213.8114	0.7699101	0.312541	0.125299	0.480879	0.0812809	2.695285	0.3714049
34812	-1016.183	-1229.974	213.7918	0.817493	0.13853	0.198187	0.573808	0.0894749	2.69955	0.4489932
34818	-1000.615	-1213.895	213.2804	1.265827	0.175528	0.219997	0.394889	0.209586	2.764675	0.4353012
34824	-1015.936	-1229.744	213.8086	0.7144858	0.411312	0.180335	0.33724	0.071113	2.764675	0.3837883
34830	-1024.623	-1238.582	213.9595	0.7195162	0.183822	0.103712	0.686999	0.025467	2.624861	0.4167221
34836	-1027.08	-1240.569	213.4893	1.152795	0.194564	0.0135649	0.727144	0.0647275	2.655638	0.4167221
34842	-1033.443	-1246.444	213.0013	1.626746	0.291193	0.0377547	0.610199	0.0608534	2.720766	0.4167221
34848	-1022.565	-1235.83	213.2646	1.297613	0.151751	0.0306774	0.646647	0.170924	2.759461	0.5222804
34854	-1024.895	-1238.388	213.4926	1.063568	0.330647	0.0211888	0.427897	0.220268	2.739505	0.4182865
34860	-1013.475	-1226.526	213.0514	1.146401	0.238701	0.456794	0.0651103	0.239395	2.073558	1.603541
34866	-1024.939	-1238.124	213.1851	1.387645	0.391229	0.223608	0.0953801	0.289782	2.201344	1.227759
34872	-1020.26	-1232.946	212.686	2.395027	0.430094	0.30141	0.0178211	0.250674	2.222625	0.9432495
34878	-1020.89	-1233.966	213.0764	1.911056	0.309248	0.359628	0.0128138	0.31831	2.085762	1.040711
34884	-1016.271	-1230.012	213.7408	0.8598398	0.19611	0.264734	0.529288	0.00986784	2.698018	0.4207548
34890	-1013.383	-1227.682	214.2983	0.5197883	0.266189	0.392265	0.317983	0.0235638	2.466522	0.6644184
34896	-1014.777	-1228.588	213.8111	0.9516731	0.091074	0.46698	0.318866	0.123081	2.538838	0.5691999
34902	-1018.197	-1232.325	214.1283	0.5947253	0.0131698	0.261017	0.348199	0.377614	2.603428	0.4891914
34908	-1018.263	-1232.316	214.0526	0.5947253	0.00409141	0.482079	0.426039	0.0877906	2.679319	0.4967915
34914	-1015.367	-1228.725	213.3582	1.476947	0.00299943	0.353414	0.566248	0.077338	2.506849	0.4967915
34920	-1020.64	-1234.807	214.1664	0.7221911	0.0452521	0.338437	0.542251	0.0740605	2.41356	0.5986456
34926	-1012.9	-1226.885	213.9851	0.8378962	0.1681	0.417738	0.34589	0.0682717	2.41356	0.7226111
34932	-1025.511	-1237.709	212.1974	3.524886	0.311414	0.0868947	0.0353061	0.566385	1.899297	1.069368
34938	-1031.483	-1245.641	214.1579	0.7510716	0.19714	0.0689125	0.688502	0.0454453	1.904123	1.182896
34944	-1028.413	-1242.519	214.106	0.6987089	0.206981	0.232504	0.521908	0.0386076	2.077607	1.12446
34950	-1033.68	-1247.702	214.0218	0.7787902	0.134951	0.319899	0.49203	0.0531198	2.015268	1.179198
34956	-1038.553	-1252.39	213.8373	1.175446	0.192311	0.303755	0.292899	0.211035	2.080285	0.9102559
34962	-1044.663	-1258.707	214.0433	0.6731137	0.313741	0.0631482	0.618203	0.00490736	2.14991	1.140167
34968	-1044.058	-1257.7	213.6419	0.9551488	0.308131	0.0799005	0.607149	0.00481961	2.1648	1.220441
34974	-1011.498	-1224.975	213.4774	0.8064573	0.347847	0.0158503	0.515947	0.120355	1.827649	1.719232
34980	-1008.605	-1222.492	213.8875	0.7598356	0.219156	0.0126025	0.652149	0.116092	1.771109	1.498072
34986	-1022.381	-1236.161	213.78	0.6256462	0.454196	0.0561607	0.42105	0.0685941	1.649071	1.766143
34992	-1017.745	-1230.153	212.4074	0.9303068	0.183929	0.0638205	0.657485	0.0947654	1.828305	2.345098
34998	-1005.531	-1217.187	211.6558	0.8098091	0.0960495	0.550389	0.308062	0.045499	1.516033	3.074738
35004	-1012.713	-1224.802	212.0885	1.456826	0.136632	0.585338	0.263869	0.0141613	1.963997	2.142609
35010	-1026.952	-1239.159	212.2072	2.056974	0.146623	0.225847	0.570336	0.057195	1.900923	1.781457
35016	-1028.762	-1241.818	213.0563	0.7209056	0.0713732	0.299411	0.574319	0.0548963	1.941245	1.991543
35022	-1036.942	-1248.149	211.207	1.397143	0.161739	0.405926	0.294623	0.137712	1.591869	2.956774
35028	-1029.405	-1243.024	213.619	0.8009918	0.203459	0.223717	0.334916	0.237909	1.62646	1.765015
35034	-1038.06	-1250.487	212.4273	0.7854723	0.339509	0.0845556	0.420266	0.155669	1.901772	2.381014
35040	-1034.152	-1245.816	211.6645	0.8564891	0.150156	0.00594879	0.499663	0.344232	1.233919	3.208403
35046	-1016.872	-1224.44	207.5682	0.9059772	0.280134	0.04132	0.439544	0.239002	1.281617	5.474339
35052	-1008.599	-1219.518	210.9195	1.119951	0.339049	0.0199581	0.531983	0.10901	1.340109	3.428964
35058	-1017.728	-1230.372	212.6441	1.46845	0.234708	0.0187243	0.60888	0.137688	1.37482	2.157882
35064	-1023.707	-1236.338	212.6319	0.8735447	0.476921	0.00415915	0.41081	0.10811	1.483448	2.457899
35070	-1020.008	-1233.836	213.8284	0.865182	0.278882	0.012654	0.669319	0.0391448	1.95587	1.315011
35076	-1034.533	-1248.475	213.9422	0.9658568	0.276978	0.0125676	0.66475	0.0457045	1.974624	1.114602
35082	-1051.224	-1263.559	212.3353	0.8917035	0.260313	0.0730212	0.445338	0.221327	1.849421	2.402434
35088	-1030.149	-1243.032	212.8826	0.8917035	0.309572	0.111164	0.498305	0.0809589	2.019003	1.936096
35094	-1024.901	-1237.3	212.3984	1.07262	0.110111	0.000659437	0.835276	0.0539534	1.64096	2.379455
35100	-1012.853	-1226.323	213.4705	0.8840338	0.292415	0.00509606	0.682229	0.0202594	1.64096	1.79813
35106	-1019.885	-1233.075	213.1894	1.622332	0.28238	0.0336863	0.658816	0.0251185	1.744688	1.428588
35112	-1024.765	-1238.652	213.8868	0.7924182	0.211956	0.0244555	0.578624	0.184965	1.828982	1.428588
35118	-1028.262	-1242.271	214.0085	0.8582182	0.292136	0.0153171	0.524791	0.167756	2.013473	1.119158
35124	-1013.438	-1227.001	213.5623	0.6522016	0.270437	0.203934	0.336669	0.18896	2.404127	1.348544
35130	-1013.013	-1226.925	213.9118	0.7434036	0.26786	0.211518	0.333462	0.18716	2.032472	1.288595
35136	-1002.201	-1213.777	211.5755	1.70519	0.27859	0.304091	0.129719	0.2876	1.842715	2.414948
35142	-1004.596	-1217.101	212.5055	1.256221	0.238121	0.297862	0.110875	0.353142	1.859557	2.055969
35148	-1016.751	-1230.425	213.674	1.106133	0.134715	0.543435	0.0627269	0.259123	1.92786	1.266537
35154	-1002.615	-1216.589	213.9744	0.8540648	0.274257	0.00992054	0.631897	0.0839253	2.380983	0.7630874
35160	-998.9439	-1212.802	213.8585	0.9473532	0.260974	0.166825	0.530949	0.0412519	2.401245	0.7630874
35166	-1012.322	-1226.302	213.9791	0.8332487	0.378219	0.135923	0.432598	0.0532601	2.405479	0.752048
35172	-1015.588	-1229.559	213.9709	0.9664607	0.22885	0.395877	0.326217	0.0490563	2.19158	0.8643202
35178	-1018.459	-1232.717	214.2587	0.5547133	0.166394	0.262593	0.364726	0.206287	2.334303	0.8634261
35184	-1031.633	-1245.823	214.1901	0.676718	0.392436	0.112654	0.388342	0.106568	2.429451	0.6223494
35190	-1028.079	-1241.981	213.9028	0.7585719	0.404839	0.0466744	0.271353	0.277134	2.093045	1.232606
35196	-1012.631	-1226.255	213.6239	0.6137903	0.289457	0.223264	0.424738	0.0625406	2.004694	1.633655
35202	-1000.144	-1213.634	213.4903	0.9620123	0.372356	0.0552722	0.546381	0.0259913	1.94549	1.508286
35208	-1015.65	-1229.563	213.9131	0.5801272	0.160157	0.39357	0.426008	0.0202651	1.826225	1.578836
35214	-1024.296	-1236.865	212.5688	0.7233534	0.283118	0.150461	0.442881	0.12354	1.817556	2.386243
35220	-1017.744	-1231.298	213.554	0.9360138	0.341127	0.197609	0.174882	0.286382	2.789544	0.385505
35226	-1019.137	-1232.728	213.5917	0.85969	0.237474	0.302929	0.355686	0.103911	2.830275	0.385505
35232	-1007.924	-1221.842	213.9185	0.6048512	0.078858	0.576597	0.137063	0.207481	2.773363	0.3883601
35238	-1012.82	-1226.175	213.3553	1.014078	0.252663	0.437821	0.0573313	0.252185	2.904266	0.3767659
35244	-1008.826	-1222.476	213.6497	1.014078	0.219758	0.319523	0.234931	0.225788	2.643846	0.5359382
35250	-1003.723	-1217.518	213.7946	0.9359083	0.249608	0.319638	0.156258	0.274495	2.574941	0.5527635
35256	-1006.817	-1220.565	213.7477	0.9359083	0.397465	0.0842587	0.248819	0.269458	2.62183	0.5527635
35262	-1009.017	-1222.733	213.7164	0.9602968	0.105815	0.442971	0.0618588	0.389356	2.621503	0.5818402
35268	-1016.18	-1229.539	213.3596	1.227795	0.0632603	0.264826	0.553247	0.118667	2.609076	0.7877889
35274	-1026.044	-1239.6	213.5554	0.8731051	0.0829431	0.432279	0.266547	0.218231	2.468065	1.103783
35280	-1016.15	-1229.464	213.3149	1.485341	0.475145	0.0975233	0.308852	0.118479	1.882602	1.312787
35286	-1012.172	-1226.146	213.974	0.9040019	0.295658	0.202688	0.390312	0.111342	2.064765	1.059989
35292	-1019.425	-1233.072	213.6468	1.319015	0.437905	0.319036	0.0958206	0.147239	2.154538	0.8908067
35298	-1028.2	-1241.491	213.2912	1.728355	0.394641	0.336953	0.135714	0.132692	2.159165	0.8908067
35304	-1030.651	-1242.614	211.9631	3.742052	0.529772	0.124852	0.167248	0.178128	2.192401	0.8908067
35310	-1019.034	-1231.976	212.9426	0.861367	0.334652	0.0755158	0.463066	0.126766	1.655749	2.157516
35316	-1022.205	-1235.623	213.4178	0.9931673	0.362612	0.0975203	0.501754	0.0381141	1.90018	1.572328
35322	-1025.9	-1239.045	213.1453	1.740992	0.505991	0.136081	0.304744	0.0531847	1.762667	1.37335
35328	-1034.622	-1248.061	213.4381	1.740992	0.23677	0.163502	0.540377	0.0593514	1.86776	1.031051
35334	-1037.504	-1251.072	213.5684	1.168629	0.288178	0.272846	0.315512	0.123464	1.914595	1.314589
35340	-1022.129	-1235.881	213.7526	1.041397	0.51341	0.288455	0.133413	0.0647222	2.016943	1.178282
35346	-1021.897	-1236.067	214.1696	0.7633075	0.410985	0.475736	0.0762754	0.0370033	1.884852	1.178282
35352	-1018.782	-1231.34	212.5574	2.773377	0.271387	0.639771	0.0505178	0.0383241	2.082104	0.9661088
35358	-1028.604	-1241.937	213.3334	1.581335	0.399254	0.0240844	0.561267	0.0153939	2.018752	1.110991
35364	-1029.823	-1242.372	212.5491	1.934416	0.466683	0.190765	0.294334	0.0482184	1.952383	1.566552
35370	-1018.663	-1230.887	212.2242	2.912124	0.446633	0.0469833	0.448613	0.0577707	1.983117	1.280003
35376	-1023.5	-1235.508	212.0073	3.274299	0.0712083	0.72984	0.178472	0.02048	1.924369	1.330792
35382	-1028.127	-1240.881	212.7544	2.277644	0.316878	0.359661	0.27298	0.0504816	1.941068	1.218288
35388	-1007.907	-1219.824	211.9163	3.531676	0.235802	0.316182	0.395284	0.0527326	2.03636	1.195166
35394	-1013.542	-1226.176	212.6338	1.473988	0.222088	0.377428	0.0945633	0.30592	3.048285	0.2538785
35400	-1004.854	-1217.738	212.8844	1.473988	0.152419	0.380504	0.261797	0.20528	2.900189	0.3229729
35406	-1007.994	-1219.747	211.7527	2.920959	0.356647	0.0145409	0.35706	0.271752	2.933518	0.2826396
35412	-1013.628	-1225.381	211.7527	2.920959	0.481561	0.153744	0.0987817	0.265913	2.933518	0.2826396
35418	-1007.42	-1220.775	213.3558	0.8868166	0.464481	0.210411	0.0916999	0.233408	2.933518	0.2826396
35424	-1009.517	-1223.36	213.8429	0.5382128	0.321555	0.157076	0.47359	0.0477787	2.866085	0.3242518
35430	-1015.788	-1229.847	214.0597	0.5135923	0.302824	0.20735	0.446003	0.0438238	2.72738	0.3898593
35436	-1021.514	-1235.55	214.0367	0.5239249	0.133239	0.423982	0.411168	0.0316107	2.723708	0.3650363
35442	-1033.74	-1246.178	212.4372	2.953119	0.114509	0.0300004	0.489234	0.366257	2.146577	0.9071965
35448	-1046.61	-1257.368	210.7577	6.330671	0.253024	0.193652	0.292582	0.260742	2.189959	0.9761281
35454	-1031.993	-1244.409	212.4162	1.509703	0.308574	0.124287	0.49174	0.0753989	3.096445	0.1974349
35460	-1022.267	-1233.497	211.2295	4.705338	0.468339	0.0776455	0.282083	0.171933	2.117156	1.218211
35466	-1026.007	-1239.055	213.0477	2.021173	0.204799	0.171598	0.545476	0.0781267	1.833466	1.218211
35472	-1033.497	-1245.985	212.4877	2.160961	0.070003	0.303303	0.54818	0.0785139	1.746194	1.638846
35478	-1027.368	-1238.683	211.3149	4.181051	0.0612195	0.265247	0.654074	0.0194601	1.800979	1.589362
35484	-1014.303	-1225.364	211.0605	4.783601	0.42931	0.209602	0.141897	0.219191	1.924707	1.478058
35490	-1025.408	-1230.42	205.0122	40.27614	0.311662	0.298736	0.230478	0.159124	1.933716	1.360706
35496	-1013.634	-1222.016	208.3817	15.3507	0.137889	0.428499	0.250119	0.183493	2.102948	1.082021
35502	-1022.803	-1233.272	210.4683	7.225683	0.199453	0.410894	0.223454	0.1662	2.195919	0.9428133
35508	-1033.085	-1243.508	210.4238	7.439576	0.353972	0.156009	0.132185	0.357834	2.204456	0.9043411
35514	-1026.19	-1239.501	213.3112	1.357546	0.426389	0.118918	0.346462	0.108231	1.94272	1.357866
35520	-1014.596	-1227.467	212.8707	1.519342	0.38153	0.176429	0.215726	0.226315	2.136982	1.438903
35526	-1020.409	-1233.223	212.8131	1.738103	0.486867	0.0851887	0.188673	0.239271	2.125379	1.351058
35532	-1015.79	-1226.484	210.6938	6.191646	0.214053	0.0251144	0.656601	0.104231	2.054248	1.208641
35538	-1021.298	-1231.275	209.9768	8.771817	0.407667	0.360742	0.110955	0.120635	2.003637	1.134652
35544	-1007.813	-1217.408	209.5948	10.22782	0.423319	0.336577	0.114837	0.125267	1.981875	1.134652
35550	-1019.165	-1230.086	210.9215	5.682489	0.454865	0.207275	0.120208	0.217652	1.894512	1.315165
35556	-1017.868	-1229.563	211.6956	3.522543	0.231127	0.0950467	0.540986	0.13284	2.117674	1.315165
35562	-1029.652	-1242.953	213.3006	1.483775	0.305369	0.239273	0.156644	0.298714	2.095859	1.146031
35568	-1015.571	-1227.982	212.4111	2.655857	0.534153	0.202295	0.0756125	0.18794	1.990824	1.251731
35574	-1003.998	-1216.295	212.2969	3.132064	0.607466	0.128731	0.048116	0.215687	2.182805	0.9047635
35580	-1030.685	-1243.956	213.2708	1.270629	0.408347	0.338663	0.119814	0.133176	2.143583	1.292634
35586	-1024.98	-1238.402	213.4222	1.270629	0.0852123	0.411878	0.273999	0.228911	2.417867	0.8972455
35592	-1004.08	-1217.123	213.0429	1.825226	0.40567	0.422178	0.0235287	0.148623	2.505405	0.6301234
35598	-1002.972	-1215.896	212.9243	1.935647	0.147802	0.468065	0.0217855	0.362347	2.488716	0.7253153
35604	-1011.761	-1225.129	213.3678	1.450754	0.160538	0.41739	0.125621	0.296451	2.398418	0.788759
35610	-1009.365	-1222.968	213.6027	0.8842264	0.3792	0.273767	0.173799	0.173235	1.952257	1.478405
35616	-1007.071	-1220.541	213.4706	1.147959	0.508157	0.116645	0.232904	0.142295	2.149365	1.217669
35622	-1016.919	-1230.393	213.4737	0.8512795	0.151733	0.363284	0.341755	0.143228	2.150121	1.45199
35628	-1026.702	-1240.713	214.0106	0.8512795	0.155416	0.259388	0.35005	0.235147	2.229577	0.9103814
35634	-1027.028	-1239.666	212.6388	1.162375	0.085087	0.374403	0.191645	0.348865	2.169694	1.8165
35640	-1010.065	-1223.526	213.4608	1.245377	0.0151195	0.388827	0.462956	0.133097	2.105296	1.185021
35646	-1016.661	-1230.273	213.6117	1.097193	0.0613514	0.587966	0.245813	0.10487	2.183131	1.107224
35652	-1025.108	-1238.021	212.9123	1.977214	0.0177536	0.703478	0.195404	0.0833645	2.158919	1.079003
35658	-1015.768	-1228.142	212.3744	2.354697	0.347661	0.139289	0.270327	0.242722	2.070412	1.378752
35664	-1008.85	-1221.431	212.5809	2.265843	0.281107	0.404832	0.223634	0.0904265	1.946484	1.36238
35670	-1016.482	-1227.458	210.9764	3.740073	0.549632	0.0827713	0.102841	0.264756	1.70445	2.043865
35676	-1022.265	-1234.666	212.4008	1.679471	0.311053	0.469206	0.152652	0.0670885	1.906284	1.84691
35682	-1023.299	-1234.754	211.4555	2.840532	0.25468	0.458335	0.0906733	0.196312	2.028632	1.84691
35688	-1028.988	-1239.401	210.4132	5.440496	0.380519	0.217019	0.317951	0.0845107	1.820469	1.816628
35694	-1024.437	-1234.382	209.9455	3.788744	0.343303	0.334395	0.0964782	0.225824	1.584561	2.756085
35700	-1026.891	-1239.921	213.03	2.047524	0.211968	0.241881	0.113215	0.432935	2.221	0.8340625
35706	-1024.698	-1237.906	213.2083	1.536031	0.165072	0.480909	0.0168688	0.337151	2.467977	0.8103605
35712	-1023.682	-1236.061	212.3783	1.546024	0.232672	0.200289	0.45333	0.113709	1.77381	2.026528
35718	-1020.045	-1232.45	212.405	2.987072	0.264715	0.082065	0.339863	0.313357	2.041124	1.028603
35724	-1043.473	-1256.568	213.0949	1.345821	0.474246	0.147022	0.156688	0.222044	1.941594	1.532306
35730	-1025.026	-1238.1	213.0745	1.370463	0.310276	0.172273	0.469364	0.0480866	1.704887	1.702407
35736	-1038.502	-1251.54	213.0381	1.278832	0.177034	0.519028	0.267805	0.0361331	1.824556	1.702407
35742	-1023.895	-1236.97	213.0743	1.267783	0.402548	0.355494	0.212371	0.029587	1.798503	1.702407
35748	-1015.871	-1228.946	213.0751	0.4027167	0.0176846	0.45715	0.519351	0.0058143	1.775974	2.296729
35754	-1026.639	-1239.943	213.3035	0.5327788	0.0226851	0.564708	0.405148	0.00745834	1.777974	2.066941
35760	-1022.789	-1236.835	214.0463	0.6503781	0.141256	0.353639	0.338302	0.166803	2.624131	0.5382609
35766	-1013.617	-1227.528	213.9117	0.803376	0.169916	0.17579	0.571378	0.0829157	2.338266	0.9537917
35772	-1019.008	-1232.884	213.8756	0.7738341	0.310191	0.248386	0.324266	0.117158	2.332544	1.027287
35778	-1018.536	-1232.686	214.1504	0.7187102	0.176838	0.206484	0.490511	0.126166	2.257498	0.8779651
35784	-1015.016	-1229.053	214.037	0.7989632	0.139939	0.275178	0.552587	0.0322958	2.101248	1.068924
35790	-1012.063	-1225.944	213.8803	1.000523	0.132738	0.261019	0.457436	0.148806	2.115696	1.006699
35796	-1020.711	-1235.035	214.3248	0.7325085	0.238702	0.253316	0.345789	0.162192	2.054788	0.8937344
35802	-1003.262	-1217.182	213.9203	0.7325085	0.236524	0.251005	0.351759	0.160712	1.88095	1.411396
35808	-1004.948	-1216.667	211.7189	3.416102	0.192801	0.101393	0.317501	0.388305	2.046922	1.398941
35814	-1014.718	-1228.053	213.3344	1.208071	0.0715859	0.460723	0.225411	0.24228	1.985269	1.414031
35820	-1023.276	-1236.204	212.9275	0.9794215	0.290852	0.222097	0.301075	0.185976	1.826638	1.975239
35826	-1018.044	-1230.182	212.1376	0.979628	0.127604	0.136673	0.638149	0.0975742	1.618173	2.614512
35832	-1015.402	-1228.402	213.0005	0.9219565	0.141591	0.214631	0.535507	0.10827	1.782789	1.994621
35838	-1021.012	-1233.936	212.9235	1.642724	0.184935	0.123222	0.419976	0.271867	1.928807	1.478042
35844	-1028.461	-1242.278	213.8166	0.9613089	0.0832268	0.321351	0.277447	0.317975	2.34393	0.8727436
35850	-1023.603	-1236.986	213.3827	1.225278	0.362229	0.237863	0.164545	0.235364	2.306348	1.092054
35856	-1015.435	-1229.222	213.7866	1.036117	0.197676	0.385202	0.191322	0.225799	2.197674	0.9828972
35862	-1025.499	-1236.367	210.868	1.424945	0.40671	0.199036	0.252665	0.141589	1.427324	3.242299
35868	-1037.236	-1248.92	211.6836	0.7937074	0.384433	0.116276	0.297635	0.201656	1.448781	3.108309
35874	-1040.316	-1253.255	212.939	1.042623	0.306494	0.265999	0.200019	0.227487	1.946283	1.843666
35880	-1017.621	-1231.419	213.7984	0.6206511	0.241583	0.35606	0.203311	0.199046	1.731788	1.698747
35886	-1030.697	-1243.887	213.1898	1.540799	0.276977	0.269205	0.248107	0.205711	1.991038	1.287603
35892	-1033.158	-1245.949	212.7905	0.9118637	0.195561	0.408967	0.108135	0.287337	1.759152	2.155379
35898	-1041.486	-1254.382	212.8958	0.5476973	0.167936	0.429816	0.220586	0.181663	1.680198	2.383187
35904	-1015.842	-1230.131	214.2891	0.5486464	0.116985	0.424694	0.184015	0.274306	2.234089	0.9484167
35910	-1008.706	-1223.11	214.4046	0.6286276	0.137266	0.55504	0.123539	0.184156	2.234089	0.6893844
35916	-1005.945	-1220.123	214.1781	0.6457214	0.129276	0.57004	0.147537	0.153147	2.418905	0.729453
35922	-1010.393	-1224.13	213.7367	1.10504	0.147134	0.648785	0.167918	0.0361626	2.388882	0.7290746
35928	-1028.106	-1241.742	213.6358	1.144783	0.224659	0.239737	0.463688	0.071916	2.455461	0.7227525
35934	-1013.18	-1226.62	213.4404	1.258363	0.315461	0.220364	0.394465	0.0697102	2.608652	0.5818231
35940	-1011.701	-1225.747	214.0458	0.6649584	0.124525	0.364505	0.318304	0.192666	2.608652	0.5419216
35946	-1003.825	-1217.192	213.3662	1.373713	0.0683229	0.328379	0.375819	0.227479	2.586538	0.5419216
35952	-1007.105	-1220.541	213.4356	1.294269	0.186802	0.267172	0.229193	0.316833	2.586538	0.5563934
35958	-1008.531	-1221.787	213.2562	1.435975	0.167481	0.491867	0.0728127	0.267839	2.641466	0.540634
35964	-1004.752	-1218.351	213.5989	0.9461615	0.132161	0.706892	0.0644195	0.0965279	2.759674	0.4482713
35970	-1027.221	-1240.932	213.7118	0.6677207	0.302073	0.267808	0.32668	0.103439	1.885585	1.61502
35976	-1023.974	-1237.339	213.3648	0.6566931	0.118773	0.372456	0.303433	0.205337	1.881246	1.869761
35982	-1016.162	-1228.771	212.6093	1.407563	0.104796	0.643031	0.0903012	0.161872	1.773843	1.952505
35988	-1017.251	-1229.921	212.67	0.8913127	0.207268	0.44042	0.320619	0.0316926	1.660815	2.309955
35994	-998.4063	-1212.496	214.0895	0.7083285	0.197097	0.161103	0.569394	0.0724054	2.514314	0.5660024
36000	-995.5152	-1209.192	213.677	0.8461635	0.0729318	0.187071	0.698257	0.0417402	2.783172	0.4437989
36006	-1000.624	-1214.628	214.0031	0.5202399	0.0858703	0.344362	0.53238	0.0373878	2.789697	0.4157091
36012	-998.0031	-1211.85	213.8467	0.6700332	0.12109	0.128886	0.678737	0.0712867	2.789697	0.4157091
36018	-1013.829	-1227.545	213.7166	0.7231042	0.155128	0.207717	0.522267	0.114888	2.845031	0.3797639
36024	-1017.809	-1231.508	213.6996	0.7392088	0.136947	0.105722	0.512664	0.244667	2.845031	0.3797639
36030	-1022.807	-1236.728	213.9206	0.5287679	0.132574	0.0530339	0.515293	0.299099	2.845031	0.3797639
36036	-1025.386	-1239.399	214.0126	0.5287679	0.141927	0.069019	0.468851	0.320203	2.760728	0.3928979
36042	-1033.433	-1247.09	213.6561	0.8602097	0.291755	0.0322011	0.325105	0.350938	2.760728	0.3781114
36048	-1020.16	-1234.123	213.9628	0.6817895	0.389998	0.144008	0.245662	0.220332	2.657833	0.4078923
36054	-1019.243	-1233.009	213.7663	0.794455	0.241941	0.103774	0.505031	0.149254	2.735377	0.4078923
36060	-1023.295	-1237.102	213.8072	0.794455	0.0496558	0.209845	0.572635	0.167865	2.694446	0.4078923
36066	-1028.426	-1242.087	213.6615	0.9073885	0.0732821	0.211386	0.601706	0.113626	2.701659	0.3706369
36072	-1015.443	-1229.04	213.5969	0.9647733	0.178105	0.365277	0.39108	0.0655379	2.016169	1.370289
36078	-1025.156	-1237.84	212.6834	0.9300481	0.165142	0.131054	0.683692	0.0201114	2.030443	2.035324
36084	-1024.638	-1238.628	213.9902	0.8743989	0.282667	0.0490568	0.665448	0.00282898	2.347844	0.7577197
36090	-1018.28	-1231.322	213.0421	0.9258203	0.184454	0.211958	0.505024	0.0985642	1.780105	1.96596
36096	-1006.743	-1220.264	213.5202	0.6985152	0.170031	0.195385	0.465535	0.169049	2.285737	1.435471
36102	-1024.06	-1237.628	213.5683	0.8332371	0.190189	0.0999955	0.520726	0.18909	2.247497	1.316355
36108	-1014.21	-1227.771	213.5606	0.602032	0.192816	0.0654575	0.615431	0.126295	2.247497	1.511089
36114	-1025.862	-1239.684	213.8224	0.6632427	0.153421	0.183497	0.510257	0.152825	2.183418	1.307603
36120	-1023.058	-1236.953	213.8948	0.6632427	0.102814	0.424606	0.341944	0.130637	2.110977	1.307603
36126	-1025.604	-1239.084	213.4808	0.9978124	0.247612	0.261895	0.15143	0.339064	2.226128	1.267973
36132	-1017.945	-1231.16	213.2143	1.034426	0.030893	0.298294	0.416529	0.254284	2.326653	1.372245
36138	-1017.634	-1231.245	213.611	0.9011741	0.241007	0.387112	0.0937377	0.278143	2.370576	1.115575
36144	-1027.004	-1240.423	213.419	1.347743	0.255443	0.270933	0.138099	0.335525	2.373553	0.870813
36150	-1028.156	-1241.704	213.5477	0.7344121	0.234623	0.315535	0.191334	0.258508	2.097823	1.52786
36156	-1029.729	-1243.558	213.8292	0.5833186	0.382825	0.22614	0.3682	0.0228345	2.174225	1.376567
36162	-1039.979	-1252.659	212.6805	2.16017	0.246103	0.247279	0.137517	0.369101	2.644446	0.4945903
36168	-1035.589	-1248.014	212.4247	2.53053	0.198949	0.132295	0.370375	0.29838	2.644446	0.4887658
36174	-1032.7	-1245.799	213.0987	0.9179073	0.145353	0.343545	0.255297	0.255804	2.053252	1.745729
36180	-1027.972	-1241.08	213.108	1.22694	0.197431	0.313389	0.371128	0.118052	2.175312	1.428416
36186	-1049.557	-1262.615	213.0577	1.617828	0.276958	0.29657	0.314756	0.111716	2.195492	1.171858
36192	-1023.595	-1235.638	212.0437	3.296349	0.13223	0.112662	0.324452	0.430655	2.552563	0.5547845
36198	-1028.107	-1239.436	211.3287	4.39875	0.263762	0.304847	0.243876	0.187515	2.697767	0.4416988
36204	-1026.571	-1239.831	213.26	0.9778824	0.13127	0.254107	0.347009	0.267614	2.022237	1.609616
36210	-1035.316	-1249.384	214.0679	0.6932327	0.306631	0.274543	0.297033	0.121794	2.148252	1.100122
36216	-1021.426	-1235.274	213.8476	0.6570059	0.170729	0.387419	0.338301	0.103551	2.054399	1.395236
36222	-1029.643	-1242.358	212.715	0.8548701	0.183017	0.352463	0.382586	0.0819334	1.879541	2.164338
36228	-1027.553	-1239.075	211.5217	1.516967	0.314534	0.173207	0.377766	0.134493	1.923691	2.496571
36234	-1020.988	-1235.28	214.2918	0.6261302	0.106108	0.286868	0.301323	0.3057	2.284287	0.7902891
36240	-1014.014	-1228.074	214.0594	0.6824851	0.225378	0.311651	0.266603	0.196368	2.249279	1.023412
36246	-1012.765	-1226.741	213.9759	0.8261281	0.308501	0.13119	0.443195	0.117114	2.275817	0.9265224
36252	-998.4093	-1212.406	213.9968	0.8281647	0.197134	0.0722983	0.559318	0.17125	2.232629	0.9480532
36258	-1004.025	-1217.891	213.8661	0.8281647	0.246474	0.0129519	0.699308	0.041266	2.249768	1.061279
36264	-1008.722	-1222.693	213.9712	0.903615	0.303292	0.0164301	0.666001	0.0142769	2.245663	0.8755609
36270	-1015.597	-1229.664	214.0665	0.7621508	0.177293	0.0813575	0.534699	0.20665	2.329409	0.8373941
36276	-1006.267	-1220.356	214.0897	0.7327971	0.175195	0.17551	0.474818	0.174476	2.22019	0.9686908
36282	-1027.835	-1241.207	213.3718	1.460399	0.196624	0.407799	0.0663261	0.329251	2.359725	0.8233626
36288	-1014.113	-1228.535	214.4222	0.5935126	0.052058	0.431257	0.41041	0.106274	2.243971	0.7061194
36294	-1031.455	-1244.96	213.5045	0.9345468	0.296964	0.368272	0.194877	0.139886	1.806415	1.620561
36300	-1021.575	-1234.051	212.476	1.984079	0.478604	0.152231	0.259912	0.109254	2.070331	1.505364
36306	-1020.147	-1232.732	212.5853	1.720817	0.311586	0.0166921	0.414078	0.257645	2.141767	1.52402
36312	-1021.872	-1234.955	213.0836	1.222264	0.296563	0.0403162	0.551562	0.111558	2.015542	1.569896
36318	-1020.051	-1233.763	213.7122	0.8510736	0.269076	0.136394	0.43928	0.15525	1.938303	1.4317
36324	-1016.46	-1230.688	214.2285	0.5614232	0.159231	0.329683	0.349282	0.161804	2.536921	0.5254727
36330	-1026.563	-1240.886	214.3226	0.5886148	0.146953	0.560852	0.197182	0.0950131	2.412563	0.4612168
36336	-1001.219	-1215.472	214.2535	0.7060424	0.144218	0.513248	0.241881	0.100653	2.358005	0.5383825
36342	-1006.762	-1221.053	214.2902	0.5996454	0.0883188	0.314311	0.535731	0.0616395	1.909932	1.201781
36348	-1005.543	-1220.135	214.5913	0.4086442	0.0540153	0.519589	0.32765	0.0987454	2.056055	0.959808
36354	-1009.022	-1223.55	214.5277	0.2939287	0.0941571	0.310894	0.566687	0.0282618	2.102546	1.052948
36360	-1008.652	-1222.692	214.0397	0.8431402	0.075104	0.297342	0.597743	0.0298107	2.362158	0.7082805
36366	-1018.294	-1231.672	213.378	1.601346	0.386683	0.347697	0.23076	0.0348592	2.371835	0.570737
36372	-1044.673	-1258.461	213.7874	1.2487	0.241861	0.136745	0.522564	0.0988293	1.997408	0.9782157
36378	-1042.552	-1256.457	213.9046	0.8567697	0.452065	0.260403	0.214678	0.0728548	2.075507	1.157823
36384	-1008.015	-1221.93	213.9155	0.851966	0.237859	0.419212	0.293793	0.0491362	2.440039	0.7661119
36390	-1014.077	-1227.851	213.7739	0.8026563	0.223533	0.295745	0.384687	0.0960351	2.440039	0.9915512
36396	-1019.056	-1232.981	213.9247	0.8026563	0.127374	0.219561	0.55819	0.0948752	2.347071	0.9312937
36402	-1032.005	-1245.923	213.9182	0.9703064	0.299261	0.216906	0.403055	0.0807777	2.209125	0.9004444
36408	-1018.044	-1231.429	213.3851	1.38311	0.236043	0.191862	0.391965	0.18013	2.274884	0.9806317
36414	-1011.03	-1225.004	213.9741	0.8567052	0.291033	0.192125	0.149324	0.367518	2.236099	0.936919
36420	-1008.221	-1221.911	213.6896	1.141363	0.263863	0.393338	0.0931255	0.249674	2.236099	0.936919
36426	-1015.381	-1229.025	213.6435	1.17478	0.0385656	0.710985	0.168331	0.0821191	2.250271	0.936919
36432	-1014.333	-1228.355	214.022	0.711543	0.0305549	0.563301	0.341083	0.0650616	2.137162	1.134212
36438	-1012.714	-1226.461	213.7466	1.137015	0.0777359	0.407886	0.438058	0.0763202	2.03468	1.084214
36444	-1010.337	-1224.237	213.8992	0.7948894	0.118124	0.277959	0.321591	0.282326	1.930953	1.337005
36450	-1027.368	-1241.077	213.7088	1.142789	0.140343	0.171487	0.57312	0.11505	2.456971	0.5485228
36456	-1022.767	-1237.113	214.3457	0.5464625	0.206026	0.0720629	0.553015	0.168896	2.406418	0.6325963
36462	-1021.127	-1231.998	210.8713	2.213856	0.584852	0.104468	0.043605	0.267075	1.556301	2.788892
36468	-1028.821	-1239.484	210.6624	2.511287	0.390591	0.112235	0.0628705	0.434304	1.518291	2.814746
36474	-1019.258	-1233.206	213.9479	0.809532	0.2437	0.0138549	0.70264	0.039805	2.552312	0.5519062
36480	-1025.88	-1239.999	214.1188	0.7463007	0.253267	0.0143989	0.706079	0.026255	2.4427	0.5750186
36486	-1010.71	-1224.903	214.1928	0.6013116	0.1687	0.0808626	0.676985	0.0734521	2.498043	0.6424051
36492	-1035.811	-1249.928	214.1174	0.6380629	0.133397	0.245319	0.535316	0.0859676	2.556247	0.5837247
36498	-1008.178	-1222.35	214.1717	0.7335077	0.223283	0.171227	0.521708	0.0837822	2.31798	0.7514779
36504	-998.4741	-1212.697	214.2231	0.7446199	0.266579	0.0350293	0.653366	0.0450254	2.233202	0.7825591
36510	-1003.138	-1217.382	214.2447	0.6217591	0.104709	0.0494692	0.782236	0.0635859	2.359813	0.7565584
36516	-1012.34	-1226.719	214.3785	0.6217591	0.115241	0.087557	0.716773	0.0804292	2.226037	0.7565584
36522	-1012.39	-1226.691	214.3012	0.6217591	0.315543	0.0675513	0.552999	0.0639072	2.330942	0.7134534
36528	-1004.769	-1218.752	213.9837	0.7905481	0.269491	0.102466	0.586371	0.0416722	2.442537	0.7564356
36534	-1002.419	-1216.548	214.1298	0.6591188	0.294708	0.169859	0.386016	0.149417	2.492862	0.6578259
36540	-997.8442	-1212.073	214.2288	0.6591188	0.373102	0.160199	0.316056	0.150643	2.368312	0.7057452
36546	-999.5362	-1213.588	214.052	0.920247	0.194066	0.295735	0.48462	0.0255791	2.247924	0.7443449
36552	-1016.079	-1229.893	213.8146	1.023019	0.26961	0.25256	0.419981	0.0578482	2.31136	0.8399425
36558	-1015.707	-1229.923	214.2156	0.7442896	0.264807	0.233038	0.415279	0.0868758	2.197116	0.8399425
36564	-1006.982	-1221.474	214.4921	0.4588397	0.222201	0.193351	0.545925	0.0385225	2.197116	0.8628141
36570	-1019.109	-1233.22	214.1111	0.6552563	0.0734754	0.232461	0.656352	0.0377118	2.255621	0.9945017
36576	-1003.861	-1218.241	214.3796	0.4716454	0.0727931	0.339973	0.542694	0.04454	2.176078	0.9945017
36582	-1006.61	-1220.742	214.1325	0.6428203	0.244248	0.316288	0.399905	0.0395593	2.176078	1.063868
36588	-1015.461	-1229.141	213.6804	1.017851	0.268768	0.177517	0.536679	0.0170361	2.100057	1.189094
36594	-1020.982	-1235.12	214.1372	0.6735215	0.14688	0.213363	0.416515	0.223242	2.067029	1.129864
36600	-1035.824	-1248.581	212.7576	1.185216	0.469251	0.0373162	0.170527	0.322906	1.655188	2.068415
36606	-1024.634	-1236.962	212.3275	1.87595	0.361416	0.0287408	0.0942976	0.515546	1.852968	1.826254
36612	-1020.889	-1235.36	214.4708	0.5402988	0.23868	0.303334	0.330376	0.12761	2.007508	1.003257
36618	-1006.116	-1220.037	213.9205	0.8047519	0.375023	0.218052	0.241545	0.165381	2.492318	0.7543562
36624	-1004.397	-1218.783	214.3855	0.5557494	0.247967	0.352066	0.34156	0.0584065	2.32672	0.694266
36630	-1005.05	-1219.285	214.2347	0.7207053	0.213316	0.121314	0.63089	0.0344801	2.280976	0.7324293
36636	-1007.061	-1221.236	214.1754	0.6470894	0.251886	0.155865	0.431272	0.160977	2.123778	1.068434
36642	-996.1237	-1210.179	214.0556	0.7111258	0.208573	0.121036	0.417369	0.253022	2.135451	1.105793
36648	-1007.418	-1221.589	214.1712	0.6559293	0.421184	0.102188	0.352376	0.124252	2.054499	1.127347
36654	-1010.563	-1224.152	213.5893	1.076799	0.540779	0.0754804	0.202076	0.181665	2.104333	1.213605
36660	-1005.476	-1219.134	213.6571	0.86104	0.299071	0.116214	0.312934	0.271782	1.997908	1.420296
36666	-1009.727	-1223.356	213.6291	0.86104	0.245776	0.273706	0.257168	0.22335	2.025953	1.420296
36672	-1004.219	-1217.878	213.6595	0.86104	0.236342	0.237142	0.307828	0.218688	2.13488	1.310328
36678	-1001.028	-1214.739	213.7113	0.86104	0.28217	0.286311	0.318329	0.113189	2.008291	1.369999
36684	-1003.95	-1217.69	213.7404	0.86104	0.290838	0.0443553	0.47606	0.188747	1.838794	1.478169
36690	-998.5936	-1212.109	213.5154	0.9696804	0.252998	0.0269337	0.57348	0.146588	1.95274	1.478169
36696	-1017.471	-1230.705	213.2334	1.181323	0.415821	0.00617461	0.533053	0.0449517	2.027579	1.478169
36702	-1003.312	-1217.069	213.7563	0.7478537	0.207721	0.0763779	0.660225	0.0556759	1.928895	1.487564
36708	-1024.172	-1238.041	213.8688	0.7339289	0.220366	0.227865	0.515639	0.0361303	1.985098	1.369118
36714	-1018.016	-1232.273	214.2564	0.664478	0.224276	0.214165	0.524788	0.0367714	1.964455	1.123548
36720	-1014.2	-1228.059	213.8597	0.9765964	0.378566	0.0672495	0.413672	0.140512	2.112456	1.05319
36726	-1007.377	-1221.589	214.2116	0.6456599	0.314871	0.033912	0.534347	0.11687	2.045572	1.108704
36732	-998.7404	-1212.772	214.032	0.6456599	0.479385	0.120386	0.384258	0.0159714	2.136742	1.187094
36738	-1000.359	-1214.35	213.9903	0.8670723	0.282269	0.298072	0.403467	0.016192	2.102379	1.044832
36744	-1007.819	-1221.934	214.115	0.829146	0.351352	0.298552	0.28942	0.0606764	2.26763	0.7612169
36750	-1004.516	-1218.556	214.0396	0.829146	0.444393	0.0897033	0.445272	0.0206313	2.372688	0.7151445
36756	-1006.468	-1220.735	214.2668	0.7099113	0.22477	0.0693498	0.665158	0.0407219	2.271025	0.7151445
36762	-1016.847	-1231.061	214.214	0.7545142	0.234767	0.0939812	0.558139	0.113112	2.240627	0.7702885
36768	-1000.304	-1214.54	214.2365	0.7332325	0.230581	0.130066	0.592124	0.0472289	2.240627	0.7702885
36774	-1010.494	-1224.008	213.5141	0.8367082	0.155633	0.361211	0.249368	0.233787	1.872607	1.638551
36780	-1014.699	-1227.752	213.0528	1.154072	0.216511	0.502501	0.208907	0.0720812	1.870309	1.74228
36786	-1018.724	-1231.912	213.1878	1.06122	0.244827	0.290081	0.236229	0.228862	1.666786	1.852176
36792	-1011.766	-1225.003	213.2373	0.9164853	0.205231	0.288823	0.309559	0.196388	1.846023	1.794588
36798	-1009.412	-1222.282	212.8697	1.28813	0.10401	0.359095	0.384877	0.152018	1.827115	1.812278
36804	-1017.518	-1231.619	214.1013	0.7369197	0.27251	0.338263	0.312069	0.0771584	2.225432	0.9465411
36810	-1014.277	-1228.44	214.1635	0.6125685	0.182405	0.156929	0.591976	0.0686902	2.225432	1.017272
36816	-1015.33	-1229.323	213.993	0.7884797	0.213571	0.198085	0.449019	0.139325	2.483996	0.6757509
36822	-1007.199	-1220.985	213.7865	0.715755	0.334241	0.106943	0.367329	0.191488	2.809244	0.4386274
36828	-1014.559	-1227.767	213.2086	1.248436	0.377623	0.189982	0.311638	0.120757	2.853517	0.4386274
36834	-1009.921	-1224.005	214.0844	0.5821303	0.240743	0.122633	0.53256	0.104064	2.482646	0.8604098
36840	-1006.09	-1219.858	213.7678	0.7586378	0.329009	0.0581058	0.466262	0.146623	2.784673	0.4462629
36846	-1013.783	-1227.242	213.4583	1.066861	0.273996	0.148342	0.3883	0.189362	2.772914	0.4246838
36852	-1019.037	-1232.224	213.1867	1.367718	0.0382357	0.139992	0.643069	0.178703	2.772914	0.4702618
36858	-1007.34	-1221.245	213.9053	0.7438231	0.305743	0.166167	0.439676	0.0884144	2.668915	0.4917473
36864	-1023.794	-1237.037	213.2426	1.418258	0.260185	0.0367073	0.39026	0.312848	2.668915	0.4518088
36870	-1023.536	-1237.158	213.6224	1.084935	0.318456	0.0464328	0.510723	0.124388	2.603722	0.4975982
36876	-1007.969	-1221.549	213.5799	0.7575584	0.226079	0.215377	0.366903	0.191641	2.92025	0.3465203
36882	-1018.96	-1232.55	213.5902	0.7575584	0.309679	0.309332	0.357336	0.0236524	2.92025	0.3588256
36888	-1011.527	-1225.301	213.7737	0.7575584	0.290099	0.289774	0.269442	0.150685	2.771772	0.4200381
36894	-999.7427	-1213.525	213.7822	0.7306131	0.20242	0.0891906	0.606137	0.102253	2.798167	0.4397073
36900	-1028.675	-1242.37	213.6948	1.266939	0.398512	0.0628446	0.118759	0.419884	2.329237	0.6306487
36906	-1013.949	-1228.002	214.0529	0.8193657	0.349561	0.0375242	0.362204	0.250711	2.329237	0.7764989
36912	-1021.005	-1234.514	213.509	1.3984	0.334143	0.263447	0.207827	0.194583	2.329237	0.7518173
36918	-1027.002	-1240.975	213.973	0.9643062	0.358911	0.276264	0.155818	0.209006	2.27722	0.7518173
36924	-1018.333	-1232.336	214.0038	0.9643062	0.15505	0.326075	0.280058	0.238817	2.246455	0.7518173
36930	-1001.413	-1215.538	214.125	0.8682676	0.123807	0.38023	0.283527	0.212435	2.216497	0.7619322
36936	-1004.937	-1219.286	214.3486	0.5979438	0.204189	0.31054	0.467605	0.0176659	2.25567	0.7923446
36942	-1016.555	-1230.904	214.3496	0.620683	0.2043	0.401954	0.369336	0.0244099	2.326752	0.6285142
36948	-1014.834	-1229.102	214.2678	0.620683	0.157358	0.399026	0.366646	0.0769706	2.436466	0.5126749
36954	-1013.352	-1227.753	214.4002	0.5400319	0.146033	0.500021	0.243673	0.110273	2.339683	0.6728936
36960	-1013.619	-1227.069	213.4502	1.368229	0.262143	0.427332	0.196356	0.114169	2.510593	0.4896403
36966	-1016.717	-1230.121	213.4043	1.362237	0.42404	0.169287	0.147664	0.259009	2.56182	0.4896403
36972	-1002.23	-1215.373	213.1428	1.483119	0.289756	0.134915	0.373242	0.202087	2.712572	0.4552589
36978	-1007.629	-1220.296	212.6671	2.079093	0.363644	0.0982438	0.279373	0.258739	2.699822	0.4128873
36984	-1013.032	-1226.322	213.2898	1.430721	0.239786	0.134793	0.359223	0.266198	2.615233	0.4851383
36990	-1023.283	-1237.741	214.4581	0.4678929	0.192892	0.262701	0.351895	0.192512	2.388038	0.5899384
36996	-1031.626	-1245.88	214.254	0.6253737	0.0979088	0.424228	0.380148	0.097716	2.316554	0.7988035
37002	-1021.613	-1235.606	213.9927	0.8921327	0.126855	0.549649	0.167327	0.156169	2.25332	0.8549514
37008	-1026.899	-1241.284	214.3849	0.564988	0.132928	0.551127	0.183351	0.132594	2.166463	0.8993507
37014	-1023.359	-1237.628	214.2699	0.628633	0.370516	0.229187	0.352525	0.0477718	2.385548	0.6567747
37020	-1025.037	-1239.025	213.9884	0.903936	0.181804	0.0861634	0.641033	0.0909993	2.033164	1.076251
37026	-1028.134	-1242.449	214.3151	0.6577745	0.236061	0.14222	0.548707	0.0730123	2.197398	0.8297226
37032	-1024.429	-1238.73	214.301	0.6577745	0.332202	0.0843351	0.423326	0.160137	2.292888	0.7137399
37038	-1023.368	-1237.595	214.2276	0.6577745	0.31354	0.0795974	0.556468	0.0503944	2.362634	0.7196854
37044	-1004.849	-1218.543	213.6934	0.5736514	0.222658	0.326152	0.341454	0.109736	2.925861	0.2833315
37050	-1012.253	-1225.978	213.7249	0.5587924	0.224802	0.219942	0.380186	0.17507	2.909777	0.2833315
37056	-1016.192	-1229.579	213.3864	0.7523661	0.223677	0.209689	0.378282	0.188351	3.021638	0.2693718
37062	-1023.302	-1237.103	213.8007	0.6707147	0.170696	0.345625	0.405457	0.078222	2.728591	0.2916144
37068	-1016.791	-1230.099	213.3083	0.9053144	0.3276	0.290181	0.205071	0.177149	2.975235	0.2916144
37074	-1007.401	-1221.497	214.0962	0.6392448	0.261679	0.184279	0.550988	0.00305407	2.392976	0.8813155
37080	-1012.345	-1226.533	214.188	0.6392448	0.384623	0.0873394	0.524518	0.00351954	2.373678	0.791115
37086	-1021.645	-1235.918	214.2727	0.6336449	0.223539	0.139403	0.630802	0.00625678	2.287034	0.801568
37092	-1015.813	-1230.206	214.3925	0.5306537	0.208745	0.148329	0.636611	0.0063144	2.352395	0.6815684
37098	-1021.943	-1236.218	214.2746	0.6856031	0.238592	0.164913	0.590636	0.00585839	2.308034	0.6815684
37104	-1019.195	-1233.156	213.9608	0.8926277	0.219938	0.0990302	0.471767	0.209265	2.430784	0.6264602
37110	-1011.493	-1225.168	213.675	1.016789	0.285962	0.214506	0.33186	0.167671	2.068954	1.221191
37116	-1007.27	-1220.917	213.6469	1.095608	0.423361	0.256223	0.260368	0.0600473	2.019439	1.221191
37122	-1012.399	-1226.262	213.8624	0.8041204	0.0595995	0.214494	0.472743	0.253164	2.109527	1.212362
37128	-1001.421	-1215.355	213.9339	0.7942475	0.132163	0.46898	0.284743	0.114114	2.109527	1.159466
37134	-1020.718	-1234.632	213.9142	0.7714058	0.343509	0.196257	0.283253	0.176981	1.968039	1.314983
37140	-1017.52	-1230.235	212.7154	0.9056308	0.148989	0.159612	0.568704	0.122695	1.821406	2.167855
37146	-1028.527	-1242.378	213.851	0.764062	0.274312	0.0982547	0.502579	0.124854	2.315719	1.076571
37152	-1015.403	-1229.106	213.7034	1.157096	0.316629	0.195456	0.447285	0.0406301	2.367611	0.7361269
37158	-1011.21	-1225.379	214.1688	0.7870455	0.304263	0.237844	0.429816	0.0280764	2.206128	0.8308365
37164	-1003.779	-1217.194	213.4146	1.489077	0.253486	0.294648	0.314999	0.136867	2.305493	0.805818
37170	-1023.457	-1237.592	214.1347	0.7401807	0.136669	0.293584	0.411747	0.158	2.193881	0.9408656
37176	-1023.431	-1237.526	214.0949	0.7401807	0.13605	0.234448	0.488161	0.141341	2.377362	0.7667021
37182	-1016.902	-1230.7	213.7986	1.119516	0.0134427	0.389058	0.484678	0.112821	2.288067	0.7667021
37188	-1022.065	-1235.717	213.6526	1.119516	0.185516	0.3212	0.400141	0.0931434	2.264295	0.9683645
37194	-1016.931	-1230.222	213.2913	1.141385	0.331914	0.0225707	0.478868	0.166647	2.11207	1.398288
37200	-1017.449	-1230.726	213.2773	1.306831	0.413485	0.0612248	0.317689	0.207602	1.865555	1.479131
37206	-1033.142	-1246.493	213.3502	1.325243	0.264964	0.271493	0.22665	0.236894	2.045955	1.266555
37212	-1038.963	-1252.513	213.5507	1.249821	0.111836	0.364021	0.369228	0.154915	2.131802	1.076899
37218	-1035.751	-1249.812	214.0607	0.7969607	0.254292	0.151103	0.412737	0.181869	2.278542	0.86171
37224	-1037.626	-1251.302	213.6754	1.21542	0.247898	0.24768	0.281355	0.223067	2.290434	0.8070997
37230	-1028.527	-1242.259	213.7313	0.8876202	0.251765	0.214059	0.328869	0.205308	2.355728	1.02981
37236	-1027.583	-1241.282	213.6988	0.9954868	0.299317	0.0656151	0.390983	0.244085	2.173454	1.127989
37242	-1020.247	-1233.727	213.4792	1.123238	0.586534	0.072067	0.157498	0.183901	2.074137	1.292778
37248	-1029.511	-1241.204	211.6934	1.78259	0.551244	0.134867	0.167488	0.146401	1.888078	2.271558
37254	-1018.048	-1229.862	211.8144	2.03564	0.263854	0.0257554	0.271376	0.439014	1.626006	2.237096
37260	-1045.972	-1258.691	212.7185	2.308907	0.0150077	0.395964	0.399146	0.189882	2.367464	0.804853
37266	-1037.131	-1250.679	213.5472	1.257634	0.0119309	0.31376	0.477464	0.196846	2.394092	0.7872528
37272	-1019.952	-1232.128	212.1758	2.508828	0.372765	0.125645	0.187567	0.314023	2.076487	1.447068
37278	-1010.333	-1222.612	212.2784	3.074056	0.363542	0.125973	0.0408135	0.469671	2.319205	0.8035455
37284	-1015.135	-1225.777	210.6418	6.778636	0.213284	0.00836476	0.0530682	0.725283	2.318844	0.7708872
37290	-1017.431	-1227.912	210.4804	6.778636	0.425007	0.00304427	0.0497931	0.522156	2.439694	0.8251995
37296	-1025.535	-1237.275	211.7394	3.853427	0.494767	0.00832438	0.0674038	0.429505	2.408934	0.8305272
37302	-1026.882	-1238.485	211.6038	0.9999954	0.361387	0.319262	0.175311	0.144039	1.935135	2.735289
37308	-1028.32	-1240.838	212.5187	1.217259	0.396358	0.0267832	0.356379	0.220479	2.248068	1.809476
37314	-1035.432	-1248.888	213.4561	0.8297624	0.465246	0.166639	0.171867	0.196248	2.787009	0.9316513
37320	-1027.169	-1240.711	213.5422	1.232136	0.260472	0.149013	0.462075	0.12844	2.517945	0.6213949
37326	-1024.407	-1238.271	213.8645	0.9271014	0.201367	0.172785	0.510961	0.114888	2.472268	0.6692539
37332	-1007.884	-1221.734	213.8508	0.9271014	0.410074	0.0207374	0.327933	0.241256	2.472268	0.6949877
37338	-1005.408	-1219.332	213.9239	0.9271014	0.309901	0.0518033	0.526203	0.112092	2.225495	0.9244876
37344	-1005.915	-1219.487	213.5719	1.326075	0.252294	0.121679	0.428388	0.197639	2.282701	0.8188466
37350	-1024.438	-1237.106	212.668	1.593037	0.31844	0.215885	0.194074	0.271602	1.910907	1.707627
37356	-1032.704	-1244.472	211.7678	1.25762	0.31844	0.215885	0.194074	0.271602	1.71691	2.615975
37362	-1031.725	-1244.293	212.568	0.9269292	0.497743	0.0672513	0.134765	0.300241	1.897808	2.199804
37368	-1033.364	-1245.137	211.7729	1.136109	0.263107	0.0799053	0.321645	0.335343	1.903559	2.568269
37374	-991.6197	-1205.615	213.9957	0.8026131	0.348259	0.126975	0.329336	0.195429	2.387176	0.7995095
37380	-999.5017	-1213.317	213.8151	1.042205	0.192767	0.288267	0.174208	0.344758	2.387176	0.7040051
37386	-1009.191	-1222.669	213.4774	1.45822	0.177425	0.239679	0.407221	0.175674	2.313874	0.743205
37392	-1009.142	-1222.607	213.4651	1.45822	0.258359	0.269072	0.148008	0.324561	2.305209	0.7740226
37398	-1015.76	-1229.414	213.6536	1.440774	0.27948	0.209319	0.160107	0.351094	2.106053	0.8091516
37404	-1012.458	-1226.617	214.1592	0.8830438	0.284617	0.218225	0.39484	0.102318	2.132752	0.8091516
37410	-1019.007	-1233.396	214.3892	0.474233	0.316642	0.270694	0.343173	0.0694915	2.2934	0.8531131
37416	-1016.399	-1230.067	213.6683	1.266771	0.189109	0.225042	0.401526	0.184323	2.306916	0.7245077
37422	-1024.475	-1238.693	214.2178	0.816865	0.302318	0.220887	0.295875	0.18092	2.087588	0.8770684
37428	-1038.925	-1253.107	214.1822	0.7758073	0.172869	0.241705	0.224343	0.361082	2.286587	0.7141136
37434	-1045.449	-1257.047	211.5981	2.089219	0.284943	0.439521	0.0326082	0.242928	2.183433	1.987624
37440	-1019.119	-1233.463	214.3434	0.4875006	0.277147	0.251339	0.408397	0.0631174	2.466788	0.6360279
37446	-1023.459	-1237.383	213.9244	0.9436428	0.0945098	0.279799	0.454641	0.17105	2.435687	0.5605662
37452	-1005.96	-1220.248	214.2872	0.7052939	0.20363	0.206222	0.419244	0.170904	2.145747	0.8653029
37458	-1014.282	-1228.718	214.4362	0.5471198	0.412279	0.183297	0.33479	0.0696334	2.253923	0.7451709
37464	-1010.067	-1224.303	214.2351	0.5867425	0.239822	0.252034	0.468471	0.0396725	2.358142	0.8221736
37470	-1019.225	-1233.234	214.0093	0.931011	0.2677	0.337531	0.339909	0.0548603	2.308825	0.6966391
37476	-1014.071	-1228.33	214.2587	0.721135	0.321036	0.131569	0.488701	0.0586946	2.157274	0.8655449
37482	-1002.486	-1216.702	214.2159	0.7327602	0.313619	0.0887601	0.523435	0.074186	2.187803	0.8655449
37488	-1007.379	-1221.453	214.0741	0.8874675	0.119135	0.364614	0.452166	0.0640851	2.16793	0.8655449
37494	-1009.302	-1223.097	213.795	1.071752	0.14793	0.490432	0.145093	0.216545	1.977874	1.149174
37500	-1017.593	-1231.308	213.7149	0.937361	0.327716	0.157335	0.423769	0.0911808	2.351163	1.00037
37506	-1026.827	-1240.832	214.0045	0.8538195	0.164181	0.214593	0.270597	0.35063	2.035529	1.106861
37512	-1015.311	-1228.143	212.8317	1.151887	0.259428	0.265087	0.324528	0.150958	2.015964	1.796351
37518	-1020.339	-1233.501	213.1618	0.823466	0.361792	0.0973194	0.254799	0.28609	1.753885	1.974155
37524	-1030.496	-1243.679	213.1832	1.20663	0.425746	0.0885041	0.300563	0.185187	1.924908	1.574078
37530	-1023.885	-1236.36	212.4751	2.766939	0.148664	0.0994214	0.276333	0.475582	2.265198	0.8589821
37536	-1021.488	-1235.778	214.29	0.6715199	0.206124	0.283411	0.40632	0.104145	2.299891	0.6954073
37542	-1027.705	-1241.909	214.2038	0.6901571	0.179163	0.174725	0.566878	0.079234	2.334449	0.7475424
37548	-1031.912	-1246.164	214.2513	0.6901571	0.270886	0.264176	0.301788	0.16315	2.317093	0.6985191
37554	-1028.595	-1240.054	211.4591	1.763108	0.192355	0.29584	0.240657	0.271148	1.92597	2.406359
37560	-1015.638	-1227.032	211.394	1.818536	0.472999	0.0368338	0.230483	0.259685	1.708731	2.555598
37566	-1022.594	-1233.726	211.1315	1.872057	0.494991	0.0288273	0.226186	0.249995	1.929335	2.555598
37572	-1028.517	-1239.687	211.1705	2.426737	0.429815	0.0469321	0.116249	0.407004	1.939541	2.271092
37578	-1037.021	-1248.101	211.0798	1.086478	0.244612	0.389509	0.271411	0.0944688	1.945019	2.994939
37584	-1038.748	-1250.269	211.5212	1.342401	0.106533	0.422924	0.163571	0.306972	1.870757	2.625281
37590	-1035.254	-1247.049	211.7947	1.342401	0.158571	0.385163	0.24347	0.212796	2.0769	2.324662
37596	-1015.637	-1229.255	213.6175	0.9107642	0.205977	0.288362	0.351113	0.154548	1.900203	1.485967
37602	-1014.877	-1227.602	212.7248	2.010166	0.0271336	0.564482	0.135656	0.272728	1.900203	1.430847
37608	-1015.324	-1228.275	212.951	2.029707	0.129227	0.549862	0.138447	0.182464	1.854304	1.276169
37614	-1010.787	-1224.152	213.365	1.497091	0.12067	0.195148	0.466688	0.217493	2.009687	1.155105
37620	-1011.59	-1225.583	213.9933	0.9611974	0.126457	0.300728	0.337549	0.235266	2.109113	0.9378072
37626	-1032.991	-1246.954	213.9632	0.9611974	0.106078	0.375682	0.377644	0.140596	1.929492	1.1405
37632	-1022.018	-1235.998	213.9799	0.9611974	0.371317	0.0575475	0.397831	0.173304	2.095305	0.9664903
37638	-1007.688	-1221.582	213.8945	1.023218	0.428261	0.0353152	0.318537	0.217887	2.240082	0.8290067
37644	-1021.039	-1232.517	211.4776	4.540939	0.379447	0.388944	0.115963	0.115646	2.063325	1.113769
37650	-1013.812	-1224.396	210.584	6.960977	0.369778	0.294603	0.0660637	0.269555	2.024687	1.08675
37656	-1015.572	-1226.365	210.7928	6.960977	0.380289	0.127451	0.117753	0.374507	1.957282	0.947556
37662	-998.0637	-1211.925	213.8611	0.9272583	0.251522	0.0945683	0.371939	0.281971	2.156449	1.057524
37668	-999.2268	-1212.711	213.4844	1.081097	0.209424	0.184984	0.403685	0.201907	2.156156	1.25469
37674	-1016.282	-1230.476	214.1941	0.7631837	0.511845	0.0356659	0.403453	0.0490358	2.001272	1.050463
37680	-1015.395	-1229.348	213.9534	0.9968934	0.336246	0.125493	0.35604	0.182221	2.180043	0.862526
37686	-1011.332	-1225.297	213.9643	0.795361	0.16385	0.0691303	0.607487	0.159533	2.4216	0.8055466
37692	-1012.05	-1226.144	214.0939	0.8115787	0.201743	0.317964	0.412085	0.0682079	2.305147	0.763942
37698	-1013.559	-1227.473	213.9137	0.8115787	0.176412	0.422012	0.255973	0.145603	2.148556	1.126565
37704	-1035.194	-1249.357	214.1632	0.8115787	0.213494	0.450328	0.180806	0.155373	2.136177	0.890369
37710	-1023.129	-1236.084	212.9543	1.068432	0.31518	0.331829	0.15701	0.195982	1.56238	2.074175
37716	-1018.642	-1231.351	212.7088	1.584095	0.246618	0.241376	0.0921831	0.419822	1.802605	1.760307
37722	-1021.081	-1234.716	213.6355	0.7103702	0.105434	0.430617	0.181557	0.282392	1.7587	1.727726
37728	-1022.888	-1234.809	211.9213	2.922853	0.180772	0.191059	0.143998	0.484172	1.683943	1.727726
37734	-1006.197	-1220.209	214.0116	0.6437466	0.250297	0.22793	0.332827	0.188945	2.162306	1.184355
37740	-1023.828	-1237.258	213.4294	1.510642	0.239864	0.260112	0.318954	0.18107	2.102822	0.9968028
37746	-1037.065	-1250.117	213.0525	1.536683	0.307475	0.3362	0.165842	0.190484	2.041849	1.359931
37752	-1017.78	-1231.656	213.8757	1.022552	0.167254	0.295933	0.189266	0.347547	1.979633	1.118903
37758	-1010.231	-1224.419	214.188	0.6701359	0.229783	0.292671	0.162264	0.315282	2.276924	0.8715101
37764	-1027.461	-1241.584	214.1233	0.8428564	0.206211	0.113774	0.4117	0.268315	2.164588	0.8657939
37770	-1020.184	-1233.274	213.0898	2.034175	0.1174	0.391076	0.124849	0.366674	2.160503	0.8471522
37776	-1025.052	-1238.692	213.6406	0.7868161	0.210242	0.268072	0.47208	0.0496062	1.945308	1.531162
37782	-1011.201	-1224.192	212.9906	1.360399	0.274263	0.326624	0.115248	0.283866	2.034249	1.531162
37788	-1009.541	-1222.449	212.9081	2.128572	0.258812	0.421653	0.0338208	0.285715	1.91836	1.197324
37794	-1015.652	-1229.519	213.867	0.9751944	0.143433	0.499478	0.207369	0.14972	2.119327	1.041019
37800	-1028.015	-1240.381	212.3652	2.056948	0.0425686	0.600947	0.137376	0.219108	2.095561	1.528596
37806	-1038.386	-1249.95	211.5639	2.195317	0.391626	0.125353	0.132363	0.350658	1.787985	2.219071
37812	-1021.45	-1233.545	212.095	3.15697	0.337535	0.216002	0.323277	0.123186	1.932004	1.308312
37818	-1018.617	-1232.079	213.4622	1.575027	0.223545	0.367479	0.184118	0.224858	1.689559	1.287618
37824	-1004.663	-1216.778	212.1153	3.263659	0.137714	0.552271	0.198841	0.111175	1.75698	1.382592
37830	-1022.772	-1236.297	213.5247	1.260892	0.137714	0.552271	0.198841	0.111175	1.785393	1.383081
37836	-1022.766	-1236.019	213.2526	1.170524	0.190997	0.171686	0.430042	0.207274	1.909106	1.559829
37842	-1018.808	-1230.043	211.2349	4.318021	0.27171	0.244239	0.379949	0.104102	1.95798	1.483334
37848	-1017.819	-1229.035	211.2157	4.83849	0.163732	0.484072	0.20152	0.150676	1.80755	1.430442
37854	-1002.151	-1215.041	212.8895	1.602009	0.170792	0.504943	0.115468	0.208798	1.753855	1.656384
37860	-1008.213	-1221.69	213.4769	0.8671285	0.016434	0.59897	0.128469	0.256127	1.573602	1.852172
37866	-1000.514	-1213.422	212.9077	1.250475	0.397132	0.164728	0.165052	0.273088	1.663041	1.922165
37872	-1007.951	-1219.225	211.2741	3.325594	0.486166	0.00966369	0.0484531	0.455717	1.589831	2.071394
37878	-1012.061	-1222.249	210.1873	3.942845	0.255795	0.449662	0.044065	0.250479	1.487275	2.618813
37884	-998.8266	-1213.5	214.6731	0.2727238	0.129444	0.336244	0.421557	0.112755	2.07514	0.9409327
37890	-998.277	-1212.794	214.5169	0.319165	0.046031	0.626739	0.287134	0.040096	1.996724	1.149062
37896	-992.3668	-1206.543	214.1762	0.6071805	0.0178729	0.662345	0.111489	0.208294	1.860451	1.330396
37902	-997.4129	-1211.202	213.7886	1.126869	0.0447406	0.539321	0.371364	0.0445742	1.971282	1.112836
37908	-1015.745	-1229.443	213.6983	0.9356435	0.0548987	0.325474	0.455681	0.163946	2.022199	1.308153
37914	-1017.363	-1230.908	213.5452	1.145712	0.00739855	0.630438	0.279453	0.0827105	2.056754	1.234661
37920	-1016.814	-1229.092	212.2787	1.43967	0.305075	0.253928	0.0424282	0.398569	1.516867	2.317894
37926	-1008.576	-1220.184	211.6079	2.0282	0.33831	0.128827	0.298511	0.234353	1.630135	2.369891
37932	-1003.469	-1215.332	211.8633	1.491784	0.262667	0.271685	0.241116	0.224532	1.617295	2.488113
37938	-1010.537	-1222.396	211.8595	0.7895802	0.18305	0.484519	0.119768	0.212663	1.564558	2.93614
37944	-1035.545	-1247.363	211.8172	1.5705	0.149967	0.408972	0.27513	0.165932	1.638234	2.46176
37950	-1023.453	-1235.817	212.3639	1.639084	0.167092	0.173769	0.257306	0.401833	1.751609	1.998881
37956	-1017.376	-1229.782	212.406	1.639084	0.493496	0.0931572	0.15422	0.259126	1.824236	1.921886
37962	-1025.608	-1238.131	212.5232	1.127659	0.263791	0.140078	0.460415	0.135716	1.705739	2.224178
37968	-1026.6	-1239.504	212.9043	1.127659	0.370585	0.10772	0.339216	0.182479	1.927828	1.823183
37974	-1007.589	-1220.62	213.0307	0.9372107	0.388809	0.0850534	0.397833	0.128305	1.619677	2.072491
37980	-1009.598	-1222.698	213.0997	1.05257	0.227039	0.0944643	0.424969	0.253528	1.697753	1.896924
37986	-1014.625	-1227.295	212.6703	1.05257	0.0703763	0.382419	0.426981	0.120224	2.046842	1.951164
37992	-1005.145	-1218.543	213.398	0.8072519	0.260681	0.234814	0.390467	0.114038	2.046842	1.618779
37998	-1009.51	-1222.907	213.3972	0.6882165	0.180645	0.154985	0.514196	0.150174	2.260164	1.555282
38004	-1010.991	-1224.289	213.2986	0.9123873	0.207103	0.0562181	0.412916	0.323763	2.131987	1.549673
38010	-1018.067	-1231.45	213.3828	0.9930041	0.367511	0.0654277	0.19026	0.376802	2.195721	1.375123
38016	-1018.106	-1230.97	212.8634	1.577585	0.248486	0.193569	0.32924	0.228705	2.282781	1.290448
38022	-1005.314	-1219.01	213.6959	0.749436	0.325912	0.0455544	0.415129	0.213404	2.239723	1.290448
38028	-1002.358	-1215.848	213.4898	0.9554932	0.15964	0.185589	0.522392	0.132379	2.203464	1.313902
38034	-1004.955	-1219.168	214.2132	0.6467487	0.225489	0.0957395	0.502166	0.176605	2.203464	0.9524186
38040	-1039.101	-1253.212	214.1107	0.8372464	0.417037	0.0717736	0.293712	0.217477	2.036084	1.022396
38046	-1029.991	-1243.887	213.8957	0.9319739	0.304896	0.0952909	0.343067	0.256746	2.060292	1.110232
38052	-1020.07	-1234.051	213.9816	0.8429617	0.395056	0.362141	0.107371	0.135431	2.060292	1.115391
38058	-1033.558	-1246.325	212.7672	2.400565	0.379745	0.293979	0.144663	0.181612	2.049411	1.032553
38064	-1010.735	-1223.481	212.746	1.258919	0.237133	0.113947	0.395777	0.253143	1.836058	1.909183
38070	-1001.309	-1214.423	213.1141	0.746804	0.260791	0.121613	0.380517	0.237079	1.761887	2.054078
38076	-1013.658	-1227.231	213.5733	0.6670939	0.162255	0.253236	0.45877	0.125739	2.024575	1.615146
38082	-1028.26	-1242.115	213.855	0.9794531	0.0652793	0.45795	0.0844329	0.392338	2.312685	0.8422788
38088	-1022.406	-1236.431	214.0245	0.7646022	0.102765	0.283517	0.394723	0.218996	2.399018	0.7985095
38094	-1012.24	-1226.154	213.9137	0.9476211	0.26575	0.148856	0.350068	0.235327	2.333692	0.7801357
38100	-1019.66	-1233.775	214.1152	0.805354	0.272203	0.189029	0.297726	0.241042	2.318285	0.721184
38106	-1016.417	-1230.517	214.0992	0.7787429	0.228443	0.319403	0.249863	0.202291	2.318285	0.7865644
38112	-1015.84	-1229.988	214.1479	0.7787429	0.368879	0.305962	0.131382	0.193778	2.357305	0.6380762
38118	-1032.376	-1246.503	214.127	0.7787429	0.175718	0.384924	0.0625845	0.376774	2.372488	0.6509485
38124	-1019.202	-1231.079	211.8765	1.623526	0.286102	0.0730847	0.168678	0.472135	1.802963	2.291683
38130	-1012.2	-1224.762	212.5622	1.93895	0.44596	0.0408949	0.121417	0.391728	1.840653	1.635781
38136	-1014.843	-1227.983	213.1396	1.114705	0.430621	0.0738837	0.117241	0.378254	1.840653	1.728745
38142	-1021.746	-1233.941	212.1949	2.150303	0.453774	0.163429	0.16654	0.216257	1.863578	1.76846
38148	-1017.124	-1229.336	212.2117	1.247282	0.276789	0.42911	0.171028	0.123073	1.652313	2.384854
38154	-1021.71	-1233.608	211.8981	1.96767	0.479742	0.267518	0.0587206	0.194019	1.773989	2.119863
38160	-1026.127	-1240.641	214.5141	0.4431456	0.232211	0.381623	0.385418	0.000747664	1.988394	1.07217
38166	-1028.663	-1242.32	213.657	1.175004	0.151624	0.421678	0.425871	0.000826139	2.272189	0.8977228
38172	-1007.389	-1221.418	214.029	0.7660997	0.234812	0.288769	0.473247	0.00317252	2.352467	0.8499985
38178	-1018.904	-1232.666	213.7623	1.015514	0.325006	0.129323	0.534346	0.011325	2.380631	0.8281649
38184	-1021.244	-1228.875	207.6312	1.826731	0.35643	0.00983134	0.443947	0.189792	1.281844	4.980905
38190	-1014.505	-1224.849	210.3437	0.871916	0.247404	0.378248	0.203508	0.17084	1.232508	3.96777
38196	-1016.777	-1224.9	208.1234	1.65796	0.444353	0.133836	0.234535	0.187276	1.320186	4.760934
38202	-1021.224	-1231.848	210.6233	1.825622	0.362239	0.354654	0.0400202	0.243086	1.487461	3.153997
38208	-1030.793	-1242.137	211.3439	0.9903454	0.264397	0.409064	0.0461599	0.280379	1.509711	3.153997
38214	-1020.605	-1233.09	212.4848	0.958776	0.255431	0.231183	0.242686	0.2707	1.691543	2.364422
38220	-1016.16	-1226.974	210.8138	1.379569	0.228404	0.242289	0.446931	0.0823765	1.577628	3.209311
38226	-1018.125	-1230.678	212.5528	1.131034	0.095803	0.513807	0.251124	0.139266	1.769135	2.161826
38232	-1016.73	-1230.261	213.5312	0.8402257	0.205733	0.484519	0.110328	0.199419	2.04392	1.49754
38238	-1009.395	-1222.562	213.1666	1.25605	0.121483	0.423642	0.147056	0.307818	2.183697	1.35496
38244	-1026.186	-1239.361	213.1747	1.193291	0.226847	0.316506	0.147629	0.309017	2.174932	1.401567
38250	-1026.828	-1240.438	213.6103	0.8080177	0.255564	0.356572	0.241191	0.146673	1.743946	1.683218
38256	-1028.323	-1240.01	211.6863	0.612664	0.204568	0.336526	0.279297	0.179609	1.495609	3.192569
38262	-1025.364	-1237.001	211.6367	1.110657	0.448117	0.0659435	0.255587	0.230352	1.677996	2.805605
38268	-1036.997	-1250.108	213.1113	0.8741869	0.209818	0.0805656	0.522448	0.187169	1.744055	1.979275
38274	-998.3257	-1210.878	212.552	1.166207	0.259738	0.215616	0.41684	0.107806	1.81088	2.113108
38280	-993.3902	-1205.844	212.4539	1.069849	0.436856	0.0414357	0.281718	0.23999	1.774036	2.260962
38286	-1000.01	-1212.744	212.7342	1.121667	0.388171	0.0865623	0.312023	0.213244	2.0119	1.885982
38292	-999.5057	-1212.991	213.4856	0.7708334	0.375013	0.0655802	0.346123	0.213284	1.910906	1.680921
38298	-1000.023	-1212.989	212.966	1.975557	0.22586	0.261591	0.154197	0.358352	2.008512	1.167303
38304	-1024.401	-1237.959	213.558	0.7504544	0.373537	0.18771	0.425917	0.0128355	1.924642	1.634585
38310	-1003.442	-1217.45	214.0084	0.466261	0.24649	0.232035	0.493716	0.0277584	1.896281	1.541834
38316	-1017.251	-1230.847	213.5958	0.3429933	0.163178	0.232446	0.572205	0.0321713	1.772584	1.988845
38322	-1005.66	-1219.095	213.4341	1.070412	0.143047	0.195534	0.48134	0.18008	1.704871	1.646625
38328	-1030.428	-1243.69	213.2623	0.815171	0.409247	0.190781	0.224358	0.175614	1.796397	1.883434
38334	-1005.955	-1220.062	214.1077	0.7403257	0.103016	0.243615	0.56613	0.0872383	2.031686	1.124611
38340	-1008.756	-1222.554	213.7986	0.7544407	0.116345	0.181849	0.648156	0.0536506	1.956003	1.429525
38346	-1010.962	-1225.179	214.2165	0.5664981	0.106027	0.283404	0.551971	0.0585978	2.138743	1.095057
38352	-984.4704	-1198.842	214.3718	0.6228301	0.167196	0.403929	0.308342	0.120534	2.11603	0.9026461
38358	-1014.927	-1229.18	214.2534	0.4625398	0.224481	0.210411	0.482501	0.0826062	2.11603	1.175667
38364	-997.913	-1212.314	214.4009	0.53152	0.317391	0.151889	0.453141	0.0775795	2.11324	0.9761559
38370	-994.8752	-1209.194	214.3187	0.6576714	0.229264	0.155442	0.463741	0.151554	2.11324	0.9237178
38376	-995.5794	-1209.845	214.2659	0.6983538	0.195476	0.17964	0.470968	0.153916	2.025967	1.023477
38382	-1000.024	-1213.564	213.5398	1.062057	0.372603	0.184809	0.102366	0.340222	2.107622	1.264463
38388	-1003.049	-1216.902	213.8524	0.7627662	0.355638	0.0865284	0.312497	0.245337	2.100849	1.264463
38394	-999.7224	-1213.623	213.9009	0.7627662	0.252829	0.0827103	0.499551	0.16491	1.983105	1.320886
38400	-987.1482	-1200.993	213.8444	0.7627662	0.274455	0.100816	0.542281	0.0824484	2.039634	1.320886
38406	-1004.725	-1218.59	213.8654	0.7627662	0.374271	0.232066	0.203877	0.189785	2.040059	1.303533
38412	-1010.936	-1223.465	212.5288	1.456147	0.143338	0.254479	0.223567	0.378616	1.751903	1.992499
38418	-999.8646	-1212.44	212.5755	0.8908703	0.182257	0.323576	0.350689	0.143477	1.691699	2.350774
38424	-1017.131	-1230.038	212.9066	0.9711255	0.330257	0.214242	0.269884	0.185617	2.201811	1.73842
38430	-1010.413	-1223.32	212.9066	2.065121	0.0557368	0.350418	0.321363	0.272482	2.067075	1.108365
38436	-1013.512	-1227.329	213.8167	0.8384191	0.085472	0.387215	0.383458	0.143855	2.082502	1.24348
38442	-1017.584	-1232.161	214.5772	0.3829923	0.0780037	0.44867	0.397563	0.0757636	2.057267	0.9947857
38448	-1026.262	-1240.132	213.8704	0.8918252	0.207763	0.426997	0.227933	0.137307	1.92393	1.284507
38454	-1028.579	-1240.38	211.8005	3.565973	0.349145	0.0340442	0.500511	0.1163	1.884926	1.397819
38460	-1020.761	-1234.113	213.3523	1.073907	0.1032	0.0578052	0.709238	0.129757	2.117126	1.397819
38466	-1010.533	-1224.677	214.1443	0.8025842	0.344514	0.182118	0.254853	0.218515	1.984854	1.073892
38472	-1013.664	-1227.237	213.5722	1.19414	0.287037	0.117629	0.14813	0.447205	1.960229	1.254282
38478	-1009.666	-1222.449	212.7828	2.065515	0.295588	0.0672381	0.393475	0.2437	2.054844	1.227144
38484	-1035.858	-1249.795	213.9368	0.6579122	0.203768	0.162633	0.499623	0.133977	1.993882	1.371998
38490	-1016.577	-1228.747	212.1707	2.576038	0.144957	0.0401817	0.610403	0.204458	1.983682	1.487764
38496	-1002.165	-1216.457	214.2912	0.6721997	0.131372	0.13025	0.553201	0.185176	2.206277	0.8293221
38502	-1016.999	-1230.35	213.3506	1.503554	0.152001	0.18367	0.403205	0.261123	2.193536	0.9909596
38508	-1002.9	-1214.312	211.4121	4.921625	0.0945387	0.0657316	0.440881	0.398849	2.152004	0.9222277
38514	-1003.435	-1217.373	213.9385	0.8077495	0.226683	0.0326636	0.488998	0.251656	2.391944	0.8587897
38520	-1000.491	-1213.516	213.025	1.257372	0.29398	0.166748	0.190836	0.348437	2.281229	1.388696
38526	-1018.712	-1232.166	213.4537	1.257372	0.151178	0.155124	0.497806	0.195892	2.488292	0.7865547
38532	-1015.213	-1229.101	213.8878	0.798581	0.118309	0.349782	0.394779	0.13713	2.23399	1.084648
38538	-1007.736	-1221.795	214.0584	0.8444783	0.153694	0.292275	0.283793	0.270238	1.978396	1.118608
38544	-1002.525	-1216.877	214.3521	0.4471405	0.326937	0.235379	0.279852	0.157832	1.950477	1.245013
38550	-998.2785	-1212.422	214.1435	0.6794008	0.147364	0.165863	0.624469	0.0623039	2.161583	1.030103
38556	-1001.773	-1216.018	214.2453	0.5205195	0.375896	0.117932	0.460252	0.0459198	2.239971	1.016367
38562	-1001.62	-1215.777	214.1567	0.5205195	0.373588	0.0681895	0.522431	0.0357909	2.182818	1.151717
38568	-1004.657	-1219.144	214.4862	0.5280211	0.181328	0.0667216	0.703739	0.048212	2.18751	0.7962756
38574	-1007.287	-1221.631	214.3444	0.6115438	0.429464	0.0785469	0.371612	0.120377	2.163576	0.8932934
38580	-997.2263	-1211.432	214.2058	0.6451082	0.247376	0.0361825	0.678453	0.037989	2.312543	0.839154
38586	-1008.408	-1222.562	214.1541	0.6451082	0.279623	0.0859095	0.57817	0.056297	2.312543	0.8999694
38592	-1019.595	-1233.063	213.4681	1.157432	0.14457	0.125445	0.280241	0.449744	2.65452	0.3813892
38598	-1014.477	-1227.95	213.473	0.9646707	0.166936	0.126888	0.177121	0.529055	2.844568	0.3908211
38604	-1005.246	-1219.207	213.9614	0.6126913	0.242201	0.184096	0.492457	0.0812454	2.750002	0.4714581
38610	-1016.281	-1230.192	213.9109	0.7607534	0.241136	0.00414361	0.671615	0.0831059	2.032437	1.274361
38616	-1008.495	-1222.669	214.1736	0.6809425	0.328031	0.0826204	0.522001	0.0673475	1.891604	1.243253
38622	-1000.364	-1214.44	214.0758	0.735795	0.334872	0.140307	0.47958	0.0452407	2.148955	1.050018
38628	-987.5979	-1201.642	214.0436	0.735795	0.207202	0.265402	0.499404	0.0279926	2.228761	1.003569
38634	-1000.618	-1214.846	214.2277	0.6792703	0.0710247	0.276568	0.520415	0.131992	2.104503	1.003569
38640	-987.6712	-1201.852	214.1805	0.735309	0.274246	0.332172	0.235053	0.158529	2.14681	0.94778
38646	-1006.294	-1220.236	213.9425	0.735309	0.11353	0.387604	0.394587	0.104279	2.421466	0.9079899
38652	-1003.227	-1216.605	213.378	0.9346975	0.106843	0.364774	0.430246	0.0981369	2.20074	1.420797
38658	-1010.35	-1223.438	213.0873	0.8740978	0.0924519	0.337698	0.358932	0.210918	2.107757	1.747064
38664	-1007.899	-1220.993	213.0946	0.8740978	0.310817	0.190441	0.352365	0.146378	2.100466	1.747064
38670	-1008.186	-1222.326	214.1405	0.5665378	0.198552	0.145307	0.563035	0.0931055	2.611962	0.4363487
38676	-1004.93	-1218.476	213.5461	1.07113	0.416468	0.187697	0.275568	0.120266	2.69216	0.4736207
38682	-1003.326	-1216.534	213.2077	0.6975555	0.0837965	0.222651	0.538093	0.155459	1.802369	1.999666
38688	-1008.04	-1221.447	213.4064	0.6960774	0.157877	0.490204	0.319467	0.0324518	1.664071	1.960337
38694	-1014.184	-1227.538	213.3538	0.6023817	0.323378	0.22524	0.409758	0.0416237	1.857841	1.931937
38700	-1010.469	-1224.343	213.8739	0.7997309	0.231281	0.112292	0.618044	0.0383827	2.604508	0.6488169
38706	-1002.452	-1216.522	214.0699	0.5615846	0.329401	0.182361	0.325845	0.162393	2.659447	0.6488169
38712	-1024.395	-1237.27	212.8748	0.7396893	0.220168	0.169776	0.582691	0.0273646	1.961562	2.085186
38718	-1019.972	-1233.513	213.5406	0.7396893	0.194465	0.124509	0.637304	0.0437213	2.062043	1.555466
38724	-1028.303	-1242.185	213.8823	0.7396893	0.355632	0.150639	0.430382	0.0633471	2.062043	1.291746
38730	-1011.944	-1226.151	214.2072	0.3783057	0.2347	0.241911	0.50233	0.0210589	2.710118	0.4013289
38736	-1009.484	-1223.521	214.0371	0.6310482	0.16712	0.297939	0.509004	0.0259363	2.647405	0.4350893
38742	-1000.783	-1215.343	214.5602	0.3791136	0.15996	0.304554	0.487196	0.0482904	2.341977	0.6487798
38748	-1006.249	-1220.03	213.7804	0.8937446	0.222648	0.259978	0.183454	0.333919	2.631252	0.5577419
38754	-1014.028	-1227.814	213.7862	0.8937446	0.29457	0.355343	0.190344	0.159744	2.631649	0.4973431
38760	-1009.174	-1223.001	213.8267	0.8937446	0.391602	0.338541	0.0572391	0.212619	2.591163	0.4973431
38766	-1014.12	-1226.773	212.6525	2.129674	0.374513	0.198061	0.0267213	0.400705	2.691426	0.4612414
38772	-1017.421	-1231.119	213.6973	0.9566223	0.237836	0.370231	0.0440742	0.347859	2.652107	0.5480171
38778	-1008.236	-1221.996	213.76	0.9566223	0.169398	0.511665	0.0313916	0.287546	2.588673	0.5520089
38784	-1015.419	-1229.091	213.6721	0.9566223	0.144178	0.103976	0.516734	0.235112	2.681342	0.4885689
38790	-997.5201	-1211.608	214.0879	0.5190166	0.310426	0.150583	0.519629	0.0193613	2.707897	0.4201294
38796	-987.6078	-1201.584	213.9763	0.6774946	0.218407	0.0971417	0.659865	0.0245865	2.66806	0.5104423
38802	-988.5606	-1202.547	213.9867	0.5135618	0.14407	0.385808	0.435273	0.0348493	2.81784	0.4293942
38808	-1005.261	-1219.356	214.095	0.5573014	0.137415	0.367986	0.356336	0.138263	2.670363	0.4490637
38814	-1013.069	-1226.116	213.0474	1.430479	0.146257	0.206881	0.466035	0.180828	2.83748	0.4047944
38820	-1012.449	-1224.178	211.7284	1.253685	0.146013	0.303259	0.290325	0.260403	1.652567	2.68214
38826	-994.2757	-1206.093	211.8177	1.107031	0.0974976	0.358766	0.498618	0.0451193	1.658778	2.708963
38832	-1003.924	-1215.529	211.6043	1.282023	0.12136	0.424228	0.404353	0.0500593	1.719602	2.701114
38838	-1015.631	-1227.026	211.3947	1.639345	0.128575	0.449451	0.374857	0.0471168	1.671524	2.667708
38844	-1024.738	-1237.87	213.1314	0.8015233	0.235898	0.192855	0.376329	0.194917	1.691306	2.051233
38850	-1019.178	-1232.267	213.0886	1.30222	0.186055	0.132321	0.501928	0.179696	2.854709	0.328142
38856	-1030.707	-1243.682	212.9746	1.757882	0.288622	0.137225	0.377788	0.196366	2.645412	0.5769048
38862	-1009.586	-1222.067	212.4816	0.8868669	0.274637	0.306039	0.359262	0.0600626	1.717709	2.396387
38868	-1020.172	-1233.089	212.917	0.757124	0.179648	0.290766	0.341334	0.188253	1.881425	2.09801
38874	-1043.019	-1256.843	213.8239	1.068574	0.236057	0.286638	0.275589	0.201716	2.386979	0.6356589
38880	-1027.528	-1240.35	212.8223	2.281503	0.306929	0.0797591	0.209764	0.403548	2.378885	0.6499204
38886	-1021.156	-1234.885	213.7293	1.203169	0.344535	0.0857727	0.401845	0.167848	2.289197	0.7495859
38892	-1012.288	-1225.486	213.1986	1.74966	0.0944669	0.573204	0.00684776	0.325481	2.144043	0.9877205
38898	-1022.455	-1235.301	212.8463	2.24522	0.174473	0.347999	0.079199	0.398329	2.217479	0.886747
38904	-1013.853	-1227.023	213.1699	1.823425	0.0891205	0.653245	0.0427293	0.214905	2.275568	0.8042639
38910	-1026.081	-1240.611	214.5301	0.4210314	0.217689	0.178771	0.44979	0.153751	2.139809	0.9242342
38916	-1021.666	-1236.473	214.8062	0.3338647	0.0858179	0.539957	0.36535	0.00887471	1.971243	0.8788431
38922	-1039.405	-1253.47	214.0653	0.9203054	0.244923	0.541153	0.0192791	0.194644	2.192458	0.8038642
38928	-1035.494	-1249.644	214.1504	0.6664237	0.304382	0.225886	0.227834	0.241898	2.09829	1.09638
38934	-1004.904	-1218.624	213.7205	0.8026651	0.22253	0.381406	0.361258	0.0348055	1.714772	1.629192
38940	-1014.083	-1227.851	213.7686	0.77118	0.234623	0.270195	0.403378	0.091804	1.832761	1.53191
38946	-1021.846	-1235.731	213.8846	0.77118	0.211695	0.248766	0.391778	0.147762	1.944843	1.357382
38952	-1020.808	-1234.812	214.0039	0.5468062	0.4321	0.0661284	0.361977	0.139794	1.966714	1.431507
38958	-1031.14	-1244.977	213.8372	0.7895002	0.156673	0.202796	0.426082	0.214449	2.257109	1.11852
38964	-1011.172	-1225.549	214.3766	0.5400174	0.173212	0.30966	0.471062	0.0460661	2.186339	0.9151037
38970	-1016.33	-1230.623	214.2926	0.5955928	0.19787	0.161872	0.538121	0.102137	2.38153	0.6881161
38976	-1009.936	-1224.205	214.2688	0.5912829	0.228108	0.0337896	0.620356	0.117746	2.346386	0.7869319
38982	-1014.968	-1228.308	213.3399	0.8732244	0.3357	0.156312	0.409667	0.0983206	1.951674	1.67958
38988	-1005.82	-1217.933	212.1125	0.7445014	0.394203	0.172366	0.361625	0.0718063	1.71313	2.721066
38994	-1007.79	-1221.121	213.3315	0.980718	0.423015	0.0805319	0.423217	0.0732357	1.96143	1.599753
39000	-1014.967	-1228.609	213.6416	0.6622697	0.329438	0.243521	0.329596	0.0974447	2.005271	1.583189
39006	-1016.471	-1229.201	212.7302	1.029268	0.364816	0.21339	0.363365	0.0584292	1.978063	1.972609
39012	-1032.61	-1246.795	214.1851	0.6778742	0.230571	0.330599	0.371669	0.0671605	2.291079	0.8483172
39018	-1028.074	-1242.369	214.2951	0.6314209	0.359375	0.0335778	0.514142	0.0929053	2.289305	0.7709065
39024	-1030.94	-1244.13	213.1898	0.5713346	0.288556	0.162636	0.514855	0.0339521	1.96067	1.994811
39030	-1050.772	-1264.831	214.0585	0.7847699	0.253751	0.345929	0.132304	0.268016	2.325874	0.8218753
39036	-1027.517	-1241.67	214.1528	0.7847699	0.207362	0.282689	0.290931	0.219019	2.241353	0.8092835
39042	-1005.996	-1220.02	214.0244	0.7847699	0.210447	0.380562	0.353281	0.0557095	2.221685	0.9779811
39048	-1003.608	-1217.793	214.1853	0.6451237	0.211787	0.358596	0.404056	0.0255608	2.314862	0.8611463
39054	-1013.573	-1227.609	214.0355	0.7134984	0.340061	0.228057	0.39084	0.0410423	2.376754	0.8794008
39060	-1009.07	-1223.318	214.2488	0.6780958	0.17567	0.408829	0.404994	0.0105067	2.195834	0.8853159
39066	-1010.698	-1224.998	214.2998	0.5076553	0.284029	0.281699	0.384939	0.0493332	2.195834	1.018845
39072	-1030.713	-1244.535	213.8214	0.8360653	0.180453	0.239203	0.484316	0.096028	2.117608	1.211924
39078	-1018.103	-1232.406	214.3028	0.6158527	0.208951	0.217841	0.441064	0.132144	2.331709	0.7198017
39084	-1008.103	-1220.188	212.0856	1.866008	0.199738	0.0935427	0.421616	0.285103	1.946096	1.932906
39090	-1002.208	-1215.035	212.8267	1.239057	0.291252	0.117798	0.426742	0.164208	1.981698	1.766388
39096	-1008.752	-1222.027	213.2743	1.108146	0.173191	0.14576	0.46131	0.219738	2.213626	1.357034
39102	-1017.073	-1230.217	213.144	0.9415441	0.163942	0.317221	0.236307	0.28253	2.42145	1.425662
39108	-1013.29	-1226.768	213.4787	0.850175	0.234131	0.30233	0.279416	0.184123	2.104761	1.483448
39114	-1017.09	-1230.097	213.0066	1.495397	0.142556	0.178472	0.409277	0.269695	2.219361	1.28254
39120	-1005.407	-1218.259	212.8519	0.9784909	0.138484	0.239083	0.304873	0.317561	2.219361	1.759195
39126	-1015.812	-1229.122	213.3103	0.8275853	0.0217215	0.299771	0.552934	0.125573	1.915702	1.759195
39132	-1006.108	-1219.251	213.1427	1.022419	0.157148	0.411722	0.293422	0.137709	2.114383	1.595511
39138	-1022.379	-1235.918	213.5393	0.956566	0.191573	0.152922	0.48763	0.167876	1.940027	1.479704
39144	-1030.691	-1243.977	213.2862	0.956566	0.398246	0.215167	0.264843	0.121743	2.194918	1.478348
39150	-1022.541	-1235.458	212.9172	0.8336011	0.341241	0.290099	0.341668	0.0269919	1.81258	2.090382
39156	-1021.748	-1235.234	213.4853	0.6237614	0.305163	0.13142	0.539279	0.0241381	2.00513	1.724548
39162	-1011.488	-1225.383	213.8947	0.3732261	0.179622	0.221759	0.514294	0.0843259	1.970667	1.630077
39168	-1021.823	-1235.418	213.5957	0.5628646	0.15015	0.315024	0.415036	0.119791	2.089771	1.631052
39174	-1023.163	-1236.929	213.7657	0.3648496	0.15015	0.315024	0.415036	0.119791	1.989424	1.713242
39180	-1021.841	-1234.649	212.8078	1.119027	0.322369	0.296171	0.200846	0.180614	2.181795	1.719275
39186	-1005.711	-1218.864	213.1532	1.119027	0.335879	0.239528	0.176115	0.248477	1.882216	1.686814
39192	-1015.019	-1228.439	213.42	0.8455738	0.0999043	0.445627	0.240021	0.214448	1.802294	1.748711
39198	-1016.364	-1229.938	213.5739	0.823382	0.302906	0.340591	0.183448	0.173054	1.803843	1.654964
39204	-1017.895	-1230.016	212.1204	1.085176	0.149217	0.479525	0.183457	0.187801	1.871983	2.40137
39210	-1013.767	-1227.105	213.3379	0.6292533	0.0713174	0.447496	0.379118	0.102069	1.801985	1.961174
39216	-1014.614	-1226.592	211.9777	1.288404	0.155977	0.332913	0.18687	0.324239	1.716474	2.467906
39222	-1024.199	-1236.062	211.8629	0.9578955	0.0801905	0.252599	0.445456	0.221754	1.713933	2.737965
39228	-1031.643	-1243.557	211.9132	1.222319	0.250514	0.346894	0.260135	0.142457	1.607159	2.614268
39234	-1007.642	-1220.782	213.1394	1.279172	0.250514	0.346894	0.260135	0.142457	1.70336	1.716208
39240	-1022.265	-1233.985	211.7192	3.011662	0.267782	0.360536	0.0196653	0.352017	2.100194	1.534651
39246	-1007.102	-1218.736	211.6332	3.597073	0.416557	0.119289	0.0193154	0.444839	1.712172	1.639112
39252	-991.9794	-1204.507	212.5279	1.949064	0.342385	0.126051	0.0138693	0.517695	1.749763	1.719463
39258	-1028.959	-1240.403	211.4446	3.977798	0.352653	0.261505	0.140234	0.245607	1.882173	1.507931
39264	-1021.465	-1235.715	214.2506	0.6356948	0.293729	0.222904	0.476825	0.00654211	1.856562	1.24828
39270	-1026.369	-1237.881	211.5114	1.25532	0.121731	0.31694	0.253388	0.307941	1.589044	2.852418
39276	-1016.166	-1227.439	211.2729	1.500892	0.285201	0.257949	0.206225	0.250624	1.607913	2.852418
39282	-1020.79	-1231.192	210.4025	0.8952647	0.281827	0.293482	0.234633	0.190058	1.574681	3.723443
39288	-1030.961	-1241.924	210.9635	1.584614	0.283734	0.154719	0.236221	0.325327	1.893548	2.823557
39294	-1024.358	-1236.23	211.8721	0.5832478	0.164615	0.525081	0.272525	0.0377793	1.518216	3.086971
39300	-1020.892	-1232.714	211.8222	0.647918	0.124467	0.503956	0.313988	0.0575885	1.623278	3.013298
39306	-1012.106	-1224.079	211.9727	0.5692847	0.2972	0.27831	0.358701	0.0657892	1.731553	2.907322
39312	-1016.285	-1227.319	211.0341	1.66881	0.332376	0.0692943	0.401156	0.197173	1.776755	2.809059
39318	-1017.657	-1229.401	211.7439	1.733332	0.331868	0.132934	0.400542	0.134656	1.87401	2.273513
39324	-1033.361	-1246.181	212.8197	0.7453021	0.195847	0.172912	0.390988	0.240253	2.087286	2.034607
39330	-1038.424	-1250.755	212.3305	1.517675	0.47814	0.07474	0.218358	0.228761	1.843879	2.027815
39336	-1035.603	-1248.625	213.0211	1.517675	0.412021	0.0793357	0.188163	0.320481	2.003455	1.426997
39342	-1015.069	-1225.222	210.1526	1.961487	0.302688	0.167362	0.217143	0.312806	1.679668	3.256803
39348	-1020.707	-1231.356	210.6493	1.331937	0.207059	0.190475	0.381967	0.220499	1.704663	3.256803
39354	-1030.011	-1243.277	213.2669	0.84981	0.135765	0.562476	0.240836	0.0609224	1.77069	1.873257
39360	-1006.646	-1219.742	213.095	0.7646386	0.34154	0.216237	0.280372	0.161851	1.922029	1.947498
39366	-999.4443	-1213.216	213.772	0.6032911	0.442626	0.130786	0.273798	0.15279	1.894426	1.614292
39372	-999.1851	-1212.779	213.5942	0.8626441	0.146609	0.320412	0.409326	0.123653	1.886905	1.550161
39378	-1007.108	-1220.229	213.1205	1.164035	0.318346	0.246661	0.341593	0.0934011	1.84709	1.70425
39384	-1017.292	-1231.217	213.9246	0.6631123	0.288258	0.223348	0.358492	0.129901	2.080102	1.30855
39390	-1012.586	-1226.186	213.6005	0.9419462	0.259857	0.215343	0.329239	0.195561	1.959916	1.42928
39396	-1011.286	-1224.745	213.4582	1.120505	0.183906	0.311738	0.439087	0.0652693	2.040025	1.339362
39402	-1007.068	-1220.442	213.3736	0.6703278	0.17451	0.315327	0.444142	0.0660207	2.028521	1.751934
39408	-1005.718	-1218.026	212.3077	0.9266182	0.206506	0.373142	0.342226	0.0781256	1.958548	2.328056
39414	-1003.763	-1217.259	213.4967	0.56846	0.242647	0.354263	0.361455	0.0416356	1.930485	1.809063
39420	-1011.354	-1225.659	214.3053	0.5790823	0.332658	0.0349188	0.598398	0.0340255	1.990196	1.137279
39426	-1019.583	-1232.912	213.3289	0.9935289	0.240087	0.124832	0.602838	0.032243	2.010226	1.556524
39432	-1028.092	-1241.268	213.1765	0.8827635	0.2052	0.130861	0.515242	0.148697	1.856002	1.853428
39438	-1028.018	-1241.328	213.3103	1.146427	0.250813	0.0501749	0.445985	0.253028	1.961197	1.495331
39444	-1023.685	-1235.054	211.3685	2.132615	0.206044	0.582215	0.0831289	0.128612	2.00081	2.236933
39450	-1026.746	-1239.983	213.2364	1.02372	0.432607	0.0486639	0.48536	0.0333691	2.116624	1.523918
39456	-1042.848	-1254.399	211.5505	0.9871962	0.207829	0.274499	0.4298	0.0878726	1.608875	2.973178
39462	-1026.129	-1238.633	212.5037	1.208875	0.415638	0.0774091	0.439751	0.0672013	1.798759	2.126182
39468	-1026.562	-1239.428	212.8652	1.59121	0.391489	0.0729115	0.414201	0.121398	2.007344	1.495123
39474	-1011.744	-1223.905	212.1601	0.9869819	0.259505	0.161796	0.558357	0.0203412	1.631554	2.587705
39480	-1000.794	-1214.08	213.2857	0.7662817	0.26596	0.122913	0.572247	0.0388803	1.756503	1.929357
39486	-1002.543	-1215.092	212.5496	1.500963	0.11636	0.557633	0.314392	0.0116142	1.790301	1.926639
39492	-1014.973	-1226.762	211.7895	2.270212	0.575705	0.0586186	0.358999	0.00667661	2.042066	1.866091
39498	-1015.944	-1228.833	212.8892	0.7731007	0.379325	0.0386231	0.555219	0.0268326	1.891737	2.098397
39504	-1008.224	-1221.908	213.6835	1.083861	0.292981	0.090415	0.51822	0.0983847	1.916825	1.285653
39510	-1011.665	-1224.653	212.9872	1.291389	0.082259	0.014424	0.736434	0.166883	2.320946	1.36251
39516	-1018.216	-1228.453	210.2371	7.270482	0.0772288	0.0130277	0.703425	0.206319	2.393198	0.9626267
39522	-1016.023	-1229.32	213.2968	1.465832	0.0640504	0.276579	0.186618	0.472753	2.307718	0.9626267
39528	-1023.944	-1237.376	213.4317	1.609191	0.191711	0.240622	0.162357	0.405311	2.127292	0.8784753
39534	-1014.294	-1228.358	214.0633	0.8828856	0.167903	0.0372881	0.490455	0.304354	2.341238	0.6189379
39540	-1025.448	-1239.126	213.6778	0.9974746	0.570539	0.0399242	0.316517	0.0730201	2.400478	0.9244848
39546	-1016.357	-1230.208	213.8514	0.8152015	0.362662	0.170854	0.37904	0.0874441	2.095395	1.223828
39552	-1029.581	-1243.549	213.9679	0.6616525	0.419465	0.192339	0.253575	0.134622	2.161513	1.206305
39558	-1045.242	-1258.225	212.983	0.647319	0.274574	0.236795	0.40051	0.0881213	1.978171	2.067389
39564	-1040.601	-1253.739	213.1379	0.647319	0.293159	0.450811	0.128751	0.12728	1.837535	2.05794
39570	-1038.018	-1249.455	211.4365	1.329119	0.145213	0.153528	0.430481	0.270779	1.689488	2.795748
39576	-1035.284	-1247.765	212.4815	0.8582617	0.162132	0.171416	0.395488	0.270964	1.789758	2.36953
39582	-1046.712	-1256.747	210.0352	1.823451	0.150468	0.190281	0.444897	0.214354	1.668479	3.395259
39588	-1036.446	-1249.435	212.9882	1.124295	0.292154	0.1803	0.227937	0.299609	1.917558	1.774445
39594	-1028.312	-1240.884	212.5723	0.9405309	0.354325	0.185363	0.278516	0.181796	1.61203	2.371121
39600	-1028.171	-1240.831	212.6599	0.9405309	0.227957	0.281574	0.207265	0.283204	1.793676	2.19874
39606	-1044.081	-1256.964	212.8833	1.005931	0.205112	0.363987	0.170653	0.260249	2.269584	1.682297
39612	-1028.572	-1242.048	213.476	1.005931	0.171901	0.168998	0.444302	0.214799	2.335588	1.172415
39618	-1044.864	-1257.944	213.0805	0.8856152	0.261819	0.317253	0.0937728	0.327156	2.177143	1.694567
39624	-1029.883	-1244.173	214.2899	0.7015514	0.192753	0.317082	0.442332	0.0478323	2.25571	0.7167971
39630	-1038.45	-1252.226	213.7756	1.250436	0.22976	0.168932	0.378799	0.222509	2.292702	0.5105299
39636	-1025.612	-1238.633	213.0211	1.786327	0.332051	0.28154	0.267194	0.119215	2.582503	0.454393
39642	-1030.985	-1243.796	212.8112	2.031104	0.186777	0.0976001	0.648565	0.0670579	2.607781	0.5188926
39648	-1043.84	-1257.435	213.5946	1.175038	0.160311	0.0996048	0.661887	0.0781977	2.501932	0.6609311
39654	-1038.495	-1251.793	213.2983	1.687976	0.296523	0.0338464	0.525157	0.144474	2.351326	0.6501382
39660	-1028.269	-1241.366	213.0971	1.975957	0.323576	0.124649	0.394118	0.157656	2.31021	0.6822644
39666	-1052.2	-1264.515	212.3153	3.012992	0.162587	0.161742	0.580612	0.0950584	2.290615	0.8392431
39672	-1035.067	-1245.775	210.7083	4.17839	0.359661	0.139866	0.351482	0.148991	1.904019	1.941969
39678	-1031.472	-1244.44	212.9676	1.113504	0.292133	0.358081	0.274259	0.0755275	1.87179	1.8276
39684	-1027.431	-1239.22	211.7889	1.3535	0.365667	0.0547604	0.485033	0.0945391	1.933134	2.413141
39690	-1024.842	-1238.961	214.1189	0.7399191	0.0718698	0.50773	0.297485	0.122915	2.321537	0.8106072
39696	-1040.799	-1253.894	213.0958	1.662005	0.178927	0.354592	0.333775	0.132705	2.474765	0.8106072
39702	-1016.399	-1229.833	213.4342	1.003482	0.264828	0.218761	0.256721	0.259691	2.072061	1.423242
39708	-1020.653	-1234.154	213.5015	0.9628538	0.19953	0.304498	0.357336	0.138636	2.045562	1.423242
39714	-1020.588	-1234.859	214.2705	0.7775131	0.163029	0.525997	0.182443	0.128532	2.026864	0.9322257
39720	-1032.328	-1245.514	213.1863	1.176011	0.31573	0.343292	0.0293679	0.31161	1.917548	1.598378
39726	-1026.313	-1238.59	212.2772	2.157168	0.328	0.187472	0.224654	0.259874	2.131214	1.513036
39732	-1018.346	-1231.79	213.444	0.9240437	0.334939	0.191438	0.20825	0.265372	2.294894	1.302804
39738	-1018.866	-1229.833	210.9669	4.452764	0.0965415	0.300386	0.345652	0.257421	2.372656	1.319792
39744	-1044.125	-1257.22	213.0949	1.794378	0.126736	0.464086	0.071246	0.337932	2.098564	1.096868
39750	-1029.583	-1240.013	210.43	7.13186	0.309914	0.266878	0.0427692	0.380439	2.115931	1.090657
39756	-1026.549	-1238.288	211.7398	3.460322	0.347504	0.53522	0.00512794	0.112149	2.237045	1.207765
39762	-1017.236	-1231.302	214.0661	0.7764556	0.231767	0.00780022	0.533545	0.226889	2.368572	0.7657196
39768	-1033.629	-1247.588	213.9588	0.8740559	0.196806	0.269619	0.340912	0.192663	2.407118	0.7148682
39774	-1022.171	-1236.13	213.9598	0.8740559	0.182163	0.249559	0.315548	0.252729	2.425244	0.6811531
39780	-1027.31	-1240.982	213.6722	1.088111	0.105145	0.154196	0.61498	0.125678	2.429833	0.7878435
39786	-1029.059	-1242.92	213.8617	0.8020531	0.13954	0.204637	0.489032	0.166791	2.530333	0.7878435
39792	-1027.645	-1241.078	213.4332	0.8020531	0.138563	0.220314	0.485607	0.155516	1.784166	1.783806
39798	-1030.566	-1240.801	210.2345	2.060035	0.101114	0.438586	0.150708	0.309592	1.880657	3.04479
39804	-1014.45	-1225.549	211.0983	1.263292	0.206691	0.37832	0.129999	0.284991	1.57693	3.103511
39810	-1007.485	-1220.46	212.9746	1.211891	0.264254	0.259061	0.149325	0.32736	1.959001	1.696274
39816	-1014.756	-1226.789	212.0331	1.185444	0.292546	0.286798	0.250468	0.170188	1.680059	2.516082
39822	-1006.879	-1220.466	213.587	1.047072	0.292546	0.286798	0.250468	0.170188	1.731143	1.532708
39828	-1010.341	-1223.29	212.9489	1.076735	0.330758	0.179454	0.136519	0.35327	1.936736	1.820359
39834	-1013.87	-1225.277	211.407	3.909976	0.180336	0.25646	0.0141457	0.549059	2.167287	1.343619
39840	-1017.766	-1229.658	211.8919	1.983289	0.430293	0.144509	0.0106795	0.414519	1.909049	2.027141
39846	-1010.092	-1222.217	212.1251	1.756508	0.452909	0.152104	0.0360667	0.358921	2.036131	1.903789
39852	-1029.458	-1243.274	213.8159	1.088594	0.168244	0.0725319	0.622715	0.136509	2.340375	0.7048702
39858	-1029.449	-1243.119	213.6706	1.282068	0.335393	0.0377187	0.514173	0.112715	2.334559	0.642138
39864	-1036.621	-1248.699	212.0774	2.219685	0.229179	0.422179	0.0298603	0.318782	1.846082	1.827481
39870	-1026.855	-1240.522	213.6677	0.9165451	0.189413	0.101714	0.475954	0.232919	2.726802	0.4995362
39876	-1014.238	-1228.062	213.8239	0.7425715	0.200173	0.328475	0.331345	0.140007	2.734493	0.4128745
39882	-1031.259	-1244.659	213.4002	1.225167	0.3671	0.171588	0.285878	0.175434	2.675845	0.4157943
39888	-1028.556	-1242.349	213.7935	0.8397818	0.387716	0.118918	0.450287	0.0430789	2.675845	0.4549643
39894	-1011.831	-1225.79	213.9594	0.6839254	0.361991	0.139142	0.42041	0.078457	2.675845	0.4656148
39900	-1009.682	-1223.55	213.8679	0.8659196	0.348074	0.11707	0.353721	0.181135	2.576742	0.5318782
39906	-1003.97	-1218.325	214.3557	0.3875656	0.276522	0.268751	0.281008	0.173719	2.576742	0.4989257
39912	-998.3671	-1212.442	214.075	0.6265211	0.256051	0.287709	0.30083	0.15541	2.606531	0.4136261
39918	-997.8155	-1212.079	214.2635	0.4490637	0.293839	0.315229	0.282186	0.108745	2.606531	0.4376431
39924	-1007.028	-1221.172	214.1438	0.6040923	0.29038	0.161882	0.278864	0.268874	2.578274	0.4990204
39930	-1004.068	-1218.204	214.1358	0.6064948	0.318061	0.186791	0.466072	0.0290759	2.583744	0.4990204
39936	-1006.698	-1220.825	214.1274	0.7126567	0.395657	0.212723	0.335325	0.0562952	2.475657	0.5475351
39942	-1040.729	-1254.525	213.7962	1.023677	0.410071	0.287406	0.0966449	0.205879	2.373477	0.7821391
39948	-1029.338	-1243.591	214.2532	0.5964662	0.154663	0.238977	0.250847	0.355514	2.453956	0.614795
39954	-1022.845	-1236.807	213.9623	0.7907	0.111052	0.309777	0.408883	0.170287	2.453956	0.7706558
39960	-1001.028	-1215.16	214.1323	0.7907	0.399312	0.209326	0.276294	0.115068	2.16488	0.9173555
39966	-1009.688	-1223.975	214.2874	0.6902393	0.103665	0.478643	0.303721	0.113971	2.088011	0.9472836
39972	-1010.399	-1224.799	214.4001	0.5230116	0.230827	0.090909	0.627505	0.0507592	2.299102	0.7679965
39978	-1031.375	-1245.789	214.4149	0.6468753	0.165454	0.353972	0.42575	0.0548248	2.169078	0.7476479
39984	-1017.835	-1232.075	214.2401	0.6074103	0.149418	0.319665	0.174451	0.356466	2.361122	0.7829341
39990	-999.4993	-1213.643	214.1433	0.6414828	0.248164	0.324557	0.107539	0.319741	2.519117	0.607467
39996	-1008.835	-1223.291	214.4566	0.5547376	0.0995871	0.269884	0.364649	0.265879	2.149668	0.8475083
40002	-1007.452	-1221.981	214.5291	0.5118772	0.251922	0.44013	0.245419	0.0625285	1.982714	0.9986551
40008	-1007.281	-1221.592	214.3109	0.5118772	0.154534	0.269984	0.49727	0.0782128	2.390939	0.7802055
40014	-1011.25	-1225.519	214.2683	0.5878178	0.294784	0.18901	0.387843	0.128364	2.241518	0.918974
40020	-1033.176	-1247.099	213.9229	0.8482185	0.304044	0.20649	0.335711	0.153755	2.478827	0.6993599
40026	-1041.615	-1255.692	214.077	0.7711945	0.366249	0.13194	0.316599	0.185212	2.386713	0.7303324
40032	-1040.55	-1254.315	213.765	1.059531	0.372643	0.168311	0.35375	0.105295	2.145589	1.033059
40038	-1028.757	-1242.666	213.9095	0.6233387	0.355623	0.271598	0.240551	0.132229	2.023029	1.399187
40044	-1016.328	-1229.771	213.4432	0.8183493	0.309989	0.216373	0.208475	0.265163	2.960438	0.3147162
40050	-1020.406	-1233.696	213.2898	0.6695036	0.336987	0.347993	0.224408	0.0906118	1.758641	1.993928
40056	-1031.953	-1245.866	213.9124	0.6944226	0.162258	0.365236	0.342231	0.130275	1.824526	1.491182
40062	-1018.857	-1233.203	214.346	0.5454412	0.247379	0.246527	0.437929	0.0681657	1.943959	1.172941
40068	-1031.015	-1245.507	214.4915	0.4660445	0.390819	0.20951	0.372173	0.0274977	1.807416	1.233042
40074	-1007.255	-1220.881	213.6263	0.5578665	0.106153	0.421688	0.412324	0.0598348	2.981366	0.266255
40080	-1001.869	-1215.297	213.4273	0.8810915	0.262525	0.23932	0.408841	0.0893135	2.918706	0.3212903
40086	-1008.359	-1222.228	213.869	0.4681316	0.286821	0.230803	0.396242	0.0861347	2.906524	0.3212903
40092	-1014.005	-1227.507	213.5018	1.122458	0.213881	0.164864	0.418522	0.202733	2.683067	0.4523328
40098	-1015.261	-1228.734	213.4724	1.075803	0.354657	0.195355	0.211437	0.238551	2.744972	0.4116836
40104	-999.1041	-1212.916	213.812	0.6852425	0.198035	0.206444	0.404814	0.190707	2.806631	0.4117769
40110	-996.586	-1210.344	213.7584	0.7358476	0.203022	0.186459	0.415009	0.19551	2.806631	0.4117769
40116	-992.4653	-1206.044	213.5787	1.066187	0.211581	0.19432	0.432505	0.161594	2.664383	0.4733237
40122	-1006.463	-1219.59	213.1264	1.649998	0.232594	0.234191	0.313626	0.21959	2.585097	0.5612702
40128	-995.6636	-1209.406	213.7422	1.057212	0.292297	0.312589	0.167632	0.227481	2.504242	0.5612702
40134	-1010.345	-1222.726	212.3817	2.662226	0.29456	0.20377	0.16893	0.33274	2.594936	0.5612702
40140	-1011.411	-1224.988	213.5771	1.118147	0.29518	0.127137	0.476949	0.100733	2.591121	0.6220826
40146	-1008.223	-1222.23	214.0064	0.7099846	0.253619	0.212574	0.453789	0.0800182	2.586792	0.5975935
40152	-1006.08	-1220.102	214.0215	0.8196028	0.102276	0.432786	0.418156	0.0467819	2.448414	0.6196683
40158	-1015.414	-1228.595	213.181	1.729512	0.0942036	0.394752	0.44237	0.0686742	2.448414	0.6180966
40164	-1010.304	-1223.738	213.4333	1.311894	0.04799	0.227842	0.369737	0.354431	2.575795	0.5387974
40170	-1007.317	-1220.86	213.5435	1.189915	0.107317	0.282059	0.600855	0.00976911	2.531106	0.6764454
40176	-1005.796	-1220.058	214.2626	0.5337188	0.18361	0.482576	0.321325	0.0124884	2.531106	0.5275656
40182	-993.8709	-1207.929	214.0586	0.8005457	0.117687	0.521245	0.347073	0.0139943	2.404614	0.6779426
40188	-994.1218	-1207.898	213.7764	1.028138	0.188122	0.275208	0.51587	0.0208003	2.404614	0.7596159
40194	-996.016	-1210.107	214.0911	0.6794468	0.214125	0.169844	0.587177	0.0288533	2.494822	0.6874657
40200	-1002.317	-1216.601	214.2846	0.7011714	0.267607	0.158285	0.547218	0.0268898	2.291547	0.6619915
40206	-992.3695	-1206.394	214.0243	0.7369085	0.322601	0.145227	0.502074	0.0300978	2.45308	0.7643045
40212	-1000.265	-1213.983	213.7183	1.005089	0.287828	0.256929	0.447956	0.00728623	2.489081	0.754685
40218	-988.3288	-1202.65	214.3208	0.4847565	0.304576	0.0870915	0.578224	0.0301091	2.493256	0.6330909
40224	-991.3766	-1205.751	214.3744	0.4847565	0.294199	0.126235	0.509226	0.0703397	2.435797	0.641996
40230	-1005.849	-1219.703	213.8535	0.9257747	0.439954	0.0790658	0.310535	0.170445	2.409168	0.7897486
40236	-997.7686	-1211.809	214.0409	0.7253582	0.402063	0.0697769	0.401542	0.126618	2.508456	0.6642525
40242	-1009.798	-1223.968	214.1696	0.6246954	0.168465	0.145122	0.515694	0.170719	2.406553	0.7922964
40248	-1024.03	-1238.129	214.0997	0.6573527	0.253767	0.0648247	0.646526	0.0348818	2.53253	0.6411323
40254	-1015.604	-1229.337	213.7333	1.011391	0.229765	0.116877	0.529323	0.124034	2.53253	0.6393823
40260	-1014.557	-1228.568	214.0107	0.8903691	0.345222	0.115253	0.476291	0.0632348	2.39762	0.585057
40266	-1006.574	-1220.491	213.9172	0.9211785	0.144079	0.0579427	0.752776	0.0452024	2.36486	0.7692366
40272	-1031.199	-1245.408	214.2084	0.8220922	0.156196	0.174951	0.444641	0.224212	2.203858	0.7272926
40278	-1014.829	-1228.889	214.0602	1.019073	0.109618	0.420985	0.312047	0.157351	2.050875	0.862829
40284	-1014.075	-1227.75	213.6748	1.019073	0.333222	0.088028	0.38265	0.1961	1.840122	1.404509
40290	-1022.741	-1236.242	213.5016	1.341759	0.306362	0.118165	0.450771	0.124703	2.02432	1.142696
40296	-1032.111	-1244.716	212.6052	1.341759	0.306362	0.118165	0.450771	0.124703	1.860639	1.936509
40302	-1044.45	-1257.709	213.2591	1.53517	0.437459	0.0641668	0.430219	0.0681557	2.216207	1.032204
40308	-1042.103	-1255.583	213.4797	1.509109	0.172878	0.350641	0.308231	0.168249	2.32114	0.6473752
40314	-1038.295	-1251.586	213.2914	1.545612	0.186874	0.48435	0.2147	0.114076	2.068523	1.131272
40320	-1022.422	-1234.864	212.442	2.725046	0.318348	0.0126579	0.578956	0.0900381	2.500424	0.5236021
40326	-1039.055	-1252.542	213.4873	1.248009	0.295588	0.255866	0.384614	0.0639332	2.581058	0.5355186
40332	-1021.94	-1235.317	213.3773	1.248009	0.27135	0.234885	0.353077	0.140688	2.686885	0.4448822
40338	-1032.602	-1246.244	213.6418	0.928313	0.23909	0.0942945	0.430577	0.236038	2.731637	0.4356144
40344	-1028.126	-1241.708	213.5821	1.079124	0.267773	0.325521	0.308987	0.0977193	1.95058	1.34395
40350	-1032.193	-1244.781	212.5882	0.5920647	0.21962	0.330241	0.237172	0.212967	1.580698	2.608978
40356	-1025.524	-1237.253	211.7292	1.317565	0.341474	0.12674	0.40013	0.131656	1.711675	2.608978
40362	-1034.021	-1246.231	212.2099	1.352205	0.522765	0.0761682	0.2403	0.160767	1.636795	2.334869
40368	-1033.601	-1246.764	213.1631	0.587804	0.303387	0.115334	0.460179	0.1211	1.904843	2.038219
40374	-1024.306	-1238.415	214.1092	0.5879214	0.328697	0.0194663	0.587574	0.0642629	2.607906	0.4025057
40380	-1022.579	-1236.782	214.2034	0.4821154	0.341395	0.0703053	0.533581	0.0547192	2.621545	0.4025057
40386	-1010.999	-1225.126	214.1267	0.4821154	0.322716	0.0554316	0.578476	0.0433765	2.697816	0.4015545
40392	-1022.085	-1236.071	213.986	0.6089644	0.256588	0.183763	0.541942	0.0177063	2.708687	0.4017011
40398	-1030.344	-1243.969	213.6252	0.9369422	0.219151	0.195051	0.502373	0.083425	2.708687	0.3719046
40404	-1027.13	-1240.015	212.8849	1.381858	0.314015	0.181155	0.386352	0.118478	1.736089	1.80605
40410	-1013.394	-1227.131	213.7376	1.018631	0.220782	0.0616282	0.492514	0.225076	1.930504	1.282816
40416	-1003.042	-1215.737	212.6943	1.212735	0.3259	0.06577	0.227141	0.381189	1.761824	2.02259
40422	-1005.567	-1219.867	214.3004	0.5503765	0.265283	0.154843	0.428694	0.15118	1.916554	1.231042
40428	-1015.484	-1228.135	212.6513	1.748545	0.25135	0.0622798	0.474182	0.212188	1.959862	1.592834
40434	-1017.254	-1230.855	213.6014	0.7828154	0.289532	0.0198798	0.621714	0.0688744	1.913332	1.586653
40440	-1021.287	-1235.421	214.1339	0.2665234	0.210795	0.360449	0.313201	0.115555	2.76366	0.307307
40446	-1040.397	-1254.351	213.9544	0.6632872	0.115476	0.329914	0.425362	0.129248	2.703526	0.4717246
40452	-1050.933	-1264.702	213.7692	0.9254265	0.217125	0.223376	0.471988	0.0875108	2.616204	0.5003263
40458	-1033.038	-1247.07	214.032	0.7705448	0.313746	0.134271	0.479725	0.0722574	2.514185	0.4995875
40464	-1027.332	-1240.333	213.0005	1.308111	0.398059	0.0350423	0.421276	0.145623	1.737734	1.770867
40470	-1026.47	-1239.531	213.0607	1.313335	0.493448	0.020307	0.363837	0.122408	1.90116	1.608645
40476	-1026.179	-1239.662	213.4829	0.9410932	0.409874	0.0228027	0.408552	0.158771	1.837838	1.608645
40482	-1028.653	-1242.262	213.6091	1.171503	0.343439	0.149234	0.441555	0.0657714	1.959096	1.242383
40488	-1017.33	-1231.377	214.0466	0.7354236	0.291441	0.0831523	0.584519	0.0408878	1.962011	1.242383
40494	-1021.66	-1235.602	213.9427	0.8536755	0.38036	0.00541672	0.557611	0.056613	1.867522	1.303643
40500	-1027.227	-1241.131	213.904	0.8571878	0.409247	0.00322532	0.496574	0.0909536	2.021569	1.204727
40506	-1036.794	-1250.988	214.1937	0.7025312	0.360363	0.0343206	0.525227	0.0800893	2.021569	1.091946
40512	-1029.069	-1243.274	214.2053	0.7050867	0.282399	0.160544	0.277111	0.279947	2.338449	0.7137072
40518	-1027.067	-1241.446	214.3787	0.7007689	0.115475	0.234539	0.308847	0.341139	2.21108	0.6329204
40524	-1026.959	-1241.088	214.1294	0.7209277	0.160581	0.630881	0.087932	0.120606	2.458566	0.5761348
40530	-1016.047	-1230.165	214.1178	0.7209277	0.171621	0.482089	0.147626	0.198664	2.458566	0.6126446
40536	-1007.145	-1221.27	214.1255	0.7442152	0.195473	0.39002	0.079966	0.334541	2.447539	0.5216394
40542	-1040.124	-1253.908	213.7846	0.8854594	0.602274	0.100197	0.210382	0.0871468	2.28488	1.048878
40548	-1047.96	-1261.862	213.9021	0.570861	0.310722	0.149604	0.343878	0.195797	2.180027	1.324447
40554	-1005.331	-1219.283	213.953	0.8160556	0.116399	0.304555	0.510495	0.0685517	2.269192	0.9688866
40560	-1005.162	-1219.64	214.4775	0.4820874	0.135793	0.183271	0.600962	0.0799738	2.139035	0.9201411
40566	-1021.46	-1235.875	214.4158	0.6407516	0.227912	0.289534	0.451023	0.0315312	1.990149	0.970172
40572	-1039.801	-1253.595	213.7942	0.9782348	0.288603	0.101785	0.294541	0.315071	2.531057	0.5597945
40578	-1032.347	-1246.262	213.9156	0.9197924	0.332929	0.139639	0.339779	0.187653	2.475198	0.4866852
40584	-1023.394	-1237.276	213.8812	0.7537486	0.347625	0.110652	0.263785	0.277938	1.80108	1.485071
40590	-1021.014	-1234.957	213.9426	0.9066336	0.179184	0.437116	0.301016	0.0826841	2.461673	0.513349
40596	-1029.851	-1243.982	214.1315	0.7256938	0.175624	0.448299	0.295036	0.0810413	2.461673	0.513349
40602	-1011.839	-1225.808	213.9692	0.7822823	0.178382	0.446799	0.294049	0.0807702	2.550651	0.421155
40608	-1007.657	-1221.821	214.1646	0.4777671	0.269202	0.397411	0.261545	0.071842	2.672605	0.421155
40614	-998.2795	-1212.435	214.1552	0.4942715	0.150524	0.247261	0.520628	0.0815872	2.660357	0.408124
40620	-1007.115	-1221.032	213.917	0.7283263	0.230294	0.325297	0.319585	0.124824	2.660357	0.4226609
40626	-1011.797	-1226.032	214.2343	0.5252328	0.192785	0.165515	0.38577	0.25593	2.556107	0.4226609
40632	-1019.2	-1232.826	213.6257	1.014783	0.0278246	0.519524	0.415713	0.0369382	2.668686	0.5226798
40638	-1008.88	-1222.012	213.1321	1.73167	0.118085	0.27791	0.391207	0.212797	2.468647	0.6771645
40644	-1015.31	-1229.511	214.2002	0.6494751	0.408327	0.119985	0.327564	0.144124	2.423015	0.6771645
40650	-1027.477	-1241.298	213.8204	0.7559082	0.172059	0.298925	0.367376	0.161641	2.707141	0.3807199
40656	-1026.421	-1240.706	214.2845	0.6031333	0.470844	0.180478	0.249453	0.0992251	2.371387	0.7063218
40662	-1011.35	-1225.203	213.8525	0.9907597	0.0848863	0.356821	0.343641	0.214652	2.349989	0.7821987
40668	-1014.273	-1228.579	214.3056	0.6847194	0.225019	0.557995	0.147934	0.0690517	2.322461	0.5693143
40674	-1027.665	-1241.71	214.0453	0.6847194	0.252159	0.364119	0.342233	0.0414901	2.589217	0.4666666
40680	-1022.681	-1236.452	213.7717	1.117407	0.162071	0.303451	0.399225	0.135254	2.10704	1.009011
40686	-1017.256	-1231.254	213.9974	1.05249	0.299807	0.256579	0.422368	0.0212461	1.92483	1.028471
40692	-1031.188	-1243.593	212.4046	2.113229	0.314933	0.143867	0.42673	0.114471	2.001002	1.538784
40698	-1025.712	-1240.014	214.3013	0.7079297	0.314933	0.143867	0.42673	0.114471	1.981992	1.021871
40704	-1029.072	-1242.983	213.9115	0.8153365	0.32496	0.141761	0.420484	0.112795	1.971519	1.276837
40710	-1026.37	-1239.646	213.2756	0.8134795	0.195263	0.221951	0.454673	0.128113	2.01462	1.724443
40716	-1013.028	-1226.865	213.8372	0.7498556	0.189757	0.112965	0.437012	0.260265	2.040096	1.337195
40722	-1013.874	-1227.791	213.9162	1.119851	0.211588	0.382628	0.363957	0.0418262	2.186304	0.7426924
40728	-1024.282	-1238.327	214.0452	0.9154236	0.169257	0.456689	0.324132	0.049922	2.056207	0.9872633
40734	-1000.827	-1214.407	213.5801	1.465628	0.271062	0.287424	0.382645	0.0588686	2.000622	0.9872633
40740	-998.189	-1211.744	213.5547	1.62604	0.171127	0.390839	0.353893	0.0841412	2.098195	0.7360727
40746	-1010.524	-1224.922	214.3981	0.5821863	0.0670424	0.435463	0.389743	0.107751	2.018171	1.021679
40752	-1011.565	-1225.671	214.1057	0.9053312	0.0761864	0.494856	0.328253	0.100704	1.880519	1.107506
40758	-1013.303	-1227.792	214.4898	0.5137575	0.0713499	0.244594	0.558942	0.125115	1.996339	1.022206
40764	-1016.934	-1230.251	213.3171	1.70033	0.111241	0.390412	0.298213	0.200134	1.909333	1.135454
40770	-1012.835	-1226.878	214.043	1.040871	0.169102	0.588986	0.189167	0.0527447	1.832983	1.083344
40776	-1016.725	-1230.931	214.2056	0.6810761	0.0406911	0.649659	0.241648	0.0680015	1.864739	1.238874
40782	-1021.901	-1234.452	212.5509	0.6437112	0.118306	0.301311	0.476773	0.10361	1.876414	2.413637
40788	-1032.979	-1247.244	214.2653	0.6073463	0.174169	0.209654	0.499859	0.116318	2.081033	1.063562
40794	-1021.33	-1235.493	214.1632	0.6186216	0.0862046	0.424626	0.352834	0.136335	2.135273	1.097092
40800	-1022.316	-1236.493	214.177	0.6932526	0.237772	0.299424	0.374312	0.0884918	2.339111	0.7749506
40806	-1015.612	-1229.673	214.0609	0.7205953	0.149911	0.492672	0.292376	0.0650413	2.535717	0.534701
40812	-1011.79	-1225.914	214.1236	0.6097154	0.273397	0.273768	0.343437	0.109398	2.590323	0.534701
40818	-1012.722	-1226.469	213.7471	0.6969168	0.176988	0.523477	0.264619	0.0349163	2.806151	0.3347306
40824	-1012.354	-1226.03	213.6762	0.8204801	0.227972	0.285975	0.370781	0.115273	2.806151	0.428208
40830	-1020.691	-1234.015	213.324	0.613456	0.138281	0.337117	0.423364	0.101238	1.972533	1.866424
40836	-1005.365	-1218.652	213.2867	0.8062483	0.198071	0.107783	0.630632	0.0635135	2.041609	1.702925
40842	-1016.382	-1228.949	212.5667	1.064143	0.294011	0.0896388	0.388083	0.228268	1.892181	2.114887
40848	-1008.283	-1220.152	211.8692	1.064143	0.21094	0.410296	0.147586	0.231178	1.90907	2.548442
40854	-1011.839	-1223.971	212.1323	0.9927869	0.167708	0.4299	0.165368	0.237024	1.841187	2.470782
40860	-1014.466	-1227.404	212.9376	0.973204	0.152649	0.441512	0.139708	0.266131	1.981521	1.867931
40866	-1021.487	-1234.218	212.7306	1.377189	0.148021	0.443123	0.141753	0.267102	1.743257	1.909574
40872	-1024.546	-1236.271	211.7248	1.377189	0.280866	0.180317	0.186812	0.352006	1.915314	2.451281
40878	-1033.627	-1244.889	211.2626	0.6251632	0.14019	0.378132	0.264923	0.216755	1.731077	3.296077
40884	-1013.558	-1227.316	213.7578	1.024249	0.244415	0.375016	0.276903	0.103667	2.506153	0.4023721
40890	-1020.361	-1234.382	214.0209	0.6668602	0.234397	0.309124	0.273753	0.182726	2.626456	0.437797
40896	-1032.859	-1246.997	214.1376	0.6668602	0.210354	0.359858	0.206877	0.22291	2.513229	0.4517664
40902	-1017.527	-1229.692	212.165	0.7408717	0.205444	0.365707	0.174067	0.254782	1.858715	2.601448
40908	-1026.171	-1238.758	212.5868	0.8884723	0.266251	0.290434	0.129048	0.314267	1.856963	2.239471
40914	-1016.305	-1227.314	211.0086	1.357519	0.248468	0.337826	0.120429	0.293277	1.794001	2.975833
40920	-1050.592	-1261.683	211.0913	1.156496	0.371382	0.302096	0.0731041	0.253418	1.531649	3.194336
40926	-1031.316	-1243.444	212.1282	1.156496	0.4879	0.208987	0.0210506	0.282063	1.889028	2.342006
40932	-1036.066	-1246.096	210.0304	1.641644	0.191255	0.430856	0.0198016	0.358088	1.874379	3.363319
40938	-1033.322	-1244.439	211.1171	1.780204	0.339946	0.301547	0.00966061	0.348846	1.991084	2.571089
40944	-1044.658	-1257.355	212.6972	2.035137	0.360419	0.0592779	0.256628	0.323675	1.590958	1.666043
40950	-1037.584	-1249.322	211.7375	3.109537	0.258055	0.133027	0.350838	0.25808	1.801055	1.696137
40956	-1051.08	-1262.93	211.8498	3.109537	0.424682	0.0734107	0.245675	0.256232	2.115198	1.379661
40962	-1015.736	-1229.302	213.5656	1.323915	0.204276	0.436794	0.265332	0.093598	2.255901	0.8621389
40968	-1012.581	-1226.538	213.9578	0.912015	0.141235	0.479003	0.0860292	0.293733	2.402922	0.6516919
40974	-1022.432	-1235.803	213.3702	1.539075	0.458967	0.382072	0.0516987	0.107262	2.402922	0.6516919
40980	-1028.173	-1241.008	212.835	2.246477	0.417457	0.41063	0.0571729	0.114741	2.340396	0.7401033
40986	-1019.698	-1232.926	213.2282	1.810161	0.583076	0.0329083	0.126474	0.257541	2.331001	0.6323654
40992	-1017.921	-1231.101	213.1802	1.810161	0.258153	0.561474	0.139726	0.0406462	2.143451	0.9577312
40998	-1009.968	-1222.41	212.4427	2.734296	0.0710589	0.620648	0.222965	0.085328	2.387448	0.7689594
41004	-1030.313	-1244.243	213.9299	0.9819855	0.0875377	0.30615	0.243046	0.363267	2.385978	0.5825266
41010	-1040.431	-1253.55	213.1188	1.958509	0.121826	0.309671	0.232242	0.336261	2.300815	0.6840034
41016	-1036.298	-1249.247	212.9495	2.145089	0.0334105	0.509406	0.18468	0.272503	2.347276	0.6531637
41022	-1038.663	-1252.023	213.3598	1.553925	0.337114	0.326767	0.0598617	0.276257	2.383127	0.6865679
41028	-1032.062	-1245.236	213.1737	1.714399	0.244093	0.462081	0.0523295	0.241496	2.489993	0.5331181
41034	-1009.67	-1222.205	212.5354	2.21412	0.296103	0.225451	0.185492	0.292954	2.739653	0.4285201
41040	-1000.543	-1213.749	213.2053	1.41102	0.314802	0.322423	0.108572	0.254203	2.707118	0.4311564
41046	-1019.147	-1233.16	214.0129	0.7094995	0.171214	0.407858	0.130251	0.290677	2.597369	0.5140515
41052	-1019.139	-1233.242	214.1023	0.6807864	0.351554	0.351298	0.146897	0.150252	2.538386	0.5140515
41058	-1019.053	-1233.085	214.0314	0.6807864	0.106135	0.430428	0.139298	0.324139	2.599913	0.5728647
41064	-1000.052	-1213.741	213.6893	0.9755502	0.164842	0.253481	0.0782502	0.503428	2.644554	0.5203991
41070	-1007.893	-1221.56	213.6674	0.9755502	0.40023	0.0503003	0.48027	0.0691999	2.644554	0.61424
41076	-1002.792	-1215.903	213.1108	1.908925	0.111332	0.0395926	0.746837	0.102239	2.34783	0.681816
41082	-1015.831	-1229.006	213.175	1.761497	0.0897864	0.293797	0.602305	0.0141117	2.148548	0.997369
41088	-1010.497	-1223.924	213.4276	0.8115404	0.522765	0.0696228	0.406431	0.00118098	1.894092	1.703686
41094	-1019.006	-1232.754	213.7474	0.5876043	0.140913	0.32613	0.531414	0.00154415	1.810552	1.703686
41100	-1012.907	-1226.164	213.2569	1.046155	0.277606	0.181535	0.222319	0.31854	1.887765	1.659668
41106	-1011.429	-1225.09	213.6614	0.7625581	0.336902	0.222996	0.160274	0.279828	1.773633	1.659668
41112	-1005.458	-1218.935	213.4776	1.03468	0.330493	0.129642	0.377182	0.162682	1.873175	1.517492
41118	-1008.688	-1222.559	213.8718	0.7110833	0.327455	0.12845	0.373714	0.17038	1.873175	1.471801
41124	-1024.504	-1238.377	213.8735	0.726851	0.258817	0.17082	0.496985	0.0733782	1.854836	1.471801
41130	-1012.924	-1226.911	213.9871	0.726851	0.386878	0.211494	0.383359	0.0182692	1.741204	1.471801
41136	-1011.425	-1224.605	213.1798	0.7045933	0.133965	0.208243	0.627745	0.0300465	1.698341	2.082093
41142	-1029.68	-1243.644	213.9639	1.048619	0.2542	0.281511	0.431703	0.0325865	2.034345	0.9557407
41148	-1031.29	-1245.337	214.0472	0.6607894	0.112735	0.248518	0.621751	0.0169957	1.942356	1.322763
41154	-1046.75	-1260.325	213.5742	0.7160585	0.415346	0.181403	0.387992	0.0152592	2.005763	1.59043
41160	-1018.469	-1232.298	213.8291	0.6837709	0.141168	0.226149	0.535296	0.0973878	2.138795	1.320595
41166	-1038.613	-1252.022	213.4087	0.9123064	0.209945	0.193112	0.258036	0.338907	2.059547	1.521783
41172	-1029.76	-1243.582	213.8217	0.9123064	0.232763	0.214101	0.390962	0.162173	2.209491	1.059122
41178	-1021.637	-1235.738	214.1003	0.9123064	0.201707	0.20115	0.395373	0.20177	2.164822	0.8048772
41184	-1012.597	-1226.897	214.2993	0.7036336	0.104277	0.405396	0.249304	0.241023	2.068044	0.9407957
41190	-1011.983	-1226.062	214.0796	0.8259779	0.185847	0.273605	0.257141	0.283407	2.100954	1.000645
41196	-1012.596	-1226.762	214.1663	0.794585	0.28185	0.208124	0.389974	0.120052	2.047124	1.000645
41202	-1018.812	-1232.82	214.0078	0.924968	0.457095	0.292445	0.193207	0.0572528	2.026409	1.043859
41208	-1017.589	-1231.031	213.4421	1.340071	0.295997	0.151428	0.487368	0.0652066	2.007731	1.210213
41214	-1001.879	-1215.128	213.249	1.036581	0.283103	0.151452	0.441813	0.123631	1.859536	1.692176
41220	-1034.389	-1248.11	213.7209	1.068648	0.249825	0.292766	0.0415295	0.415879	2.504447	0.59716
41226	-1025.02	-1238.051	213.0309	1.90247	0.189565	0.405744	0.0226843	0.382007	2.374242	0.775349
41232	-1040.221	-1253.837	213.6156	1.277276	0.170137	0.349716	0.0203596	0.459787	2.23198	0.8816081
41238	-1033.93	-1247.109	213.1789	1.806264	0.223731	0.457081	0.0267729	0.292415	2.248009	0.8449813
41244	-1012.166	-1226.246	214.0805	0.794972	0.146048	0.189871	0.536427	0.127654	2.416824	0.6154815
41250	-1042.685	-1256.452	213.7675	1.102386	0.120749	0.348194	0.319655	0.211402	2.343543	0.7554026
41256	-1048.269	-1262.094	213.8248	0.9253429	0.0881883	0.558143	0.0261997	0.327469	2.374077	0.8706386
41262	-1034.915	-1248.844	213.9295	0.8284485	0.234317	0.273375	0.389443	0.102865	2.544014	0.4267254
41268	-1032.827	-1246.573	213.7459	0.8284485	0.316884	0.0651202	0.478885	0.139111	2.726183	0.4226013
41274	-1038.56	-1251.947	213.387	1.247831	0.334946	0.0137762	0.544401	0.106877	2.670563	0.4226013
41280	-1017.257	-1231.194	213.9369	0.7824936	0.244892	0.0430478	0.549858	0.162202	2.595114	0.5280941
41286	-1017.004	-1230.723	213.7193	1.070899	0.144431	0.288144	0.298379	0.269046	2.519461	0.5242711
41292	-1037.204	-1248.354	211.1497	5.385983	0.0799787	0.121928	0.150243	0.64785	2.336954	0.7761027
41298	-1026.821	-1240.411	213.5902	1.460953	0.213825	0.394891	0.133096	0.258187	2.176227	0.7761027
41304	-1032.242	-1245.965	213.7229	1.149974	0.0942056	0.536902	0.219799	0.149094	2.327837	0.7761027
41310	-1016.726	-1229.58	212.8537	2.093719	0.0966331	0.629812	0.0986605	0.174894	2.512924	0.560105
41316	-1024.534	-1237.668	213.1342	1.815464	0.0812977	0.529863	0.246399	0.14244	2.424423	0.6236938
41322	-1007.364	-1220.889	213.5248	1.351304	0.0718648	0.535303	0.248929	0.143903	2.395641	0.6860241
41328	-1013.276	-1227.526	214.2502	0.6952889	0.0676435	0.50386	0.234307	0.19419	2.228118	0.8226203
41334	-1038.036	-1252.063	214.0272	0.6176775	0.168368	0.391364	0.291035	0.149233	2.151786	1.203687
41340	-1027.81	-1239.919	212.1087	2.915947	0.206427	0.215009	0.201093	0.377471	2.068635	1.302569
41346	-1013.9	-1226.978	213.0773	1.292493	0.308707	0.321542	0.0544509	0.3153	1.994464	1.542104
41352	-1015.761	-1227.621	211.8606	2.195954	0.240138	0.265984	0.370741	0.123137	1.956012	1.911987
41358	-1014.018	-1227.068	213.0506	0.7720689	0.247782	0.233777	0.382541	0.1359	1.791731	2.0587
41364	-1015.37	-1228.282	212.912	1.291499	0.327778	0.250294	0.242153	0.179775	1.875539	1.747044
41370	-1018.027	-1230.922	212.8942	1.134113	0.263021	0.326564	0.266157	0.144258	1.733068	1.958212
41376	-1028.686	-1241.809	213.1231	0.8965877	0.307522	0.233676	0.319706	0.139097	1.670276	2.005217
41382	-1036.403	-1248.517	212.1145	0.8529799	0.299935	0.0811906	0.400558	0.218316	1.848259	2.566419
41388	-1033.728	-1244.788	211.0603	2.258056	0.25031	0.0673323	0.361397	0.320961	1.898054	2.441295
41394	-1033.961	-1245.448	211.487	0.8372505	0.156031	0.431573	0.249308	0.163088	1.701805	3.047476
41400	-1028.394	-1239.699	211.3047	1.297271	0.218022	0.329783	0.370479	0.0817172	1.397218	3.068899
41406	-1016.538	-1227.998	211.4602	1.973091	0.198076	0.60851	0.109943	0.0834704	1.457563	2.596323
41412	-1023.401	-1235.017	211.6162	2.103526	0.20844	0.640347	0.115695	0.0355182	1.453901	2.44078
41418	-1032.358	-1239.623	207.2647	8.326566	0.160283	0.629627	0.131723	0.0783673	1.307844	3.463049
41424	-1034.94	-1248.618	213.6773	0.9242664	0.249395	0.483323	0.237532	0.02975	1.76388	1.53282
41430	-1059.606	-1271.482	211.8766	1.228475	0.367369	0.223335	0.349437	0.0598581	1.910683	2.444287
41436	-1041.014	-1253.049	212.0344	0.5754063	0.395106	0.240198	0.34329	0.0214063	1.85991	2.788147
41442	-1025.048	-1238.925	213.8766	0.8226877	0.0133808	0.675055	0.247777	0.0637867	2.044719	1.238691
41448	-1018.188	-1229.42	211.2319	3.521804	0.347954	0.50556	0.0761043	0.0703824	1.959388	1.776774
41454	-1029.478	-1241.235	211.7578	2.684918	0.101903	0.536155	0.175357	0.186584	1.925621	1.776774
41460	-1035.024	-1247.669	212.6445	1.54403	0.0107476	0.427728	0.139895	0.42163	1.73747	1.87306
41466	-1024.936	-1236.543	211.6072	2.160336	0.383585	0.135455	0.325036	0.155924	1.843644	2.171226
41472	-1041.614	-1253.507	211.8932	2.160336	0.0499019	0.14081	0.647202	0.162087	2.045811	1.846007
41478	-1023.105	-1235.797	212.6924	2.185559	0.26922	0.1617	0.382945	0.186134	2.126493	1.168308
41484	-1021.779	-1235.323	213.5435	0.7983773	0.322437	0.0783472	0.583372	0.0158437	1.993105	1.558645
41490	-1037.047	-1250.258	213.2116	1.088746	0.323041	0.0632285	0.571107	0.0426237	1.969814	1.603013
41496	-1037.443	-1248.721	211.278	2.047054	0.281349	0.13937	0.186113	0.393168	1.969814	2.354773
41502	-1047.872	-1261.378	213.5063	0.7481575	0.361125	0.178888	0.0996704	0.360316	1.771998	1.780836
41508	-1045.272	-1258.179	212.9077	1.331742	0.100724	0.13417	0.343203	0.421903	1.732868	1.823663
41514	-1027.819	-1240.838	213.0188	0.784772	0.17373	0.282641	0.48044	0.0631886	2.102052	1.862784
41520	-1016.76	-1230.362	213.602	0.91415	0.121282	0.178413	0.665221	0.0350838	2.115674	1.328043
41526	-1020.723	-1234.179	213.4566	1.292824	0.260789	0.309621	0.318172	0.111418	1.909006	1.315636
41532	-1010.391	-1223.402	213.0111	0.6673987	0.248072	0.224629	0.327739	0.19956	1.936091	2.062583
41538	-1007.91	-1220.958	213.048	0.5545906	0.262132	0.23736	0.346314	0.154193	1.815549	2.194671
41544	-1012.198	-1224.321	212.1228	1.364734	0.185313	0.486886	0.291628	0.0361725	1.815549	2.269165
41550	-1011.173	-1224.888	213.715	0.8891504	0.257932	0.48131	0.210411	0.0503474	1.731734	1.555361
41556	-1021.415	-1233.903	212.4886	2.310002	0.203038	0.4251	0.241957	0.129906	2.084325	1.301189
41562	-1011.023	-1225.022	213.9995	0.7242142	0.286347	0.325042	0.341234	0.0473767	2.380508	0.9031913
41568	-1008.391	-1222.122	213.7308	0.6718007	0.323904	0.333659	0.324136	0.0183017	2.267344	1.306398
41574	-1005.007	-1219.18	214.1722	0.5333341	0.348508	0.400279	0.249229	0.00198326	2.246668	1.067655
41580	-1009.281	-1223.05	213.7696	0.9036066	0.393546	0.353567	0.252492	0.000396022	2.501537	0.80872
41586	-1019.388	-1232.873	213.4851	1.247082	0.348952	0.0978468	0.551598	0.00160308	2.323592	0.955067
41592	-1014.553	-1228.312	213.759	1.117191	0.210945	0.0630938	0.720089	0.00587262	2.250721	0.8687775
41598	-1016.983	-1230.377	213.3944	1.117191	0.263274	0.367957	0.312449	0.0563202	2.289849	1.188034
41604	-1015.791	-1229.271	213.4797	0.7816288	0.365845	0.205761	0.347777	0.0806162	2.011643	1.604539
41610	-1016.013	-1230.043	214.0301	0.6647479	0.187327	0.349428	0.282295	0.18095	2.627633	0.5130432
41616	-1013.885	-1226.83	212.9445	1.831341	0.223534	0.398907	0.161635	0.215923	2.627633	0.5130432
41622	-1018.595	-1232.026	213.4314	1.198774	0.333792	0.336647	0.312578	0.0169837	2.68454	0.5222275
41628	-1015.596	-1228.919	213.3227	1.41381	0.292376	0.490068	0.216579	0.00097684	2.597613	0.4950002
41634	-1016.159	-1230.061	213.9014	0.8251931	0.0854431	0.362547	0.547724	0.00428625	2.582027	0.5541652
41640	-1028.237	-1239.109	210.8722	1.99691	0.270525	0.245426	0.422538	0.0615112	1.591993	2.863005
41646	-1020.887	-1232.108	211.2213	0.6964623	0.330192	0.264811	0.351535	0.0534617	1.557641	3.377952
41652	-1010.378	-1221.424	211.0461	0.9244023	0.323084	0.192821	0.431826	0.0522695	1.494896	3.377952
41658	-1029.444	-1240.56	211.1154	0.7776078	0.448876	0.159038	0.295471	0.0966148	1.596615	3.366927
41664	-1011.824	-1225.249	213.4242	1.410247	0.107246	0.419743	0.400464	0.0725479	2.494399	0.5511754
41670	-1007.643	-1221.613	213.9697	0.9408932	0.165347	0.297816	0.326535	0.210302	2.374393	0.6217717
41676	-1021.094	-1235.56	214.4659	0.3883555	0.135071	0.457737	0.361534	0.0456588	2.440342	0.6217717
41682	-1045.029	-1258.637	213.6075	1.069765	0.287377	0.111865	0.357781	0.242977	2.62706	0.5589104
41688	-1025.917	-1239.385	213.4677	1.173235	0.276547	0.400368	0.228335	0.0947504	2.645497	0.627449
41694	-1012.148	-1226.095	213.9473	0.8201154	0.349888	0.446078	0.0836452	0.120389	2.120184	1.113819
41700	-1026.667	-1239.488	212.8203	0.7613924	0.236714	0.206593	0.533218	0.0234749	2.007312	2.075812
41706	-1037.5	-1249.432	211.9318	0.7613924	0.241304	0.181029	0.467237	0.110431	1.821302	2.754535
41712	-1032.122	-1244.892	212.7695	1.509915	0.26003	0.112412	0.472307	0.155251	2.175777	1.492374
41718	-1024.925	-1238.235	213.3102	0.8778066	0.287555	0.134212	0.458326	0.119906	2.202577	1.515021
41724	-1042.311	-1255.825	213.5146	0.8778066	0.305476	0.32679	0.122721	0.245013	2.095707	1.441362
41730	-1022.999	-1233.825	210.8257	1.236647	0.306531	0.244174	0.269585	0.179709	1.68358	3.21678
41736	-1030.27	-1242.758	212.4876	1.236647	0.285523	0.173523	0.251109	0.289844	1.532033	2.29219
41742	-1027.403	-1241.385	213.9825	0.6229503	0.128835	0.306197	0.49126	0.0737077	1.860073	1.468519
41748	-1028.27	-1242.372	214.1016	0.4683375	0.17735	0.308212	0.472687	0.0417504	1.940064	1.437196
41754	-1022.165	-1235.673	213.5076	0.6347411	0.291748	0.179525	0.427892	0.100835	2.194475	1.564077
41760	-1014.927	-1228.228	213.3012	0.8177049	0.261861	0.102011	0.619112	0.0170156	2.048699	1.679093
41766	-1007.646	-1221.569	213.9234	0.8177049	0.174942	0.321363	0.490222	0.0134732	2.059695	1.190549
41772	-1015.942	-1227.979	212.0362	1.222249	0.292666	0.224956	0.217611	0.264767	1.770036	2.436069
41778	-1011.336	-1223.298	211.9617	1.603682	0.225244	0.24336	0.249665	0.281731	1.781545	2.261435
41784	-1016.417	-1227.287	210.8702	2.524777	0.291589	0.22252	0.228286	0.257605	1.885346	2.454316
41790	-1019.347	-1231.6	212.2529	1.412974	0.394688	0.239273	0.161071	0.204969	2.002243	2.034753
41796	-1023.26	-1235.274	212.0133	1.430348	0.363191	0.208563	0.317021	0.111225	1.843229	2.284217
41802	-1036.572	-1249.549	212.9763	0.5979131	0.273477	0.237946	0.361683	0.126895	1.782214	2.233389
41808	-1030.927	-1243.405	212.4779	0.5979131	0.195021	0.253292	0.505786	0.0459015	1.817028	2.526893
41814	-1028.785	-1239.879	211.0945	0.9552635	0.268698	0.250303	0.249609	0.231391	1.619914	3.257384
41820	-1017.714	-1230.319	212.605	0.7530512	0.174773	0.257748	0.294486	0.272992	1.65248	2.447694
41826	-1024.902	-1237.19	212.2879	1.247688	0.177697	0.0736342	0.404777	0.343892	1.940028	2.151163
41832	-1011.843	-1225.203	213.3603	1.337521	0.237045	0.225951	0.200899	0.336105	2.301457	1.019885
41838	-1029.338	-1242.743	213.4057	1.343799	0.326018	0.349682	0.0528777	0.271422	2.409828	0.8476935
41844	-1029.81	-1242.549	212.7387	1.010557	0.232822	0.305845	0.32795	0.133383	2.008218	1.959161
41850	-1019.674	-1233.711	214.0364	0.7647851	0.204573	0.293133	0.233279	0.269014	2.202896	1.00605
41856	-1020.155	-1234.38	214.2245	0.7647851	0.210941	0.302258	0.330956	0.155844	2.148693	0.8615458
41862	-1013.273	-1227.245	213.9713	0.987605	0.227679	0.383542	0.333881	0.0548977	2.082524	0.9610359
41868	-1029.455	-1243.16	213.7045	0.7738016	0.132296	0.352286	0.442638	0.0727799	2.019091	1.43763
41874	-1041.865	-1253.824	211.9594	1.32159	0.427328	0.144785	0.237106	0.190781	1.860112	2.369779
41880	-1034.235	-1246.203	211.9683	1.330096	0.299776	0.18495	0.28553	0.229744	1.534556	2.56352
41886	-1021.551	-1232.36	210.8093	1.330096	0.32478	0.191826	0.331243	0.152152	1.584639	3.2342
41892	-1016.033	-1227.967	211.9344	1.262401	0.291694	0.00204821	0.164724	0.541534	1.863221	2.4179
41898	-1012.918	-1225.503	212.5851	1.229115	0.384558	0.0298822	0.45333	0.132231	1.974917	1.942846
41904	-1014.991	-1227.503	212.5121	1.717784	0.0446297	0.693343	0.0531988	0.208828	1.986044	1.691938
41910	-1032.408	-1244.532	212.1247	1.501221	0.445246	0.0483742	0.395026	0.111353	1.742947	2.237398
41916	-1019.773	-1232.605	212.8314	1.187043	0.364185	0.0395672	0.323107	0.273141	1.915649	1.842674
41922	-1023.22	-1236.678	213.4577	1.369029	0.257823	0.0609713	0.474017	0.207189	2.376469	0.794818
41928	-1022.139	-1235.588	213.4497	1.197983	0.247318	0.139058	0.405568	0.208056	2.042523	1.284411
41934	-1025.77	-1238.414	212.6443	1.696493	0.320749	0.163614	0.245809	0.269829	1.839812	1.714146
41940	-1037.51	-1249.265	211.7553	1.423717	0.301712	0.257572	0.173498	0.267218	1.685638	2.549936
41946	-1033.876	-1246.004	212.1275	0.9561716	0.0920891	0.470223	0.172306	0.265382	1.756012	2.549936
41952	-1012.834	-1226.384	213.5504	0.8964254	0.118051	0.49676	0.138591	0.246598	2.187522	1.3264
41958	-1021.292	-1234.052	212.7593	1.057569	0.116563	0.470673	0.179116	0.233648	2.153913	1.81434
41964	-1036.17	-1249.713	213.5434	0.9941929	0.378609	0.0599124	0.427202	0.134276	2.312719	1.14351
41970	-1033.714	-1247.567	213.8532	0.8192587	0.287809	0.065192	0.464848	0.182151	2.323251	1.011672
41976	-1035.794	-1249.748	213.9546	0.8192587	0.301331	0.0687837	0.486688	0.143197	2.291887	0.939786
41982	-1031.937	-1245.519	213.5818	0.6253521	0.306401	0.173989	0.481593	0.0380169	1.817549	1.78701
41988	-1013.07	-1225.655	212.5853	0.5691547	0.133416	0.358716	0.491315	0.0165537	1.618667	2.602081
41994	-1037.147	-1249.269	212.1214	0.5454094	0.123677	0.495202	0.365776	0.0153453	1.596325	2.914075
42000	-1025.754	-1239.035	213.281	0.404968	0.0855756	0.408997	0.472514	0.0329135	1.980009	2.028805
42006	-1030.178	-1243.203	213.0256	0.7697658	0.121912	0.194815	0.626491	0.0567812	1.980009	1.951561
42012	-1017.918	-1230.413	212.4948	0.9667553	0.237234	0.193508	0.484851	0.0844081	1.825347	2.267642
42018	-1012.103	-1224.934	212.8311	0.5973451	0.229823	0.217564	0.469706	0.0829069	1.901037	2.25073
42024	-1013.23	-1226.056	212.826	0.5343522	0.146258	0.471375	0.367819	0.0145482	1.80963	2.35409
42030	-1012.98	-1225.015	212.0353	0.5343522	0.119967	0.459833	0.358813	0.0613879	1.732141	2.890865
42036	-1030.644	-1243.883	213.2384	0.5343522	0.169784	0.455047	0.225556	0.149613	2.124883	1.877006
42042	-1016.299	-1229.379	213.0799	0.9148369	0.310138	0.431212	0.116874	0.141776	1.823072	1.919128
42048	-1027.634	-1241.281	213.6472	1.294866	0.3132	0.348186	0.224136	0.114478	2.201342	0.8615121
42054	-1024.981	-1237.997	213.0161	1.151841	0.293642	0.12931	0.313655	0.263393	2.207201	1.527473
42060	-1034.946	-1248.156	213.2096	1.395681	0.395053	0.325412	0.0522394	0.227296	2.695301	0.3846632
42066	-1035.908	-1250.065	214.1568	0.5337538	0.223803	0.280314	0.27102	0.224864	2.624456	0.4212821
42072	-1040.842	-1255.108	214.2663	0.5337538	0.322151	0.15696	0.326363	0.194525	2.522058	0.4440721
42078	-1020.235	-1234.505	214.2707	0.5337538	0.276719	0.270079	0.231986	0.221216	2.522058	0.4660732
42084	-1014.013	-1226.543	212.5305	0.9752381	0.216447	0.333562	0.157142	0.292849	1.74284	2.292121
42090	-1018.319	-1231.212	212.8935	0.9462267	0.33722	0.203945	0.174655	0.28418	1.944074	1.94172
42096	-1017.922	-1231.231	213.3091	1.108031	0.36213	0.264495	0.10655	0.266825	1.956501	1.527392
42102	-1012.262	-1225.228	212.9663	1.652846	0.333959	0.286197	0.235532	0.144313	1.923202	1.443348
42108	-1005.593	-1218.473	212.8793	1.445273	0.261672	0.0607906	0.4483	0.229238	1.975451	1.600758
42114	-1018.77	-1231.782	213.0121	1.445273	0.277688	0.0414717	0.377451	0.303389	2.291019	1.254839
42120	-1007.109	-1219.861	212.7514	1.367981	0.271407	0.0631546	0.368913	0.296526	2.0351	1.698943
42126	-1016.201	-1228.045	211.8436	1.367981	0.322089	0.200142	0.277483	0.200287	1.97228	2.34545
42132	-1016.839	-1228.968	212.1283	1.764043	0.320511	0.13659	0.213311	0.329588	1.9557	1.951875
42138	-1014.123	-1226.428	212.3048	0.8661754	0.155634	0.105427	0.621016	0.117923	2.119098	2.267021
42144	-1017.406	-1230.449	213.0429	0.8661754	0.151591	0.328612	0.360803	0.158993	2.240615	1.690438
42150	-1027.138	-1240.783	213.6447	1.24086	0.265781	0.132134	0.216229	0.385856	2.214148	0.9071168
42156	-1020.426	-1234.816	214.3906	0.5171531	0.191402	0.375694	0.41277	0.0201348	2.365428	0.6863339
42162	-1045.468	-1258.419	212.9512	0.9660777	0.312462	0.271731	0.236926	0.178881	1.92598	1.901385
42168	-1042.464	-1255.149	212.6848	0.907656	0.23794	0.342553	0.157153	0.262354	1.784198	2.210503
42174	-1028.899	-1243.099	214.1995	0.6295636	0.331935	0.169069	0.285404	0.213593	2.461383	0.642849
42180	-1030.294	-1244.085	213.7917	0.7847086	0.198182	0.129782	0.638639	0.0333966	2.08279	1.309944
42186	-1033.678	-1247.373	213.6949	0.6367495	0.256028	0.248812	0.398501	0.0966591	2.18995	1.425102
42192	-1021.873	-1236.036	214.1623	0.6659187	0.214291	0.261048	0.347069	0.177592	2.434788	0.6932812
42198	-1019.14	-1233.145	214.0045	0.7819627	0.141167	0.295017	0.158965	0.404851	2.469869	0.6932812
42204	-999.2158	-1213.204	213.9886	0.7638991	0.301288	0.339698	0.139821	0.219194	2.538335	0.6233131
42210	-1014.748	-1228.626	213.8787	0.8691148	0.271235	0.390962	0.125874	0.211929	2.538335	0.6233131
42216	-1009.694	-1223.865	214.1711	0.7842277	0.192647	0.200009	0.226312	0.381032	2.248726	0.7751999
42222	-1013.83	-1227.955	214.124	0.6868261	0.187762	0.127807	0.444621	0.23981	2.42933	0.7295289
42228	-1017.315	-1231.374	214.0594	0.7461542	0.46136	0.123092	0.305549	0.109999	2.303929	0.8958034
42234	-1024.379	-1238.125	213.7453	0.8228221	0.315984	0.102514	0.506164	0.0753379	2.303242	1.128377
42240	-1035.483	-1249.332	213.8488	0.8228221	0.366929	0.119042	0.210314	0.303715	2.353861	0.9816036
42246	-1027.464	-1241.034	213.5708	0.8663614	0.387607	0.125751	0.165812	0.32083	2.525815	1.041748
42252	-1018.212	-1231.608	213.3962	0.8405888	0.289925	0.156972	0.274479	0.278623	2.320081	1.389243
42258	-1008.557	-1221.601	213.044	0.7966904	0.499392	0.106829	0.195415	0.198365	2.320357	1.684453
42264	-1006.814	-1220.146	213.3315	0.7966904	0.330376	0.216957	0.180813	0.271855	2.250115	1.52665
42270	-1003.038	-1216.744	213.706	0.7378646	0.325367	0.0874881	0.319412	0.267733	1.830519	1.605235
42276	-1000.409	-1214.109	213.6993	0.7378646	0.441029	0.0421203	0.432957	0.0838939	2.024326	1.466535
42282	-1010.213	-1223.661	213.4471	0.7378646	0.332374	0.0533973	0.326291	0.287937	2.148817	1.561876
42288	-1024.249	-1237.199	212.9501	1.067149	0.294682	0.139673	0.286369	0.279275	2.244359	1.60893
42294	-1018.257	-1231.412	213.1552	1.011254	0.347328	0.18063	0.370342	0.1017	1.924569	1.730277
42300	-1022.874	-1235.784	212.9092	0.9507878	0.349061	0.181532	0.179643	0.289765	2.042617	1.861052
42306	-1010.75	-1223.797	213.0476	0.9507878	0.175433	0.0972525	0.278931	0.448384	2.182527	1.666798
42312	-1025.341	-1238.689	213.348	0.8752699	0.235432	0.239817	0.336541	0.188211	1.959733	1.666493
42318	-1002.035	-1214.07	212.0349	1.530324	0.420623	0.0335485	0.20957	0.336258	1.603908	2.367614
42324	-1026.471	-1240.192	213.7209	1.169852	0.286533	0.347576	0.281072	0.0848188	2.175497	0.939114
42330	-1011.938	-1225.605	213.6676	0.932015	0.379056	0.205052	0.271524	0.144368	2.252061	1.142899
42336	-1018.293	-1232.25	213.957	0.932015	0.37584	0.203312	0.158126	0.262722	2.235957	0.8695939
42342	-1018.804	-1232.929	214.1252	0.7603269	0.322506	0.196233	0.28533	0.195931	2.284207	0.8227917
42348	-1035.806	-1249.606	213.7992	1.162937	0.2645	0.160939	0.41387	0.16069	2.289623	0.6973733
42354	-1028.588	-1243.119	214.5304	0.2759413	0.0859813	0.351611	0.432921	0.129487	2.466671	0.4949498
42360	-1004.549	-1218.846	214.2965	0.4237038	0.0664658	0.553427	0.334659	0.0454485	2.604211	0.4787555
42366	-1012.91	-1226.736	213.8254	0.8647291	0.279821	0.133007	0.486834	0.100339	2.621428	0.4787555
42372	-1023.241	-1237.165	213.9232	0.7557724	0.283478	0.121676	0.493197	0.10165	2.63331	0.5527735
42378	-1021.191	-1235.181	213.99	0.8270357	0.29147	0.258845	0.256543	0.193142	2.491712	0.5527735
42384	-1010.679	-1224.633	213.9535	0.7834408	0.195585	0.195751	0.532633	0.0760306	2.559606	0.6052286
42390	-1020.362	-1234.696	214.3342	0.4479837	0.276423	0.276657	0.339466	0.107455	2.544809	0.5161013
42396	-1033.471	-1247.399	213.9286	0.8075169	0.218024	0.240765	0.43391	0.107301	2.578233	0.5161013
42402	-1021.353	-1235.252	213.8989	0.842485	0.388044	0.1977	0.310558	0.103698	2.571469	0.5161013
42408	-1018.749	-1232.796	214.0461	0.5887746	0.179847	0.126616	0.627125	0.0664125	2.688762	0.4603166
42414	-1017.432	-1231.08	213.648	0.8115074	0.0767053	0.452351	0.399617	0.0713273	2.790108	0.3406017
42420	-1030.358	-1244.337	213.9793	0.8574208	0.144431	0.6489	0.0783013	0.128368	2.299717	0.8584535
42426	-1035.604	-1249.645	214.0401	0.8382851	0.235494	0.24668	0.329256	0.188571	2.299717	0.807132
42432	-1039.518	-1253.427	213.9089	0.7923234	0.237861	0.285862	0.28581	0.190466	2.299717	1.00777
42438	-1028.925	-1243.01	214.0847	0.6790187	0.388162	0.291912	0.136557	0.183369	2.385905	0.8535539
42444	-1018.638	-1232.506	213.8679	0.9835117	0.275813	0.265462	0.097032	0.361694	2.286443	0.8535539
42450	-1021.751	-1234.762	213.0108	0.9835117	0.188808	0.222442	0.326342	0.262408	2.12685	1.709005
42456	-1004.051	-1217.058	213.0071	0.9835117	0.28673	0.134653	0.419771	0.158846	2.010909	1.792732
42462	-1005.987	-1218.236	212.2491	0.9442968	0.260087	0.215062	0.380765	0.144086	1.702847	2.514801
42468	-1020.659	-1232.273	211.6142	1.082171	0.320447	0.176501	0.398264	0.104788	1.956328	2.666014
42474	-1045.205	-1257.807	212.6016	1.082171	0.284861	0.137364	0.309954	0.267822	1.601609	2.269085
42480	-1032.805	-1245.931	213.1258	0.5711363	0.169829	0.437562	0.322869	0.0697404	3.27352	0.187067
42486	-1031.282	-1244.467	213.1848	0.4620393	0.401785	0.384595	0.173355	0.0402653	3.27352	0.1728362
42492	-1026.587	-1238.879	212.2915	1.460098	0.485718	0.131357	0.209569	0.173355	3.294786	0.2078746
42498	-1010.919	-1223.164	212.2443	1.4937	0.207542	0.157068	0.439899	0.195491	3.31281	0.2078746
42504	-1023.368	-1236.004	212.6358	0.9716767	0.252347	0.145355	0.32255	0.279748	3.337483	0.1847033
42510	-1019.429	-1232.147	212.7184	0.9716767	0.237479	0.267109	0.25712	0.238292	3.293687	0.196657
42516	-1022.281	-1235.292	213.0111	0.8958003	0.348859	0.298283	0.270934	0.0819229	3.197203	0.2430599
42522	-1030.596	-1243.756	213.1598	0.7450957	0.0494377	0.501604	0.348193	0.100765	3.205762	0.2430599
42528	-1032.794	-1246.014	213.2204	0.9803442	0.0557319	0.438151	0.392523	0.113594	3.048444	0.3451055
42534	-1021.747	-1234.25	212.5029	0.9711282	0.269575	0.304325	0.277584	0.148515	1.909348	2.205463
42540	-1019.231	-1232.603	213.3725	0.7196788	0.204128	0.266029	0.44608	0.0837621	3.03924	0.2525517
42546	-1022.401	-1236.235	213.834	0.3805385	0.150543	0.373089	0.358897	0.117471	2.916042	0.2525517
42552	-1008.775	-1222.535	213.7599	0.4201652	0.114615	0.443164	0.352786	0.0894353	2.956832	0.2525517
42558	-997.3952	-1211.305	213.9093	0.5085352	0.0939019	0.543793	0.289032	0.0732729	2.837618	0.3317459
42564	-1016.252	-1230.336	214.0847	0.4974449	0.195519	0.350147	0.410659	0.0436749	2.723402	0.3990666
42570	-1012.16	-1226.329	214.1688	0.655762	0.142423	0.461799	0.299139	0.0966385	2.498416	0.4863769
42576	-1026.36	-1240.346	213.9857	0.655762	0.292514	0.215289	0.379245	0.112952	2.681205	0.5182056
42582	-1018.738	-1232.089	213.3506	1.429962	0.33002	0.083619	0.439892	0.146469	2.555077	0.5154192
42588	-1033.064	-1247.016	213.9515	0.7414934	0.226059	0.411286	0.266277	0.0963769	2.624784	0.5159954
42594	-1029.058	-1242.918	213.8599	0.9907212	0.212654	0.111892	0.233173	0.442281	2.407942	0.6780965
42600	-1035.503	-1249.451	213.9478	0.8921302	0.321795	0.0817166	0.491603	0.104886	2.460037	0.5805207
42606	-1033.366	-1247.313	213.9478	0.8921302	0.35766	0.165298	0.325365	0.151677	2.460037	0.5805207
42612	-1016.407	-1230.276	213.869	0.8921302	0.184725	0.185791	0.489121	0.140363	2.530702	0.6063449
42618	-1015.654	-1229.702	214.0474	0.7779245	0.162107	0.131572	0.548825	0.157496	2.443189	0.670821
42624	-1004.43	-1218.56	214.1298	0.8378025	0.239518	0.337898	0.259231	0.163352	2.234989	0.7739092
42630	-1011.896	-1225.608	213.7123	1.101013	0.179477	0.299044	0.465604	0.0558754	2.463232	0.6441703
42636	-1008.601	-1222.831	214.2302	0.7722489	0.149738	0.231234	0.515462	0.103566	2.291983	0.6127428
42642	-1010.253	-1224.375	214.1221	0.7954111	0.0903714	0.34431	0.489064	0.0762539	2.325583	0.7150834
42648	-1015.142	-1229.239	214.0978	0.7637886	0.215136	0.199444	0.494759	0.0906608	2.417671	0.6503777
42654	-1039.446	-1253.519	214.0734	0.9467536	0.136588	0.44161	0.207791	0.214011	2.152813	0.8098929
42660	-1008.895	-1223.148	214.2522	0.6387001	0.0895145	0.321095	0.419336	0.170054	2.42351	0.5737825
42666	-1013.266	-1227.459	214.1937	0.6594046	0.115639	0.122958	0.541718	0.219684	2.42351	0.6683151
42672	-1029.163	-1242.883	213.7201	1.126737	0.177924	0.554609	0.0336823	0.233785	1.827823	1.294465
42678	-1007.831	-1221.781	213.9503	0.9585269	0.0792584	0.485657	0.183771	0.251313	1.944902	1.140688
42684	-1011.054	-1225.192	214.1377	0.8538746	0.184523	0.634253	0.127831	0.0533927	1.944902	1.067381
42690	-1019.404	-1233.827	214.423	0.505718	0.2574	0.389359	0.270128	0.0831126	2.02412	1.067381
42696	-998.8326	-1212.901	214.0681	0.8445913	0.206134	0.195851	0.590037	0.00797731	2.02412	1.067381
42702	-1012.245	-1226.412	214.1674	0.8692746	0.125047	0.378518	0.488216	0.00821909	2.055659	0.9087376
42708	-1009.787	-1222.882	213.0955	1.902801	0.16093	0.487135	0.1466	0.205334	2.155785	0.9578298
42714	-1007.684	-1221.834	214.1502	0.8140152	0.102059	0.300764	0.55537	0.0418069	2.176417	0.8554412
42720	-1022.021	-1236.214	214.1924	0.7194218	0.0548835	0.402585	0.50455	0.0379813	2.176417	0.9211735
42726	-1012.498	-1226.64	214.1418	0.7194218	0.162648	0.373353	0.395991	0.0680079	2.153885	0.9976021
42732	-1017.259	-1230.726	213.467	1.457791	0.154498	0.475443	0.253911	0.116149	2.079013	1.028424
42738	-1021.808	-1236.071	214.2628	0.7130801	0.18643	0.573711	0.194782	0.0450773	2.218178	0.7944902
42744	-1034.386	-1248.042	213.6563	1.22691	0.0542006	0.495916	0.34018	0.109703	2.31373	0.787061
42750	-1030.5	-1244.228	213.7279	1.289627	0.176037	0.276519	0.33569	0.211754	2.184015	0.787061
42756	-1022.262	-1236.149	213.8869	0.8882308	0.127041	0.143151	0.506855	0.222953	2.188476	1.040521
42762	-1021.919	-1235.475	213.5554	1.458399	0.24413	0.149972	0.531007	0.0748909	2.01516	1.003735
42768	-1024.196	-1238.414	214.2182	0.776204	0.108768	0.446684	0.15617	0.288378	2.011443	1.003735
42774	-1004.699	-1218.784	214.085	0.7182438	0.342431	0.131981	0.364376	0.161212	2.011458	1.183054
42780	-1013.354	-1227.431	214.0778	0.8043774	0.0819949	0.349148	0.280104	0.288753	1.856921	1.243451
42786	-1008.403	-1222.09	213.6864	1.092713	0.166752	0.10821	0.520019	0.205019	1.886806	1.300731
42792	-1024.217	-1237.744	213.5272	1.196876	0.314933	0.268077	0.183303	0.233688	2.001827	1.254984
42798	-1023.334	-1236.105	212.7702	1.354715	0.319871	0.218656	0.228435	0.233038	1.722184	1.910683
42804	-1035.582	-1247.819	212.2374	1.740948	0.170079	0.251057	0.303573	0.275291	1.774128	2.012712
42810	-1035.645	-1247.746	212.1017	2.286192	0.0887936	0.471791	0.27947	0.159946	1.530986	1.992756
42816	-1016.227	-1229.725	213.4974	1.267322	0.0947929	0.503667	0.115426	0.286114	1.965435	1.255216
42822	-1028.481	-1240.439	211.9581	1.650686	0.1004	0.499643	0.369679	0.0302776	1.527872	2.40033
42828	-1028.554	-1241.695	213.1411	0.7373217	0.100655	0.500912	0.114251	0.284181	1.567869	2.170066
42834	-1037.867	-1248.845	210.9778	1.214954	0.280232	0.391368	0.0693418	0.259059	1.54107	3.22313
42840	-1023.225	-1234.9	211.675	1.159366	0.248459	0.433009	0.0319099	0.286622	1.43501	2.901297
42846	-1030.27	-1241.619	211.3495	1.406517	0.337259	0.258475	0.0797836	0.324483	1.575262	2.875778
42852	-1025.71	-1238.195	212.4852	1.745888	0.233771	0.282873	0.242909	0.240447	1.757048	1.854417
42858	-1022.697	-1236.081	213.3842	0.9092232	0.32358	0.253984	0.21072	0.211716	1.805946	1.725155
42864	-1015.174	-1227.814	212.6395	0.9433252	0.342061	0.22463	0.220869	0.212441	1.606824	2.329952
42870	-1027.979	-1240.994	213.0156	1.143196	0.355379	0.027917	0.314349	0.302355	1.762314	1.850157
42876	-1026.626	-1238.755	212.1291	1.693185	0.380096	0.0784229	0.431153	0.110328	1.651599	2.18962
42882	-1024.641	-1236.264	211.6235	2.013071	0.486686	0.100415	0.217288	0.195611	1.613736	2.377528
42888	-1029.054	-1241.859	212.8051	1.326964	0.179773	0.113365	0.139708	0.567154	1.760423	1.878045
42894	-1018.006	-1230.459	212.4528	1.705329	0.397473	0.285722	0.145484	0.171321	1.787604	1.878045
42900	-1021.867	-1234.014	212.1472	1.240383	0.412183	0.12889	0.261599	0.197328	1.870775	2.29103
42906	-1009.844	-1222.581	212.7367	1.125641	0.348032	0.12464	0.456601	0.0707274	1.869171	1.978024
42912	-1023.46	-1236.017	212.5575	0.9724289	0.201608	0.321043	0.402363	0.0749855	1.678561	2.317719
42918	-1022.48	-1234.138	211.6577	1.970953	0.242563	0.196922	0.469065	0.0914491	1.645705	2.355654
42924	-1038.883	-1251.71	212.8266	0.6974478	0.138824	0.170837	0.611003	0.0793354	1.952922	2.151587
42930	-1052.801	-1263.206	210.4046	3.264658	0.00303756	0.359616	0.422033	0.215314	1.811745	2.508096
42936	-1026.332	-1237.781	211.4495	2.348486	0.0496322	0.292729	0.263945	0.393694	1.907705	2.145891
42942	-1008.864	-1221.086	212.2215	2.44304	0.0198956	0.0387404	0.646111	0.295253	2.198471	1.350878
42948	-1013.716	-1224.765	211.0487	5.269883	0.0467866	0.290677	0.404309	0.258227	2.283032	1.00876
42954	-1007.743	-1219.837	212.0941	2.959587	0.364387	0.40009	0.0889041	0.146619	2.237239	1.150089
42960	-1007.891	-1219.838	211.9476	3.216247	0.141862	0.0781704	0.687913	0.0920544	2.164237	1.20951
42966	-1008.941	-1221.441	212.5	2.627967	0.242194	0.0778184	0.482903	0.197084	2.088347	1.105296
42972	-996.8774	-1210.346	213.469	1.247328	0.313138	0.00543188	0.662809	0.0186209	2.017659	1.250857
42978	-1003.915	-1216.69	212.7754	1.703161	0.0814839	0.0056631	0.906924	0.00592928	1.849384	1.609596
42984	-1015.883	-1227.667	211.7848	2.410052	0.178772	0.101379	0.715289	0.0045594	1.61158	2.092664
42990	-1010.959	-1222.372	211.4134	1.231329	0.0657524	0.408883	0.506976	0.0183889	1.525557	2.963428
42996	-1025.46	-1239.054	213.5946	0.4177485	0.152263	0.250381	0.526156	0.0712003	1.824866	1.915237
43002	-1017.613	-1230.091	212.4779	1.480942	0.277896	0.239586	0.150609	0.331909	1.856778	1.941843
43008	-1021.48	-1233.174	211.6939	2.57427	0.168919	0.537783	0.0915475	0.201751	1.969083	1.840372
43014	-1020.225	-1232.237	212.0119	2.57427	0.159483	0.472196	0.231503	0.136818	1.896425	1.668745
43020	-1026.616	-1238.379	211.7637	1.997919	0.153197	0.121929	0.324234	0.400641	1.797142	2.177477
43026	-1045.77	-1258.901	213.1315	0.556918	0.218455	0.173867	0.401819	0.205859	1.905017	2.080232
43032	-1030.211	-1243.696	213.4847	1.016676	0.347605	0.318322	0.177608	0.156465	2.070132	1.375165
43038	-1028.286	-1241.088	212.8024	1.421035	0.427871	0.290061	0.118129	0.16394	2.074245	1.600391
43044	-1013.063	-1226.335	213.2721	0.556918	0.275885	0.172518	0.318374	0.233223	1.873877	2.007767
43050	-1023.31	-1235.561	212.2511	1.20976	0.329981	0.206345	0.185326	0.278348	1.890543	2.23003
43056	-1013.241	-1225.77	212.5288	1.26652	0.386608	0.241756	0.21713	0.154507	1.752178	2.105081
43062	-1018.738	-1230.945	212.2064	0.8082309	0.35587	0.221063	0.247178	0.175889	1.66534	2.65156
43068	-1013.552	-1226.539	212.9878	0.8082309	0.452781	0.205029	0.198934	0.143256	1.860095	2.029945
43074	-1009.487	-1222.487	213.0009	0.8082309	0.228086	0.103282	0.608474	0.0601577	2.027876	1.90868
43080	-1028.695	-1239.839	211.1441	1.938088	0.447225	0.175778	0.0834632	0.293533	1.6679	2.677993
43086	-1023.194	-1234.902	211.7077	0.9748011	0.390248	0.15838	0.195235	0.256136	1.580736	2.902886
43092	-1014.061	-1227.309	213.2484	0.9027088	0.155421	0.422657	0.152818	0.269104	2.248562	1.507733
43098	-1020.069	-1233.375	213.3055	0.9027088	0.152618	0.335968	0.247163	0.264251	2.309901	1.417709
43104	-1029.144	-1239.645	210.5008	1.655717	0.1923	0.0597229	0.742467	0.00550963	1.731909	3.16284
43110	-1006.689	-1220.255	213.5654	1.209702	0.346149	0.360292	0.00943719	0.284122	2.383175	0.8360905
43116	-1015.901	-1229.435	213.5339	1.227959	0.206262	0.405319	0.00983611	0.378583	2.397554	0.8360905
43122	-1009.886	-1223.671	213.785	1.013222	0.314036	0.212737	0.417305	0.0559226	1.982975	1.203793
43128	-1011.817	-1225.266	213.4491	1.330805	0.371592	0.0276216	0.556466	0.04432	2.220339	1.018231
43134	-1043.214	-1257.043	213.8281	0.7227932	0.331101	0.127884	0.176595	0.364421	2.295726	1.154987
43140	-1024.44	-1237.286	212.8459	1.333978	0.384244	0.189655	0.149143	0.276958	2.045176	1.646229
43146	-1038.544	-1251.5	212.9557	1.045385	0.325573	0.041211	0.421819	0.211398	2.115862	1.712142
43152	-1031.249	-1244.617	213.3682	1.039538	0.337381	0.0710745	0.273672	0.317872	2.115862	1.412647
43158	-1036.552	-1248.628	212.0764	2.759162	0.193747	0.569133	0.0221765	0.214944	1.898157	1.534332
43164	-1021.46	-1234.343	212.8825	1.236342	0.136826	0.459181	0.252197	0.151795	2.100603	1.644587
43170	-1027.771	-1240.686	212.9152	0.9264197	0.413253	0.0894297	0.250105	0.247212	1.938571	1.944357
43176	-1025.844	-1238.481	212.6374	1.30635	0.0713873	0.623276	0.153556	0.15178	1.842165	1.948958
43182	-1019.242	-1232.363	213.121	1.661118	0.131394	0.444721	0.36331	0.0605753	1.824946	1.394557
43188	-1031.852	-1244.784	212.9324	1.203835	0.1682	0.173363	0.545999	0.112438	1.894218	1.77669
43194	-1004.498	-1218.263	213.7649	1.117201	0.295962	0.335265	0.198369	0.170405	2.086973	1.035516
43200	-1016.588	-1228.979	212.3911	3.201579	0.575604	0.0561482	0.236972	0.131276	2.198743	0.7044038
43206	-1015.849	-1228.467	212.618	2.431347	0.175598	0.0968203	0.0618224	0.665759	2.286156	0.9213868
43212	-1012.383	-1224.553	212.1697	3.427353	0.619552	0.145219	0.02548	0.209749	2.22785	0.8014412
43218	-1009.709	-1223.572	213.8626	0.7885765	0.190201	0.41683	0.275445	0.117524	2.167053	1.176694
43224	-1026.844	-1239.48	212.6363	1.240125	0.216324	0.149209	0.300937	0.333531	1.740328	2.058252
43230	-1027.853	-1241.848	213.9949	0.9511632	0.286207	0.0613654	0.566844	0.0855843	2.071184	0.9861877
43236	-1019.445	-1231.644	212.1984	2.110228	0.126892	0.166564	0.544881	0.161664	1.828869	1.81032
43242	-998.6061	-1211.9	213.2934	0.6583583	0.126554	0.371618	0.39434	0.107488	1.846455	1.940519
43248	-996.7467	-1210.513	213.7662	0.8664264	0.069897	0.610764	0.217798	0.101542	1.973524	1.349656
43254	-1018.398	-1230.657	212.2589	2.477733	0.20813	0.0877031	0.570864	0.133302	2.142037	1.347501
43260	-1024.681	-1237.644	212.963	1.449694	0.20271	0.313758	0.281401	0.202131	2.133775	1.416767
43266	-1015.731	-1229.199	213.4681	0.6489192	0.0965848	0.273577	0.436803	0.193035	2.01079	1.713925
43272	-1021.167	-1232.948	211.7808	2.182273	0.11124	0.253839	0.298262	0.336659	2.012202	1.934575
43278	-1015.181	-1228.729	213.5484	1.192591	0.261931	0.399164	0.203955	0.13495	2.139451	1.121231
43284	-1022.924	-1236.619	213.6953	1.065432	0.157626	0.342935	0.420266	0.0791719	2.115067	1.121231
43290	-1007.857	-1221.662	213.8048	1.118877	0.276785	0.0541019	0.647897	0.0212166	2.181768	0.8937036
43296	-1007.685	-1221.783	214.0984	0.7104822	0.130754	0.1468	0.526361	0.196086	2.181768	1.022335
43302	-1024.787	-1239.101	214.3137	0.476663	0.308172	0.255798	0.326327	0.109703	2.190245	1.040541
43308	-1019.3	-1233.604	214.3032	0.5788707	0.202767	0.300391	0.371839	0.125003	2.399507	0.6668697
43314	-1018.25	-1231.624	213.3736	1.607203	0.275218	0.0797624	0.528936	0.116084	2.288713	0.7457195
43320	-1012.105	-1226.433	214.3283	0.6053815	0.15353	0.247658	0.416718	0.182094	2.300774	0.7457195
43326	-1013.219	-1226.145	212.9261	2.001951	0.335927	0.22656	0.270932	0.166581	2.4873	0.6280258
43332	-1024.362	-1238.011	213.6494	0.8696818	0.357768	0.187802	0.272762	0.181667	2.14229	1.305226
43338	-1034.909	-1248.751	213.842	1.013697	0.438712	0.174269	0.251945	0.135073	2.047911	1.095386
43344	-1015.72	-1229.865	214.1456	0.8324768	0.418824	0.223059	0.122184	0.235932	2.192468	0.8173651
43350	-1018.931	-1231.811	212.8803	2.216189	0.337908	0.0236263	0.217835	0.420631	2.262869	0.8154012
43356	-1008.721	-1222.271	213.5495	1.351167	0.138727	0.369047	0.118578	0.373648	2.268841	0.8360436
43362	-1006.054	-1220.494	214.4397	0.5165757	0.160447	0.434916	0.173185	0.231451	2.062504	1.003552
43368	-1017.009	-1229.366	212.3573	3.250126	0.188121	0.313242	0.135089	0.363548	2.195016	0.7206486
43374	-1020.624	-1234.168	213.5438	1.455892	0.064413	0.674015	0.0708643	0.190708	2.29879	0.6567613
43380	-1017.125	-1228.876	211.7511	4.044148	0.254124	0.40718	0.10705	0.231646	2.159704	0.9878148
43386	-1013.049	-1227.085	214.0361	0.8323614	0.100238	0.28437	0.524021	0.0913715	2.150508	0.9878148
43392	-1029.75	-1243.557	213.8067	0.7603908	0.265075	0.218052	0.326919	0.189954	2.386613	1.055205
43398	-1001.282	-1214.863	213.5808	1.045514	0.303768	0.109998	0.374639	0.211596	2.320571	1.055205
43404	-1026.626	-1240.528	213.9019	1.064627	0.180797	0.370735	0.267328	0.181139	2.156231	0.8721129
43410	-1025.313	-1239.116	213.8026	1.115731	0.188827	0.352974	0.18655	0.271649	2.205703	0.8721129
43416	-1020.701	-1235.315	214.6132	0.4586722	0.278043	0.264512	0.271473	0.185971	2.105556	0.826806
43422	-1015.721	-1229.671	213.9504	0.9638459	0.277844	0.26386	0.271279	0.187017	2.100383	0.98878
43428	-1012.798	-1226.981	214.1832	0.6025466	0.244841	0.12312	0.544775	0.087264	1.924087	1.277098
43434	-1011.792	-1225.968	214.1764	0.5860957	0.164606	0.284498	0.508023	0.0428726	2.076174	1.168748
43440	-1008.164	-1222.778	214.614	0.4612238	0.137924	0.265546	0.571418	0.0251116	1.893487	1.051357
43446	-1021.323	-1234.238	212.9146	1.638147	0.03271	0.734911	0.16517	0.0672096	2.011311	1.424796
43452	-1023.042	-1236.935	213.8933	0.6542434	0.32085	0.098418	0.35184	0.228892	2.227131	1.220598
43458	-1025.816	-1239.008	213.1922	1.428884	0.282466	0.206276	0.309748	0.20151	1.915571	1.422402
43464	-999.5802	-1213.073	213.4923	1.248168	0.364978	0.506539	0.0289425	0.0995413	2.255484	1.015869
43470	-1013.79	-1227.922	214.1322	0.6729565	0.0907183	0.502018	0.226673	0.180591	2.249219	0.9602456
43476	-1029.631	-1243.068	213.4368	1.57521	0.145177	0.634213	0.158063	0.0625476	2.210256	0.8051216
43482	-1006.598	-1220.566	213.9687	0.9119263	0.160609	0.251263	0.518168	0.06996	2.29664	0.8051216
43488	-1028.744	-1242.99	214.2459	0.4942909	0.115079	0.463517	0.371276	0.0501276	2.455132	0.8051216
43494	-1015.813	-1229.617	213.8037	1.008368	0.29732	0.49938	0.123345	0.0799552	2.364194	0.8051216
43500	-1011.128	-1225.371	214.2433	0.7090718	0.408097	0.403865	0.172989	0.0150495	2.23392	0.8051216
43506	-1016.568	-1231.048	214.4808	0.4443893	0.15785	0.727033	0.110869	0.00424892	2.322231	0.7271975
43512	-1034.097	-1248.525	214.4275	0.3892919	0.148044	0.349084	0.484311	0.0185606	2.012367	1.171218
43518	-1010.544	-1224.347	213.8027	0.7270808	0.115374	0.357912	0.504099	0.0226152	2.229313	1.230169
43524	-1005.125	-1218.749	213.6245	0.7824613	0.20772	0.24107	0.520483	0.0307282	1.86113	1.608104
43530	-1008.656	-1221.879	213.2229	0.7150638	0.31014	0.241015	0.151921	0.296924	2.02094	1.828846
43536	-1008.637	-1221.475	212.8386	1.761198	0.500764	0.16673	0.193216	0.13929	2.15691	1.290291
43542	-1003.86	-1217.267	213.4069	0.9296882	0.260537	0.375165	0.203074	0.161224	1.960585	1.583028
43548	-1014.601	-1228.172	213.5706	0.9296882	0.240006	0.0658171	0.275172	0.419005	2.177636	1.290546
43554	-1045.471	-1259.234	213.7629	0.8840895	0.317301	0.2176	0.300271	0.164828	2.041913	1.282446
43560	-1012.14	-1225.418	213.278	1.129643	0.185987	0.218057	0.253859	0.342097	2.042448	1.470552
43566	-1014.328	-1227.383	213.0548	1.129643	0.203028	0.130793	0.442828	0.223351	1.951197	1.700394
43572	-1014.817	-1228.774	213.957	0.6203392	0.305362	0.207241	0.443458	0.0439387	1.979439	1.398606
43578	-1019.219	-1232.875	213.6563	0.9533254	0.446327	0.271069	0.199668	0.0829365	1.953997	1.381556
43584	-1016.183	-1230.194	214.0106	0.5249697	0.206661	0.196338	0.506296	0.090705	1.998538	1.419055
43590	-1025.009	-1236.078	211.0696	1.88679	0.335826	0.237	0.287484	0.139689	2.122723	2.466405
43596	-1025.321	-1238.773	213.4517	0.6040627	0.254372	0.0843352	0.49702	0.164273	2.215588	1.613077
43602	-1033.028	-1245.372	212.3433	1.914816	0.321831	0.106701	0.383524	0.187945	1.976736	1.708016
43608	-1024.712	-1236.785	212.0722	1.105658	0.391308	0.129735	0.250438	0.228518	1.967621	2.358722
43614	-1037.277	-1250.9	213.6238	0.7351114	0.268831	0.271588	0.233583	0.225999	1.831202	1.666052
43620	-1038.793	-1251.588	212.7953	0.7506041	0.407407	0.0430081	0.436553	0.113032	1.839292	2.209154
43626	-1015.27	-1227.803	212.5335	0.6562141	0.413254	0.203491	0.32162	0.0616355	1.618993	2.577215
43632	-1004.888	-1218.15	213.2616	0.9318045	0.302256	0.148835	0.262819	0.28609	2.027281	1.638495
43638	-1015.679	-1228.961	213.2815	0.8466167	0.276682	0.126076	0.360685	0.236557	2.323905	1.469635
43644	-1003.463	-1217.283	213.8192	0.7288278	0.134267	0.230493	0.582987	0.0522528	1.959507	1.431778
43650	-998.813	-1212.406	213.5932	0.468584	0.150552	0.393468	0.441807	0.0141732	2.019565	1.749998
43656	-993.9427	-1207.323	213.3798	0.6673176	0.361789	0.140924	0.37981	0.117478	2.028244	1.749998
43662	-1014.046	-1227.099	213.0533	1.002252	0.30972	0.152421	0.410797	0.127062	2.080981	1.698144
43668	-1013.185	-1226.857	213.6725	0.9492679	0.342936	0.0814529	0.454853	0.120758	1.977304	1.353712
43674	-1018.949	-1232.985	214.0356	0.7115643	0.358458	0.129566	0.475441	0.0365351	2.120923	1.136498
43680	-1010.536	-1224.007	213.4716	0.7115643	0.396908	0.102838	0.429344	0.0709101	2.128526	1.579152
43686	-1020.519	-1234.344	213.8252	0.7591919	0.256188	0.303336	0.238251	0.202224	2.082122	1.305082
43692	-1025.761	-1238.295	212.5342	1.335161	0.255018	0.301951	0.24173	0.2013	1.867007	1.983922
43698	-1020.519	-1233.101	212.5828	1.47087	0.372654	0.260788	0.208776	0.157781	1.882447	1.859178
43704	-1007.821	-1221.163	213.342	1.046501	0.22228	0.144644	0.456775	0.176301	2.114834	1.428405
43710	-1029.786	-1243.479	213.6935	0.9146885	0.140394	0.0975357	0.288504	0.473566	2.126684	1.243747
43716	-1014.838	-1228.176	213.3375	1.29451	0.261177	0.305844	0.276843	0.156136	2.114102	1.243747
43722	-1013.449	-1227.315	213.8662	0.6646289	0.265263	0.294984	0.281175	0.158579	2.139613	1.306375
43728	-1012.525	-1226.304	213.7788	0.7414899	0.201581	0.266724	0.388308	0.143387	2.003785	1.418478
43734	-1015.548	-1229.238	213.6896	0.8343303	0.337576	0.291564	0.171379	0.199481	1.995521	1.418478
43740	-1022.697	-1236.043	213.3461	0.9265568	0.367037	0.317523	0.113332	0.202109	1.87248	1.692501
43746	-1011.751	-1223.867	212.1157	1.064984	0.299207	0.343405	0.0483201	0.309069	1.651329	2.554937
43752	-1017.973	-1230.543	212.5698	0.6369013	0.0738779	0.472308	0.393157	0.0606568	1.63896	2.554937
43758	-1013.428	-1225.081	211.6535	2.238627	0.0678853	0.739874	0.111995	0.0802454	1.67327	2.215396
43764	-1015.671	-1227.222	211.5513	0.94947	0.272426	0.288549	0.21757	0.221454	1.512775	3.053106
43770	-1006.178	-1217.223	211.0444	1.633816	0.302954	0.237681	0.147317	0.312048	1.39056	3.053106
43776	-1009.434	-1221.449	212.0148	1.458634	0.158766	0.209902	0.286837	0.344495	1.479263	2.49769
43782	-1031.108	-1242.608	211.5004	2.754514	0.531249	0.0237296	0.298348	0.146673	2.169741	1.755258
43788	-1017.864	-1230.783	212.9185	1.277642	0.232414	0.0084644	0.410912	0.348209	2.128391	1.570487
43794	-1035.069	-1248.105	213.0362	1.38404	0.156786	0.0155187	0.610506	0.21719	2.114151	1.420228
43800	-1042.45	-1254.896	212.4454	2.080305	0.0942762	0.0745494	0.593268	0.237906	1.930129	1.578724
43806	-1047.934	-1260.956	213.0222	0.7757546	0.0842659	0.247836	0.502103	0.165794	1.919079	1.99042
43812	-1034.045	-1246.294	212.2491	1.591073	0.196565	0.187687	0.221754	0.393993	1.919079	1.99042
43818	-1039.366	-1252.307	212.9411	1.235958	0.402106	0.118864	0.172517	0.306513	2.160266	1.558832
43824	-1012.404	-1225.708	213.3041	1.466463	0.0648879	0.297273	0.373944	0.263896	1.964353	1.268202
43830	-1015.252	-1228.859	213.607	1.073035	0.0567313	0.41374	0.298806	0.230723	1.989263	1.297586
43836	-1019.122	-1230.092	210.9704	5.758145	0.0730617	0.413759	0.156657	0.356522	2.309404	0.8500718
43842	-1024.591	-1237.153	212.5618	2.597204	0.28668	0.224018	0.162557	0.326745	2.337065	0.7957567
43848	-1024.815	-1237.169	212.3536	2.970672	0.228012	0.26504	0.0655319	0.441416	2.428873	0.5717731
43854	-1008.343	-1220.848	212.5055	2.465244	0.221634	0.160589	0.0422896	0.575488	2.606442	0.5217388
43860	-1007.678	-1219.552	211.8741	3.507565	0.121589	0.270288	0.0348804	0.573243	2.606442	0.5468118
43866	-1013.939	-1226.252	212.313	2.734677	0.291931	0.301912	0.301708	0.104449	2.612044	0.5827949
43872	-1007.304	-1220.988	213.6832	1.026075	0.0900187	0.368328	0.373711	0.167942	2.339224	0.9537122
43878	-1021.966	-1236.338	214.3726	0.6242738	0.257743	0.486592	0.216304	0.0393609	2.159116	0.8497577
43884	-1020.262	-1233.896	213.6342	0.7878783	0.142417	0.218934	0.291382	0.347266	1.946821	1.533949
43890	-1015.468	-1228.8	213.3318	1.042901	0.158438	0.1898	0.387927	0.263834	2.059956	1.480702
43896	-1023.873	-1237.264	213.3909	1.042901	0.141433	0.292337	0.26657	0.29966	2.196485	1.328749
43902	-1025.872	-1239.76	213.8887	0.9982741	0.290754	0.24384	0.286886	0.17852	2.340605	0.7314516
43908	-1017.764	-1231.753	213.9888	0.8613892	0.247616	0.21279	0.264048	0.275546	2.395388	0.7060614
43914	-1000.784	-1214.843	214.0587	0.7931447	0.260335	0.137363	0.354427	0.247875	2.396672	0.7060614
43920	-1005.618	-1219.457	213.8395	0.8568448	0.305971	0.161442	0.416556	0.116031	2.421382	0.8803985
43926	-1006.12	-1220.114	213.9938	0.8173305	0.394715	0.144758	0.38416	0.0763669	2.364951	0.8109637
43932	-1003.406	-1217.52	214.1144	0.7538788	0.349963	0.129481	0.376954	0.143601	2.311002	0.8109637
43938	-1018.574	-1232.671	214.097	0.7656668	0.190482	0.287812	0.31705	0.204656	2.340496	0.7779154
43944	-999.5091	-1213.151	213.642	1.20829	0.240737	0.265544	0.24904	0.244678	2.272633	0.8783562
43950	-1007.544	-1221.106	213.5621	1.20829	0.329649	0.0916063	0.243699	0.335046	2.312717	0.9231944
43956	-1019.654	-1231.515	211.8609	3.740425	0.651721	0.0975963	0.0642562	0.186427	2.498894	0.5180963
43962	-1007.591	-1220.48	212.889	2.023645	0.297222	0.0847911	0.436688	0.181299	2.501206	0.6442241
43968	-1003.151	-1216.295	213.1443	1.824487	0.309178	0.0255089	0.263383	0.40193	2.399906	0.6411171
43974	-1009.288	-1222.382	213.0941	1.824487	0.40796	0.0356126	0.412962	0.143466	2.425166	0.6910971
43980	-1009.994	-1222.505	212.5116	2.690423	0.224268	0.165799	0.0896579	0.520275	2.192325	0.9536692
43986	-1027.105	-1239.451	212.3461	3.120019	0.200196	0.0778668	0.578736	0.143201	2.09549	0.9536692
43992	-992.1599	-1206.245	214.0854	0.8220982	0.240975	0.254061	0.284432	0.220532	2.206355	0.8864872
43998	-994.4533	-1208.227	213.774	0.9595776	0.319621	0.336978	0.232992	0.110409	2.088181	1.168916
44004	-998.0594	-1212.293	214.2339	0.5412592	0.176162	0.39686	0.289698	0.13728	2.139822	1.102042
44010	-1008.877	-1222.913	214.0362	0.7089464	0.0872634	0.0799686	0.729592	0.103176	2.215081	1.051789
44016	-1018.935	-1233.006	214.0708	0.874057	0.18757	0.356238	0.378397	0.0777955	2.170945	0.8819504
44022	-1022.589	-1236.651	214.0619	0.6685958	0.185985	0.115426	0.628366	0.0702224	2.150263	1.127472
44028	-1024.31	-1237.981	213.6706	1.322427	0.265024	0.392694	0.281416	0.0608653	2.01675	1.008071
44034	-1024.419	-1238.085	213.666	1.274648	0.25354	0.242863	0.492593	0.0110031	2.065171	1.008071
44040	-1004.24	-1218.673	214.4336	0.5775441	0.121314	0.368466	0.387164	0.123056	2.280207	0.6465193
44046	-1010.278	-1224.61	214.3316	0.6783293	0.0492839	0.337431	0.500593	0.112692	2.280207	0.6370804
44052	-1001.34	-1215.405	214.0647	1.023265	0.111909	0.299763	0.261062	0.327266	2.195535	0.624431
44058	-999.0186	-1213.145	214.1263	0.9090438	0.136508	0.073874	0.661557	0.128061	2.195535	0.7280035
44064	-1019.754	-1234.19	214.4368	0.6132546	0.2076	0.131489	0.46471	0.196201	2.195535	0.7277249
44070	-1001.636	-1215.932	214.2955	0.6363151	0.303975	0.192531	0.399956	0.103538	2.31253	0.7277249
44076	-996.7587	-1211.086	214.3272	0.5803357	0.202634	0.129963	0.374735	0.292668	2.381593	0.6512469
44082	-1008.964	-1223.246	214.2821	0.6186221	0.130148	0.232982	0.358139	0.278732	2.382468	0.659719
44088	-1004.738	-1218.268	213.5303	1.348408	0.191395	0.134874	0.0701284	0.603603	2.448389	0.5058753
44094	-1015.603	-1229.654	214.0505	0.9058195	0.28079	0.168373	0.478632	0.0722044	2.237519	0.7829981
44100	-1027.162	-1239.988	212.8264	1.842073	0.271229	0.255509	0.143815	0.329447	2.72254	0.4181616
44106	-1008.116	-1220.757	212.641	2.230821	0.0889918	0.306758	0.276111	0.32814	2.63177	0.471461
44112	-1007.535	-1221.342	213.8065	0.8703787	0.189971	0.294156	0.368245	0.147628	2.63177	0.4585423
44118	-1003.463	-1216.581	213.1184	1.505783	0.264644	0.409783	0.119915	0.205658	2.702941	0.4093691
44124	-1014.802	-1227.169	212.3675	2.500646	0.207525	0.0940162	0.274739	0.42372	2.702941	0.4093691
44130	-1005.533	-1219.44	213.907	0.9885274	0.272032	0.23088	0.277386	0.219703	2.338968	0.7204225
44136	-1008.759	-1222.78	214.0211	0.9130874	0.181222	0.291613	0.297617	0.229549	2.05666	1.013301
44142	-1010.268	-1223.119	212.8508	1.329316	0.165727	0.374403	0.344573	0.115297	1.806546	1.813583
44148	-1014.97	-1228.483	213.5127	0.8604951	0.354836	0.0780811	0.424906	0.142177	2.298198	1.297371
44154	-1017.523	-1230.349	212.8258	1.288618	0.218981	0.194536	0.43558	0.150902	2.175641	1.596356
44160	-1006.245	-1219.256	213.0105	0.9923477	0.299408	0.265986	0.101817	0.33279	2.303474	1.575905
44166	-1008.052	-1220.322	212.27	2.076619	0.318974	0.248748	0.126487	0.305791	2.534447	1.248147
44172	-1011.156	-1224.269	213.1125	1.429	0.170939	0.116941	0.527351	0.184769	2.454572	1.032475
44178	-1011.713	-1224.729	213.0153	1.429	0.28136	0.421429	0.152345	0.144866	2.735299	0.8339346
44184	-999.0322	-1212.182	213.15	1.429	0.222559	0.0898228	0.284798	0.40282	2.456958	0.9931052
44190	-1002.452	-1215.558	213.1054	1.488994	0.186047	0.330949	0.238075	0.24493	2.302214	1.132113
44196	-1013.758	-1227.086	213.3276	0.9260232	0.115332	0.309238	0.385559	0.189871	2.266234	1.415968
44202	-1007.113	-1220.721	213.6082	0.929073	0.195409	0.262485	0.279933	0.262173	2.19033	1.24957
44208	-1023.116	-1236.237	213.1207	0.8802502	0.106538	0.573329	0.147092	0.173041	1.803451	1.928846
44214	-1032.254	-1246.398	214.1435	0.6307534	0.271088	0.212682	0.455448	0.0607816	1.896546	1.307668
44220	-1018.535	-1226.942	208.4078	4.02621	0.356898	0.076775	0.352858	0.21347	1.685834	3.538887
44226	-1028.91	-1240.025	211.1147	0.7599051	0.185559	0.442597	0.25335	0.118495	1.901268	3.198642
44232	-1019.11	-1232.576	213.4659	0.9478027	0.231803	0.189424	0.533477	0.0452961	2.030552	1.47347
44238	-1014.49	-1228.412	213.9222	0.9478027	0.169886	0.0785383	0.637572	0.114004	2.10909	1.024205
44244	-1015.369	-1228.722	213.3533	1.24779	0.238469	0.0546349	0.515634	0.191261	1.822328	1.495488
44250	-1010.349	-1223.272	212.9233	1.24779	0.205722	0.0800641	0.590806	0.123408	1.835518	1.795179
44256	-1008.969	-1222.73	213.7618	0.6612512	0.0710426	0.305473	0.551655	0.0718292	1.835518	1.619981
44262	-1008.732	-1222.643	213.9107	0.686203	0.0502733	0.414004	0.498337	0.0373859	1.815227	1.506006
44268	-1017.659	-1230.33	212.6707	1.039709	0.128841	0.0825135	0.75184	0.0368058	1.689454	2.194891
44274	-1039.826	-1251.794	211.9675	1.054516	0.0914736	0.285411	0.563651	0.0594644	1.593223	2.688739
44280	-1014.431	-1226.953	212.5217	0.8385394	0.159999	0.513488	0.222502	0.104011	1.810001	2.344178
44286	-1008.651	-1220.957	212.3057	1.024643	0.308453	0.0987718	0.428951	0.163825	1.66957	2.449693
44292	-1015.016	-1227.358	212.3422	0.7192573	0.286028	0.289791	0.416644	0.00753701	1.658094	2.630067
44298	-1011.205	-1223.812	212.607	1.194909	0.257866	0.446464	0.075417	0.220253	1.993178	1.937439
44304	-1017.923	-1231.658	213.7345	0.6791654	0.163972	0.257512	0.482389	0.0961265	1.757345	1.682053
44310	-1017.789	-1231.096	213.3075	0.6791654	0.279927	0.231757	0.391055	0.0972622	1.817667	1.935589
44316	-1018.814	-1232.208	213.3946	0.6791654	0.229785	0.350418	0.277758	0.142038	1.577112	2.038118
44322	-1022.23	-1234.517	212.2877	1.331945	0.0534314	0.643991	0.147319	0.155259	1.594186	2.32415
44328	-1036.497	-1248.733	212.2365	1.834942	0.210979	0.285451	0.197309	0.306261	1.928164	1.859096
44334	-1038.106	-1251.107	213.0007	1.514328	0.234904	0.268373	0.202752	0.293971	1.697153	1.670618
44340	-1007.86	-1222.204	214.3438	0.596891	0.152799	0.219672	0.386905	0.240625	2.086715	0.9922083
44346	-1013.762	-1226.891	213.1292	1.302406	0.233194	0.143747	0.424892	0.198167	2.429307	1.14561
44352	-1000.751	-1214.702	213.9507	0.8890132	0.143108	0.0906683	0.613707	0.152517	2.429307	0.6606504
44358	-1017.58	-1231.361	213.7804	1.07847	0.353786	0.124773	0.311555	0.209885	2.319594	0.8032855
44364	-1002.413	-1216.31	213.8975	0.9710911	0.230746	0.0724984	0.493756	0.203	2.319594	0.7892831
44370	-998.946	-1212.681	213.7355	1.077852	0.278169	0.191796	0.27926	0.250775	2.449131	0.6722973
44376	-1016.69	-1230.598	213.9077	1.0529	0.318706	0.219746	0.285897	0.175651	2.291783	0.6903479
44382	-1015.866	-1229.848	213.982	0.8210435	0.306166	0.2111	0.274648	0.208085	2.405066	0.767042
44388	-1006.074	-1220.438	214.3636	0.5008783	0.231558	0.159658	0.544962	0.0638219	2.443188	0.6110193
44394	-990.8724	-1204.811	213.9383	0.6578854	0.417461	0.120159	0.370033	0.0923476	2.723149	0.4572837
44400	-1004.177	-1217.81	213.633	1.11534	0.232546	0.0468765	0.624393	0.0961848	2.538617	0.6201924
44406	-1013.184	-1227.578	214.3942	0.4586508	0.256864	0.164405	0.238967	0.339764	2.118517	1.048693
44412	-1019.091	-1233.142	214.051	0.8382319	0.165085	0.552222	0.116728	0.165965	2.010197	1.10234
44418	-1010.011	-1224.241	214.2297	0.826171	0.336514	0.328736	0.131688	0.203061	1.844081	1.10234
44424	-1012.07	-1224.91	212.8403	1.326943	0.183562	0.0522168	0.689668	0.0745534	1.987409	1.69594
44430	-1024.538	-1237.631	213.0938	1.81288	0.266903	0.425264	0.126711	0.181122	1.810924	1.330461
44436	-1025.142	-1238.294	213.1518	1.613106	0.203365	0.484833	0.261468	0.0503331	1.915061	1.330461
44442	-1008.99	-1223.158	214.1679	0.4376458	0.176646	0.288179	0.50714	0.0280354	2.01151	1.352279
44448	-1011.739	-1225.753	214.0144	0.7130002	0.210515	0.36012	0.418493	0.0108727	2.110151	1.163457
44454	-1025.031	-1239.18	214.1493	0.7130002	0.422427	0.151801	0.39549	0.0302822	2.19853	0.9509574
44460	-1036.03	-1247.374	211.3438	1.430052	0.280243	0.257124	0.201427	0.261207	1.725764	2.775191
44466	-1035.706	-1247.503	211.7969	0.9587383	0.292142	0.169585	0.461088	0.0771851	1.643384	2.820702
44472	-1028.019	-1239.951	211.9317	1.149415	0.399738	0.204737	0.296357	0.0991671	1.812089	2.51839
44478	-1032.045	-1244.924	212.8786	1.038299	0.369591	0.112928	0.332786	0.184694	1.962695	1.876675
44484	-1047.581	-1261.351	213.7694	0.7856079	0.219105	0.0992147	0.589481	0.0921995	2.714141	0.3622294
44490	-1030.558	-1244.764	214.2066	0.5690411	0.227768	0.266433	0.423913	0.081886	2.552134	0.5037041
44496	-1032.257	-1246.056	213.7993	0.791548	0.227932	0.2996	0.377919	0.0945486	2.724742	0.5037041
44502	-1033.851	-1248.096	214.2447	0.5294035	0.224495	0.265723	0.319663	0.190118	2.553513	0.4748313
44508	-1033.544	-1247.729	214.1855	0.5294035	0.124207	0.416356	0.451884	0.00755268	2.61392	0.5073453
44514	-1016.227	-1229.272	213.0459	1.211333	0.194549	0.504962	0.069124	0.231365	2.180749	1.482727
44520	-1016.901	-1229.799	212.8984	1.439226	0.276353	0.347642	0.193913	0.182092	2.121104	1.482727
44526	-1015.548	-1227.794	212.2459	2.413328	0.246109	0.256041	0.0417717	0.456078	2.042136	1.468695
44532	-1011.712	-1224.759	213.0464	1.269873	0.297544	0.313672	0.099355	0.28943	2.205424	1.421939
44538	-1014.255	-1226.225	211.9703	2.057539	0.335308	0.356185	0.119896	0.188611	1.945589	1.912943
44544	-1009.54	-1221.572	212.0313	1.810546	0.440382	0.201171	0.157468	0.200978	2.073453	1.912943
44550	-1005.51	-1218.299	212.7883	1.327275	0.123259	0.458825	0.156736	0.26118	2.096796	1.654867
44556	-1002.468	-1215.498	213.03	0.9794399	0.16059	0.361675	0.272384	0.205352	1.976396	1.803611
44562	-1028.458	-1242.234	213.7763	0.8139045	0.197257	0.0610694	0.623448	0.118225	2.719581	0.4527516
44568	-1025.596	-1239.06	213.4647	1.109204	0.395776	0.132548	0.385579	0.086097	2.719581	0.4104563
44574	-1023.86	-1237.809	213.9486	0.6387027	0.183517	0.137215	0.565228	0.11404	2.719581	0.4123191
44580	-1016.392	-1230.184	213.7926	0.7290795	0.123497	0.380469	0.423715	0.0723199	2.766306	0.3855571
44586	-1015.6	-1229.489	213.8893	0.5795853	0.145906	0.268048	0.500603	0.0854432	2.827445	0.3855571
44592	-1004.366	-1218.339	213.9722	0.6451809	0.172967	0.164405	0.533209	0.129418	2.692559	0.4210562
44598	-1014.708	-1228.667	213.9586	0.6230846	0.107255	0.307938	0.548161	0.0366458	2.739452	0.4562805
44604	-1011.534	-1225.492	213.9586	0.6230846	0.195588	0.523695	0.256355	0.0243617	2.739452	0.4562805
44610	-1017.84	-1229.87	212.03	1.219934	0.180482	0.34249	0.229971	0.247056	1.931588	2.339189
44616	-1013.137	-1226.355	213.2179	0.8144847	0.313475	0.186201	0.318659	0.181665	1.940183	1.815818
44622	-1021.774	-1234.773	212.9992	1.37253	0.191388	0.309956	0.333152	0.165503	2.870425	0.3189243
44628	-1023.088	-1236.618	213.53	0.7985224	0.11895	0.281295	0.433302	0.166453	2.883681	0.3059864
44634	-1020.11	-1233.567	213.4568	0.8688655	0.225696	0.396424	0.124488	0.253391	2.883681	0.3059864
44640	-1004.312	-1217.617	213.3052	1.105636	0.174004	0.110936	0.534078	0.180983	2.822495	0.3273182
44646	-1013.07	-1226.87	213.7999	0.5261015	0.167556	0.239782	0.442197	0.150466	2.909121	0.3134385
44652	-1009.816	-1223.057	213.2407	1.033301	0.158943	0.366468	0.248128	0.226461	2.942351	0.3134385
44658	-1022.875	-1235.758	212.8834	1.288208	0.170639	0.393435	0.192802	0.243124	3.018056	0.2849686
44664	-1023.408	-1233.355	209.9465	1.337983	0.370897	0.0861368	0.160704	0.382262	1.494419	3.785852
44670	-1028.455	-1240.446	211.9916	1.337983	0.560129	0.0147877	0.191222	0.233861	1.77453	2.394148
44676	-1039.911	-1250.281	210.3704	1.889035	0.488697	0.0670377	0.369326	0.0749393	1.532344	3.247918
44682	-1019.709	-1232.094	212.3849	1.555799	0.395336	0.0671036	0.362651	0.174909	1.695542	2.068414
44688	-1006.569	-1219.396	212.8274	0.8820428	0.393369	0.0667697	0.136977	0.402884	1.800426	2.124323
44694	-1023.658	-1236.701	213.0431	1.57444	0.412153	0.107781	0.458028	0.0220384	2.737036	0.4736143
44700	-1021.485	-1234.551	213.0668	1.320704	0.383676	0.0390236	0.333558	0.243743	1.827486	1.652519
44706	-1018.467	-1231.973	213.5062	0.7831407	0.400314	0.0654631	0.328833	0.20539	1.917111	1.652519
44712	-1012.147	-1225.985	213.8386	0.6185245	0.29233	0.18664	0.346689	0.174341	1.869091	1.572536
44718	-1021.303	-1234.917	213.6139	0.9193749	0.232298	0.220356	0.283239	0.264108	1.889646	1.489987
44724	-1014.443	-1228.389	213.9459	0.7327769	0.179041	0.148466	0.649755	0.0227383	2.621794	0.4104381
44730	-1010.992	-1224.752	213.7608	0.7327769	0.163732	0.349429	0.455751	0.0310881	2.812794	0.4253035
44736	-1011.682	-1225.72	214.0374	0.6007249	0.176658	0.281537	0.507207	0.0345981	2.678771	0.434309
44742	-1009.928	-1222.812	212.885	1.848733	0.273548	0.132017	0.49252	0.101914	2.653837	0.4065867
44748	-1016.771	-1229.827	213.0556	1.491208	0.293904	0.365516	0.282188	0.0583914	2.777049	0.4065867
44754	-1015.852	-1227.937	212.0852	2.828485	0.346979	0.245603	0.241749	0.165668	2.760603	0.3824685
44760	-1012.114	-1223.633	211.5198	3.72546	0.40043	0.231796	0.103723	0.26405	2.790051	0.3479213
44766	-1004.426	-1216.948	212.5222	1.832209	0.463417	0.0205028	0.210495	0.305585	2.91005	0.2802182
44772	-1015.123	-1227.312	212.1898	1.988366	0.124922	0.286459	0.254842	0.333777	3.057777	0.2446573
44778	-1022.751	-1236.213	213.4626	0.8807622	0.113909	0.398844	0.234219	0.253027	2.845937	0.29141
44784	-1022.233	-1235.448	213.2154	1.15926	0.179174	0.240216	0.329643	0.250967	2.845937	0.3140892
44790	-1030.675	-1244.252	213.5766	0.8579448	0.220084	0.280246	0.447231	0.0524393	2.828552	0.3585248
44796	-1023.962	-1237.461	213.4993	0.7306378	0.182772	0.131484	0.61083	0.074914	2.975635	0.2981749
44802	-1016.785	-1230.34	213.5553	0.7306378	0.183708	0.179558	0.567174	0.06956	2.955957	0.3285876
44808	-1021.54	-1234.202	212.6622	1.679103	0.241876	0.403996	0.186397	0.167731	2.922398	0.3006692
44814	-1018.183	-1232.381	214.1986	0.5989093	0.209303	0.227802	0.425501	0.137393	2.103124	1.113028
44820	-1030.291	-1243.044	212.7525	1.684292	0.315279	0.147321	0.285522	0.251877	2.859363	0.3272267
44826	-1026.034	-1238.709	212.6749	1.44301	0.182772	0.152437	0.404166	0.260624	2.966358	0.223022
44832	-1032.559	-1244.492	211.9331	2.14381	0.221396	0.168197	0.322838	0.287569	3.181401	0.2361797
44838	-1033.612	-1244.911	211.2986	2.923797	0.177889	0.410452	0.0601814	0.351477	3.180277	0.1919211
44844	-1028.838	-1242.85	214.0128	0.8153387	0.37169	0.0675599	0.546557	0.0141928	2.351461	0.8064235
44850	-1027.075	-1240.972	213.8971	0.8799509	0.217312	0.0622399	0.596652	0.123796	2.473274	0.6968411
44856	-1021.591	-1235.495	213.904	0.8601482	0.476869	0.124699	0.333272	0.0651612	2.412611	0.8078358
44862	-1009.747	-1223.496	213.7495	0.8622251	0.2697	0.290239	0.217167	0.222894	2.595763	0.765621
44868	-1025.113	-1239.011	213.8982	0.8460191	0.352635	0.156914	0.432833	0.0576185	2.545664	0.6158092
44874	-1031.572	-1245.612	214.0397	0.5769645	0.335065	0.164028	0.452457	0.0484499	2.686071	0.6196108
44880	-1026.004	-1239.529	213.5251	1.020736	0.229457	0.112329	0.513924	0.144291	2.753032	0.4284353
44886	-1041.664	-1253.955	212.291	2.420723	0.397278	0.117368	0.235531	0.249823	2.753032	0.3093682
44892	-1022.497	-1235.273	212.7762	1.607901	0.23804	0.475581	0.087305	0.199074	2.843008	0.2836124
44898	-1003.784	-1217.346	213.5625	0.8096401	0.196289	0.414151	0.294028	0.0955324	2.905694	0.3761379
44904	-1006.592	-1220.404	213.8115	0.6185155	0.137566	0.317468	0.494641	0.0503259	2.858509	0.3761379
44910	-1014.276	-1228.497	214.2203	0.5657581	0.282797	0.247085	0.431697	0.0384213	2.31974	0.9111031
44916	-1014.848	-1229.238	214.3897	0.4669658	0.474041	0.184124	0.313897	0.0279371	2.102576	1.060624
44922	-1001.285	-1215.308	214.023	0.5125079	0.317887	0.306258	0.290666	0.0851895	2.792625	0.5234654
44928	-1004.107	-1217.549	213.4413	1.075647	0.172577	0.299914	0.444084	0.083425	2.792625	0.4749002
44934	-1009.147	-1222.857	213.7097	0.7539138	0.158196	0.258779	0.511042	0.0719827	2.852573	0.5267374
44940	-1002.477	-1216.328	213.8514	0.6780398	0.345372	0.28055	0.296039	0.0780387	2.789665	0.5387657
44946	-1008.139	-1220.22	212.0811	3.134557	0.384687	0.098167	0.217104	0.300042	2.523755	0.7429327
44952	-1015.581	-1227.255	211.6742	3.752805	0.156578	0.33528	0.11359	0.394552	2.439011	0.931413
44958	-1014.249	-1227.249	213.0004	1.814759	0.213389	0.33426	0.106165	0.346185	2.068281	1.193353
44964	-1009.217	-1222.218	213.001	1.789124	0.178472	0.39009	0.0274308	0.404007	2.161708	1.128616
44970	-1044.527	-1256.046	211.519	4.581449	0.426517	0.116437	0.11216	0.344887	2.084007	1.038317
44976	-1032.161	-1241.773	209.6122	8.902164	0.235726	0.110212	0.158873	0.495189	2.034068	1.3809
44982	-1023.217	-1235.875	212.6579	2.413401	0.20365	0.0670673	0.489126	0.240157	2.15127	1.031378
44988	-1029.371	-1242.147	212.7762	2.423494	0.421511	0.0266147	0.412289	0.139585	2.02276	1.034647
44994	-1021.982	-1235.621	213.6394	1.384558	0.3644	0.064275	0.504961	0.0663646	2.096872	0.8975547
45000	-1031.508	-1242.985	211.4771	3.979321	0.250221	0.204378	0.502193	0.0432085	2.190141	1.239158
45006	-1016.421	-1226.679	210.258	8.707358	0.537649	0.155363	0.145254	0.161734	1.996332	0.8802427
45012	-1032.02	-1245.994	213.9735	0.6836754	0.229101	0.172435	0.564312	0.0341521	2.181572	1.163948
45018	-1014.194	-1227.707	213.5128	1.130937	0.164777	0.45231	0.23771	0.145203	2.457194	0.8992774
45024	-1019.563	-1233.499	213.9363	0.7322155	0.279346	0.287458	0.264782	0.168413	2.14837	1.180524
45030	-1012.178	-1225.915	213.7376	0.9366339	0.432881	0.0539736	0.252169	0.260976	2.067943	1.237272
45036	-1022.402	-1235.812	213.4105	1.210168	0.241175	0.213866	0.326373	0.218585	2.066086	1.287867
45042	-1008.056	-1221.983	213.927	0.9216425	0.0993557	0.568953	0.284998	0.0466931	2.075528	1.077065
45048	-1009.615	-1222.898	213.2836	1.356602	0.0910795	0.52156	0.261258	0.126102	2.318122	1.061051
45054	-1012.358	-1225.643	213.2853	1.488564	0.0761031	0.586764	0.162802	0.174331	2.272311	0.9904322
45060	-1026.471	-1240.151	213.6792	0.9743046	0.186283	0.425409	0.106411	0.281897	2.637809	0.6035444
45066	-1032.469	-1246.211	213.7415	0.9161845	0.350372	0.309644	0.21113	0.128854	2.637809	0.4168422
45072	-1031.233	-1244.426	213.1926	1.262756	0.233729	0.182701	0.510334	0.0732363	2.026737	1.451857
45078	-1025.178	-1238.14	212.9626	1.262756	0.279501	0.250753	0.384639	0.0851074	2.062932	1.596129
45084	-1030.907	-1244.877	213.9699	0.7473725	0.12757	0.414367	0.327284	0.130778	2.599333	0.5265963
45090	-1017.323	-1231.044	213.7211	0.6809336	0.0748271	0.148811	0.693424	0.0829377	1.888284	1.596129
45096	-1017.024	-1230.632	213.6079	0.7897253	0.210264	0.20116	0.418699	0.169877	1.879761	1.601074
45102	-1037.082	-1250.869	213.7871	0.7897253	0.214969	0.205661	0.428068	0.151303	2.198365	1.213685
45108	-1020.36	-1234.298	213.9386	0.7897253	0.259571	0.0281355	0.54823	0.164064	2.095391	1.171878
45114	-1041.906	-1255.761	213.8546	0.7897253	0.202456	0.241982	0.427599	0.127964	2.312898	1.050353
45120	-1024.049	-1238.133	214.0837	0.7741899	0.144189	0.351065	0.284441	0.220305	2.336053	0.7900345
45126	-1037.406	-1250.712	213.3066	1.454593	0.101973	0.248122	0.47138	0.178525	2.537135	0.656775
45132	-1028.619	-1242.439	213.8205	0.9794383	0.268669	0.246159	0.0756295	0.409542	2.505886	0.5482856
45138	-1035.103	-1248.857	213.7538	1.038289	0.354007	0.281799	0.205653	0.15854	2.505886	0.582499
45144	-1006.849	-1220.848	213.9985	0.7465475	0.190832	0.252239	0.379147	0.177783	2.525757	0.6696319
45150	-1021.585	-1235.554	213.9687	0.7524312	0.158437	0.379176	0.314784	0.147603	2.568566	0.6277817
45156	-1037.25	-1250.649	213.3983	0.9134262	0.167005	0.399681	0.331807	0.101508	2.895431	0.3052894
45162	-1042.595	-1256.304	213.7087	0.6239342	0.245791	0.07601	0.549777	0.128422	2.960494	0.3838762
45168	-1039.19	-1253.448	214.2575	0.6239342	0.188495	0.291398	0.421621	0.098486	2.440378	0.5416656
45174	-1024.766	-1238.605	213.8394	0.7298668	0.141395	0.224202	0.484805	0.149598	2.716349	0.3818265
45180	-1021.977	-1235.867	213.8896	0.7298668	0.260186	0.182359	0.416143	0.141312	2.698873	0.4831523
45186	-1023.934	-1236.61	212.6764	2.219801	0.227585	0.190395	0.434482	0.147539	2.605311	0.4831523
45192	-1016.123	-1230.124	214.0017	0.7109677	0.101638	0.187199	0.427189	0.283974	2.605311	0.4686624
45198	-1010.316	-1223.461	213.1442	1.317941	0.147449	0.0791749	0.434617	0.338759	2.857954	0.4554829
45204	-1024.382	-1238.147	213.7645	0.7094897	0.169523	0.116233	0.460201	0.254044	2.841931	0.4554829
45210	-1021.836	-1235.468	213.6321	0.8611271	0.0733017	0.224791	0.47343	0.228477	2.813706	0.4482704
45216	-1014.61	-1227.871	213.261	1.382679	0.0570045	0.233577	0.368172	0.341247	2.686993	0.4977309
45222	-1009.411	-1223.265	213.8533	0.6482251	0.0388837	0.159326	0.546209	0.255581	2.822188	0.4977309
45228	-1019.402	-1232.932	213.53	1.015891	0.333453	0.0857481	0.381818	0.198981	2.764216	0.4977309
45234	-1021.84	-1235.558	213.7179	0.6309052	0.190261	0.10111	0.64713	0.0614995	2.08457	1.492491
45240	-1016.58	-1230.894	214.3131	0.5178763	0.190666	0.223959	0.462098	0.123277	2.486688	0.5795541
45246	-1009.31	-1223.149	213.8392	0.7762389	0.220472	0.102643	0.534336	0.142548	2.689509	0.5795541
45252	-1013.172	-1226.706	213.5339	1.038174	0.253976	0.0604815	0.470141	0.215401	2.736247	0.5321129
45258	-1019.1	-1232.492	213.392	1.237781	0.270287	0.0259	0.2708	0.433013	2.687888	0.5136274
45264	-1023.614	-1237.003	213.3888	0.6316369	0.1955	0.30911	0.258673	0.236717	2.116398	1.708238
45270	-1020.855	-1234.559	213.7043	1.038289	0.202591	0.0415587	0.647461	0.108389	2.55942	0.56721
45276	-1023.996	-1237.679	213.6826	1.047443	0.15537	0.0608535	0.626954	0.156822	2.505794	0.7187096
45282	-1018.826	-1232.535	213.7095	1.069957	0.185707	0.289035	0.242193	0.283064	2.4137	0.7831823
45288	-1023.907	-1237.755	213.8478	0.9760848	0.0781848	0.115663	0.594253	0.2119	2.485317	0.5222017
45294	-1013.929	-1227.932	214.0031	0.7110811	0.20197	0.298784	0.420281	0.0789638	2.582293	0.6166213
45300	-1018.373	-1231.904	213.5308	0.8199158	0.208291	0.420651	0.289622	0.0814351	2.960336	0.4608535
45306	-1016.917	-1230.676	213.7594	0.7931196	0.153668	0.137917	0.625315	0.0830992	2.762902	0.4925032
45312	-1018.216	-1232.295	214.0791	0.6402753	0.35561	0.0946098	0.488962	0.0608188	2.604513	0.4879607
45318	-1012.304	-1225.894	213.5907	0.9723215	0.266405	0.168206	0.532743	0.0326452	2.721065	0.3943195
45324	-1016.068	-1229.478	213.4101	1.204222	0.404497	0.18814	0.338522	0.0688409	2.09573	1.26844
45330	-1026.187	-1240.035	213.8482	0.7540006	0.146527	0.275847	0.513984	0.0636425	2.05439	1.313339
45336	-1015.5	-1228.929	213.4293	1.007918	0.335052	0.081859	0.518844	0.0642444	2.189659	1.331259
45342	-1001.536	-1214.903	213.367	0.9149024	0.335002	0.234078	0.366685	0.0642347	1.967135	1.618282
45348	-1015.734	-1229.207	213.4732	0.8689333	0.267875	0.308458	0.372303	0.0513636	1.908158	1.618282
45354	-1015.741	-1228.891	213.15	1.178006	0.30837	0.203917	0.428584	0.0591282	2.095257	1.492414
45360	-1016.376	-1229.935	213.5597	0.7687776	0.179019	0.347302	0.372975	0.100704	2.167596	1.438845
45366	-1018.135	-1230.911	212.7765	1.149477	0.177877	0.35056	0.404809	0.0667539	1.728676	2.02985
45372	-1019.759	-1232.138	212.3785	1.10631	0.087098	0.231365	0.586721	0.0948153	1.519974	2.447555
45378	-1017.718	-1230.725	213.0068	1.01241	0.110518	0.303528	0.187523	0.398431	1.743367	1.955745
45384	-1007.689	-1220.793	213.1038	1.01241	0.147518	0.397085	0.250304	0.205093	1.857228	1.812171
45390	-1023.62	-1237.95	214.3296	0.5565882	0.0646366	0.22079	0.70217	0.0124034	2.391161	0.6769888
45396	-1020.767	-1234.754	213.9868	0.8955977	0.27699	0.167202	0.453606	0.102202	2.305659	0.7912042
45402	-1024.504	-1238.368	213.8636	1.012782	0.403213	0.201597	0.300777	0.0944128	1.836756	1.261058
45408	-1025.068	-1238.814	213.7458	0.9870272	0.460198	0.164987	0.267619	0.107196	1.980266	1.261058
45414	-1011.63	-1224.854	213.2242	0.96416	0.271352	0.0790438	0.419741	0.229864	2.118709	1.575443
45420	-1028.447	-1241.682	213.2353	0.96416	0.194437	0.331555	0.218089	0.255918	2.184298	1.518789
45426	-1021.57	-1235.036	213.4662	0.9393612	0.244533	0.330277	0.170258	0.254932	2.252687	1.306399
45432	-1022.328	-1235.419	213.0908	1.263497	0.247103	0.317502	0.151395	0.284	2.129819	1.450344
45438	-1037.102	-1250.599	213.4961	1.263497	0.226814	0.37354	0.138964	0.260681	2.085587	1.156715
45444	-1008.14	-1221.658	213.5178	0.9327383	0.295305	0.248861	0.0568666	0.398967	1.778011	1.632821
45450	-1006.871	-1220.339	213.4681	0.9458602	0.31768	0.191499	0.131488	0.359333	1.672697	1.733601
45456	-1005.423	-1218.765	213.3416	1.061151	0.312699	0.203819	0.101031	0.382451	1.857849	1.609534
45462	-1003.7	-1217.36	213.66	1.119317	0.315229	0.178104	0.353423	0.153245	1.935757	1.261066
45468	-1016.633	-1229.392	212.7593	1.665592	0.41557	0.0436837	0.391755	0.14899	1.920451	1.592004
45474	-1029.035	-1242.267	213.2315	1.665592	0.443399	0.073703	0.291952	0.190946	1.866616	1.269695
45480	-1009.889	-1222.63	212.7406	1.101195	0.186706	0.0760525	0.338398	0.398843	1.724087	2.087322
45486	-1002.241	-1215.279	213.0375	1.101195	0.27461	0.159413	0.333373	0.232605	1.997532	1.699328
45492	-1027.383	-1240.601	213.2179	0.7995403	0.139394	0.206497	0.403573	0.250536	1.88193	1.866571
45498	-1022.082	-1234.862	212.7792	0.8607173	0.375029	0.133261	0.330029	0.161681	2.032645	2.017535
45504	-1037.121	-1250.045	212.9238	0.8361756	0.167655	0.435794	0.216172	0.180379	1.956693	1.988772
45510	-1041.978	-1255.547	213.5694	1.150956	0.0873638	0.190725	0.368393	0.353518	1.989747	1.26617
45516	-1044.828	-1258.625	213.7962	0.6888702	0.121835	0.245724	0.429341	0.2031	2.0419	1.41859
45522	-1021.352	-1234.413	213.0613	1.38933	0.121835	0.245724	0.429341	0.2031	2.071216	1.430281
45528	-1023.483	-1237.612	214.1288	0.6716484	0.11195	0.486299	0.192145	0.209606	2.071216	1.135424
45534	-1043.909	-1255.218	211.3093	1.538661	0.253193	0.187154	0.175898	0.383755	1.690318	2.760407
45540	-1023.682	-1237.348	213.6663	0.756808	0.305048	0.0588533	0.384134	0.251964	1.983757	1.506846
45546	-1019.448	-1232.94	213.4916	1.021192	0.335693	0.0233264	0.336065	0.304915	2.063264	1.371602
45552	-1022.299	-1235.113	212.8139	1.809847	0.333661	0.0114199	0.505642	0.149277	2.091588	1.331778
45558	-1016.409	-1229.997	213.5886	1.031255	0.382085	0.0123445	0.389302	0.216268	1.926139	1.395186
45564	-1024.49	-1238	213.5109	1.031255	0.447181	0.0144476	0.285257	0.253114	1.926139	1.455059
45570	-1023.947	-1237.282	213.3341	1.003165	0.313827	0.0168522	0.37408	0.295241	2.062783	1.506493
45576	-1010.027	-1223.367	213.3405	0.9051698	0.348618	0.13592	0.425648	0.0898137	1.70328	1.829858
45582	-1032.418	-1246.038	213.6195	0.9454123	0.246118	0.129033	0.55109	0.0737594	2.056027	1.336279
45588	-1019.063	-1233.041	213.9785	0.6477032	0.392738	0.0515476	0.527661	0.0280534	2.236995	1.144238
45594	-1019.914	-1232.565	212.652	1.466087	0.25517	0.273737	0.295278	0.175816	1.830504	1.850238
45600	-1011.294	-1224.376	213.082	1.538774	0.282346	0.252281	0.27846	0.186913	2.19827	1.205992
45606	-1026.044	-1238.168	212.1247	1.389185	0.148864	0.159027	0.554076	0.138033	1.942762	2.171748
45612	-1018.932	-1232.506	213.5736	1.211373	0.11251	0.595816	0.154413	0.137262	2.005999	1.20079
45618	-1009.872	-1223.165	213.2926	0.7602601	0.207448	0.268513	0.442358	0.0816817	1.921892	1.816218
45624	-1032.07	-1243.543	211.4735	1.144529	0.118009	0.337275	0.431205	0.113511	1.686371	2.879754
45630	-1015.74	-1229.002	213.2619	0.9841458	0.289793	0.185916	0.461721	0.0625705	2.045632	1.586588
45636	-1008.694	-1221.764	213.0705	1.031946	0.190807	0.429721	0.304009	0.0754627	2.141625	1.621287
45642	-1008.562	-1220.972	212.4098	1.471908	0.191593	0.368338	0.210931	0.229138	2.141625	1.799217
45648	-1003.021	-1216.331	213.3093	0.9477978	0.195015	0.441656	0.0885807	0.274749	2.205468	1.459588
45654	-1009.784	-1222.757	212.9736	2.102582	0.347888	0.234508	0.0311437	0.38646	2.070378	1.015935
45660	-1003.093	-1213.482	210.3884	4.799872	0.0544467	0.805928	0.0398082	0.0998167	1.894543	1.968915
45666	-1007.93	-1219.216	211.2868	2.874999	0.0439831	0.501973	0.0904165	0.363627	1.974098	1.983558
45672	-1011.013	-1224.892	213.8795	0.9228757	0.031891	0.680526	0.0655588	0.222024	2.190662	1.010941
45678	-1013.766	-1226.903	213.137	1.025152	0.150143	0.511694	0.0708822	0.267281	2.170215	1.556826
45684	-1008.751	-1221.667	212.9158	1.440843	0.236416	0.480243	0.0324887	0.250853	2.271204	1.352227
45690	-1020.609	-1234.37	213.7607	0.6509673	0.277975	0.435242	0.032941	0.253842	2.044628	1.474325
45696	-1025.174	-1238.615	213.4414	0.9142072	0.318254	0.388098	0.0273631	0.266285	2.052967	1.500865
45702	-1019.407	-1232.116	212.709	1.068212	0.362049	0.126573	0.334633	0.176745	2.116139	1.867577
45708	-1026.718	-1240.831	214.1129	0.5702745	0.404867	0.107632	0.337204	0.150296	1.796853	1.459464
45714	-1022.117	-1234.454	212.3367	1.184691	0.39634	0.102896	0.415403	0.0853621	1.796853	2.250479
45720	-1015.404	-1227.66	212.2554	1.184691	0.297306	0.0771852	0.396303	0.229206	2.007173	2.16708
45726	-1024.212	-1237.505	213.2931	1.020268	0.417938	0.0998975	0.260971	0.221194	2.020271	1.555813
45732	-1021.346	-1234.626	213.2808	0.7993134	0.317342	0.0855538	0.530808	0.0662962	2.053987	1.703448
45738	-1023.931	-1236.779	212.8481	1.672351	0.34059	0.0918214	0.426621	0.140967	2.094785	1.389703
45744	-1029.34	-1242.289	212.9488	1.154262	0.511754	0.168182	0.214358	0.105706	1.69077	1.936918
45750	-1031.367	-1244.491	213.1243	1.531467	0.361282	0.118731	0.304315	0.215672	2.02949	1.316039
45756	-1022.783	-1237.131	214.3478	0.7018619	0.208776	0.478784	0.171272	0.141168	2.013142	0.9496053
45762	-1011.146	-1223.606	212.4603	1.445501	0.341245	0.181084	0.394792	0.0828791	1.929633	1.925418
45768	-1022.676	-1236.01	213.3341	0.8875828	0.105503	0.418863	0.153118	0.322516	1.985744	1.648749
45774	-1006.289	-1220.218	213.9295	0.9569119	0.348014	0.339973	0.0811543	0.230858	2.260479	0.8427468
45780	-1012.119	-1225.166	213.0467	1.717961	0.185172	0.499681	0.044059	0.271088	1.987942	1.286712
45786	-1025.044	-1237.752	212.7076	1.485495	0.19452	0.345585	0.309247	0.150648	1.905841	1.747854
45792	-1020.74	-1234.109	213.3689	0.8611904	0.341157	0.133662	0.356226	0.168955	1.805631	1.770694
45798	-1006.701	-1219.647	212.9467	0.9696642	0.179076	0.395298	0.298322	0.127304	1.767559	2.008416
45804	-1016.26	-1228.908	212.6481	1.538087	0.30025	0.247191	0.317199	0.13536	1.782588	1.843201
45810	-1034.124	-1248.117	213.9925	1.056848	0.208803	0.293153	0.33879	0.159254	1.958611	0.9956981
45816	-1002.117	-1214.471	212.3546	1.491585	0.129568	0.321939	0.182282	0.366211	2.080318	1.867598
45822	-1020.894	-1230.961	210.0671	5.056852	0.0967463	0.344519	0.195067	0.363668	2.253248	1.867598
45828	-1025.006	-1236.86	211.8539	2.574576	0.0778859	0.351712	0.19914	0.371262	1.972803	1.7265
45834	-1011.597	-1224.525	212.928	1.239812	0.121338	0.477546	0.239365	0.161751	2.091489	1.616011
45840	-1012.43	-1225.328	212.8982	1.239812	0.196235	0.50891	0.171386	0.123468	1.734012	1.887241
45846	-1009.102	-1221.716	212.614	1.436277	0.147282	0.150749	0.556432	0.145537	1.957591	1.806871
45852	-1018.431	-1231.418	212.9869	1.660983	0.106683	0.2346	0.47916	0.179557	2.692265	0.3869309
45858	-1016.909	-1230.074	213.1654	1.449722	0.0522392	0.649112	0.245591	0.0530575	2.718427	0.4519389
45864	-1004.267	-1218.162	213.895	0.9175544	0.240355	0.0944425	0.481063	0.18414	2.406071	0.7467009
45870	-1000.58	-1213.892	213.3115	1.406343	0.207038	0.182083	0.455678	0.155201	2.536566	0.7257774
45876	-1009.263	-1222.851	213.5884	1.232712	0.159003	0.24259	0.358397	0.24001	2.206586	0.9830445
45882	-1024.143	-1237.747	213.6044	1.087667	0.0939392	0.0596721	0.622393	0.223996	2.429585	0.8740115
45888	-1001.397	-1215.356	213.9595	0.7473487	0.124098	0.286078	0.539274	0.0505498	2.516652	0.7498025
45894	-1013.965	-1228.193	214.2282	0.582375	0.0975957	0.288313	0.593109	0.0209821	2.422263	0.7498025
45900	-1019.365	-1232.766	213.4008	1.17922	0.06097	0.515685	0.370527	0.0528173	2.640203	0.7498025
45906	-1012.581	-1226.454	213.8739	0.880704	0.0821831	0.197694	0.499444	0.22068	2.440192	0.782647
45912	-1031.301	-1245.259	213.9577	0.8740504	0.328067	0.363023	0.220071	0.0888395	2.161043	1.012472
45918	-1025.184	-1239.132	213.948	0.8330426	0.378789	0.226252	0.325703	0.0692562	2.176397	1.048336
45924	-1019.973	-1233.946	213.9728	0.7714391	0.188664	0.332155	0.314819	0.164362	2.569192	0.541279
45930	-1030.571	-1244.752	214.1812	0.5171006	0.221131	0.203855	0.426914	0.1481	2.630799	0.5036644
45936	-1021.912	-1235.559	213.6465	1.059854	0.318533	0.204146	0.329009	0.148312	2.602197	0.4686168
45942	-1031.432	-1244.064	212.6321	2.577338	0.112577	0.483645	0.151719	0.25206	2.179921	0.916004
45948	-1035.318	-1247.86	212.5414	2.86463	0.067856	0.353329	0.256728	0.322087	2.025278	0.9827544
45954	-1040.52	-1253.674	213.1539	2.225952	0.310871	0.370573	0.0815884	0.236967	1.943434	0.8635249
45960	-1024.337	-1237.011	212.6739	1.573418	0.386534	0.251965	0.112153	0.249349	1.856756	1.753146
45966	-1019.364	-1231.877	212.5133	1.319265	0.174638	0.234503	0.0859138	0.504945	1.824201	2.03591
45972	-1026.198	-1240.273	214.0748	0.5932704	0.336019	0.222404	0.369582	0.0719944	2.622857	0.377838
45978	-1007.707	-1221.741	214.0343	0.5932704	0.314256	0.207999	0.345645	0.132101	2.640991	0.348305
45984	-1016.148	-1230.456	214.308	0.5932704	0.297949	0.171019	0.316573	0.214459	2.403979	0.4033854
45990	-1026.69	-1240.595	213.9045	0.6866579	0.240959	0.228616	0.256021	0.274404	2.708797	0.4033854
45996	-1033.876	-1247.743	213.867	0.7396232	0.125524	0.21779	0.548757	0.107929	2.690291	0.4033854
46002	-1026.561	-1240.521	213.9604	0.5653546	0.129607	0.237147	0.576046	0.0572	2.774067	0.390685
46008	-1025.306	-1239.259	213.9535	0.5537313	0.177674	0.154581	0.607429	0.0603162	2.760551	0.3455943
46014	-1033.072	-1246.98	213.9082	0.5537313	0.222821	0.246687	0.513773	0.0167195	2.854954	0.4279812
46020	-1022.684	-1234.557	211.8735	1.100604	0.335209	0.288477	0.229594	0.14672	1.847277	2.562043
46026	-1021.408	-1234.495	213.0862	1.100604	0.36944	0.0859766	0.347278	0.197305	2.218668	1.503495
46032	-1024.503	-1238.342	213.8394	0.6718474	0.0845853	0.517637	0.351236	0.0465423	2.757637	0.3538424
46038	-1026.725	-1240.664	213.9395	0.5026124	0.092245	0.36144	0.482393	0.063922	2.785352	0.3070507
46044	-1032.6	-1245.001	212.401	1.8768	0.0925317	0.624808	0.0923054	0.190355	1.869313	1.763541
46050	-1022.721	-1236.847	214.1267	0.5107391	0.134838	0.294238	0.370143	0.200781	2.691731	0.4987221
46056	-1015.198	-1229.284	214.0862	0.5549658	0.291147	0.226647	0.285115	0.197092	2.678036	0.4354672
46062	-1039.575	-1253.737	214.1621	0.5007891	0.148626	0.172144	0.546725	0.132504	2.657282	0.435817
46068	-1037.142	-1251.205	214.0626	0.5503417	0.285053	0.350441	0.34203	0.022476	2.684698	0.3859688
46074	-1026.77	-1238.859	212.0894	0.9136342	0.301582	0.276313	0.318085	0.10402	1.836154	2.550717
46080	-1014.61	-1225.871	211.2607	3.394481	0.294555	0.203804	0.420875	0.0807668	2.22814	1.615352
46086	-1029.575	-1240.195	210.6202	4.933918	0.0442255	0.167439	0.657074	0.131261	2.147313	1.59028
46092	-1015.525	-1226.503	210.9786	4.933918	0.18273	0.264892	0.383312	0.169066	1.955181	1.466741
46098	-1034.838	-1248.015	213.1765	0.9293905	0.321328	0.164071	0.462297	0.0523042	1.983865	1.731587
46104	-1011.426	-1224.469	213.0424	1.208134	0.296842	0.177158	0.427069	0.0989313	1.913052	1.683211
46110	-1023.238	-1235.534	212.296	1.191858	0.18973	0.487155	0.229045	0.0940703	1.708774	2.328539
46116	-1021.894	-1234.071	212.1776	0.9033569	0.0766467	0.682906	0.17536	0.0650874	2.023119	2.384741
46122	-1007.329	-1219.834	212.5051	1.686527	0.555922	0.0733746	0.237052	0.133651	1.941589	1.74616
46128	-1013.412	-1226.357	212.945	2.031494	0.324795	0.165616	0.43421	0.0753788	1.941589	1.207055
46134	-1012.172	-1226	213.8275	0.5353889	0.227187	0.370898	0.378146	0.0237693	2.065888	1.498994
46140	-1026.331	-1239.188	212.8565	1.209591	0.100967	0.319186	0.492697	0.0871498	2.115088	1.670754
46146	-1013.797	-1227.158	213.3604	1.195011	0.458196	0.0974131	0.27236	0.172032	2.254541	1.183575
46152	-1013.271	-1226.702	213.4309	1.014535	0.417977	0.121112	0.232603	0.228308	2.258648	1.26855
46158	-1013.229	-1226.466	213.2373	1.041225	0.387548	0.127444	0.244764	0.240244	2.156564	1.480318
46164	-1004.155	-1216.654	212.4995	1.763257	0.38437	0.010886	0.366469	0.238275	2.110181	1.585361
46170	-1017.24	-1229.84	212.6001	1.024715	0.210575	0.00727111	0.68113	0.101024	1.914862	2.103686
46176	-1012.858	-1226.105	213.247	1.29942	0.320379	0.0025337	0.371237	0.30585	2.05463	1.361805
46182	-1011.176	-1223.908	212.7318	1.514438	0.405055	0.00874163	0.307774	0.278428	1.738145	1.83013
46188	-1016.979	-1230.005	213.026	1.251529	0.279711	0.00474037	0.300597	0.414952	1.966317	1.627796
46194	-1012.725	-1225.782	213.0571	1.162172	0.363012	0.00615211	0.330874	0.299961	1.80204	1.781529
46200	-995.173	-1208.087	212.9135	1.27839	0.390486	0.0562203	0.23063	0.322664	2.01974	1.652359
46206	-987.2426	-1200.118	212.8753	1.101858	0.447408	0.0238859	0.251222	0.277484	2.118364	1.728124
46212	-1013.724	-1227.116	213.3917	0.7255521	0.301378	0.204299	0.275545	0.218779	2.334642	1.474312
46218	-1009.002	-1222.851	213.8488	0.7255521	0.112571	0.341459	0.34746	0.19851	2.407795	1.02975
46224	-1022.617	-1236.785	214.1678	0.5510737	0.190821	0.384588	0.279679	0.144912	2.059405	1.22178
46230	-1039.624	-1254.048	214.4232	0.6010588	0.0814327	0.23142	0.646675	0.040472	2.132703	0.84995
46236	-1016.649	-1231.072	214.4232	0.6010588	0.191289	0.277555	0.436085	0.0950705	2.132703	0.84995
46242	-1025.236	-1239.306	214.0706	0.9482228	0.293148	0.345958	0.188467	0.172426	1.972725	1.012029
46248	-1022.001	-1235.37	213.3695	1.532624	0.273645	0.456563	0.149634	0.120158	1.935497	1.189257
46254	-1010.385	-1224.165	213.7806	1.18469	0.101663	0.468861	0.373337	0.0561386	1.935497	1.102356
46260	-1016.819	-1229.407	212.5885	1.79663	0.127048	0.399347	0.403448	0.0701562	1.691713	1.800363
46266	-1027.254	-1240.009	212.7543	1.710026	0.511087	0.206352	0.0492189	0.233343	1.740247	1.698966
46272	-1028.149	-1239.668	211.5198	2.875037	0.214365	0.023576	0.634804	0.127255	2.138556	1.710885
46278	-1035.032	-1247.683	212.6514	1.282473	0.281698	0.342447	0.182342	0.193513	1.996603	1.849471
46284	-1017.32	-1230.167	212.8474	1.761719	0.119756	0.423977	0.239748	0.216518	1.878057	1.500558
46290	-1014.926	-1227.949	213.0238	1.566888	0.242553	0.44065	0.0674834	0.249314	2.060697	1.347407
46296	-1020.147	-1233.998	213.8509	0.9305425	0.0825363	0.535832	0.111365	0.270266	1.938995	1.255525
46302	-1032.026	-1243.475	211.449	1.43739	0.0914109	0.521192	0.124515	0.262882	1.67548	2.737679
46308	-1010.254	-1222.767	212.5127	0.8322269	0.136684	0.399467	0.229792	0.234058	1.836267	2.337378
46314	-1031.549	-1245.37	213.821	0.9690837	0.142251	0.200898	0.464352	0.192499	2.363702	0.8341458
46320	-1018.633	-1232.78	214.1468	0.8388972	0.0485877	0.561458	0.247104	0.14285	2.21372	0.7782823
46326	-1009.385	-1223.665	214.2794	0.7676254	0.0739346	0.277712	0.506032	0.142321	2.185214	0.734726
46332	-1019.199	-1233.61	214.4101	0.627458	0.119711	0.129601	0.52025	0.230438	2.125566	0.840751
46338	-1021.917	-1235.87	213.9525	0.8997197	0.0978552	0.428763	0.205683	0.267699	2.224799	0.9246121
46344	-1025.789	-1239.609	213.82	1.052128	0.18715	0.253251	0.295612	0.263988	2.203889	0.9246121
46350	-1036.509	-1248.757	212.2483	1.690029	0.138948	0.548407	0.143051	0.169594	1.943957	1.919229
46356	-1011.445	-1224.203	212.7581	0.4673854	0.236378	0.499433	0.232302	0.0318868	1.826339	2.428556
46362	-1010.759	-1223.35	212.5902	0.6218165	0.155407	0.11136	0.703005	0.0302275	1.836548	2.428556
46368	-1018.173	-1231.323	213.1503	0.5808728	0.302085	0.340629	0.239949	0.117337	2.083807	1.93198
46374	-1021.341	-1234.039	212.698	0.8184796	0.246975	0.278487	0.385779	0.0887581	2.072817	2.073759
46380	-1012.71	-1225.682	212.9714	0.8063312	0.170607	0.584616	0.162842	0.0819348	1.854769	2.045649
46386	-1027.094	-1240.805	213.711	0.8063312	0.452208	0.11985	0.318082	0.10986	2.089929	1.35074
46392	-1034.564	-1246.678	212.1135	1.821703	0.322734	0.0842217	0.555464	0.0375808	2.027141	1.882595
46398	-1024.255	-1236.89	212.635	1.199836	0.218195	0.136023	0.578476	0.0673055	1.932228	1.956477
46404	-1024.257	-1238.272	214.0151	0.7885509	0.161142	0.100456	0.631192	0.10721	1.905503	1.268981
46410	-1019.761	-1233.018	213.257	0.6479701	0.280448	0.191625	0.341342	0.186586	1.905503	1.932656
46416	-1012.532	-1226.018	213.4858	0.6449098	0.25556	0.17462	0.399792	0.170028	1.89697	1.784158
46422	-1019.535	-1232.874	213.3388	0.5995106	0.161197	0.247858	0.567468	0.0234771	1.903884	1.913046
46428	-1020.329	-1234.259	213.93	0.7554831	0.263891	0.207264	0.474529	0.0543168	1.995311	1.293688
46434	-1006.601	-1220.482	213.8806	0.630248	0.253117	0.146682	0.535467	0.0647333	2.177208	1.293688
46440	-1015.023	-1228.778	213.7547	0.9032311	0.414003	0.179961	0.335974	0.0700616	2.122806	1.205251
46446	-1024.147	-1237.724	213.5769	1.077839	0.177735	0.233247	0.456496	0.132523	2.125559	1.205251
46452	-1035.217	-1248.718	213.5007	0.7857901	0.0975607	0.426422	0.358212	0.117805	1.902666	1.664793
46458	-1030.505	-1243.549	213.044	0.7382593	0.126055	0.129182	0.604643	0.140121	1.967037	1.970204
46464	-1014.575	-1227.558	212.9826	1.89801	0.212035	0.0873114	0.273418	0.427236	2.00913	1.203618
46470	-1020.602	-1234.361	213.7594	1.024264	0.320721	0.109922	0.264634	0.304723	2.082233	1.129689
46476	-1025.01	-1238.365	213.3544	1.835258	0.355801	0.121945	0.293579	0.228675	2.193383	0.61113
46482	-1012.929	-1226.845	213.9168	0.9675697	0.478943	0.148928	0.214075	0.158053	2.379512	0.6681674
46488	-1027.309	-1241.563	214.2539	0.6078555	0.306893	0.0753339	0.404519	0.213254	2.417831	0.6681674
46494	-1040.92	-1254.917	213.9978	0.6047667	0.433502	0.118307	0.338886	0.109305	1.998569	1.364443
46500	-1014.806	-1229.061	214.2547	0.7829686	0.131346	0.492124	0.305381	0.0711491	2.215123	0.6994321
46506	-1007.094	-1221.072	213.9778	0.8091929	0.325391	0.194604	0.390457	0.089549	2.439529	0.7404954
46512	-1015.614	-1229.562	213.9489	0.8091929	0.282312	0.213777	0.34856	0.155351	2.490101	0.7053566
46518	-1031.148	-1244.466	213.3177	1.420982	0.269002	0.367358	0.231801	0.131839	2.593974	0.4662111
46524	-1004.789	-1218.524	213.7351	0.8329774	0.138412	0.496132	0.251489	0.113967	2.731068	0.4194421
46530	-1012.092	-1225.389	213.2971	1.141433	0.13	0.313117	0.448873	0.10801	2.837725	0.3765034
46536	-1032.736	-1243.928	211.1926	4.476419	0.0748627	0.0795983	0.576355	0.269184	2.800644	0.4555134
46542	-1012.507	-1225.259	212.7521	2.072661	0.0420781	0.111356	0.418955	0.427611	2.635652	0.4770697
46548	-1008.314	-1219.889	211.5744	4.392382	0.363376	0.0677294	0.254819	0.314076	2.462419	0.5055738
46554	-1007.557	-1221.482	213.9253	0.8460774	0.251449	0.425597	0.247087	0.0758671	2.530773	0.4292274
46560	-997.2106	-1211.358	214.1473	0.600228	0.275702	0.34711	0.359303	0.017884	2.569509	0.4346854
46566	-1003.661	-1218.129	214.4677	0.37877	0.245509	0.385242	0.353324	0.0159254	2.417468	0.6833923
46572	-1010.682	-1224.489	213.8071	1.20308	0.19401	0.311896	0.482884	0.0112102	2.261481	0.6639179
46578	-1017.816	-1232.19	214.374	0.5610299	0.265624	0.182587	0.539269	0.0125192	2.350502	0.6604902
46584	-1016.244	-1230.039	213.7949	1.042027	0.196949	0.0861968	0.640179	0.0766755	2.430777	0.6604902
46590	-1009.365	-1223.518	214.1529	0.6330987	0.139774	0.350065	0.45433	0.0558311	2.534962	0.5438817
46596	-1020.888	-1235.368	214.4796	0.503424	0.134171	0.248947	0.549372	0.0675104	2.315609	0.6339456
46602	-1033.971	-1248.384	214.4127	0.5409161	0.335413	0.290107	0.312534	0.0619456	2.332878	0.6597931
46608	-1033.371	-1247.765	214.3947	0.5409161	0.218351	0.188857	0.58359	0.00920104	2.349255	0.6630856
46614	-1013.564	-1227.761	214.1971	0.6634872	0.178763	0.455862	0.0686438	0.296731	2.459471	0.5383567
46620	-1020.604	-1234.761	214.1575	0.6634872	0.138	0.38473	0.270897	0.206374	2.499077	0.5383567
46626	-1025.768	-1239.93	214.1617	0.6634872	0.261314	0.239838	0.385022	0.113826	2.480231	0.5993852
46632	-1031.835	-1245.618	213.7828	1.12665	0.336494	0.0539411	0.389116	0.220449	2.359648	0.6618414
46638	-1019.728	-1233.724	213.9962	0.784557	0.341451	0.0681282	0.23685	0.35357	2.521784	0.5864726
46644	-1033.079	-1246.875	213.7968	0.9384459	0.366064	0.180408	0.373379	0.0801488	2.557419	0.6008579
46650	-1021.215	-1235.181	213.966	0.6733057	0.288446	0.142155	0.500506	0.0688932	2.665024	0.6008579
46656	-1015.186	-1229.41	214.2241	0.5023522	0.215001	0.348189	0.383959	0.0528509	2.602708	0.4950196
46662	-1023.827	-1237.251	213.4248	1.231772	0.101035	0.57301	0.26931	0.0566452	2.660956	0.4928268
46668	-1026.288	-1240.337	214.0488	0.851099	0.206053	0.43357	0.154995	0.205382	2.289221	0.7918407
46674	-1027.426	-1241.159	213.7329	1.196491	0.204331	0.173804	0.218994	0.402871	2.262232	0.7918407
46680	-1016.483	-1230.448	213.9648	0.8952274	0.396789	0.125105	0.327005	0.151101	2.291042	0.8391517
46686	-1044.696	-1258.286	213.5894	1.336264	0.355122	0.0569431	0.441956	0.145979	2.14515	0.9469009
46692	-1038.833	-1252.725	213.8925	1.107695	0.356973	0.0295485	0.529045	0.0844326	2.177801	0.8049738
46698	-1019.232	-1232.603	213.3713	0.9525509	0.312681	0.0859995	0.539594	0.0617255	2.150619	1.450471
46704	-1024.139	-1237.561	213.4216	0.9525509	0.406247	0.111734	0.402564	0.0794553	2.444589	1.171546
46710	-1017.737	-1230.31	212.5736	0.8938783	0.482849	0.186528	0.167117	0.163505	1.784097	2.291094
46716	-1019.763	-1233.596	213.8328	0.8821613	0.372634	0.219049	0.165931	0.242387	1.798665	1.421652
46722	-1012.541	-1226.206	213.6647	0.8821613	0.327287	0.218769	0.265728	0.188215	1.982481	1.409463
46728	-1016.151	-1229.35	213.1989	0.8077393	0.250003	0.397184	0.0593147	0.293499	1.963989	1.817377
46734	-1011.967	-1225.316	213.3488	1.53409	0.214954	0.144074	0.251252	0.38972	2.246358	0.9094947
46740	-1016.511	-1229.094	212.5826	2.493399	0.208692	0.470788	0.252749	0.0677712	2.290766	0.9094947
46746	-1013.56	-1224.155	210.5947	6.986929	0.408382	0.177923	0.134985	0.27871	1.97798	1.111579
46752	-1017.582	-1229.814	212.2326	2.463452	0.565443	0.286346	0.0912897	0.0569213	1.778061	1.648111
46758	-1015.14	-1227.15	212.0099	2.757367	0.247776	0.0326263	0.454326	0.265271	1.995821	1.511991
46764	-1019.623	-1231.155	211.532	2.562413	0.122036	0.0538676	0.549113	0.274984	1.62801	2.180579
46770	-1011.421	-1222.561	211.1398	3.332286	0.249482	0.0352155	0.153142	0.56216	1.713795	2.07574
46776	-1021.755	-1232.614	210.8583	3.869902	0.472661	0.221351	0.0241884	0.281799	1.707188	2.07574
46782	-1011.527	-1223.157	211.6302	2.50322	0.34322	0.180325	0.0175642	0.458891	1.729315	2.07574
46788	-1009.497	-1221.689	212.1918	2.50322	0.505574	0.107715	0.0142559	0.372454	1.894476	1.574006
46794	-1007.387	-1219.38	211.9923	2.370499	0.421902	0.348981	0.0549013	0.174215	1.894476	1.780066
46800	-1026.485	-1235.624	209.1393	7.92777	0.51174	0.301123	0.0665916	0.120546	2.012584	1.947264
46806	-1026.126	-1238.184	212.0577	2.805168	0.314306	0.628771	0.00779305	0.0491299	1.901097	1.524641
46812	-1012.027	-1225.983	213.9563	0.7892162	0.374791	0.380686	0.168559	0.0759645	2.105351	1.148009
46818	-1018.784	-1232.499	213.7151	0.8771546	0.281451	0.228888	0.296936	0.192725	2.053445	1.317765
46824	-1025.276	-1239.071	213.795	1.10442	0.234791	0.190942	0.419497	0.154769	2.167919	0.935295
46830	-1020.51	-1233.913	213.4035	1.05541	0.304626	0.0814097	0.364191	0.249773	2.827087	0.3972387
46836	-1020.034	-1233.506	213.4721	0.9808773	0.11516	0.0271212	0.59636	0.261359	2.850087	0.4428539
46842	-1023.951	-1237.708	213.7565	0.9322817	0.202059	0.139376	0.520212	0.138353	2.545169	0.7223089
46848	-1030.023	-1244.232	214.2092	0.4968034	0.260255	0.198774	0.439358	0.101613	2.598049	0.6205388
46854	-1033.644	-1247.822	214.1788	0.5494686	0.270865	0.191554	0.531097	0.00648439	2.598049	0.4680102
46860	-1026.93	-1240.886	213.956	0.7843808	0.23387	0.0366088	0.525042	0.204479	2.430626	0.8195755
46866	-1028.003	-1242.123	214.1202	0.7322574	0.122494	0.0170733	0.77638	0.084053	2.297863	0.848912
46872	-1010.568	-1224.46	213.892	0.7322574	0.37036	0.102631	0.441052	0.0859575	2.257745	1.122936
46878	-1002.9	-1217.252	214.3518	0.5863688	0.369514	0.160701	0.3495	0.120285	2.257745	0.8015171
46884	-1003.976	-1218.163	214.1879	0.5863688	0.193602	0.34195	0.292562	0.171886	2.132601	1.107917
46890	-1014.409	-1228.496	214.0868	0.5863688	0.325234	0.242859	0.272621	0.159286	2.233628	1.107917
46896	-1028.247	-1242.167	213.9199	0.9580182	0.325234	0.242859	0.272621	0.159286	2.233628	0.8847452
46902	-1022.891	-1236.967	214.0757	0.7989862	0.281878	0.184938	0.486835	0.0463491	2.241778	0.8847452
46908	-1010.87	-1225.041	214.1717	0.8064752	0.293647	0.107582	0.550486	0.0482844	2.205095	0.8021677
46914	-1004.468	-1218.35	213.8825	0.9968779	0.339985	0.223453	0.422597	0.0139649	2.300401	0.8003715
46920	-1003.807	-1218.066	214.2585	0.6622518	0.371585	0.275431	0.340282	0.012702	2.332878	0.7098599
46926	-1007.681	-1221.338	213.6571	1.197996	0.337488	0.16455	0.46538	0.0325816	2.2782	0.8655222
46932	-1011.259	-1224.84	213.5807	1.429826	0.354825	0.182008	0.428911	0.0342554	2.174565	0.8272208
46938	-1006.876	-1220.468	213.5916	1.429826	0.336471	0.0778449	0.406725	0.178958	2.174565	0.8132235
46944	-1019.777	-1233.321	213.544	1.477372	0.187132	0.116899	0.554192	0.141777	2.285858	0.6436671
46950	-1012.077	-1225.581	213.5041	1.472554	0.262231	0.434914	0.0415229	0.261332	2.223504	0.8147289
46956	-1001.579	-1215.16	213.5809	1.225988	0.223788	0.32676	0.0338607	0.415591	2.369194	0.8147289
46962	-1018.111	-1231.523	213.4115	1.440416	0.224662	0.255054	0.10307	0.417215	2.361822	0.7914039
46968	-1019.458	-1232.931	213.4732	1.397359	0.336439	0.282595	0.127007	0.253959	2.405984	0.6860269
46974	-1032.845	-1244.92	212.0751	3.460006	0.445416	0.135394	0.168147	0.251043	2.405984	0.6316167
46980	-1013.792	-1226.751	212.9591	2.098618	0.255535	0.461049	0.0543828	0.229034	2.381322	0.6310865
46986	-1004.102	-1217.229	213.1268	1.796608	0.311775	0.256523	0.0724779	0.359224	2.461934	0.5783077
46992	-1020.525	-1234.441	213.9156	0.8771875	0.15204	0.435929	0.375616	0.0364158	2.47489	0.6642266
46998	-1001.719	-1215.714	213.9949	0.7440089	0.293909	0.215032	0.366595	0.124464	2.546289	0.6395211
47004	-1020.791	-1235.07	214.2792	0.5915163	0.300783	0.220061	0.375169	0.103987	2.414137	0.6592364
47010	-1014.853	-1228.911	214.0579	0.8041612	0.353681	0.1486	0.401166	0.0965534	2.44548	0.5636336
47016	-1008.379	-1222.494	214.1154	0.7436316	0.330725	0.0853665	0.509159	0.0747495	2.430211	0.6300293
47022	-1010.205	-1224.292	214.0875	0.662709	0.185222	0.0726059	0.586437	0.155734	2.525675	0.6694317
47028	-1007.022	-1220.401	213.3785	1.599072	0.196291	0.0171833	0.621484	0.165041	2.247275	0.8067361
47034	-1016.998	-1230.472	213.4741	1.458551	0.332724	0.0291266	0.310667	0.327482	2.27187	0.8067361
47040	-1025.047	-1236.56	211.5128	1.508569	0.201184	0.218338	0.356859	0.22362	1.532506	2.748267
47046	-1021.033	-1232.96	211.9262	0.91362	0.407212	0.24277	0.211272	0.138746	1.678869	2.748267
47052	-1031.678	-1245.291	213.6133	1.312126	0.144624	0.0531029	0.775675	0.0265984	2.300222	0.7554094
47058	-1027.645	-1241.9	214.2552	0.5944201	0.373319	0.06261	0.506238	0.0578331	2.35331	0.7916391
47064	-1022.136	-1235.796	213.6602	1.187203	0.379397	0.0473498	0.514479	0.0587745	2.467051	0.5170661
47070	-1008.831	-1222.009	213.1779	1.654324	0.15666	0.351035	0.10376	0.388545	2.536391	0.5170661
47076	-1017.844	-1230.436	212.5921	2.441819	0.440815	0.259899	0.015265	0.284021	2.536391	0.4928661
47082	-1027.924	-1240.955	213.0308	1.819396	0.440815	0.259899	0.015265	0.284021	2.548409	0.5369648
47088	-1020.491	-1233.43	212.939	1.936282	0.133411	0.479537	0.0306412	0.356411	2.549512	0.5369648
47094	-1003.914	-1217.686	213.7717	1.042287	0.302002	0.307855	0.0426292	0.347514	2.416693	0.7269962
47100	-1016.49	-1230.333	213.8425	1.004618	0.326196	0.0960861	0.190833	0.386884	2.376028	0.7385258
47106	-1028.688	-1242.372	213.6845	1.180616	0.327074	0.142902	0.347961	0.182064	2.415769	0.6414372
47112	-1018.458	-1232.682	214.224	0.55119	0.435038	0.0851356	0.338396	0.141431	2.323951	0.9189783
47118	-1017.551	-1231.22	213.6689	0.94671	0.0974886	0.138167	0.696576	0.0677688	2.278592	1.104329
47124	-1019.538	-1231.985	212.4467	1.121919	0.361572	0.0312249	0.249321	0.357882	1.762817	2.240232
47130	-1030.062	-1243.995	213.9336	0.7157394	0.255861	0.249281	0.382704	0.112155	2.241881	1.115454
47136	-1038.103	-1252.275	214.1721	0.7157394	0.28817	0.0427996	0.517401	0.151629	2.178771	0.944666
47142	-1023.156	-1237.244	214.0885	0.8333092	0.304166	0.0981464	0.437642	0.160046	2.104937	0.9799088
47148	-1009.066	-1223.297	214.2318	0.6981989	0.305579	0.137659	0.439676	0.117086	2.326665	0.7010307
47154	-1025.2	-1239.116	213.9158	1.038171	0.222935	0.0760225	0.428798	0.272244	2.178832	0.8598383
47160	-1028.457	-1240.078	211.6208	0.7637804	0.3967	0.188439	0.195603	0.219258	1.796529	2.956553
47166	-1031.31	-1243.149	211.8383	0.6208255	0.358945	0.168008	0.362411	0.110635	1.778054	2.927728
47172	-1022.907	-1235.205	212.298	1.332999	0.57156	0.0240913	0.330352	0.0739966	1.853448	2.149928
47178	-1025.024	-1236.72	211.6968	3.557113	0.238996	0.00544748	0.181868	0.573688	1.571114	1.709697
47184	-1014.959	-1224.641	209.6821	7.042581	0.384012	0.0488086	0.11537	0.45181	1.941049	1.824567
47190	-1036.924	-1246.974	210.0503	7.597598	0.286224	0.090382	0.116163	0.507231	1.87488	1.474391
47196	-1042.625	-1246.489	203.8642	42.64488	0.11096	0.157746	0.436292	0.295001	1.728016	2.163815
47202	-1024.484	-1230.474	205.9895	23.09628	0.239777	0.0594376	0.213266	0.487519	1.73553	2.171397
47208	-1022.471	-1232.801	210.3306	4.663364	0.141078	0.0352743	0.18334	0.640308	1.58623	2.249202
47214	-1022.467	-1233.901	211.4342	3.243208	0.248412	0.296761	0.101242	0.353585	2.001635	1.714138
47220	-1008.651	-1220.921	212.2698	3.217019	0.0837875	0.21755	0.150287	0.548375	2.134316	0.9338229
47226	-1011.859	-1222.289	210.4303	7.229914	0.328274	0.230366	0.0415636	0.399797	2.180526	0.9964644
47232	-1010.68	-1223.546	212.8663	2.486937	0.194105	0.486744	0.030055	0.289096	2.069352	0.8418503
47238	-1010.046	-1223.957	213.9105	0.9868877	0.287004	0.26042	0.267989	0.184586	2.056267	1.048508
47244	-1014.746	-1228.743	213.997	0.8988126	0.337557	0.190152	0.294095	0.178196	2.104493	1.004297
47250	-1008.51	-1222.138	213.6277	1.060322	0.104901	0.244973	0.542502	0.107624	2.27671	1.038353
47256	-995.7364	-1209.713	213.9766	0.8242158	0.215646	0.283039	0.340061	0.161253	2.167378	1.038353
47262	-1009.742	-1222.271	212.5292	2.663679	0.56234	0.0676225	0.251011	0.119027	2.107529	1.038353
47268	-1021.018	-1234.961	213.9426	0.9134681	0.159542	0.370771	0.1892	0.280487	2.219607	0.9256824
47274	-1015.08	-1229.105	214.025	0.797117	0.147104	0.300795	0.272156	0.279945	2.409349	0.7336423
47280	-1023.81	-1237.74	213.9301	0.9142187	0.209417	0.450902	0.30204	0.0376416	2.373524	0.7480093
47286	-1016.701	-1230.002	213.3013	1.679742	0.365121	0.386283	0.0927651	0.155831	2.256122	0.808651
47292	-1023.709	-1237.231	213.5217	1.269203	0.26698	0.26118	0.126546	0.345293	2.326518	0.8894478
47298	-1019.063	-1233.138	214.0746	0.8311676	0.34163	0.179965	0.248902	0.229503	2.205123	0.8894478
47304	-1017.178	-1230.306	213.1279	1.580789	0.339647	0.172989	0.259193	0.22817	1.934579	1.355524
47310	-1014.343	-1228.346	214.0031	0.6574075	0.103017	0.363966	0.472786	0.0602318	2.171121	1.171525
47316	-1018.595	-1232.383	213.7881	1.16822	0.0858442	0.303293	0.393973	0.21689	2.044556	1.006287
47322	-1010.238	-1223.059	212.8207	2.204963	0.284205	0.263025	0.264675	0.188094	2.206895	0.9574673
47328	-1010.218	-1223.164	212.946	1.857453	0.348723	0.140221	0.318061	0.192995	2.106289	1.178594
47334	-1027.679	-1240.455	212.776	2.272208	0.396737	0.159527	0.066673	0.377063	2.384191	0.7356173
47340	-1021.347	-1234.101	212.7536	2.025677	0.150633	0.369528	0.330764	0.149076	2.412554	0.9493487
47346	-1022.975	-1235.236	212.2603	2.758297	0.168207	0.1874	0.520332	0.124061	2.606531	0.6859136
47352	-1022.556	-1235.484	212.9281	1.966402	0.191937	0.188465	0.0578676	0.56173	2.531032	0.5706509
47358	-1029.497	-1241.613	212.1158	3.21372	0.177422	0.174212	0.129116	0.519249	2.524004	0.5706509
47364	-1022.362	-1235.62	213.2574	0.6916307	0.234296	0.0718048	0.520987	0.172911	2.054436	1.799089
47370	-1012.696	-1225.786	213.0897	1.178566	0.255068	0.0815529	0.494992	0.168387	2.012091	1.598102
47376	-1008.909	-1222.494	213.5843	1.044287	0.29359	0.0948819	0.286728	0.3248	2.305444	1.067341
47382	-1004.272	-1218.359	214.0866	0.713028	0.229803	0.436816	0.232788	0.100593	2.120795	1.088952
47388	-1014.791	-1228.821	214.0304	0.713028	0.164605	0.209003	0.463425	0.162968	2.170936	1.094476
47394	-1024.211	-1237.888	213.6764	1.176324	0.201344	0.393078	0.164864	0.240714	2.390603	0.7130567
47400	-1024.751	-1238.893	214.1415	0.7349509	0.337614	0.0500628	0.524419	0.0879042	2.257149	0.8687773
47406	-1019.626	-1233.823	214.1978	0.7281752	0.0949045	0.368458	0.513641	0.0229967	2.141595	0.9429113
47412	-1020.322	-1233.936	213.6138	1.213694	0.116858	0.185122	0.276567	0.421453	2.251216	0.9282887
47418	-1016.579	-1230.037	213.4579	1.403737	0.362844	0.154894	0.157055	0.325207	2.200803	0.9630729
47424	-1026.606	-1239.261	212.6551	2.214837	0.29509	0.391161	0.110581	0.203167	1.771184	1.468482
47430	-1007.574	-1220.015	212.4416	1.8744	0.237952	0.0953632	0.207534	0.459151	2.045074	1.611132
47436	-1013.063	-1225.96	212.8969	1.8744	0.145801	0.541659	0.0972912	0.215249	2.164176	1.15938
47442	-1021.856	-1235.714	213.8583	0.7526987	0.17174	0.392397	0.394316	0.0415477	2.22896	1.15938
47448	-1008.626	-1221.864	213.2377	0.7413129	0.1094	0.180409	0.642494	0.0676973	1.798094	1.951435
47454	-1012.812	-1226.839	214.0277	0.7917613	0.330951	0.262511	0.235505	0.171033	2.310669	0.8692132
47460	-1030.817	-1243.541	212.7242	1.277415	0.237916	0.184478	0.332191	0.245414	1.897446	1.870642
47466	-1035.044	-1248.437	213.3921	0.715867	0.168334	0.525931	0.235036	0.0706987	1.65626	1.961091
47472	-1020.136	-1231.952	211.8157	0.995535	0.199751	0.418274	0.334034	0.0479413	1.514923	2.864801
47478	-1005.845	-1218.933	213.0883	1.396221	0.186768	0.29145	0.330726	0.191057	2.282655	1.234388
47484	-1016.708	-1229.706	212.9976	1.591227	0.205552	0.312897	0.250035	0.231516	2.015366	1.387556
47490	-1007.412	-1221.276	213.8647	0.6653108	0.217295	0.0859073	0.596697	0.1001	2.038362	1.387556
47496	-1018.848	-1232.454	213.6055	0.917335	0.161835	0.253469	0.510145	0.0745513	2.021903	1.396821
47502	-1018.808	-1231.481	212.673	1.724274	0.389255	0.120317	0.256471	0.233957	2.251016	1.371344
47508	-1029.371	-1242.319	212.9474	1.013597	0.308008	0.0793159	0.474922	0.137754	2.221775	1.66524
47514	-1025.524	-1238.887	213.3635	1.013597	0.437257	0.0823774	0.331823	0.148542	2.417851	1.191934
47520	-1017.461	-1231.076	213.6143	0.9030044	0.446195	0.144681	0.338606	0.0705173	2.096163	1.342931
47526	-1024.441	-1237.546	213.1052	0.5447378	0.21076	0.292926	0.366251	0.130063	2.05673	2.005522
47532	-1001.356	-1214.44	213.0836	0.6340888	0.245235	0.145748	0.449419	0.159598	2.157845	1.889152
47538	-1016.557	-1230.065	213.5074	0.6340888	0.205379	0.407828	0.262652	0.124141	2.154222	1.594158
47544	-1014.484	-1227.1	212.6153	0.8814432	0.204819	0.215578	0.34158	0.238023	1.813439	2.253767
47550	-1016.385	-1229.307	212.9218	0.7896566	0.177783	0.248941	0.478889	0.0943872	1.928304	2.041357
47556	-1039.6	-1252.623	213.0225	0.7462535	0.303737	0.262161	0.069559	0.364544	1.856399	2.052534
47562	-1022.806	-1235.422	212.6156	1.644939	0.419832	0.106328	0.265168	0.208672	3.012153	0.3125422
47568	-1016.45	-1229.51	213.0597	1.247937	0.345704	0.0706101	0.340966	0.24272	2.916138	0.3125422
47574	-1023.244	-1236.308	213.0646	1.247937	0.291781	0.176195	0.183733	0.348291	2.911288	0.3125422
47580	-1027.492	-1240.911	213.4193	0.9308178	0.387599	0.0752204	0.265356	0.271825	2.911288	0.3588817
47586	-1029.479	-1242.916	213.4367	1.009308	0.239321	0.0861397	0.567242	0.107297	2.817894	0.3630267
47592	-1020.18	-1233.864	213.684	0.4726798	0.172119	0.0941387	0.619917	0.113826	3.003609	0.2630359
47598	-1010.723	-1224.194	213.4711	0.6463904	0.107658	0.313368	0.345799	0.233175	3.039585	0.263938
47604	-1013.295	-1226.911	213.616	0.5720722	0.232704	0.19707	0.423588	0.146638	2.934425	0.2441141
47610	-1012.036	-1225.53	213.4941	0.5720722	0.0435725	0.247586	0.582459	0.126382	3.076718	0.2542322
47616	-1025.151	-1238.543	213.3926	0.5720722	0.0937719	0.254738	0.375963	0.275527	3.090484	0.215541
47622	-1008.864	-1222.348	213.4842	0.9430207	0.251166	0.204037	0.446956	0.0978402	2.846536	0.3764092
47628	-1001.487	-1215.354	213.8663	0.7478164	0.225879	0.442415	0.186407	0.145299	2.699163	0.4533643
47634	-1001.681	-1215.502	213.8211	0.9752202	0.136355	0.151798	0.624135	0.0877122	2.44406	0.7108468
47640	-1003.809	-1217.617	213.8087	0.9752202	0.190056	0.187358	0.544691	0.0778948	2.280874	0.9364442
47646	-994.5639	-1208.957	214.3931	0.6029681	0.156716	0.374317	0.44914	0.0198276	2.280874	0.6738948
47652	-1015.295	-1229.552	214.2568	0.6510272	0.110767	0.319488	0.564146	0.00559876	2.407282	0.5680596
47658	-1014.137	-1228.128	213.9909	0.7577849	0.32816	0.217051	0.424995	0.0297943	2.56715	0.4726661
47664	-1013.252	-1226.474	213.2218	1.519961	0.146355	0.457535	0.37016	0.0259501	2.602718	0.5421136
47670	-1016.562	-1231.002	214.4405	0.2852815	0.108302	0.344222	0.526713	0.0207625	2.54589	0.5663951
47676	-1009.113	-1223.252	214.1398	0.4264741	0.154267	0.382651	0.440001	0.0230804	2.187601	1.240083
47682	-1015.103	-1229.421	214.3184	0.4756195	0.275156	0.349966	0.36606	0.00881803	1.962882	1.240083
47688	-1014.968	-1229.583	214.6153	0.4756195	0.15823	0.405523	0.42231	0.0139371	2.005016	0.9228742
47694	-1002.414	-1216.649	214.2349	0.7527687	0.351531	0.284786	0.319421	0.0442621	2.190669	0.8122934
47700	-1013.255	-1227.129	213.8743	0.9806336	0.132148	0.456391	0.387344	0.0241174	2.132184	1.016096
47706	-1008.611	-1222.462	213.8517	1.164375	0.284332	0.0762419	0.601947	0.0374793	2.160843	0.8091658
47712	-1023.199	-1237.136	213.9363	0.8906085	0.28681	0.0402161	0.574429	0.0985457	2.195043	0.982706
47718	-1017.626	-1230.136	212.5102	2.435209	0.523062	0.0412524	0.332356	0.10333	2.169426	1.137935
47724	-1024.695	-1237.549	212.8534	2.050957	0.482937	0.0380878	0.30686	0.172116	2.468962	0.7315589
47730	-1028.686	-1241.917	213.2309	0.96798	0.331961	0.255552	0.240827	0.17166	2.039132	1.625629
47736	-1023.823	-1236.936	213.1126	0.7766607	0.239414	0.197269	0.33426	0.229058	1.855058	1.972142
47742	-1025.346	-1238.021	212.6745	0.9534007	0.228651	0.3811	0.19842	0.191829	1.817431	2.16543
47748	-1026.039	-1239.462	213.4238	0.9333494	0.166152	0.408044	0.265171	0.160634	2.290178	1.3153
47754	-1016.654	-1230.508	213.8537	0.9333494	0.153665	0.380653	0.316183	0.149499	2.105368	1.10617
47760	-1020.109	-1232.846	212.7366	0.8908553	0.253074	0.403117	0.211445	0.132364	1.720119	2.229507
47766	-1022.424	-1233.493	211.0694	0.8733181	0.25267	0.402473	0.212705	0.132152	1.873479	3.171731
47772	-1023.886	-1234.895	211.0086	0.9510982	0.357631	0.277204	0.257403	0.107762	1.794239	3.20756
47778	-1031.699	-1243.343	211.6447	0.7907607	0.112486	0.528823	0.147236	0.211455	2.112486	2.733143
47784	-1005.42	-1218.381	212.9604	0.839252	0.326632	0.176167	0.144372	0.35283	3.211161	0.2046446
47790	-1011.191	-1224.208	213.0178	1.065798	0.236928	0.280362	0.252586	0.230123	3.115656	0.2995202
47796	-1013.598	-1227.02	213.4217	0.7207148	0.144682	0.32967	0.255052	0.270595	3.065565	0.2995202
47802	-1008.348	-1221.719	213.3714	0.7661896	0.144113	0.120902	0.465454	0.269531	3.049593	0.2865906
47808	-1011.861	-1224.887	213.0252	1.285022	0.413195	0.205789	0.241291	0.139725	2.943022	0.3371906
47814	-1024.949	-1238.971	214.0226	0.6888987	0.152412	0.316017	0.12529	0.40628	1.930182	1.328414
47820	-1038.351	-1251.107	212.7565	1.003538	0.24687	0.44762	0.214997	0.090513	2.016513	1.94631
47826	-1025.765	-1238.933	213.168	0.927089	0.251889	0.472796	0.0616426	0.213672	1.939926	1.769982
47832	-1028.211	-1240.931	212.7198	1.712083	0.449072	0.0431862	0.232864	0.274878	1.844829	1.647796
47838	-1027.566	-1239.981	212.415	1.28861	0.464377	0.0105761	0.240801	0.284246	2.012058	1.995008
47844	-1038.901	-1251.901	212.9997	1.125686	0.283602	0.18271	0.0933594	0.440329	3.026648	0.2676012
47850	-1013.287	-1226.573	213.2869	1.143673	0.412334	0.0117705	0.516076	0.059819	2.026761	1.465526
47856	-1007.942	-1221.467	213.5251	1.045066	0.42721	0.0121952	0.534695	0.0258996	2.132418	1.269968
47862	-1021.267	-1235.188	213.9211	0.8595317	0.432239	0.0430423	0.456481	0.0682382	2.361267	0.8517592
47868	-1017.488	-1231.069	213.5803	1.062309	0.490184	0.0246392	0.394335	0.0908411	2.557115	0.7738466
47874	-1031.518	-1245.662	214.144	0.668096	0.201328	0.323167	0.419585	0.0559206	2.448149	0.6978652
47880	-1021.151	-1235.427	214.2759	0.7327048	0.237071	0.243864	0.494077	0.0249876	2.26754	0.6606171
47886	-1032.43	-1246.628	214.1979	0.6882876	0.33001	0.339465	0.30528	0.0252449	2.317265	0.7836931
47892	-1040.889	-1254.612	213.7228	1.018668	0.312489	0.122932	0.434264	0.130315	2.523046	0.6666966
47898	-1031.147	-1245.141	213.9939	0.8103603	0.419687	0.266646	0.107612	0.206056	2.321625	0.8732452
47904	-1046.116	-1259.495	213.3788	0.8694449	0.182968	0.259533	0.188445	0.369054	2.026543	1.600491
47910	-1026.012	-1240.138	214.1258	0.6718698	0.216859	0.122376	0.223351	0.437415	2.164558	1.051983
47916	-1032.122	-1244.906	212.7832	2.263255	0.322926	0.00457004	0.344405	0.328098	2.446793	0.6113887
47922	-1027.334	-1239.943	212.609	2.263255	0.316755	0.00322439	0.448531	0.231489	2.620961	0.6113887
47928	-1018.473	-1231.147	212.674	2.263255	0.198003	0.00684213	0.506268	0.288887	2.527982	0.6745193
47934	-1038.47	-1251.767	213.2974	1.746535	0.285167	0.295045	0.193812	0.225975	1.981371	1.052842
47940	-1041.288	-1255.382	214.0944	0.8238055	0.327293	0.0901375	0.222443	0.360127	2.29976	0.7524448
47946	-1029.443	-1243.143	213.6993	1.282573	0.180155	0.241762	0.210164	0.367919	2.158803	0.8636398
47952	-1031.649	-1243.113	211.4636	4.90621	0.232179	0.311576	0.156231	0.300014	2.158803	0.8636398
47958	-1020.113	-1233.747	213.6343	1.264112	0.285664	0.177726	0.246472	0.290138	2.267302	0.8313143
47964	-1027.082	-1240.205	213.1232	1.835204	0.187061	0.296921	0.178191	0.337827	2.4448	0.5273199
47970	-1022.696	-1236.917	214.2204	0.7587942	0.235773	0.0932653	0.59242	0.0785408	2.302435	0.6457193
47976	-1020.198	-1233.757	213.5594	1.375899	0.456719	0.0937699	0.211618	0.237893	2.307124	0.7394008
47982	-1007.376	-1220.216	212.8396	2.278561	0.546249	0.112151	0.0570736	0.284526	2.351436	0.6748343
47988	-1024.967	-1237.919	212.951	1.931808	0.438568	0.0526418	0.433122	0.075668	2.493735	0.6748343
47994	-1025.491	-1239.227	213.7362	1.122762	0.284426	0.0516379	0.459112	0.204824	2.369548	0.7333869
48000	-1025.866	-1239.619	213.7523	0.7631509	0.149618	0.16804	0.372061	0.31028	2.265587	1.209874
48006	-1029.843	-1243.939	214.096	0.5934472	0.182369	0.158704	0.567613	0.0913137	2.101216	1.209874
48012	-1037.369	-1251.025	213.6554	1.062082	0.216562	0.295201	0.284629	0.203609	1.886061	1.350312
48018	-1020.422	-1234.593	214.1709	0.7172301	0.303625	0.09877	0.340867	0.256738	1.885328	1.218481
48024	-1032.631	-1246.484	213.8524	0.5899454	0.287773	0.178035	0.339329	0.194862	2.850456	0.3805091
48030	-1029.582	-1242.122	212.5399	1.336882	0.458508	0.0721985	0.14427	0.325024	1.665912	2.112151
48036	-1016.572	-1229.528	212.9566	1.106388	0.261846	0.0412314	0.534824	0.162098	1.974318	1.768934
48042	-1006.382	-1219.955	213.5731	0.877125	0.254707	0.304279	0.333078	0.107936	2.814671	0.3617147
48048	-1004.469	-1218.166	213.6965	0.767735	0.279909	0.345765	0.118089	0.256237	2.806612	0.3633115
48054	-1026.32	-1240.295	213.9755	0.5486055	0.30955	0.222807	0.174019	0.293624	2.758411	0.3633115
48060	-1011.101	-1225.174	214.0726	0.622648	0.508463	0.109801	0.285841	0.0958955	2.627536	0.5354384
48066	-1020.519	-1234.709	214.1901	0.5485966	0.307383	0.256272	0.373367	0.062978	2.506989	0.7319182
48072	-1018.766	-1232.164	213.3977	0.9354735	0.177911	0.359004	0.235719	0.227367	1.808603	1.694769
48078	-1006.452	-1219.889	213.4379	0.9700536	0.235633	0.335014	0.312806	0.116547	1.890897	1.581406
48084	-1004.086	-1217.377	213.2903	1.12903	0.174867	0.302499	0.417399	0.105235	1.717994	1.699188
48090	-1008.419	-1221.839	213.4194	1.165531	0.299427	0.0813212	0.42039	0.198862	2.119778	1.271134
48096	-1024.144	-1237.65	213.5069	1.165531	0.220238	0.0992925	0.53049	0.149979	2.163346	1.159795
48102	-1045.189	-1259.086	213.8968	0.97004	0.276159	0.271572	0.33114	0.121129	2.222113	0.9100839
48108	-1046.208	-1260.451	214.2427	0.7624328	0.268424	0.0893561	0.567838	0.0743824	2.214266	0.7547191
48114	-1034.683	-1249.168	214.4849	0.4834643	0.226495	0.275621	0.323968	0.173916	2.157849	0.889261
48120	-1022.201	-1235.575	213.3742	0.8238249	0.238033	0.22708	0.340471	0.194416	1.786308	1.807434
48126	-1035.083	-1247.036	211.9536	0.6980124	0.344572	0.2068	0.303984	0.144644	1.633695	2.895988
48132	-1026.232	-1238.866	212.6337	0.5652819	0.313738	0.166103	0.261829	0.25833	1.749825	2.492837
48138	-1031.134	-1245.108	213.9741	0.5652819	0.193472	0.222209	0.35027	0.234049	1.905751	1.48605
48144	-1029.448	-1241.105	211.6572	1.27347	0.375466	0.232381	0.160658	0.231494	1.744896	2.6579
48150	-1034.303	-1245.238	210.9349	1.847563	0.116739	0.086081	0.403017	0.394162	1.596551	2.891606
48156	-1033.045	-1243.905	210.8598	1.847563	0.15004	0.0828356	0.387823	0.379302	1.656036	2.901053
48162	-1022.527	-1236.556	214.0299	0.9051689	0.389195	0.0535533	0.332249	0.225002	2.308859	0.706744
48168	-1011.142	-1224.741	213.5991	1.405902	0.381605	0.151369	0.163127	0.303899	2.308859	0.6049959
48174	-1038.522	-1252.583	214.0608	0.7176559	0.204719	0.15532	0.32305	0.316911	2.33104	0.8976612
48180	-1019.76	-1233.03	213.2692	0.9409171	0.223097	0.39295	0.21102	0.172933	1.63606	1.899584
48186	-1011.33	-1224.271	212.9414	1.173636	0.185489	0.416472	0.175449	0.22259	1.789911	1.862104
48192	-1012.837	-1225.44	212.6032	1.296505	0.0946266	0.361881	0.143231	0.400261	1.821672	1.991609
48198	-1006.367	-1217.535	211.1683	2.836505	0.151061	0.508361	0.0938809	0.246697	1.671589	2.274376
48204	-1018.331	-1230.781	212.4493	1.799563	0.0921562	0.166523	0.504991	0.23633	1.624352	1.939799
48210	-1020.533	-1232.611	212.0779	1.36331	0.147835	0.205836	0.395153	0.251175	1.669257	2.391673
48216	-1020.865	-1233.329	212.464	0.6155709	0.120915	0.470219	0.363695	0.0451698	1.705545	2.593256
48222	-1032.374	-1245.41	213.0361	1.769795	0.0669631	0.481553	0.201415	0.250069	1.810927	1.402928
48228	-1011.756	-1223.276	211.5202	1.218008	0.238197	0.492383	0.0137269	0.255693	1.809134	2.734243
48234	-1006.557	-1218.286	211.7289	1.254701	0.331343	0.364729	0.0569938	0.246934	1.614798	2.704475
48240	-1011.502	-1224.452	212.95	0.6710001	0.277513	0.202792	0.322827	0.196867	1.653295	2.283513
48246	-1018.163	-1230.878	212.7147	0.9390707	0.29977	0.138855	0.348718	0.212656	1.880039	2.107761
48252	-1004.832	-1218.469	213.6379	0.7761698	0.35102	0.0269677	0.386386	0.235627	1.946338	1.540659
48258	-1022.43	-1236.269	213.8382	0.7916893	0.393953	0.107242	0.415826	0.0829792	1.969579	1.35742
48264	-1024.757	-1238.606	213.8486	0.6221545	0.414009	0.017992	0.421817	0.146181	2.216033	1.295098
48270	-1023.276	-1237.305	214.0292	0.8206724	0.203565	0.0923892	0.571313	0.132733	2.409471	0.6845691
48276	-1009.237	-1223.087	213.8503	0.8643024	0.194049	0.0579545	0.616055	0.131942	2.59711	0.5202342
48282	-1020.16	-1233.734	213.5741	0.9938065	0.0551407	0.576813	0.17527	0.192776	2.738398	0.5448772
48288	-1007.038	-1220.801	213.7635	0.8000335	0.169938	0.0966473	0.458004	0.27541	2.718791	0.6394813
48294	-1011.862	-1225.657	213.7954	0.7831764	0.169406	0.45572	0.134777	0.240097	2.718791	0.6027935
48300	-1027.208	-1241.411	214.2033	0.5777708	0.205353	0.494525	0.0635552	0.236566	2.463643	0.7318976
48306	-1027.57	-1240.843	213.2725	1.619982	0.198422	0.511588	0.0614098	0.228581	2.465834	0.5521423
48312	-1015.312	-1228.259	212.9476	2.056919	0.223819	0.284593	0.0578197	0.433768	2.340716	0.7755889
48318	-1005.216	-1218.096	212.8795	2.130037	0.128132	0.620025	0.0240218	0.227821	2.34328	0.7919449
48324	-1034.783	-1246.188	211.4054	4.63357	0.0811301	0.683259	0.00470761	0.230904	2.51573	0.545676
48330	-1017.133	-1228.374	211.2405	4.877628	0.363948	0.133807	0.004628	0.497616	2.575082	0.4926024
48336	-1013.512	-1226.037	212.5248	2.346809	0.306239	0.228069	0.00788821	0.457804	2.667051	0.4727753
48342	-1016.52	-1229.494	212.9737	1.853363	0.356863	0.224479	0.0829145	0.335744	2.581444	0.4976521
48348	-1014.87	-1228.743	213.8729	0.7023741	0.307801	0.0277471	0.549583	0.114869	2.744647	0.4824486
48354	-1012.972	-1226.702	213.7307	0.8416156	0.232927	0.0650017	0.655041	0.0470306	2.740403	0.4824486
48360	-1019.829	-1232.99	213.1608	1.744477	0.352241	0.0943986	0.109397	0.443963	2.476032	0.549924
48366	-1028.051	-1241.696	213.6448	1.016449	0.296135	0.0624421	0.556767	0.0846561	2.565293	0.7332455
48372	-1014.479	-1228.417	213.9374	0.9148986	0.208178	0.469415	0.276144	0.0462642	2.357401	0.760182
48378	-1001.793	-1215.73	213.9366	0.9148986	0.240267	0.495674	0.226168	0.0378914	2.358124	0.760182
48384	-998.5403	-1212.676	214.1353	0.6831955	0.0361358	0.266802	0.684108	0.0129546	2.401773	0.760182
48390	-1004.596	-1218.925	214.3292	0.5864077	0.233513	0.450916	0.196331	0.11924	2.309393	0.7611369
48396	-1010.169	-1223.922	213.7527	0.9681583	0.226646	0.241134	0.456179	0.0760413	2.512536	0.7224923
48402	-1015.909	-1229.987	214.0777	0.7146854	0.334649	0.174963	0.420323	0.0700645	2.450542	0.7224923
48408	-1012.407	-1226.211	213.8039	1.097751	0.316653	0.144985	0.403928	0.134434	2.200903	0.8962714
48414	-1013.05	-1224.109	211.0593	5.064818	0.294397	0.13124	0.190764	0.383599	1.996765	1.327226
48420	-1001.296	-1211.966	210.67	6.228166	0.312015	0.291681	0.0311557	0.365148	1.996765	1.265383
48426	-1003.402	-1214.422	211.0208	5.274231	0.358273	0.0369632	0.0475438	0.557219	2.175733	1.133911
48432	-1003.561	-1214.797	211.2358	4.884847	0.418443	0.208148	0.0142912	0.359118	2.128237	1.133432
48438	-1004.247	-1215.449	211.2019	5.514217	0.223383	0.204541	0.0200454	0.55203	2.169249	0.8575074
48444	-1004.254	-1218.296	214.0419	0.701927	0.177399	0.388353	0.239448	0.1948	2.139423	1.12339
48450	-999.7545	-1213.819	214.0647	0.766746	0.137274	0.300512	0.491209	0.0710051	2.103471	1.072564
48456	-1006.741	-1220.42	213.6789	0.8966777	0.375145	0.241734	0.259396	0.123726	2.204672	1.205811
48462	-998.8877	-1212.73	213.8426	0.8901844	0.270665	0.114255	0.39312	0.221959	2.047648	1.205811
48468	-1001.203	-1215.104	213.9012	0.8901844	0.134958	0.302788	0.451581	0.110673	1.987766	1.206835
48474	-992.3428	-1206.576	214.2329	0.6715098	0.249733	0.238424	0.453133	0.0587096	2.196381	0.9104302
48480	-986.9066	-1201.053	214.146	0.6715098	0.321478	0.361024	0.241922	0.0755761	2.304132	0.8870282
48486	-987.6798	-1201.745	214.0652	0.7465286	0.0863176	0.48244	0.376376	0.0548665	2.305482	0.8870282
48492	-997.0753	-1211.232	214.157	0.7195202	0.169609	0.124031	0.667239	0.0391212	2.373023	0.711167
48498	-1010.299	-1224.356	214.0575	0.7149214	0.191358	0.0437161	0.752799	0.0121272	2.54632	0.5228708
48504	-1000.263	-1214.321	214.0579	0.7282525	0.323013	0.14292	0.497288	0.0367801	2.531842	0.5228708
48510	-1016.799	-1227.525	210.7259	6.443248	0.213665	0.0961537	0.622883	0.0672986	2.093976	1.061174
48516	-1012.381	-1225.474	213.0928	1.624397	0.197993	0.11673	0.618457	0.0668204	2.109201	1.211247
48522	-1022.403	-1233.717	211.3136	4.915713	0.342319	0.324844	0.279063	0.0537733	2.126498	1.050837
48528	-1038.387	-1250.526	212.1393	2.66501	0.0266642	0.63937	0.247941	0.086025	1.886224	1.540892
48534	-1007.999	-1221.605	213.6063	1.267766	0.243738	0.0180016	0.552157	0.186104	2.410235	0.6462303
48540	-1013.403	-1227.022	213.6192	1.28154	0.152491	0.0970632	0.467964	0.282483	2.394697	0.6223531
48546	-1011.46	-1225.092	213.6322	1.28154	0.162853	0.0885256	0.499765	0.248856	2.338739	0.7091673
48552	-1005.895	-1220.114	214.2189	0.6891284	0.0796095	0.043275	0.695539	0.181576	2.369947	0.6620231
48558	-994.99	-1208.562	213.5723	1.213207	0.0438975	0.558063	0.241955	0.156085	2.315429	0.9037216
48564	-1025.835	-1238.677	212.8427	0.7194797	0.192149	0.401491	0.322368	0.0839926	1.624547	2.337551
48570	-1019.515	-1231.396	211.8808	1.022852	0.270908	0.519112	0.0620932	0.147887	1.582414	2.767627
48576	-1012.786	-1224.148	211.3625	1.375952	0.196157	0.375875	0.0111549	0.416813	1.729923	2.790476
48582	-1002.474	-1214.211	211.7371	1.6486	0.353457	0.267519	0.0798685	0.299155	1.580146	2.507356
48588	-1005.181	-1217.497	212.316	0.9948866	0.114657	0.267289	0.541077	0.0769764	1.797412	2.381314
48594	-1004.37	-1217.542	213.1716	0.6582203	0.0536371	0.443593	0.349431	0.153338	1.862754	2.01122
48600	-1022.006	-1232.307	210.3009	5.497384	0.0226536	0.40394	0.379918	0.193488	1.862754	1.848789
48606	-1032.081	-1245.807	213.7261	0.8661048	0.0055744	0.436285	0.360259	0.197882	2.019343	1.345332
48612	-1016.382	-1230.479	214.0972	0.6404706	0.402671	0.030953	0.40705	0.159326	2.417899	0.8491333
48618	-1011.333	-1225.444	214.1103	0.6404706	0.405986	0.0397734	0.461397	0.0928438	2.500183	0.7165808
48624	-1005.808	-1219.174	213.3665	1.340717	0.326147	0.0518714	0.302971	0.31901	2.608976	0.575291
48630	-1008.514	-1222.057	213.5428	1.340717	0.200698	0.502816	0.0733888	0.223098	2.440082	0.5385331
48636	-1010.609	-1223.374	212.7648	2.322719	0.293618	0.235776	0.0148397	0.455766	2.431507	0.5877609
48642	-1010.423	-1223.56	213.1365	1.537509	0.382023	0.34836	0.00636577	0.263251	2.666025	0.4314288
48648	-1007.92	-1220.561	212.6417	2.201442	0.277917	0.0862131	0.384684	0.251186	2.619039	0.379669
48654	-1030.943	-1243.201	212.2584	2.527324	0.461896	0.081466	0.0644459	0.392192	1.886792	1.518629
48660	-1019.936	-1232.411	212.4752	2.212665	0.422885	0.100886	0.256155	0.220074	2.777568	0.379669
48666	-1009.959	-1222.478	212.5181	2.175476	0.40754	0.0391676	0.323389	0.229904	2.777568	0.4103696
48672	-1001.267	-1214.969	213.7019	0.9810493	0.327937	0.0652316	0.538587	0.068245	2.625529	0.4717802
48678	-1011.93	-1225.998	214.0679	0.4557743	0.209289	0.104822	0.672026	0.0138628	2.79774	0.4449477
48684	-1015.54	-1229.189	213.6488	0.8532629	0.435814	0.0747926	0.479502	0.00989135	2.79774	0.4233318
48690	-1024.628	-1238.245	213.6166	0.7619076	0.298171	0.170233	0.373608	0.157988	2.180498	1.39048
48696	-1028.43	-1242.24	213.8103	0.9426824	0.0489727	0.457038	0.380205	0.113784	2.206581	1.043201
48702	-1035.736	-1249.58	213.8435	0.7766743	0.0996338	0.391918	0.363122	0.145326	2.347671	1.040813
48708	-1026.246	-1239.33	213.0838	1.131208	0.202786	0.301133	0.129112	0.366969	2.273885	1.441118
48714	-1019.366	-1230.529	211.163	0.8893703	0.330365	0.404621	0.0956946	0.169319	1.677428	3.222651
48720	-1028.33	-1241.409	213.0796	0.8893703	0.181594	0.358843	0.309401	0.150162	2.033382	1.793311
48726	-1037.442	-1250.817	213.375	0.6536284	0.320111	0.244307	0.302267	0.133315	2.008431	1.777347
48732	-1024.511	-1237.886	213.3746	0.8163944	0.276174	0.236704	0.26078	0.226342	1.836974	1.777347
48738	-1025.561	-1238.243	212.6821	1.309482	0.318859	0.287288	0.0889831	0.304871	1.973991	1.82694
48744	-1047.342	-1260.328	212.9854	1.137471	0.168817	0.27059	0.286379	0.274213	2.133303	1.61429
48750	-1046.311	-1258.193	211.8825	0.9934638	0.301577	0.241793	0.0714262	0.385204	1.737706	2.689433
48756	-1046.375	-1258.081	211.7054	0.9934638	0.28616	0.275009	0.309595	0.129236	1.614621	2.872472
48762	-1029.266	-1243.29	214.0237	0.696984	0.265142	0.13572	0.505405	0.0937331	1.772734	1.444047
48768	-1023.53	-1236.839	213.3096	1.054152	0.0864223	0.0466542	0.675805	0.191119	2.108219	1.452472
48774	-1014.114	-1226.53	212.4158	1.700321	0.426546	0.0498351	0.31947	0.204149	1.901863	1.827963
48780	-1027.98	-1239.61	211.6297	1.055788	0.325124	0.209083	0.347076	0.118717	1.371353	3.027238
48786	-1019.549	-1230.764	211.2144	1.356747	0.232511	0.154329	0.412396	0.200764	1.503202	3.027238
48792	-1008.214	-1220.359	212.1456	0.8615484	0.340354	0.18867	0.410668	0.0603079	1.400568	2.816821
48798	-1013.985	-1225.677	211.6917	0.7665021	0.190442	0.258901	0.520919	0.0297378	1.41257	3.14208
48804	-1003.198	-1214.566	211.3685	0.5488802	0.176745	0.33118	0.483453	0.00862272	1.445682	3.448213
48810	-1024.711	-1236.575	211.8639	0.6263534	0.30968	0.220534	0.45622	0.0135667	1.445682	3.108113
48816	-1030.366	-1241.691	211.3245	1.03353	0.279351	0.103734	0.301651	0.315263	1.563189	3.108113
48822	-1029.828	-1241.762	211.933	1.087921	0.327759	0.12171	0.353923	0.196608	1.624338	2.670684
48828	-1024.57	-1235.319	210.7493	0.6254423	0.325067	0.202484	0.409248	0.0632003	1.58725	3.679513
48834	-1020.769	-1232.884	212.1156	0.9459917	0.325248	0.281128	0.326576	0.0670477	1.702618	2.596861
48840	-1014.549	-1227.793	213.2437	0.6268179	0.29214	0.294922	0.3426	0.0703376	1.785322	2.036811
48846	-1029.812	-1240.69	210.8779	0.7528273	0.287795	0.0853989	0.526894	0.0999119	1.730561	3.442917
48852	-1021.174	-1233.629	212.4553	0.9581579	0.337536	0.222261	0.414263	0.0259397	1.435448	2.544203
48858	-1020.579	-1233.779	213.2003	1.206085	0.210178	0.254873	0.505203	0.0297458	1.857497	1.611177
48864	-1013.003	-1225.652	212.6491	1.291843	0.212542	0.189265	0.0923687	0.505824	1.668493	2.065602
48870	-1024.677	-1237.352	212.6744	1.163353	0.264411	0.220906	0.042826	0.471857	1.864619	1.998536
48876	-1026.236	-1239.148	212.9118	0.7948512	0.259617	0.165769	0.499737	0.0748767	2.06074	1.956058
48882	-1024.123	-1236.972	212.8498	0.7948512	0.185309	0.249163	0.510034	0.0554946	2.032304	2.016495
48888	-1036.082	-1248.343	212.2615	0.778834	0.263403	0.384667	0.289728	0.0622022	1.870263	2.509441
48894	-1042.803	-1257.089	214.2859	0.6964829	0.291986	0.192233	0.369123	0.146658	2.187298	0.8274824
48900	-1019.627	-1234.031	214.4042	0.5388919	0.258061	0.26612	0.3462	0.129619	2.186624	0.8849887
48906	-1017.785	-1231.802	214.0175	0.7262534	0.40581	0.136229	0.368427	0.089534	2.276136	0.9923834
48912	-1028.596	-1240.168	211.5718	1.147517	0.156955	0.353148	0.0529299	0.436967	1.930552	2.669065
48918	-1039.995	-1252.002	212.0078	0.8856762	0.143111	0.515885	0.148524	0.19248	1.755136	2.669065
48924	-1022.67	-1236.824	214.1538	0.6695498	0.260467	0.101372	0.510129	0.128032	2.411495	0.7394874
48930	-1023.008	-1236.994	213.9858	0.7585054	0.168149	0.196116	0.519984	0.11575	2.139916	1.119618
48936	-1042.578	-1256.383	213.8045	0.7514297	0.351914	0.234198	0.295405	0.118483	2.161483	1.263788
48942	-1028.113	-1242.202	214.089	0.7514297	0.240182	0.165934	0.569096	0.0247886	2.039149	1.124165
48948	-1022.776	-1236.702	213.9258	0.7514297	0.213146	0.242229	0.505037	0.0395882	2.076916	1.233172
48954	-1026.731	-1240.183	213.4518	0.8173685	0.19618	0.178153	0.371441	0.254226	2.151045	1.494578
48960	-1027.329	-1239.508	212.1798	1.330258	0.18907	0.232139	0.422913	0.155877	1.972979	2.150701
48966	-1034.391	-1247.54	213.1486	1.218122	0.164975	0.285386	0.420116	0.129523	2.500338	1.134566
48972	-1037.703	-1251.702	213.9987	0.6347021	0.330332	0.213188	0.21547	0.241011	2.263118	1.115051
48978	-1027.491	-1241.183	213.692	0.9872189	0.446322	0.143591	0.236905	0.173182	2.263118	1.059264
48984	-1028.397	-1241.813	213.4156	0.7969549	0.320003	0.0919455	0.401107	0.186945	2.167373	1.525388
48990	-1031.733	-1245.514	213.7804	0.7969549	0.35507	0.0872039	0.380422	0.177304	2.346093	1.081907
48996	-1031.614	-1245.361	213.7474	0.7969549	0.191478	0.0821665	0.389998	0.336357	2.230545	1.21357
49002	-1016.956	-1230.659	213.7034	0.7969549	0.202476	0.179765	0.460557	0.157202	2.487143	1.020751
49008	-1034.201	-1247.821	213.6198	1.087184	0.241094	0.0233246	0.548397	0.187184	2.406164	0.883795
49014	-1028.919	-1242.784	213.8656	0.8960954	0.240694	0.0106669	0.558132	0.190507	2.252622	0.9903384
49020	-1010.872	-1224.653	213.7807	0.9548265	0.314695	0.00244924	0.634501	0.0483547	2.302685	0.9646692
49026	-1005.423	-1219.072	213.6487	1.005619	0.460543	0.00349602	0.320218	0.215743	2.383585	0.9646692
49032	-1023.398	-1237.548	214.1501	0.7545526	0.297447	0.00224464	0.519743	0.180566	2.293009	0.7863383
49038	-1019.425	-1233.367	213.9425	0.9174136	0.307887	0.00706249	0.537986	0.147064	2.364815	0.7374685
49044	-1010.299	-1224.013	213.7137	1.142768	0.466489	0.00270183	0.280525	0.250285	2.384086	0.7151091
49050	-1017.565	-1231.046	213.4815	1.251692	0.507888	0.00294161	0.216674	0.272497	2.370289	0.9037245
49056	-1011.96	-1225.495	213.5345	1.252944	0.530841	0.000777558	0.119455	0.348927	2.461105	0.7121553
49062	-1022.555	-1236.124	213.5689	1.02908	0.376053	0.00311785	0.135287	0.485542	2.710888	0.4746572
49068	-1022.175	-1234.782	212.6068	2.139912	0.446846	0.0114595	0.242792	0.298903	2.714339	0.4097348
49074	-1032.221	-1245.613	213.3923	0.9577403	0.43947	0.316499	0.0554276	0.188604	1.898404	1.618148
49080	-1026.634	-1240.059	213.425	1.196139	0.606649	0.0155578	0.203581	0.174212	2.684011	0.4312696
49086	-1020.798	-1234.026	213.2283	1.408332	0.401395	0.0246517	0.297909	0.276044	2.666146	0.3860035
49092	-1006.591	-1219.585	212.9938	1.441199	0.397328	0.0359087	0.383528	0.183235	2.832216	0.3352793
49098	-1000.551	-1213.84	213.2889	1.240938	0.281316	0.084805	0.500745	0.133134	2.736451	0.3556493
49104	-1011.13	-1224.796	213.666	0.9874739	0.170215	0.508208	0.254305	0.0672724	2.631032	0.3951819
49110	-999.0878	-1213.167	214.0788	0.4476756	0.22004	0.36425	0.328746	0.0869644	2.783548	0.4124492
49116	-1011.523	-1225.408	213.8846	0.4476756	0.377346	0.204907	0.373812	0.0439354	2.935657	0.3467307
49122	-1042.499	-1256.485	213.9857	0.7304418	0.32218	0.295348	0.223099	0.159373	1.948181	1.308221
49128	-1035.883	-1250.133	214.2499	0.6017478	0.31212	0.0738219	0.420453	0.193605	2.342669	0.8026568
49134	-1013.58	-1227.73	214.1502	0.5949113	0.235906	0.123171	0.530686	0.110237	2.581099	0.4857188
49140	-1012.618	-1226.707	214.089	0.5949113	0.291313	0.176013	0.421463	0.111211	2.642192	0.4830341
49146	-1008.827	-1223.154	214.3274	0.5319075	0.119266	0.335216	0.499987	0.0455308	2.469637	0.5008496
49152	-1010.515	-1224.482	213.9673	0.7671935	0.20885	0.2763	0.412111	0.102739	2.579926	0.4655953
49158	-1028.715	-1242.687	213.9722	0.6862697	0.0811388	0.25895	0.563623	0.0962882	2.658656	0.4545959
49164	-1013.053	-1227.287	214.2332	0.4194665	0.23046	0.324086	0.324945	0.120508	2.658656	0.4219749
49170	-1026.738	-1240.326	213.5874	0.6114538	0.190003	0.203731	0.518651	0.0876153	2.058077	1.623206
49176	-1027.626	-1240.583	212.9565	1.102544	0.198803	0.213167	0.542673	0.0453571	2.039923	1.725677
49182	-1025.04	-1238.267	213.2265	0.8255801	0.189661	0.13988	0.517719	0.15274	2.088949	1.697719
49188	-1012.735	-1226.457	213.7223	0.8255801	0.18303	0.13319	0.492959	0.190821	2.232928	1.207465
49194	-1027.733	-1241.142	213.4082	0.878877	0.313147	0.301334	0.257959	0.127559	2.347793	1.326361
49200	-1021.971	-1235.728	213.7569	0.878877	0.253856	0.244279	0.166007	0.335858	1.999163	1.326361
49206	-1040.364	-1252.804	212.4399	1.333937	0.245254	0.343883	0.0863867	0.324477	1.744387	2.127947
49212	-1021.505	-1235.027	213.5215	1.229247	0.125476	0.39764	0.297437	0.179447	2.218497	1.040623
49218	-1030.837	-1244.54	213.7034	1.063808	0.0991182	0.465575	0.225203	0.210104	1.922881	1.280491
49224	-1042.609	-1256.351	213.7418	0.3828656	0.169516	0.306406	0.449701	0.0743773	1.709798	1.913318
49230	-1051.145	-1263.594	212.449	1.51084	0.261725	0.315515	0.253326	0.169434	1.868582	1.935976
49236	-1039.765	-1253.062	213.2961	0.9284971	0.323255	0.152825	0.312881	0.211038	1.933856	1.683021
49242	-1027.266	-1241.2	213.934	0.7344055	0.238625	0.392009	0.275498	0.0938685	2.192386	1.141855
49248	-1037.687	-1251.496	213.8085	0.7344055	0.289519	0.331426	0.326763	0.0522916	1.977671	1.421436
49254	-1028.227	-1241.878	213.6509	0.8741462	0.262343	0.300316	0.389958	0.0473832	2.010157	1.405128
49260	-1016.985	-1230.64	213.6556	0.9493352	0.382993	0.2417	0.348902	0.0264054	1.97164	1.371416
49266	-1012.883	-1226.316	213.4334	1.223053	0.2912	0.254632	0.275637	0.178531	2.015395	1.300641
49272	-1020.185	-1233.657	213.4712	1.223998	0.313612	0.194522	0.295406	0.19646	1.843237	1.406483
49278	-1035.609	-1248.532	212.9229	0.976588	0.287718	0.397794	0.271015	0.0434736	1.598393	2.131037
49284	-1013.535	-1227.08	213.545	0.976588	0.241484	0.201175	0.263264	0.294077	1.803929	1.561796
49290	-1031.75	-1244.892	213.1423	1.180803	0.225469	0.137885	0.245804	0.390843	1.754078	1.743195
49296	-1016.084	-1228.4	212.3152	1.180803	0.266841	0.459512	0.121834	0.151813	1.811579	2.25717
49302	-1019.444	-1231.356	211.9113	0.7063582	0.137459	0.314689	0.253986	0.293866	1.979285	2.706001
49308	-1021.317	-1232.666	211.3483	1.338649	0.149224	0.100498	0.548189	0.202088	1.860126	2.74016
49314	-1041.036	-1253.74	212.704	1.247539	0.0945042	0.542406	0.129948	0.233142	1.790696	1.975153
49320	-1018.481	-1230.713	212.2329	1.369436	0.261216	0.144287	0.345294	0.249203	1.921183	2.126812
49326	-1009.4	-1222.964	213.5647	0.9795994	0.289401	0.194062	0.197719	0.318818	2.036155	1.368149
49332	-1006.77	-1221.02	214.2491	0.6745282	0.324238	0.0705442	0.44976	0.155458	2.186617	0.8997462
49338	-1010.088	-1224.2	214.1119	0.7622355	0.403801	0.0650914	0.337503	0.193605	2.329582	0.7773959
49344	-1023.174	-1237.306	214.1328	0.7091305	0.384848	0.135323	0.295311	0.184518	2.435405	0.6609456
49350	-1023.278	-1237.291	214.013	0.7916552	0.351183	0.0914065	0.432774	0.124636	2.278046	0.9229424
49356	-1037.558	-1251.34	213.7817	1.036677	0.366298	0.0844138	0.4514	0.0978882	2.277112	0.9028478
49362	-1021.592	-1235.463	213.8712	0.9042835	0.1399	0.236741	0.485108	0.13825	2.378842	0.8347242
49368	-1034.194	-1247.594	213.3999	1.140788	0.213926	0.319738	0.254933	0.211403	2.344771	1.11451
49374	-1013.087	-1226.778	213.691	1.151199	0.196772	0.190691	0.372615	0.239921	2.306117	0.8446539
49380	-1025.231	-1239.35	214.1194	0.6300196	0.222958	0.148607	0.48892	0.139514	2.570655	0.5503875
49386	-1013.397	-1227.425	214.0279	0.7164421	0.144973	0.136836	0.589728	0.128463	2.570655	0.5503875
49392	-1025.471	-1239.4	213.929	0.8482113	0.140266	0.085757	0.664547	0.10943	2.52234	0.5871054
49398	-1017.456	-1231.449	213.9934	0.7951974	0.19137	0.212122	0.440708	0.1558	2.52234	0.5488912
49404	-1013.727	-1227.864	214.1371	0.7022745	0.307893	0.105973	0.492758	0.0933765	2.476677	0.5488912
49410	-1014.179	-1228.029	213.8506	0.9364169	0.219852	0.273624	0.418805	0.0877188	2.499771	0.6172302
49416	-1021.618	-1235.803	214.1844	0.6574331	0.183641	0.176288	0.426629	0.213442	2.457553	0.6172302
49422	-1007.372	-1221.607	214.2349	0.568675	0.0879215	0.430281	0.379608	0.10219	2.500381	0.6172302
49428	-1013.941	-1227.967	214.0264	0.7726857	0.130683	0.409212	0.36102	0.0990846	2.500381	0.5983893
49434	-1015.955	-1229.851	213.8962	0.9144341	0.2713	0.367868	0.195878	0.164955	2.500381	0.5070021
49440	-1013.251	-1227.065	213.8141	0.6976231	0.254141	0.187885	0.473725	0.084249	2.786207	0.400524
49446	-1011.81	-1225.886	214.0765	0.4353741	0.230171	0.179171	0.50273	0.0879277	2.74602	0.3369005
49452	-1026.39	-1240.571	214.1813	0.5907669	0.420533	0.177382	0.278957	0.123129	2.40889	0.8207897
49458	-1029.793	-1244.127	214.3344	0.5647439	0.242324	0.376035	0.293991	0.0876507	2.295984	0.8038164
49464	-1016.7	-1229.477	212.7768	1.860225	0.219931	0.321456	0.0654732	0.39314	2.768444	0.4538574
49470	-1014.454	-1227.554	213.0997	1.860225	0.140666	0.0352121	0.562444	0.261677	2.447865	0.5346972
49476	-1027.433	-1241.163	213.7301	1.039812	0.38899	0.135161	0.275049	0.2008	2.529993	0.575819
49482	-1021.958	-1235.804	213.8455	0.9045058	0.165082	0.450042	0.33324	0.0516361	2.535896	0.6212693
49488	-1022.151	-1236.097	213.9463	0.9045058	0.166869	0.526903	0.19517	0.111059	2.377664	0.7320852
49494	-1034.211	-1247.933	213.722	0.6859896	0.182022	0.237344	0.423115	0.15752	2.853377	0.3460171
49500	-1016.884	-1230.648	213.7633	0.6274176	0.241018	0.412923	0.249766	0.0962925	2.82493	0.3011853
49506	-1027.2	-1240.314	213.1136	1.279189	0.240865	0.357171	0.169153	0.232811	2.863672	0.3411224
49512	-1020.335	-1233.926	213.5906	1.15741	0.285555	0.106859	0.144997	0.462588	2.242627	1.015964
49518	-1010.185	-1224.213	214.0284	0.9121871	0.503395	0.125625	0.218058	0.152922	2.270667	0.757946
49524	-1012.47	-1226.517	214.0469	0.9121871	0.224615	0.231121	0.463216	0.0810492	2.252204	0.757946
49530	-1002.638	-1216.988	214.35	0.5995793	0.199713	0.242988	0.472088	0.085211	2.313113	0.7003551
49536	-1009.231	-1222.895	213.6645	1.235053	0.0598525	0.219191	0.364235	0.356721	2.327709	0.74413
49542	-1018.67	-1231.924	213.2541	1.686906	0.0739683	0.455352	0.180793	0.289886	2.327709	0.7673471
49548	-1008.051	-1222.106	214.0545	0.7473895	0.137311	0.594483	0.177689	0.0905174	2.511028	0.5519368
49554	-1017.256	-1231.248	213.992	0.7473895	0.111359	0.361057	0.349529	0.178055	2.529687	0.6730537
49560	-1013.152	-1227.136	213.9839	0.9382037	0.124846	0.206438	0.454475	0.214242	2.331143	0.6890589
49566	-1003.034	-1216.98	213.9463	0.859728	0.0816479	0.443846	0.407267	0.0672394	2.447347	0.6925933
49572	-999.5049	-1213.441	213.9366	0.8239048	0.135664	0.141653	0.676706	0.0459766	2.550029	0.4587891
49578	-1000.079	-1214.146	214.0663	0.8751564	0.345757	0.0913535	0.436415	0.126475	2.21645	0.8313822
49584	-1000.789	-1214.671	213.8818	0.8666182	0.255612	0.135502	0.439912	0.168973	1.973914	1.255306
49590	-1010.102	-1223.533	213.4307	0.9351992	0.33784	0.120534	0.391318	0.150307	1.911438	1.597423
49596	-1023.164	-1236.8	213.6359	1.025797	0.428664	0.152938	0.224814	0.193584	1.862684	1.41201
49602	-1021.402	-1235.693	214.2911	0.6558971	0.499807	0.0942164	0.247685	0.158292	2.221705	0.831789
49608	-1019.1	-1232.856	213.7557	1.148394	0.292111	0.0857755	0.41031	0.211804	2.069129	1.032578
49614	-1027.423	-1241.622	214.1989	0.779347	0.309855	0.0778611	0.445727	0.166557	2.266394	0.7137384
49620	-1007.379	-1221.238	213.8587	1.026821	0.27807	0.122343	0.400006	0.199581	2.297918	0.7957037
49626	-1029.732	-1243.509	213.7774	1.123519	0.30058	0.0873391	0.511141	0.10094	2.231027	0.8631651
49632	-1006.619	-1220.276	213.6569	1.123519	0.32723	0.165324	0.223706	0.283741	2.275937	0.9476545
49638	-1014.004	-1227.918	213.9144	0.9065025	0.433408	0.218968	0.104609	0.243016	2.22433	0.9582451
49644	-1020.289	-1234.346	214.0574	0.8631795	0.433408	0.218968	0.104609	0.243016	2.215442	0.8586956
49650	-1004.69	-1218.793	214.1026	0.8631795	0.214118	0.386987	0.13162	0.267276	2.140221	0.8936048
49656	-993.3227	-1207.441	214.1186	0.8138427	0.117386	0.212158	0.523928	0.146529	2.308599	0.7170176
49662	-1001.178	-1215.2	214.0225	0.763715	0.115747	0.355155	0.342865	0.186234	2.512545	0.6018497
49668	-1019.163	-1233.157	213.9941	0.7975224	0.199169	0.370718	0.108658	0.321455	2.505382	0.6018497
49674	-1037.04	-1249.488	212.4482	1.049963	0.328912	0.190655	0.182286	0.298147	1.847463	2.230005
49680	-1019.949	-1232.656	212.7063	0.8808094	0.265649	0.153984	0.342355	0.238012	1.559445	2.358273
49686	-1022.603	-1235.635	213.0316	1.337069	0.314597	0.028721	0.405437	0.251245	2.152764	1.426532
49692	-1015.853	-1229.695	213.8421	0.7938677	0.258404	0.172077	0.462098	0.107421	1.874864	1.426532
49698	-1013.533	-1227.413	213.88	0.8104635	0.183725	0.133948	0.301841	0.380485	1.819531	1.426532
49704	-1015.657	-1229.379	213.7224	0.8472471	0.406541	0.0682016	0.331549	0.193708	1.938821	1.426532
49710	-1018.405	-1232.201	213.7961	0.8472471	0.317118	0.0784784	0.381508	0.222896	1.865124	1.426532
49716	-1042.092	-1255.92	213.828	0.7078695	0.338118	0.127758	0.406772	0.127352	1.979691	1.426532
49722	-1016.231	-1228.845	212.6142	1.178353	0.233658	0.468422	0.0946968	0.203223	3.252764	0.2167796
49728	-1028.128	-1240.943	212.8145	1.008146	0.202095	0.585587	0.081905	0.130413	3.218197	0.2167796
49734	-1014.983	-1227.581	212.5982	1.194988	0.0454432	0.481811	0.365445	0.107302	3.218197	0.204151
49740	-1029.653	-1243.326	213.673	0.3639312	0.0437817	0.331642	0.527792	0.0967845	3.038008	0.2286365
49746	-1019.785	-1233.434	213.649	0.3792375	0.053429	0.439299	0.442456	0.0648155	3.05035	0.2286365
49752	-1033.948	-1247.267	213.3185	0.5752307	0.0563982	0.4341	0.440102	0.0693994	3.168749	0.2184258
49758	-1038.449	-1251.801	213.3519	0.4645692	0.0804079	0.268361	0.503595	0.147636	3.168749	0.1913722
49764	-1036.443	-1247.615	211.1711	1.288415	0.157978	0.282871	0.282766	0.276385	1.611708	3.025426
49770	-1019.245	-1232.584	213.3388	0.2877821	0.0795004	0.368677	0.264708	0.287115	3.202998	0.1617956
49776	-1002.894	-1215.829	212.9348	0.7992927	0.185865	0.278363	0.286329	0.249443	3.202998	0.1809833
49782	-1006.267	-1219.204	212.9372	0.6113114	0.209784	0.314186	0.323176	0.152854	3.368045	0.1724979
49788	-1004.574	-1217.19	212.6159	1.005486	0.246373	0.209979	0.345772	0.197876	3.357847	0.1952502
49794	-1000.501	-1213.519	213.0177	0.6190253	0.135222	0.343937	0.331267	0.189575	3.357847	0.1952502
49800	-1005.276	-1218.126	212.8505	0.6190253	0.167059	0.375516	0.223217	0.234209	3.357847	0.1512878
49806	-1009.067	-1222.099	213.0321	0.5888652	0.126694	0.309915	0.391882	0.171509	3.207963	0.1512878
49812	-1003.209	-1216.493	213.284	0.5888652	0.19567	0.463192	0.231921	0.109217	3.184046	0.2164862
49818	-1020.256	-1233.687	213.4312	0.4922494	0.160435	0.465679	0.233166	0.140721	3.17089	0.2307325
49824	-1020.081	-1233.924	213.8426	0.8948069	0.2406	0.209404	0.0599272	0.490068	1.936244	1.294678
49830	-1017.051	-1230.412	213.3614	0.4584519	0.242091	0.331006	0.262195	0.164708	3.225676	0.2117875
49836	-1011.477	-1224.794	213.3163	0.4584519	0.263935	0.321152	0.268139	0.146775	3.225676	0.1962554
49842	-1015.727	-1228.679	212.9524	1.931226	0.0669484	0.219386	0.346682	0.366984	2.047647	1.174492
49848	-1018.466	-1230.363	211.8972	3.416657	0.0762669	0.249922	0.155031	0.518779	2.047647	1.254963
49854	-1009.424	-1222.438	213.0146	1.115523	0.260914	0.141926	0.31937	0.27779	1.934801	1.749865
49860	-1015.386	-1228.83	213.4445	1.00653	0.142612	0.128005	0.617607	0.111776	1.907973	1.537054
49866	-1019.798	-1233.302	213.5041	0.8471728	0.0568956	0.203908	0.46773	0.271467	2.010809	1.537054
49872	-1013.171	-1226.431	213.2605	0.8226085	0.198737	0.239752	0.390046	0.171465	3.086415	0.276979
49878	-997.7729	-1211.14	213.3669	0.7228837	0.253492	0.242407	0.405528	0.0985735	3.093001	0.2821086
49884	-1003.201	-1216.031	212.83	1.013977	0.254104	0.240578	0.406507	0.0988114	3.237842	0.2335735
49890	-1001.238	-1213.455	212.2167	2.090732	0.273621	0.0689147	0.486822	0.170642	2.974031	0.2542537
49896	-993.419	-1207.002	213.5835	0.6249452	0.427125	0.04105	0.369618	0.162207	2.965743	0.2731216
49902	-1001.832	-1214.079	212.247	2.110991	0.312907	0.0298206	0.424363	0.23291	2.959969	0.2714692
49908	-1015.966	-1228.408	212.4423	1.473523	0.48283	0.0222923	0.386267	0.108611	3.17632	0.2246484
49914	-1016.556	-1229.736	213.1803	0.7306037	0.20314	0.417991	0.268329	0.11054	3.15866	0.2246484
49920	-1019.646	-1232.003	212.3577	1.232091	0.269671	0.463435	0.156566	0.110327	1.828767	2.187532
49926	-1026.459	-1239.055	212.5962	1.04691	0.326531	0.363621	0.203309	0.106539	1.762779	2.190982
49932	-1010.385	-1221.794	211.409	0.9378412	0.238298	0.140707	0.475582	0.145414	1.811393	2.966467
49938	-1018.874	-1232.037	213.1625	0.9456691	0.286121	0.309	0.166261	0.238617	1.901967	1.787032
49944	-1015.667	-1229.048	213.3812	0.9456691	0.297678	0.285062	0.153381	0.26388	2.365849	1.278221
49950	-1006.916	-1219.329	212.4123	0.9456691	0.210975	0.166422	0.389925	0.232678	2.100765	2.156739
49956	-1009.561	-1222.444	212.8826	0.6733747	0.230156	0.181553	0.334457	0.253833	1.914602	2.156739
49962	-1016.205	-1228.625	212.4192	0.7069257	0.228355	0.31664	0.203159	0.251846	1.818091	2.490911
49968	-1010.805	-1224.377	213.5721	0.6412367	0.296022	0.257091	0.242404	0.204482	2.145036	1.54794
49974	-1017.718	-1230.857	213.1387	1.177436	0.336267	0.155832	0.275619	0.232282	2.271436	1.366027
49980	-1011.007	-1224.454	213.4477	0.8957084	0.236803	0.151232	0.492499	0.119465	2.20808	1.391932
49986	-1027.866	-1241.622	213.7555	0.8957084	0.386907	0.110743	0.255434	0.246916	2.426497	0.9239567
49992	-1016.292	-1229.816	213.5244	1.124974	0.361912	0.103589	0.427584	0.106915	2.263732	1.088617
49998	-1020.221	-1234.094	213.873	0.7772424	0.420857	0.186666	0.254938	0.137539	2.493278	0.854201
50004	-1024.313	-1238.401	214.0887	0.5861427	0.316828	0.108228	0.477405	0.0975394	2.479401	0.854201
50010	-1039.498	-1251.865	212.3665	0.9808392	0.373463	0.176475	0.243385	0.206677	1.618023	2.47136
50016	-1028.474	-1240.043	211.5688	0.9808392	0.28287	0.0955697	0.472544	0.149016	1.517228	3.020996
50022	-1019.009	-1230.936	211.9268	0.9690749	0.419258	0.30157	0.173548	0.105625	1.861297	2.601043
50028	-1022.811	-1235.551	212.7401	0.9032784	0.394153	0.182148	0.263393	0.160306	1.601334	2.295344
50034	-1020.442	-1231.792	211.3505	1.960636	0.535723	0.101356	0.146564	0.216358	1.465148	2.665166
50040	-1040.537	-1253.797	213.2598	0.7396955	0.385708	0.385167	0.124215	0.10491	3.161838	0.2695189
50046	-1026.198	-1239.112	212.9138	0.8849798	0.391152	0.147066	0.351892	0.109889	3.252933	0.220338
50052	-1008.916	-1222.183	213.267	0.800833	0.410579	0.0920253	0.267299	0.230096	3.056701	0.251249
50058	-1014.641	-1227.522	212.8807	1.175296	0.386586	0.120713	0.319331	0.17337	3.067727	0.251249
50064	-1027.605	-1238.947	211.3423	0.66295	0.18302	0.293776	0.387797	0.135407	1.468363	3.380165
50070	-1015.466	-1226.318	210.8524	0.9677701	0.351128	0.438007	0.0897683	0.121096	1.636249	3.382845
50076	-1017.545	-1227.262	209.7166	0.631639	0.218347	0.286181	0.467598	0.0278736	1.325606	4.414451
50082	-1020.396	-1234.021	213.6242	0.4617433	0.100614	0.393025	0.335345	0.171015	2.991089	0.2239083
50088	-1028.864	-1242.606	213.7412	0.4672549	0.270113	0.426199	0.218316	0.0853711	2.981437	0.2807688
50094	-1022.415	-1231.859	209.4437	2.072968	0.375137	0.177797	0.434353	0.012712	1.420815	3.772459
50100	-1018.598	-1228.095	209.4969	1.712205	0.447237	0.120046	0.224419	0.208299	1.427258	3.89858
50106	-1035.01	-1244.303	209.2933	1.707598	0.218048	0.252023	0.471732	0.0581967	1.500414	3.975446
50112	-1011.239	-1224.245	213.0061	0.9037923	0.398703	0.123976	0.370908	0.106413	1.722218	2.043501
50118	-1015.973	-1229.865	213.8928	0.9037923	0.376482	0.090006	0.523281	0.0102311	2.014259	1.179277
50124	-1007.787	-1221.557	213.77	0.943819	0.370252	0.0885168	0.514623	0.0266078	1.913488	1.331262
50130	-1014.329	-1227.586	213.2568	1.49632	0.464635	0.0472275	0.450562	0.0375754	1.908252	1.331262
50136	-1026.934	-1240.59	213.6559	1.180679	0.206804	0.443573	0.223555	0.126068	1.930646	1.219515
50142	-1018.522	-1232.063	213.5407	0.9486638	0.309396	0.226786	0.169398	0.29442	2.221732	1.262966
50148	-1033.471	-1246.72	213.2491	0.7555266	0.331861	0.156585	0.309189	0.202366	1.894227	1.868471
50154	-1020.344	-1234.008	213.6642	0.8436153	0.264226	0.154236	0.506839	0.0746996	2.227359	1.245349
50160	-1023.954	-1237.21	213.2559	1.183716	0.399226	0.184059	0.185794	0.230921	1.967792	1.504571
50166	-1007.735	-1220.243	212.5078	1.183716	0.512371	0.0535015	0.23845	0.195677	1.802518	2.136612
50172	-1007.834	-1220.346	212.5122	1.211463	0.317587	0.135315	0.212461	0.334638	1.954273	2.016513
50178	-1012.051	-1224.913	212.8613	0.9165118	0.338265	0.27061	0.222065	0.16906	2.100502	1.87805
50184	-1007.083	-1218.601	211.5186	0.9165118	0.168442	0.295326	0.374936	0.161296	1.878626	2.872883
50190	-1020.676	-1234.592	213.9159	0.72343	0.230273	0.362785	0.277747	0.129195	2.665927	0.4206897
50196	-1031.747	-1245.57	213.8228	0.7731535	0.286377	0.172051	0.480301	0.0612709	2.702395	0.4105001
50202	-1021.526	-1235.381	213.8541	0.7618259	0.278847	0.16482	0.480824	0.0755085	2.668656	0.3830787
50208	-1023.973	-1238.072	214.099	0.7618259	0.166695	0.43784	0.288828	0.106636	2.451098	0.4508147
50214	-1024.644	-1238.747	214.1029	0.7277843	0.334005	0.189535	0.35672	0.119739	2.465074	0.6158603
50220	-1018.273	-1232.59	214.3169	0.5237807	0.116126	0.378458	0.379091	0.126325	2.465074	0.6158603
50226	-1027.767	-1242.311	214.544	0.3653314	0.337913	0.248467	0.316626	0.0969935	2.396025	0.5728473
50232	-1025.684	-1239.423	213.7395	0.9410921	0.31502	0.0241978	0.434245	0.226538	2.18623	1.129241
50238	-1023.999	-1237.957	213.9579	0.9195114	0.296181	0.0302145	0.408276	0.265329	2.217357	0.9044314
50244	-1013.775	-1227.974	214.1991	0.7112016	0.283217	0.137175	0.390406	0.189201	2.223915	0.8696112
50250	-1022.368	-1236.168	213.8001	0.9302866	0.13904	0.321316	0.310478	0.229166	2.573915	0.4452267
50256	-1031.532	-1245.827	214.2949	0.501904	0.103193	0.27018	0.431623	0.195003	2.525923	0.4452267
50262	-1021.649	-1234.501	212.8518	0.8542913	0.423705	0.0435387	0.433989	0.0987668	1.911067	2.054442
50268	-1032.931	-1245.899	212.968	0.9231606	0.256593	0.0640783	0.433459	0.24587	1.723955	2.054442
50274	-1035.276	-1247.753	212.4768	0.9631369	0.235773	0.0747042	0.402881	0.286642	1.565366	2.44635
50280	-1033.377	-1246.499	213.1222	1.70541	0.293709	0.00857277	0.461572	0.236147	2.550698	0.4915547
50286	-1037.13	-1250.388	213.258	1.542342	0.358997	0.0103086	0.346732	0.283963	2.550698	0.4959425
50292	-1009.838	-1223.609	213.7711	1.158426	0.437642	0.0788273	0.308575	0.174956	2.107149	0.9695837
50298	-1020.979	-1234.075	213.0957	1.899515	0.149158	0.0313993	0.180925	0.638518	2.157542	0.9584295
50304	-1016.793	-1230.271	213.4782	1.526666	0.134692	0.20671	0.189121	0.469478	2.134231	0.897228
50310	-1013.903	-1227.616	213.7131	1.276164	0.156279	0.131676	0.264785	0.447261	2.178746	0.8295523
50316	-1010.178	-1224.365	214.1866	0.7010878	0.356249	0.177075	0.357212	0.109464	2.290683	0.8160142
50322	-1011.257	-1225.108	213.8507	0.7990332	0.26577	0.201963	0.407418	0.12485	2.225672	1.125655
50328	-1028.722	-1241.161	212.4388	2.859693	0.185252	0.224111	0.452096	0.138541	2.078863	1.034361
50334	-1023.919	-1237.222	213.3037	1.547341	0.16463	0.256423	0.455829	0.123118	2.159082	1.034361
50340	-1043.809	-1257.015	213.2056	0.6407429	0.109143	0.29794	0.298799	0.294117	2.067353	1.862861
50346	-1044.128	-1255.339	211.2106	3.919744	0.0704288	0.562309	0.192811	0.174451	1.86133	1.714056
50352	-1007.786	-1220.605	212.819	2.314943	0.149815	0.401758	0.445881	0.00254534	2.312056	0.7345229
50358	-1019.081	-1233.446	214.3648	0.597864	0.273731	0.31681	0.405239	0.00421973	2.279357	0.7345229
50364	-1011.123	-1225.152	214.029	0.9757589	0.121186	0.47623	0.38127	0.0213137	2.144309	0.8399035
50370	-1030.013	-1242.107	212.0939	3.229481	0.601497	0.138708	0.154007	0.105789	1.828443	1.358547
50376	-1018.839	-1231.987	213.148	1.310574	0.50665	0.0849451	0.242102	0.166302	1.91791	1.534177
50382	-1022.28	-1236.32	214.0395	0.3048532	0.499494	0.154674	0.336268	0.0095638	2.090069	1.466704
50388	-1024.054	-1238.216	214.1621	0.6164859	0.343436	0.0558346	0.59179	0.00893853	1.938022	1.270936
50394	-1021.654	-1235.657	214.003	0.5734886	0.387127	0.0504351	0.534561	0.0278773	2.226974	1.199685
50400	-1029.566	-1243.42	213.8544	0.7892801	0.259708	0.126618	0.583258	0.0304168	2.23804	1.120447
50406	-1017.072	-1230.695	213.6237	1.095383	0.292558	0.326888	0.302027	0.0785267	2.550577	0.6587408
50412	-1007.513	-1221.446	213.9328	0.8239797	0.160682	0.140438	0.469539	0.229342	2.437268	0.7865415
50418	-1000.915	-1213.499	212.5838	1.144565	0.233422	0.204014	0.241496	0.321068	2.021147	1.966467
50424	-1007.286	-1219.14	211.8547	1.211466	0.367893	0.283979	0.112474	0.235654	1.663335	2.622017
50430	-999.9394	-1212.035	212.0954	1.405354	0.419584	0.042715	0.111316	0.426386	1.828738	2.254986
50436	-1006.196	-1217.167	210.9706	1.297915	0.41071	0.10276	0.359742	0.126788	1.789754	3.033621
50442	-1004.051	-1216.444	212.3929	1.494009	0.330139	0.134292	0.203433	0.332136	2.12892	1.806446
50448	-1000.342	-1213.185	212.8434	1.130267	0.119152	0.17659	0.267509	0.436749	1.87279	1.900662
50454	-1016.379	-1229.534	213.1555	0.8322011	0.252083	0.131163	0.371698	0.245056	1.759083	1.968737
50460	-1015.612	-1228.869	213.2571	0.6960587	0.465878	0.156745	0.269872	0.107504	2.039769	1.806166
50466	-1012.412	-1224.324	211.9115	2.532853	0.130358	0.426166	0.138804	0.304672	2.034807	1.661119
50472	-1002.271	-1215.9	213.6286	0.900117	0.250829	0.202268	0.315345	0.231558	2.159101	1.282981
50478	-998.8177	-1212.483	213.6651	0.900117	0.0548825	0.517822	0.228803	0.198492	2.122635	1.282981
50484	-1009.221	-1222.844	213.6228	0.900117	0.0867795	0.523257	0.237992	0.151971	2.164842	1.282981
50490	-1012.089	-1225.725	213.6363	0.900117	0.309119	0.273594	0.32526	0.0920266	2.151389	1.282981
50496	-1009.827	-1223.442	213.6148	0.8173288	0.252283	0.247698	0.31507	0.184949	2.258671	1.282981
50502	-1006.215	-1219.338	213.123	1.267747	0.30141	0.244655	0.210238	0.243697	2.305885	1.282981
50508	-1004.812	-1218.672	213.8595	0.8708675	0.247245	0.189663	0.245963	0.31713	2.457143	0.792976
50514	-1026.78	-1239.71	212.9296	1.042396	0.277728	0.288595	0.246559	0.187118	3.203713	0.2833122
50520	-1015.041	-1228.348	213.3066	0.6657984	0.239185	0.485876	0.0793826	0.195556	3.182099	0.2631282
50526	-1015.336	-1228.189	212.8529	1.096691	0.186998	0.475983	0.113265	0.223754	3.193601	0.2631282
50532	-1030.912	-1244.207	213.2947	0.7530018	0.0316665	0.752124	0.0700029	0.146206	3.04246	0.2339371
50538	-1041.235	-1254.546	213.311	0.7530018	0.225083	0.331418	0.185354	0.258146	3.014945	0.2290671
50544	-1036.383	-1250.377	213.9944	0.811456	0.15011	0.333592	0.407067	0.109231	2.417033	0.7459106
50550	-1024.439	-1237.558	213.1185	1.44165	0.197435	0.631235	0.103596	0.0677337	2.773199	0.4557203
50556	-1030.923	-1244.89	213.9665	0.5778975	0.292588	0.317071	0.257291	0.13305	2.773199	0.433186
50562	-1015.964	-1229.968	214.0043	0.8002926	0.344966	0.0850511	0.407671	0.162311	2.510482	0.5090688
50568	-1017.771	-1230.711	212.9403	1.989162	0.46149	0.0177915	0.206003	0.314716	2.510482	0.5122759
50574	-1019.769	-1233.579	213.8103	0.9735653	0.27876	0.0767407	0.51541	0.129089	2.526056	0.5122759
50580	-1027.975	-1241.599	213.6242	1.064216	0.480937	0.158765	0.314919	0.0453791	2.612209	0.4324953
50586	-1043.47	-1256.494	213.0241	1.838369	0.473648	0.121505	0.198601	0.206246	2.541983	0.5208628
50592	-1027.038	-1239.317	212.2791	2.431189	0.365626	0.12493	0.249193	0.260251	2.828528	0.3904346
50598	-1022.587	-1235.441	212.8538	1.524464	0.142417	0.522514	0.121963	0.213106	2.892429	0.3277787
50604	-1031.776	-1245.621	213.8451	0.9507104	0.157334	0.202125	0.413789	0.226752	2.174792	1.032455
50610	-1030.81	-1244.807	213.9975	0.8770564	0.181649	0.409759	0.181705	0.226887	2.097702	1.032455
50616	-1036.632	-1250.591	213.959	0.7909416	0.473387	0.100804	0.189361	0.236447	2.322046	0.9345445
50622	-1038.18	-1250.394	212.2139	2.046466	0.358214	0.0779785	0.267438	0.29637	3.00961	0.2543214
50628	-1039.956	-1252.352	212.3959	1.882753	0.312218	0.0219577	0.368874	0.29695	3.021382	0.2968686
50634	-1026.523	-1240.247	213.7237	0.9097037	0.344681	0.308466	0.232944	0.11391	2.631277	0.6684327
50640	-1036.415	-1250.004	213.5898	1.086904	0.0469641	0.365802	0.0971138	0.49012	2.633259	0.5251981
50646	-1043.004	-1256.83	213.826	0.8113567	0.0955872	0.295339	0.258258	0.350816	2.669323	0.4394186
50652	-1035.623	-1249.044	213.4207	1.234377	0.106422	0.249763	0.265688	0.378126	2.561476	0.7600478
50658	-1024.611	-1238.337	213.7263	0.9133862	0.29145	0.112032	0.24617	0.350348	2.561476	0.7724437
50664	-1019.056	-1233.004	213.9481	0.7535363	0.195507	0.162972	0.424474	0.217048	2.506009	0.7724437
50670	-1018.535	-1231.65	213.1148	1.566094	0.340776	0.140797	0.331191	0.187236	2.506009	0.8481406
50676	-1015.613	-1229.462	213.8488	0.7452898	0.12968	0.263659	0.505707	0.100954	2.518187	0.8926995
50682	-1021.965	-1235.138	213.1721	1.601682	0.225866	0.226754	0.28184	0.26554	2.380818	0.8926995
50688	-1008.095	-1221.988	213.8923	0.9513542	0.0773811	0.0795848	0.577428	0.265606	2.176738	0.9830225
50694	-1010.387	-1223.25	212.8627	1.789329	0.433203	0.171042	0.30487	0.0908848	1.776618	1.548279
50700	-1004.706	-1218.726	214.0193	0.6604051	0.299886	0.235433	0.384651	0.0800294	2.031142	1.273602
50706	-1012.165	-1226.333	214.1678	0.6839383	0.127821	0.323695	0.364347	0.184137	2.103713	1.057714
50712	-1002.53	-1216.661	214.1309	0.7066663	0.196628	0.274444	0.232483	0.296444	2.299382	0.866713
50718	-1004.783	-1219.046	214.263	0.6961338	0.277485	0.341738	0.230488	0.150289	2.296321	0.7033544
50724	-1008.223	-1222.501	214.2788	0.6076792	0.159362	0.0904138	0.603834	0.14639	2.296321	0.8172886
50730	-1009.901	-1223.699	213.7984	0.646127	0.262403	0.202338	0.494583	0.0406762	2.824714	0.352365
50736	-1020.971	-1234.654	213.6827	0.646127	0.179487	0.138401	0.486675	0.195437	2.950158	0.3647119
50742	-1024.247	-1238.196	213.949	0.9061061	0.148445	0.322728	0.253028	0.275799	2.151572	0.9977861
50748	-1021.907	-1236.182	214.2758	0.6129151	0.130364	0.221964	0.309892	0.337781	2.132412	0.9977861
50754	-1034.54	-1248.689	214.1491	0.7206631	0.340578	0.181782	0.201009	0.276632	2.421769	0.6277275
50760	-1020.132	-1234.038	213.9064	1.020022	0.240053	0.0580201	0.295396	0.40653	2.355809	0.6277275
50766	-1010.542	-1224.708	214.1656	0.9149382	0.373028	0.119655	0.439299	0.0680185	2.185352	0.6656401
50772	-1014.253	-1228.37	214.1172	0.9149382	0.308206	0.183061	0.341237	0.167496	2.211299	0.7071575
50778	-1013.101	-1227.564	214.4628	0.5954334	0.31637	0.161421	0.350276	0.171933	2.128218	0.8134124
50784	-1011.31	-1225.67	214.36	0.6971473	0.252881	0.203965	0.419314	0.12384	2.031844	0.9217742
50790	-1023.206	-1235.534	212.3276	1.941893	0.148605	0.0605249	0.576567	0.214304	3.064856	0.3130237
50796	-1018.722	-1230.558	211.8356	2.776333	0.17526	0.223805	0.443531	0.157404	2.961897	0.2978547
50802	-1029.655	-1241.134	211.4788	3.226693	0.456024	0.0964725	0.239621	0.207882	2.961897	0.2462506
50808	-1031.305	-1244.806	213.5008	0.6586519	0.300566	0.332921	0.353872	0.012641	2.988304	0.2591879
50814	-1023.682	-1238.12	214.4389	0.5527895	0.346971	0.18508	0.366501	0.101448	2.114968	0.9105949
50820	-1017.069	-1230.038	212.9685	1.31267	0.0364391	0.542117	0.132368	0.289076	2.89304	0.2738657
50826	-1013.575	-1227.182	213.6075	0.7334419	0.046584	0.693047	0.225335	0.0350344	2.89304	0.321388
50832	-1027.963	-1242.434	214.4706	0.5500385	0.370479	0.184846	0.381881	0.0627942	2.253711	0.6829766
50838	-1024.181	-1238.002	213.821	0.9497041	0.271615	0.156882	0.502743	0.0687603	2.472561	0.7062728
50844	-1021.369	-1235.203	213.8338	0.9497041	0.208558	0.213184	0.518745	0.059513	2.472561	0.6834185
50850	-1014.344	-1227.87	213.5267	1.162346	0.0937701	0.564346	0.105508	0.236376	2.570409	0.6834185
50856	-1014.806	-1228.45	213.6434	1.162346	0.114453	0.58539	0.0743037	0.225853	2.468361	0.6544019
50862	-1011.509	-1225.539	214.0302	0.7763572	0.0459486	0.445102	0.247231	0.261718	2.496021	0.5878762
50868	-1012.277	-1224.385	212.1082	3.291835	0.324982	0.0343462	0.483142	0.15753	2.321183	0.85683
50874	-1031.221	-1243.899	212.6779	2.284697	0.120825	0.441546	0.112167	0.325462	2.360491	0.8840689
50880	-1035.4	-1249.133	213.7325	1.11757	0.0929489	0.525889	0.130789	0.250373	2.423159	0.652441
50886	-1020.865	-1234.384	213.5183	1.490475	0.132775	0.31168	0.230111	0.325434	2.289974	0.6653659
50892	-1019.168	-1233.188	214.0202	0.8509073	0.149832	0.265364	0.272144	0.31266	2.333029	0.7709291
50898	-1019.41	-1233.525	214.1151	0.8920714	0.150309	0.33174	0.342773	0.175177	2.193069	0.7745141
50904	-1031.399	-1244.76	213.3609	1.540166	0.446436	0.101004	0.374294	0.0782662	2.434771	0.5915661
50910	-1029.585	-1243.464	213.879	1.042004	0.412832	0.0914036	0.338716	0.157048	2.363549	0.6221916
50916	-1012.393	-1226.052	213.6582	1.042004	0.477367	0.110128	0.263157	0.149348	2.32885	0.9740734
50922	-1028.281	-1241.625	213.3437	1.238309	0.253167	0.150546	0.565293	0.0309944	2.077153	1.311694
50928	-1006.957	-1221.042	214.0848	0.5317583	0.142088	0.199583	0.607176	0.0511524	2.2087	1.181995
50934	-1028.199	-1242.236	214.0372	0.5317583	0.203783	0.207543	0.542934	0.0457403	2.046232	1.355577
50940	-1017.525	-1231.62	214.0943	0.6837077	0.216628	0.353905	0.158753	0.270713	1.862166	1.329826
50946	-1023.766	-1237.859	214.0923	0.7115739	0.30363	0.288216	0.169015	0.23914	1.915217	1.264306
50952	-1014.029	-1227.898	213.8686	0.7115739	0.299805	0.284585	0.354623	0.0609869	1.915217	1.441836
50958	-1018.535	-1232.459	213.9236	1.032415	0.283273	0.316817	0.219097	0.180814	2.085807	0.9607615
50964	-1017.87	-1231.985	214.1152	0.6849155	0.294884	0.128186	0.228078	0.348852	2.25304	0.9607615
50970	-1020.273	-1233.475	213.2019	1.640732	0.439212	0.0549194	0.199985	0.305884	2.291312	0.9229452
50976	-1011.873	-1225.746	213.8731	0.8793302	0.452151	0.106413	0.222089	0.219347	2.458611	0.7595868
50982	-1011.898	-1226.045	214.1465	0.7121272	0.298305	0.27528	0.245171	0.181243	2.389208	0.7146728
50988	-1010.906	-1224.694	213.7878	0.9320341	0.198481	0.352421	0.406788	0.0423101	2.269474	1.014422
50994	-1022.554	-1236.615	214.0609	0.7102838	0.293067	0.167395	0.521874	0.0176635	2.085776	1.146468
51000	-1010.152	-1224.394	214.2421	0.6395202	0.151481	0.426746	0.395968	0.0258057	2.407657	0.6442106
51006	-1013.201	-1227.309	214.1079	0.7675664	0.261031	0.285262	0.392589	0.0611175	2.407657	0.6412711
51012	-1010.706	-1224.732	214.0254	0.7675664	0.171667	0.350397	0.413555	0.0643814	2.516014	0.5653955
51018	-1005.932	-1220.211	214.2784	0.5813273	0.236684	0.294847	0.414294	0.0541748	2.459673	0.5653955
51024	-1002.787	-1217.083	214.2961	0.5500472	0.176351	0.308165	0.494624	0.0208599	1.959557	1.198455
51030	-1015.648	-1228.97	213.3223	1.035804	0.144086	0.28667	0.536676	0.0325682	2.296003	1.309471
51036	-1029.9	-1242.135	212.2351	1.804673	0.110915	0.104858	0.496048	0.288179	2.035801	1.802398
51042	-1019.975	-1233.452	213.4773	1.144342	0.26295	0.298926	0.180196	0.257927	1.900388	1.416021
51048	-1020.176	-1233.702	213.5258	0.9384337	0.22218	0.252578	0.266537	0.258706	2.055299	1.416021
51054	-1012.636	-1225.999	213.3637	1.580328	0.199571	0.218121	0.282756	0.299552	2.011086	1.091086
51060	-1001.533	-1215.404	213.871	0.9247258	0.148424	0.144013	0.509787	0.197777	1.991251	1.199465
51066	-1000.888	-1215.091	214.2022	0.5929032	0.257011	0.294191	0.346548	0.10225	1.945055	1.252409
51072	-1003.524	-1216.785	213.2612	0.6994341	0.254744	0.312225	0.331683	0.101348	2.074706	1.776599
51078	-1012.005	-1225.95	213.9445	0.6994341	0.0722805	0.161797	0.686333	0.0795893	2.074706	1.265276
51084	-1012.42	-1226.16	213.74	0.6820043	0.15391	0.34452	0.429405	0.0721643	2.253987	1.30106
51090	-1006.319	-1219.864	213.5456	0.6820043	0.159289	0.370842	0.232057	0.237812	2.197423	1.496527
51096	-1005.381	-1218.102	212.7217	2.293827	0.141522	0.329478	0.206173	0.322826	2.384765	0.7915064
51102	-1013.879	-1227.295	213.4163	1.408881	0.540186	0.0454091	0.308781	0.105624	2.384765	0.7915064
51108	-1021.813	-1235.439	213.6255	1.115517	0.148232	0.223082	0.502179	0.126507	2.106276	1.147846
51114	-1011.452	-1224.965	213.5129	1.298104	0.201747	0.353081	0.367382	0.0777909	2.231162	0.9733023
51120	-1008.332	-1222.236	213.9039	1.010506	0.194797	0.383605	0.354726	0.066872	2.209451	0.8701223
51126	-1014.09	-1228.613	214.5231	0.4942571	0.228183	0.34048	0.383025	0.0483121	2.122013	0.8742522
51132	-1027.23	-1241.356	214.1267	1.010121	0.3913	0.27809	0.110715	0.219895	2.017966	0.8327291
51138	-1002.238	-1216.039	213.8009	0.7625553	0.295416	0.321895	0.128155	0.254533	2.01443	1.375632
51144	-1034.555	-1248.705	214.1505	0.784717	0.0680946	0.339332	0.47258	0.119993	1.945303	1.121688
51150	-1023.872	-1237.396	213.5239	0.5540001	0.187425	0.494342	0.282132	0.0361011	1.64456	1.994767
51156	-1004.226	-1216.907	212.6818	1.761002	0.150659	0.16844	0.576102	0.104799	1.705412	1.745638
51162	-1012.672	-1227.305	214.6328	0.4625401	0.111366	0.397595	0.299008	0.19203	1.862002	1.06225
51168	-1014.605	-1228.821	214.2161	0.6889184	0.0535555	0.325549	0.378082	0.242814	1.963051	1.137699
51174	-999.634	-1212.978	213.3437	0.8659278	0.29819	0.439439	0.118449	0.143923	1.594503	1.92933
51180	-1009.633	-1221.086	211.453	0.7076065	0.211805	0.227998	0.476121	0.0840766	1.44145	3.303099
51186	-1007.499	-1219.676	212.1767	0.6291675	0.117037	0.40375	0.330326	0.148887	1.693764	2.768285
51192	-1008.491	-1222.106	213.615	0.6291675	0.0950673	0.400316	0.219443	0.285174	1.764758	1.797803
51198	-1009.039	-1221.909	212.8698	0.5153291	0.192356	0.409214	0.203044	0.195386	1.769453	2.364046
51204	-1009.725	-1223.077	213.3521	0.4537612	0.271414	0.289991	0.162906	0.27569	1.901562	2.004481
51210	-1016.708	-1228.603	211.8956	2.61694	0.198793	0.176553	0.190812	0.433842	1.957621	1.688219
51216	-1020.063	-1232.013	211.9499	2.425204	0.195223	0.269039	0.392363	0.143375	2.03035	1.688219
51222	-1014.707	-1227.835	213.1285	1.311286	0.615916	0.0302943	0.259108	0.0946817	2.073772	1.430787
51228	-1019.425	-1232.321	212.8955	1.311286	0.59123	0.0240135	0.126965	0.257791	2.05926	1.615119
51234	-1030.327	-1243.168	212.8413	1.300232	0.296217	0.0537821	0.520842	0.129158	1.878066	1.789035
51240	-1013.657	-1227.456	213.7988	0.9271751	0.353815	0.0371607	0.514328	0.0946962	2.147273	1.123668
51246	-1005.051	-1218.881	213.831	0.9473724	0.499095	0.0524192	0.231197	0.21729	2.03934	1.172555
51252	-1002.6	-1216.496	213.8962	0.91532	0.449668	0.0575916	0.25401	0.238731	2.138463	1.052917
51258	-1019.335	-1233.437	214.1018	0.7724444	0.536611	0.0975203	0.251001	0.114867	1.949774	1.172332
51264	-1030.324	-1244.72	214.3957	0.5974735	0.0306418	0.582758	0.252313	0.134288	2.294105	0.6533486
51270	-1025.759	-1238.579	212.8197	1.074965	0.338176	0.0728468	0.178886	0.410091	1.888531	1.942365
51276	-1029.085	-1241.77	212.6854	1.407503	0.365651	0.226262	0.081274	0.326813	1.928043	1.795456
51282	-1023.172	-1235.969	212.7969	1.218613	0.282981	0.282264	0.348807	0.0859483	1.859835	1.884049
51288	-1022.081	-1234.859	212.7783	1.957586	0.191296	0.255292	0.210255	0.343157	1.88171	1.434387
51294	-1024.255	-1237.102	212.8462	1.995084	0.260934	0.203026	0.392268	0.143772	1.844142	1.388976
51300	-1047.415	-1258.891	211.4755	3.057781	0.00475261	0.438315	0.201226	0.355706	1.822286	1.884423
51306	-1058.319	-1268.099	209.7798	2.538105	0.0043441	0.366968	0.330883	0.297806	1.456392	3.367806
51312	-1042.859	-1253.59	210.7314	1.222575	0.010714	0.430516	0.388182	0.170589	1.572993	3.345414
51318	-1038.929	-1248.682	209.7536	0.6675463	0.0668898	0.39466	0.382069	0.156381	1.353683	4.356295
51324	-1023.5	-1235.308	211.8084	3.947055	0.0795385	0.48394	0.301084	0.135437	2.270625	0.8570435
51330	-1031.198	-1242.839	211.6414	4.572474	0.101485	0.583691	0.0938224	0.221002	1.848178	1.14674
51336	-1026.53	-1237.543	211.0133	5.824869	0.191294	0.263846	0.262529	0.282331	2.054379	1.047429
51342	-1016.44	-1228.412	211.9722	3.96764	0.352248	0.332228	0.305146	0.0103784	2.003049	0.9609569
51348	-1027.68	-1240.935	213.2549	1.329437	0.141096	0.436911	0.374953	0.0470401	1.889888	1.46212
51354	-1035.478	-1249.688	214.2098	0.6189773	0.00767531	0.377479	0.546308	0.0685375	1.889684	1.269266
51360	-1024.967	-1238.224	213.2569	0.9640606	0.283877	0.316213	0.168263	0.231647	2.077658	1.581641
51366	-1040.591	-1253.852	213.261	1.003742	0.248764	0.332524	0.332646	0.086066	2.33477	1.353054
51372	-1024.386	-1237.191	212.8057	1.21811	0.389778	0.245777	0.277298	0.0871472	2.421046	1.477877
51378	-1026.568	-1240.15	213.5821	0.6291607	0.352637	0.222358	0.250875	0.174131	2.084228	1.594559
51384	-1025.737	-1238.335	212.5988	1.186466	0.159833	0.413015	0.244401	0.182751	1.830222	2.056969
51390	-1026.034	-1239.783	213.7488	0.883787	0.138716	0.294932	0.464536	0.101816	2.521075	0.8363092
51396	-1033.468	-1247.101	213.6333	1.148117	0.0887681	0.188736	0.427977	0.294519	2.176397	1.047381
51402	-1030.66	-1244.204	213.5448	0.8967824	0.0455267	0.574013	0.22037	0.160091	2.079546	1.415555
51408	-1031.676	-1245.451	213.7745	0.7711605	0.0490561	0.618512	0.237453	0.0949787	1.980516	1.415555
51414	-1025.036	-1237.829	212.7938	1.358124	0.103977	0.355661	0.488967	0.0513945	1.892306	1.775635
51420	-1033.777	-1247.623	213.8452	1.030056	0.260754	0.222324	0.367085	0.149837	2.230767	0.8908759
51426	-1031.23	-1244.805	213.5755	1.218567	0.33709	0.116529	0.353809	0.192572	2.266464	0.9480436
51432	-1031.386	-1245.232	213.8464	0.9500058	0.265399	0.0264453	0.663368	0.0447868	2.257763	0.9480436
51438	-1030.212	-1243.983	213.771	0.9620363	0.216633	0.261802	0.485007	0.0365574	2.21376	1.055199
51444	-1030.375	-1244.232	213.8572	0.9063088	0.085748	0.386276	0.267168	0.260808	2.365215	0.8657878
51450	-1013.81	-1227.769	213.9589	0.8407792	0.210457	0.35732	0.35728	0.0749433	2.487264	0.624029
51456	-1003.785	-1217.963	214.1781	0.7184122	0.288468	0.50824	0.168911	0.0343817	2.324629	0.7558661
51462	-996.5432	-1210.288	213.7452	1.141213	0.0275633	0.434792	0.357833	0.179812	2.414607	0.5809314
51468	-1003.662	-1217.277	213.6145	1.134954	0.158352	0.416897	0.302428	0.122323	2.561006	0.4679235
51474	-993.6779	-1205.783	212.1056	2.86471	0.439757	0.154121	0.275651	0.13047	2.684743	0.3396427
51480	-1008.756	-1222.371	213.6147	0.9188531	0.292548	0.0693894	0.598918	0.0391453	2.732624	0.3648349
51486	-1020.474	-1234.327	213.8536	0.6096765	0.0718042	0.415668	0.427782	0.0847457	2.824531	0.3743315
51492	-1014.581	-1228.457	213.8768	0.959711	0.0842462	0.230778	0.349521	0.335455	2.462939	0.57748
51498	-1015.759	-1230.032	214.2729	0.6498321	0.0279728	0.323158	0.478743	0.170126	2.328572	0.7151034
51504	-1007.476	-1221.477	214.0013	0.7575585	0.153255	0.456234	0.170676	0.219835	2.555936	0.4651756
51510	-996.8028	-1209.673	212.8702	2.076753	0.016259	0.501294	0.27877	0.203677	2.514796	0.5199555
51516	-1013.215	-1225.631	212.4159	2.56171	0.0528173	0.39903	0.230858	0.317294	2.632142	0.5199555
51522	-1003.045	-1215.471	212.4262	2.687674	0.0433235	0.433135	0.0517086	0.471833	2.528487	0.5837786
51528	-1001.659	-1213.127	211.4681	4.357657	0.0234593	0.51449	0.200863	0.261188	2.528487	0.6878375
51534	-998.2967	-1211.711	213.4147	1.357613	0.0758362	0.486895	0.19009	0.247179	2.403026	0.829484
51540	-1031.354	-1243.462	212.1073	1.295894	0.323822	0.0185572	0.469293	0.188327	1.672692	2.409557
51546	-1036.268	-1248.496	212.2279	1.073606	0.400883	0.124044	0.354984	0.120089	1.455017	2.601839
51552	-1032.211	-1244.208	211.9973	1.062239	0.187608	0.297884	0.384451	0.130057	1.669647	2.618617
51558	-1036.664	-1250.505	213.8417	0.78444	0.0639961	0.394453	0.426945	0.114606	1.753908	1.525768
51564	-1001.032	-1214.912	213.8792	0.7864755	0.313053	0.0941612	0.293156	0.29963	2.630163	0.6067522
51570	-1002.073	-1215.968	213.8948	0.9402601	0.341416	0.0940715	0.265168	0.299345	2.431593	0.663246
51576	-1003.19	-1217.039	213.8487	0.9402601	0.335057	0.0498011	0.26023	0.354912	2.478044	0.6625059
51582	-1019.88	-1233.252	213.3725	1.430673	0.228382	0.369346	0.0969767	0.305295	2.444211	0.741335
51588	-1014.775	-1228.663	213.8886	0.7580284	0.349068	0.316622	0.127545	0.206765	2.377232	0.9865808
51594	-1004.626	-1218.563	213.9373	0.7580284	0.120745	0.318077	0.39455	0.166629	2.117989	1.182332
51600	-1020.463	-1233.909	213.4452	1.284143	0.2896	0.0329758	0.58071	0.0967137	1.992266	1.26346
51606	-1028.194	-1241.86	213.6668	0.8883591	0.24923	0.331745	0.130365	0.28866	2.01956	1.373965
51612	-1018.759	-1232.068	213.3095	1.416754	0.280796	0.444656	0.144739	0.12981	1.906852	1.345732
51618	-1015.046	-1228.614	213.5684	1.006943	0.353975	0.122478	0.336332	0.187214	2.01324	1.361713
51624	-1015.999	-1229.411	213.4121	0.8659644	0.12966	0.197047	0.336659	0.336634	1.997792	1.599857
51630	-1019.002	-1232.689	213.6863	0.6597825	0.197227	0.130051	0.456961	0.215761	1.994969	1.559927
51636	-1017.344	-1230.452	213.1078	1.259854	0.0731747	0.274944	0.442805	0.209077	2.083172	1.475459
51642	-1020.543	-1233.793	213.2498	1.412076	0.178814	0.427122	0.28271	0.111354	2.221201	1.135593
51648	-1017.972	-1231.409	213.4369	1.389236	0.315016	0.302777	0.259258	0.122949	2.043323	1.145491
51654	-1021.768	-1234.902	213.1337	1.599417	0.143721	0.144889	0.578052	0.133339	2.120703	1.184161
51660	-1037.845	-1248.971	211.1261	1.857217	0.381043	0.189094	0.22551	0.204354	1.530614	2.811118
51666	-1039.609	-1251.812	212.2028	1.014052	0.427326	0.212062	0.227029	0.133584	1.54688	2.596936
51672	-1039.992	-1254.077	214.0849	0.8125696	0.392334	0.0626113	0.208328	0.336727	2.059673	1.049427
51678	-1028.579	-1242.8	214.2206	0.8125696	0.331065	0.0869558	0.306804	0.275175	2.015207	0.9584745
51684	-1030.301	-1239.832	209.5319	1.07326	0.121758	0.613835	0.0687074	0.1957	1.454915	4.188066
51690	-1012.653	-1225.797	213.1441	1.967251	0.356894	0.442393	0.106117	0.094597	2.143225	0.8630707
51696	-1014.602	-1228.779	214.1774	0.8004149	0.11151	0.380364	0.391385	0.11674	2.307303	0.6329487
51702	-1015.079	-1227.743	212.6638	1.098144	0.255309	0.361981	0.334825	0.0478852	1.583432	2.230794
51708	-1018.374	-1231.744	213.3697	1.042229	0.387788	0.166348	0.370424	0.0754401	1.835772	1.618702
51714	-1004.312	-1217.943	213.6316	0.6495591	0.369227	0.0242879	0.351164	0.255321	1.65751	1.845457
51720	-995.2252	-1209.391	214.1658	0.7390475	0.213806	0.394064	0.324505	0.0676254	2.133228	0.9731455
51726	-1008.149	-1221.983	213.8341	0.8356483	0.196806	0.275055	0.417346	0.110792	2.210541	1.119854
51732	-1002.9	-1216.257	213.3574	1.25452	0.214132	0.337404	0.327804	0.12066	1.979244	1.366909
51738	-1004.485	-1218.522	214.0369	0.8868812	0.275929	0.220652	0.419115	0.0843038	2.197635	0.8749507
51744	-1007.405	-1221.363	213.9579	0.8868812	0.198679	0.243433	0.234501	0.323387	2.276707	0.8749507
51750	-1007.811	-1221.931	214.1206	0.6134637	0.270655	0.082679	0.633932	0.0127336	2.368074	0.9126444
51756	-1016.256	-1230.565	214.3085	0.6381057	0.405206	0.0620424	0.475704	0.0570484	2.049708	1.020956
51762	-1023.87	-1236.864	212.9941	1.041825	0.212632	0.220163	0.312671	0.254534	1.994817	1.772611
51768	-1027.71	-1240.574	212.8641	1.041825	0.139845	0.299829	0.425809	0.134518	1.764326	2.017543
51774	-1025.1	-1238.231	213.1304	0.5689444	0.233979	0.174684	0.450468	0.140869	1.656268	2.234741
51780	-1028.34	-1241.535	213.1952	0.9229423	0.238629	0.435064	0.255742	0.0705655	1.942938	1.751802
51786	-1018.102	-1231.148	213.0463	1.038834	0.175606	0.322577	0.108247	0.39357	1.983504	1.74613
51792	-1021.81	-1234.362	212.5528	1.038834	0.162339	0.449489	0.150835	0.237338	1.87908	2.148856
51798	-1026.665	-1239.603	212.9379	0.6099376	0.183689	0.519899	0.211317	0.0850942	1.938403	2.148856
51804	-1009.879	-1223.439	213.5598	0.9261688	0.209512	0.266087	0.386433	0.137968	1.969004	1.465676
51810	-1015.608	-1229.764	214.1562	0.742528	0.159389	0.474499	0.196765	0.169346	2.403096	0.5960443
51816	-1014.94	-1228.952	214.0125	0.7420505	0.181432	0.198277	0.551153	0.0691382	2.547324	0.5960443
51822	-1024.316	-1238.48	214.1634	0.7322434	0.0311721	0.0533551	0.893168	0.0223044	2.34913	0.7178463
51828	-1034.027	-1246.375	212.3477	2.896612	0.0162454	0.251688	0.297789	0.434279	2.311873	0.8594842
51834	-1017.038	-1230.955	213.9165	1.002327	0.338083	0.0858501	0.357558	0.218509	2.381953	0.5712119
51840	-1020.965	-1234.272	213.307	1.587218	0.179664	0.174012	0.254997	0.391327	2.403067	0.6949998
51846	-1013.612	-1227.377	213.7644	0.9644215	0.225567	0.288688	0.320148	0.165597	2.546907	0.6431636
51852	-1012.571	-1226.203	213.6324	1.118873	0.160666	0.342574	0.466523	0.0302371	2.526261	0.6431636
51858	-1009.913	-1223.814	213.9008	0.8243304	0.403799	0.0778154	0.37622	0.142166	2.434866	0.8311362
51864	-1002.113	-1216.032	213.919	0.8696275	0.462346	0.0340256	0.36551	0.138119	2.337004	0.870677
51870	-1017.071	-1231.164	214.093	0.7799002	0.355033	0.148032	0.390874	0.106061	2.217918	0.9147227
51876	-1033.817	-1247.84	214.0222	0.8359072	0.187979	0.181865	0.490347	0.139809	2.230115	0.9147227
51882	-1029.872	-1243.965	214.0926	0.8385573	0.216549	0.112376	0.576435	0.0946398	2.20586	0.8585672
51888	-1021.643	-1235.689	214.0465	0.8385573	0.359002	0.0865624	0.482895	0.0715404	2.315889	0.776081
51894	-1013.062	-1227.215	214.1525	0.6875376	0.247919	0.0652638	0.577116	0.109701	2.368079	0.7772668
51900	-1018.128	-1232.329	214.201	0.6875376	0.190949	0.0342855	0.717136	0.0576302	2.319545	0.7772668
51906	-1017.397	-1231.435	214.0372	0.89091	0.335985	0.113939	0.30498	0.245096	2.270219	0.7772668
51912	-1005.1	-1219.018	213.9176	0.8409226	0.235612	0.37497	0.189787	0.199632	2.441514	0.7772668
51918	-1015.164	-1229.09	213.9257	0.9075322	0.130162	0.402523	0.183505	0.28381	2.37929	0.7561719
51924	-1026.144	-1240.134	213.9901	0.8451338	0.425425	0.300746	0.174984	0.0988456	2.37929	0.7561719
51930	-1030.348	-1244.23	213.8829	0.8451338	0.278813	0.188576	0.190772	0.341839	2.37923	0.8929586
51936	-1028.482	-1242.321	213.8384	0.8270451	0.273264	0.0975322	0.452403	0.176801	2.434341	0.902222
51942	-1022.92	-1236.412	213.492	1.358106	0.152466	0.068727	0.680162	0.098645	2.460239	0.6005631
51948	-1037.134	-1249.75	212.6162	2.783212	0.186819	0.0480171	0.446169	0.318995	2.25752	0.6400466
51954	-1025.479	-1236.233	210.7541	6.799138	0.457278	0.0427649	0.198716	0.301241	2.202502	0.7663338
51960	-1029.552	-1239.812	210.2602	9.077481	0.246419	0.0575437	0.360338	0.335699	2.012669	0.7090754
51966	-1019.596	-1229.442	209.8461	9.113827	0.350901	0.0366502	0.263661	0.348788	2.147727	1.030123
51972	-1019.549	-1233.558	214.0091	0.9233224	0.311754	0.282675	0.285098	0.120473	2.235328	0.8171681
51978	-1006.509	-1220.283	213.7739	1.173574	0.320738	0.363482	0.197213	0.118568	2.232387	0.8059721
51984	-1022.512	-1236.613	214.1002	0.8858134	0.148749	0.615296	0.145804	0.0901506	2.191281	0.8059721
51990	-1006.471	-1220.477	214.0067	0.8858134	0.151736	0.272259	0.469011	0.106994	2.247488	0.8530366
51996	-1019.793	-1234.102	214.3095	0.6634105	0.173612	0.48157	0.222398	0.12242	2.197441	0.8291444
52002	-1010.655	-1224.667	214.0121	0.8997905	0.366309	0.092166	0.381759	0.159766	2.197441	0.8885474
52008	-1017.84	-1231.471	213.6303	0.8855197	0.32219	0.168113	0.288548	0.221149	2.198034	1.261904
52014	-1021.182	-1234.488	213.3061	1.826438	0.181042	0.323258	0.317043	0.178657	2.23389	0.6469875
52020	-1024.187	-1237.627	213.4405	1.473029	0.177323	0.199737	0.324762	0.298178	2.314954	0.7767477
52026	-1021.288	-1235.221	213.9327	1.144286	0.254478	0.198488	0.229275	0.317759	2.131469	0.7647563
52032	-1011.69	-1225.835	214.1442	0.8161845	0.233083	0.1818	0.407747	0.17737	2.310568	0.6624153
52038	-1034.832	-1249.156	214.3246	0.7209589	0.191931	0.279446	0.507045	0.0215774	2.161634	0.7757722
52044	-1028.243	-1241.852	213.6087	1.079304	0.171059	0.101171	0.350636	0.377133	2.042068	1.247679
52050	-1026.979	-1240.794	213.8152	0.8518254	0.162638	0.14542	0.333375	0.358567	2.095926	1.221689
52056	-1017.522	-1231.64	214.1178	0.549935	0.40169	0.261687	0.198234	0.138389	2.036841	1.283194
52062	-1015.458	-1229.185	213.7276	1.100773	0.330529	0.305705	0.249893	0.113873	2.036841	1.131502
52068	-1009.196	-1222.622	213.4254	1.516996	0.271791	0.251378	0.383195	0.0936365	2.108591	0.9895188
52074	-1011.016	-1223.098	212.0815	3.724401	0.221365	0.0351695	0.733574	0.00989243	2.108591	0.8612237
52080	-1003.552	-1216.926	213.3742	1.379864	0.44773	0.0710086	0.359301	0.121961	2.254228	1.015135
52086	-1027.519	-1241.324	213.8051	0.8678664	0.270244	0.248444	0.259992	0.22132	2.008537	1.28895
52092	-1021.583	-1235.961	214.3778	0.6709038	0.0635875	0.644625	0.193892	0.0978956	1.898043	1.066674
52098	-1012.892	-1226.954	214.0615	0.4361483	0.0757483	0.311681	0.594982	0.0175886	1.869747	1.543018
52104	-1026.625	-1240.667	214.0427	0.4361483	0.122509	0.127232	0.739652	0.0106073	2.088172	1.391549
52110	-1012.306	-1225.562	213.2557	0.5161755	0.177333	0.324914	0.490421	0.00733199	1.909147	2.022902
52116	-1006.994	-1220.694	213.7005	0.6066796	0.198678	0.125203	0.667904	0.00821454	2.017122	1.574397
52122	-1009.137	-1221.45	212.313	1.279207	0.20613	0.383477	0.405407	0.00498609	1.696204	2.273587
52128	-1015.28	-1228.106	212.8258	0.6480367	0.245213	0.456187	0.278577	0.0200229	1.70198	2.347123
52134	-1005.07	-1217.709	212.6392	0.8445945	0.363245	0.19329	0.412668	0.0307966	1.632894	2.37798
52140	-1002.84	-1216.381	213.5413	0.5857438	0.243654	0.23483	0.501356	0.0201593	1.725462	1.906479
52146	-1006.331	-1220.377	214.0459	0.6774453	0.146744	0.248069	0.476002	0.129185	1.990359	1.270397
52152	-1003.288	-1217.213	213.9251	0.6958588	0.0818717	0.310747	0.596269	0.0111121	2.27542	1.111876
52158	-995.0196	-1209.282	214.2626	0.5277343	0.27645	0.14603	0.569742	0.00777827	2.211791	1.019869
52164	-1000.47	-1214.717	214.2468	0.5304705	0.324624	0.238725	0.434179	0.00247198	2.224717	1.019869
52170	-1012.852	-1226.984	214.1319	0.7258435	0.174472	0.179017	0.642281	0.00422988	2.41164	0.674808
52176	-1017.329	-1231.359	214.03	0.7258435	0.214885	0.232686	0.547219	0.00520963	2.41164	0.8281089
52182	-1032.654	-1246.706	214.052	0.817326	0.165584	0.180183	0.650199	0.00403413	2.204229	0.9315323
52188	-1011.17	-1225.4	214.2304	0.6531342	0.162772	0.177122	0.65614	0.00396561	1.965286	1.156695
52194	-1001.595	-1215.621	214.026	0.5539112	0.160945	0.175135	0.648777	0.0151427	1.965286	1.409895
52200	-1014.916	-1228.959	214.043	0.5539112	0.26658	0.290083	0.418255	0.0250815	1.930696	1.423506
52206	-1014.128	-1228.145	214.0169	0.5539112	0.225589	0.0240334	0.706165	0.0442127	1.956826	1.423506
52212	-1005.987	-1219.49	213.503	0.7979426	0.216216	0.0322227	0.619804	0.131757	1.741471	1.767924
52218	-1021.174	-1234.515	213.3402	1.046902	0.107826	0.0457177	0.431449	0.415007	1.769569	1.68403
52224	-1027.482	-1240.776	213.2942	1.046902	0.337877	0.152464	0.281171	0.228488	1.815552	1.68403
52230	-1004.966	-1219.181	214.215	0.5271984	0.378031	0.0367825	0.321866	0.26332	1.874488	1.354389
52236	-1015.023	-1229.092	214.069	0.7096042	0.278944	0.0431273	0.360783	0.317145	1.892896	1.303365
52242	-1017.79	-1231.7	213.9096	0.7096042	0.346239	0.0314935	0.390674	0.231594	2.436065	0.9570698
52248	-1010.075	-1223.866	213.7915	1.198582	0.318442	0.0513096	0.575294	0.0549544	2.143967	0.8647268
52254	-1015.147	-1229.267	214.1203	0.7132177	0.216533	0.229569	0.455508	0.0983901	2.381736	0.7648555
52260	-1034.428	-1248.432	214.0041	0.8635613	0.24175	0.218845	0.4919	0.0475052	2.365456	0.726687
52266	-1007.362	-1221.451	214.089	0.7834427	0.247185	0.25693	0.452532	0.0433532	2.365102	0.7250109
52272	-1011.906	-1225.762	213.856	0.7834427	0.251379	0.135174	0.589588	0.0238591	2.573687	0.7623353
52278	-1022.757	-1236.762	214.0053	0.8969074	0.284269	0.342177	0.347932	0.0256224	2.191086	0.9067175
52284	-1012.105	-1225.843	213.7376	0.8969074	0.214231	0.375934	0.233795	0.176041	2.275213	1.091046
52290	-1015.11	-1228.914	213.8038	0.927308	0.401191	0.153204	0.290307	0.155298	2.454145	0.7940905
52296	-1025.341	-1239.308	213.9668	0.7437607	0.375422	0.130811	0.361168	0.132599	2.481969	0.7940905
52302	-1014.889	-1228.841	213.9514	0.7340278	0.349545	0.227465	0.389922	0.0330684	2.585471	0.6710091
52308	-1011.256	-1225.133	213.8769	0.9685191	0.299567	0.204612	0.211638	0.284182	2.452323	0.5832425
52314	-1015.954	-1229.392	213.4379	1.295527	0.231563	0.249924	0.293923	0.224591	2.57655	0.5832425
52320	-1003.398	-1216.926	213.5279	1.382992	0.283034	0.229664	0.118813	0.368489	2.407358	0.5832425
52326	-1014.851	-1226.642	211.7911	3.686693	0.362472	0.120754	0.0570481	0.459726	2.596025	0.5280721
52332	-1032.14	-1244.009	211.8696	3.441336	0.32113	0.106982	0.164596	0.407292	2.649827	0.5280721
52338	-1015.088	-1228.3	213.2126	1.626061	0.441151	0.144625	0.182701	0.231523	2.247649	0.9707288
52344	-1022.207	-1236.007	213.7996	0.9723351	0.388188	0.177728	0.287882	0.146202	2.226036	1.005384
52350	-1016.094	-1229.212	213.118	1.933487	0.290484	0.299131	0.32862	0.0817641	2.098431	0.9695087
52356	-1031.525	-1242.902	211.3763	4.403394	0.589898	0.099194	0.105746	0.205162	1.921998	1.371022
52362	-1034.028	-1245.938	211.9099	3.16384	0.666023	0.0266201	0.0493003	0.258057	1.790125	1.556739
52368	-1024.928	-1234.489	209.5607	5.605704	0.684637	0.0875302	0.0385856	0.189247	1.734896	2.389186
52374	-1027.316	-1237.12	209.8034	4.576577	0.429067	0.0586288	0.0981438	0.41416	1.79362	2.477192
52380	-1008.535	-1219.237	210.7012	2.256466	0.506688	0.248484	0.124797	0.120031	1.58085	2.858959
52386	-989.4845	-1201.565	212.0803	1.653569	0.22585	0.398302	0.322345	0.0535027	1.66842	2.231276
52392	-996.4457	-1208.016	211.5708	2.53362	0.193049	0.578381	0.207803	0.0207669	1.598401	2.186906
52398	-1004.621	-1216.963	212.3413	1.585185	0.324645	0.167707	0.138184	0.369464	1.906651	1.940258
52404	-1007.061	-1220.527	213.4657	1.120258	0.26873	0.176651	0.275083	0.279535	1.922862	1.425496
52410	-1011.072	-1223.099	212.0265	2.037893	0.402858	0.125525	0.27681	0.194806	2.106218	1.774158
52416	-1011.904	-1223.609	211.7048	2.290817	0.253024	0.0224793	0.590278	0.134219	1.834901	2.052371
52422	-1028.879	-1242.614	213.7349	0.8248951	0.285257	0.151358	0.432772	0.130613	2.699371	0.3520932
52428	-1021.57	-1234.854	213.284	1.245328	0.309757	0.0784696	0.469942	0.141831	2.76154	0.3912926
52434	-1014.145	-1227.603	213.4584	1.038885	0.277018	0.196439	0.389199	0.137343	2.78525	0.3912926
52440	-1004.247	-1218.421	214.1736	0.6339621	0.0608924	0.338133	0.408786	0.192188	2.067649	1.134202
52446	-1011.22	-1224.691	213.4711	1.279172	0.0692038	0.384286	0.464582	0.0819285	1.851052	1.360325
52452	-1010.892	-1224.899	214.0072	0.7503436	0.0295177	0.65378	0.177319	0.139384	2.096889	1.146706
52458	-1029.178	-1242.249	213.0708	0.9290558	0.0993921	0.610347	0.175457	0.114804	2.125459	1.706513
52464	-1021.72	-1235.539	213.8191	1.13802	0.0232817	0.816662	0.154313	0.00574386	2.350542	0.5521123
52470	-1011.479	-1225.682	214.2038	0.6919093	0.255591	0.227628	0.46041	0.0563706	2.327283	0.7554517
52476	-1007.313	-1221.216	213.9034	0.9096101	0.193685	0.260235	0.538789	0.00729188	2.167256	1.023833
52482	-1001.07	-1215.186	214.1157	0.7467778	0.234226	0.414229	0.341954	0.00959096	2.435618	0.6064021
52488	-1001.191	-1215.238	214.0467	0.8124483	0.231912	0.427761	0.331449	0.00887776	2.435618	0.6064021
52494	-1017.056	-1230.854	213.7976	1.072568	0.206283	0.242124	0.543696	0.00789668	2.435618	0.5520215
52500	-1038.513	-1252.992	214.4797	0.3103315	0.119941	0.316179	0.533825	0.0300557	2.503864	0.5182961
52506	-1011.688	-1225.698	214.0101	0.6813119	0.277121	0.259709	0.438483	0.0246877	2.629705	0.5182961
52512	-1019.775	-1233.893	214.1178	0.6159074	0.0889906	0.105568	0.762511	0.0429313	2.582158	0.5729718
52518	-1015.649	-1229.682	214.0327	0.856572	0.264855	0.0818816	0.453012	0.200251	2.346504	0.7227417
52524	-1020.449	-1234.244	213.7942	0.9595538	0.321776	0.205879	0.327552	0.144792	2.336294	0.9089908
52530	-1015.533	-1229.469	213.9356	0.9595538	0.315898	0.25944	0.282515	0.142147	2.233938	0.8642697
52536	-1023.177	-1236.835	213.6572	0.9281246	0.112773	0.497832	0.18793	0.201465	1.816051	1.505985
52542	-1031.032	-1243.993	212.9607	1.652911	0.377021	0.115385	0.187433	0.320161	1.84607	1.505911
52548	-1026.094	-1239.586	213.4919	1.019139	0.368283	0.0311064	0.454841	0.145769	1.715355	1.633968
52554	-1013.402	-1226.773	213.3706	1.539194	0.340839	0.0206004	0.346731	0.29183	2.025687	1.103304
52560	-1020.012	-1233.446	213.4334	1.373145	0.394825	0.012323	0.401651	0.191201	2.174782	1.040729
52566	-1018.565	-1232.255	213.6893	1.096254	0.225844	0.0846886	0.483159	0.206308	2.349991	0.8578408
52572	-1026.758	-1240.831	214.0725	0.7624083	0.288254	0.373237	0.237218	0.101291	2.349991	0.8029001
52578	-1017.576	-1231.023	213.4469	1.478578	0.461597	0.138028	0.203578	0.196798	2.284484	0.8029001
52584	-1020.259	-1233.901	213.6418	1.357804	0.43386	0.139232	0.205354	0.221554	2.211281	0.7826817
52590	-1022.48	-1235.926	213.4456	1.413361	0.0922172	0.35189	0.310046	0.245847	2.148479	1.019614
52596	-1008.865	-1223.076	214.2112	0.7254836	0.206441	0.466923	0.0977023	0.228934	2.086612	0.9889581
52602	-1015.462	-1229.042	213.5801	1.489164	0.17392	0.39337	0.0152109	0.417499	2.232104	0.6598222
52608	-1015.539	-1229.842	214.3031	0.7530672	0.308808	0.48853	0.0415261	0.161136	2.232104	0.6311386
52614	-1013.56	-1227.801	214.2418	0.7385165	0.240712	0.367978	0.126815	0.264495	2.293492	0.664608
52620	-1017.759	-1231.57	213.8117	1.051486	0.24634	0.246487	0.262158	0.245015	2.42743	0.6064523
52626	-1010.245	-1224.44	214.195	0.7813409	0.223385	0.356273	0.356502	0.0638404	2.310792	0.6302144
52632	-1023.341	-1237.592	214.2512	0.6578917	0.182559	0.290944	0.45783	0.0686679	2.080339	1.026607
52638	-1026.774	-1240.884	214.1099	0.8102028	0.235146	0.341403	0.335003	0.0884481	2.15077	0.9348159
52644	-1017.254	-1230.939	213.6847	0.885271	0.1849	0.462439	0.169949	0.182712	2.147706	1.258677
52650	-1015.577	-1229.37	213.7929	1.072107	0.337193	0.240952	0.207525	0.21433	2.393033	0.6805024
52656	-1023.517	-1236.996	213.4789	1.222676	0.146131	0.155463	0.382597	0.315809	2.615529	0.4975421
52662	-1017.837	-1231.662	213.8248	0.8659727	0.103853	0.0717687	0.451606	0.372772	2.615529	0.5576995
52668	-1026.583	-1240.252	213.6691	1.106738	0.151604	0.104768	0.199457	0.544171	2.535724	0.5075108
52674	-1019.473	-1233.586	214.1133	0.7278386	0.176205	0.213025	0.23332	0.37745	2.457039	0.6093326
52680	-1020.88	-1235.269	214.3891	0.4838541	0.232577	0.281176	0.3873	0.0989463	2.445378	0.5767886
52686	-1036.05	-1249.932	213.8817	0.9019679	0.241142	0.0905004	0.565768	0.10259	2.29934	0.9179402
52692	-1015.755	-1229.78	214.0252	0.8999681	0.290842	0.109153	0.181563	0.418443	2.217645	0.8491043
52698	-1007.799	-1221.906	214.1064	0.8326671	0.335147	0.0370097	0.304422	0.323422	2.315581	0.6921949
52704	-1018.841	-1233.05	214.2094	0.7177017	0.360391	0.374704	0.155836	0.109069	2.322508	0.7112112
52710	-1013.153	-1227.28	214.1264	0.6892041	0.313414	0.384366	0.177787	0.124432	2.457712	0.6713837
52716	-1024.296	-1238.117	213.8215	0.9241269	0.294867	0.119539	0.521636	0.0639571	2.520025	0.6658162
52722	-1015.179	-1229.036	213.8572	0.7827896	0.382637	0.097481	0.337944	0.181937	2.663534	0.5834393
52728	-1012.292	-1225.788	213.496	1.17838	0.383346	0.0631616	0.371218	0.182274	2.627609	0.5834393
52734	-1017.28	-1230.911	213.6312	1.17838	0.375763	0.0648193	0.380962	0.178456	2.457393	0.6705749
52740	-1026.444	-1240.73	214.2865	0.5918246	0.306267	0.154313	0.367692	0.171729	2.278169	0.8511201
52746	-1026.725	-1239.911	213.1864	1.554205	0.242439	0.137565	0.48173	0.138266	2.507166	0.7655043
52752	-1013.489	-1227.058	213.5682	1.394355	0.193783	0.139442	0.630057	0.0367173	2.264317	0.7655043
52758	-1014.952	-1229.493	214.5405	0.4654825	0.180987	0.198871	0.588453	0.031689	2.163071	0.8377927
52764	-1016.587	-1227.322	210.7355	6.268215	0.226484	0.0248875	0.22403	0.524599	2.502422	0.5953831
52770	-1012.378	-1226.653	214.2751	0.6414678	0.303697	0.139719	0.461731	0.094853	2.283965	0.7914673
52776	-1027.026	-1240.693	213.6675	1.326143	0.457818	0.0209403	0.285549	0.235693	2.184874	0.8217027
52782	-1004.608	-1218.302	213.6946	1.201336	0.24425	0.0111718	0.708173	0.0364051	2.417485	0.5357166
52788	-1011.726	-1225.086	213.3603	1.464942	0.244109	0.427959	0.190852	0.13708	2.512746	0.5357166
52794	-1010.112	-1224.193	214.0808	0.7198038	0.358275	0.144521	0.246256	0.250949	2.51553	0.460108
52800	-1008.992	-1222.77	213.778	0.8958507	0.158429	0.233129	0.310678	0.297763	2.632223	0.4496805
52806	-1012.815	-1226.021	213.2065	1.628375	0.225117	0.365265	0.301985	0.107633	2.52976	0.5089747
52812	-1017.088	-1230.073	212.9859	1.707118	0.397247	0.09354	0.482043	0.0271699	2.668577	0.4127987
52818	-1015.182	-1228.759	213.5767	0.8586522	0.250214	0.183038	0.214379	0.352368	2.842924	0.3799589
52824	-1025.207	-1238.74	213.5327	1.027287	0.496874	0.118751	0.331969	0.0524061	1.960104	1.41528
52830	-1028.617	-1241.767	213.1499	1.348249	0.384264	0.0759037	0.160835	0.378998	2.763555	0.3401625
52836	-1016.175	-1229.46	213.2843	1.192495	0.243234	0.40384	0.0886829	0.264242	2.806431	0.3837547
52842	-1020.604	-1233.292	212.6886	0.982114	0.189077	0.0802628	0.42124	0.30942	2.01847	2.004831
52848	-1022.784	-1234.751	211.9671	0.6193856	0.249245	0.168962	0.328067	0.253725	1.717596	2.887406
52854	-1005.345	-1218.925	213.5793	0.7041357	0.169453	0.0679709	0.563623	0.198953	2.967231	0.3357171
52860	-1002.799	-1216.652	213.8535	0.6474902	0.181628	0.0963443	0.50878	0.213248	2.793831	0.3890986
52866	-993.0745	-1206.785	213.71	0.7408652	0.286708	0.10452	0.551956	0.0568154	2.793831	0.3318922
52872	-990.4972	-1204.439	213.9423	0.449814	0.311654	0.100865	0.532652	0.0548284	2.812141	0.2909308
52878	-986.0943	-1199.67	213.5758	0.7678331	0.131034	0.121668	0.589637	0.157662	2.887273	0.320321
52884	-1014.681	-1227.402	212.7211	1.765682	0.226892	0.146241	0.494614	0.132254	2.887273	0.4156219
52890	-1017.391	-1230.383	212.991	1.404977	0.212684	0.10223	0.663167	0.0219193	2.926049	0.429102
52896	-1012.168	-1225.727	213.5584	0.767232	0.214232	0.100296	0.632837	0.0526346	2.926049	0.3405578
52902	-1022.388	-1236.203	213.8146	0.5211919	0.306786	0.143626	0.474214	0.0753741	2.92821	0.3405578
52908	-1017.624	-1231.389	213.7651	0.5214557	0.358726	0.152075	0.40939	0.0798081	2.95159	0.3159515
52914	-1011.527	-1225.601	214.0736	0.6985371	0.250751	0.257362	0.467939	0.0239484	1.987967	1.230722
52920	-1015.048	-1229.722	214.6739	0.3977334	0.229639	0.119862	0.628566	0.0219322	2.043963	0.8932989
52926	-1005.348	-1219.576	214.2275	0.6754338	0.22361	0.116715	0.638318	0.0213563	2.035717	1.074012
52932	-1006.738	-1220.538	213.8006	0.9846921	0.265506	0.198463	0.444564	0.0914668	2.149217	1.066622
52938	-1019.592	-1233.703	214.1108	0.788369	0.27021	0.167821	0.466076	0.0958927	2.360291	0.6870511
52944	-991.6498	-1205.146	213.4963	1.329226	0.199503	0.201714	0.300166	0.298618	2.482524	0.5989658
52950	-993.5063	-1207.229	213.7224	1.102979	0.273235	0.22532	0.251371	0.250074	2.482524	0.54405
52956	-999.7084	-1213.811	214.1023	0.6893494	0.403086	0.176883	0.361868	0.0581628	2.521895	0.5648545
52962	-997.2794	-1211.437	214.1581	0.6325217	0.133699	0.24416	0.535991	0.0861495	2.521895	0.5820731
52968	-996.4187	-1210.632	214.213	0.6325217	0.448245	0.197647	0.202987	0.151122	2.467013	0.5820731
52974	-997.8292	-1211.996	214.1664	0.6821961	0.224317	0.0714347	0.426657	0.277591	2.467013	0.5577047
52980	-1002.093	-1216.237	214.1438	0.6987597	0.371769	0.0516882	0.493153	0.0833896	2.386714	0.745357
52986	-998.2704	-1212.335	214.0644	0.7532899	0.175323	0.0777367	0.648039	0.0989015	2.386714	0.7770931
52992	-993.1252	-1206.776	213.6508	1.11401	0.121911	0.056534	0.709006	0.112549	2.37656	0.8514149
52998	-996.8025	-1211.138	214.3351	0.5903523	0.278718	0.168001	0.412206	0.141075	2.165465	0.9262197
53004	-996.8709	-1210.178	213.3072	1.436111	0.144167	0.0689167	0.602933	0.183983	2.0995	1.1736
53010	-989.5794	-1203.436	213.8563	1.020271	0.254457	0.236196	0.248341	0.261006	1.99107	1.128115
53016	-1000.569	-1214.314	213.7452	1.010464	0.267938	0.454354	0.0343913	0.243316	1.999941	1.225538
53022	-1006.153	-1220.102	213.9487	0.7643276	0.227236	0.407713	0.0460196	0.319031	2.103066	1.179605
53028	-1011.104	-1224.617	213.5136	1.251082	0.107751	0.401859	0.339111	0.151279	2.025703	1.20347
53034	-996.2694	-1209.819	213.5494	1.170031	0.0931434	0.145659	0.447328	0.313869	2.066181	1.20347
53040	-999.1479	-1212.545	213.3975	1.457977	0.139103	0.232174	0.474742	0.153982	2.186336	0.9908606
53046	-1010.458	-1223.75	213.292	1.695701	0.259894	0.433785	0.0217264	0.284594	2.276785	0.7756607
53052	-1016.887	-1230.834	213.948	1.021362	0.0706819	0.59118	0.0296096	0.308528	2.228618	0.7756607
53058	-1029.523	-1241.904	212.3806	2.945788	0.0759233	0.442512	0.0465723	0.434992	2.314097	0.7756607
53064	-1018.058	-1230.006	211.9478	4.025576	0.158198	0.259956	0.0741037	0.507743	2.154744	0.7756607
53070	-1007.478	-1221.369	213.8909	0.8272091	0.228616	0.366254	0.275372	0.129757	1.972285	1.282957
53076	-1020.016	-1234.176	214.1605	0.6263298	0.285506	0.212396	0.341283	0.160815	2.007446	1.2053
53082	-1010.979	-1224.398	213.4196	1.080966	0.184748	0.471253	0.191096	0.152903	2.113489	1.342178
53088	-1009.154	-1221.066	211.912	3.352683	0.352712	0.133837	0.280682	0.232769	1.998048	1.312669
53094	-1015.398	-1226.109	210.7111	6.659133	0.0117679	0.647106	0.0610093	0.280117	2.035006	1.05733
53100	-1016.977	-1225.865	208.888	10.23765	0.0195027	0.44604	0.0702247	0.464233	1.955115	1.703252
53106	-1002.709	-1213.34	210.6305	5.515676	0.264479	0.177709	0.22923	0.328582	1.866252	1.60912
53112	-997.4484	-1207.915	210.4663	5.800318	0.305371	0.137337	0.34113	0.216162	1.829423	1.67209
53118	-1013.356	-1224.792	211.4359	4.122949	0.178802	0.0819534	0.527171	0.212073	1.973401	1.389764
53124	-1006.756	-1219.182	212.4255	3.045287	0.283572	0.333305	0.0763908	0.306732	2.197419	0.7923561
53130	-1005.836	-1218.755	212.9189	2.209447	0.214106	0.21562	0.387538	0.182736	2.115441	0.9470739
53136	-1003.592	-1217.607	214.0151	0.832832	0.0914189	0.406865	0.423692	0.0780247	2.444952	0.609211
53142	-1003.158	-1216.478	213.3194	1.587711	0.170131	0.181119	0.524229	0.124521	2.350776	0.7583887
53148	-998.8427	-1212.023	213.1805	1.83763	0.267952	0.160061	0.461943	0.110044	2.286817	0.7583887
53154	-1001.014	-1214.348	213.3332	1.694654	0.179098	0.128561	0.611911	0.0804304	2.248447	0.7583887
53160	-1015.859	-1229.746	213.8876	1.030905	0.121851	0.332028	0.446132	0.0999892	2.291497	0.7583887
53166	-1002.285	-1216.009	213.7242	1.181057	0.0972082	0.411067	0.452698	0.0390269	2.271839	0.8100452
53172	-1014.633	-1228.863	214.2295	0.5764921	0.0507975	0.345449	0.321508	0.282246	2.200954	1.013631
53178	-1001.585	-1214.427	212.8419	1.739137	0.0403387	0.51021	0.255312	0.19414	2.070081	1.37138
53184	-1002.91	-1214.212	211.3019	4.361474	0.139274	0.34776	0.246957	0.266008	2.015801	1.37138
53190	-1000.364	-1213.802	213.4381	1.198902	0.101042	0.274374	0.547678	0.0769067	1.944871	1.37138
53196	-1002.546	-1216.778	214.2323	0.7608742	0.121885	0.393727	0.229171	0.255217	2.163998	0.8385178
53202	-1014.845	-1228.867	214.0226	0.9197468	0.119887	0.52599	0.255876	0.0982475	2.208611	0.8385178
53208	-1005.916	-1220.167	214.2512	0.5663349	0.0933575	0.409595	0.46411	0.0329371	2.35039	0.8385178
53214	-1024.472	-1238.634	214.1623	0.7157062	0.0631001	0.377957	0.53959	0.0193534	2.35039	0.7451402
53220	-1014.033	-1228.36	214.3274	0.558357	0.0979696	0.422343	0.38305	0.0966374	2.351066	0.7451402
53226	-1020.484	-1234.437	213.9529	0.8877041	0.170504	0.53599	0.125321	0.168185	2.378796	0.746685
53232	-1013.496	-1227.667	214.1709	0.7369799	0.190081	0.274539	0.501482	0.0338977	2.364364	0.6678749
53238	-1013.501	-1227.733	214.2325	0.6226461	0.181807	0.197634	0.49532	0.12524	2.443327	0.6245632
53244	-1014.561	-1227.687	213.1258	0.9599497	0.0907819	0.502773	0.246966	0.159478	2.107978	1.657515
53250	-1017.466	-1230.997	213.5306	0.8526742	0.161815	0.24252	0.472296	0.123369	1.966324	1.546138
53256	-995.5407	-1209.489	213.9482	0.7918383	0.112582	0.314319	0.480689	0.0924095	2.029193	1.21858
53262	-1006.261	-1219.911	213.6504	0.7918383	0.264365	0.391748	0.158418	0.185468	1.904203	1.550415
53268	-1022.954	-1234.41	211.4562	2.669985	0.346079	0.238766	0.247855	0.167299	2.050858	1.904442
53274	-1006.032	-1219.52	213.4875	0.7475494	0.240001	0.291467	0.35364	0.114892	1.762885	1.800619
53280	-1011.419	-1224.844	213.4245	0.7053976	0.223039	0.353683	0.32368	0.0995979	1.916958	1.768348
53286	-1006.834	-1219.782	212.9471	0.7293782	0.238621	0.254838	0.41698	0.0895609	1.824636	2.134662
53292	-1015.219	-1228.124	212.9059	0.8746032	0.123503	0.216917	0.578419	0.0811617	1.747645	2.112553
53298	-1005.685	-1219.162	213.477	0.768879	0.246092	0.241931	0.309009	0.202968	1.905166	1.692565
53304	-1007.485	-1221.016	213.5315	0.7547825	0.236083	0.221437	0.296441	0.246038	2.065572	1.54782
53310	-1014.307	-1227.724	213.4166	0.7167575	0.133693	0.212183	0.602879	0.0512452	1.949652	1.74262
53316	-1023.335	-1236.754	213.4191	0.9188872	0.363273	0.187101	0.264108	0.185518	2.103561	1.475963
53322	-1024.564	-1237.944	213.38	0.9952148	0.178875	0.389473	0.295834	0.135819	1.989631	1.532727
53328	-1015.812	-1229.277	213.4645	0.9952148	0.247687	0.203051	0.514311	0.0349511	2.37076	1.161063
53334	-1015.247	-1229.015	213.7681	0.9952148	0.234049	0.191871	0.541054	0.0330266	2.351689	0.8804818
53340	-1020.88	-1234.479	213.5995	1.111276	0.151696	0.355294	0.13703	0.35598	2.564703	0.6472452
53346	-1002.591	-1216.495	213.9044	0.8884777	0.24311	0.366432	0.12865	0.261808	2.45491	0.7008202
53352	-1015.536	-1229.208	213.6715	0.9276619	0.239575	0.255873	0.24655	0.258001	2.710796	0.4796809
53358	-1021.111	-1234.999	213.8879	0.9276619	0.203636	0.257722	0.27679	0.261851	2.48755	0.5645459
53364	-1015.521	-1228.938	213.4173	1.448962	0.225665	0.256207	0.441633	0.0764951	2.407563	0.7018608
53370	-1016.396	-1229.661	213.2653	1.669952	0.225894	0.187871	0.442082	0.144152	2.407674	0.6303684
53376	-1022.597	-1236.423	213.8264	1.036447	0.472064	0.120645	0.283893	0.123398	2.407674	0.6544523
53382	-1013.971	-1228.056	214.0845	0.5623579	0.122373	0.327629	0.480233	0.0697652	2.674542	0.4443737
53388	-1007.05	-1221.05	214.0003	0.5294826	0.197242	0.149726	0.615322	0.0377096	2.785484	0.4216275
53394	-1006.711	-1220.386	213.6753	0.6562623	0.31218	0.280438	0.336752	0.0706304	2.922768	0.3365389
53400	-1018.921	-1232.723	213.8019	0.5170574	0.248688	0.251353	0.404334	0.0956247	2.941245	0.3365389
53406	-1007.535	-1221.496	213.9611	0.549415	0.320489	0.285284	0.270994	0.123233	2.768112	0.358246
53412	-1017.695	-1231.446	213.7512	0.549415	0.224318	0.288965	0.379581	0.107135	2.944572	0.3226596
53418	-1007.808	-1221.306	213.4989	0.5456501	0.303949	0.137888	0.295495	0.262668	3.086697	0.2479215
53424	-1011.083	-1224.478	213.3946	0.5756136	0.128923	0.0584869	0.701176	0.111414	3.099621	0.2213006
53430	-1011.585	-1224.758	213.1733	0.853947	0.196565	0.0405783	0.488899	0.273958	3.045068	0.2282725
53436	-1025.565	-1238.019	212.454	1.624474	0.244291	0.0388465	0.492618	0.224245	3.045068	0.2282725
53442	-1019.097	-1231.751	212.6537	1.296642	0.162506	0.324595	0.16037	0.352529	3.131538	0.2282725
53448	-1014.231	-1227.312	213.0811	1.048644	0.349445	0.204405	0.260918	0.185232	3.039158	0.2789387
53454	-1027.754	-1242.108	214.3538	0.6667906	0.295121	0.267591	0.294075	0.143213	1.881725	1.108077
53460	-1030.852	-1245.252	214.4003	0.6246844	0.302143	0.198815	0.312937	0.186105	1.879747	1.108077
53466	-1028.834	-1243.076	214.2416	0.6887809	0.180059	0.345297	0.363737	0.110907	2.06725	1.016708
53472	-1016.82	-1231.07	214.2499	0.6163019	0.299691	0.294917	0.310666	0.0947254	2.195621	0.9559137
53478	-1015.295	-1229.526	214.2308	0.6163019	0.389994	0.266163	0.280376	0.0634666	2.190568	0.9808009
53484	-1021.662	-1235.845	214.1829	0.6163019	0.207169	0.20886	0.554214	0.0297576	2.343107	0.8665953
53490	-1008.83	-1223.132	214.302	0.5655473	0.2473	0.375811	0.324668	0.0522206	2.369966	0.7438257
53496	-1003.222	-1217.437	214.215	0.5331464	0.24835	0.377408	0.3218	0.0524424	2.491488	0.7419982
53502	-1006.228	-1220.243	214.015	0.8105488	0.315337	0.31181	0.339404	0.0334481	2.463735	0.621352
53508	-1011.707	-1225.796	214.0892	0.725366	0.124008	0.137432	0.470977	0.267583	2.492506	0.5820141
53514	-1014.106	-1228.106	213.9998	0.725366	0.24329	0.092251	0.573376	0.0910829	2.52298	0.7129155
53520	-1031.563	-1245.324	213.7609	1.083808	0.111286	0.0816247	0.687173	0.119916	2.362784	0.7633236
53526	-1022.81	-1236.467	213.6563	1.203205	0.135237	0.196661	0.390361	0.277741	2.375671	0.7286496
53532	-1022.887	-1236.866	213.9791	0.9503437	0.239822	0.258084	0.29094	0.211154	2.212081	0.8494624
53538	-1016.478	-1230.166	213.6884	1.265959	0.120801	0.303353	0.369402	0.206444	2.050177	1.008609
53544	-999.3017	-1212.932	213.6307	1.218307	0.165338	0.351636	0.428198	0.0548286	2.174693	0.9861354
53550	-994.1354	-1208.159	214.0234	0.8718266	0.265548	0.154106	0.373336	0.207009	2.317125	0.7580078
53556	-995.3228	-1208.095	212.7719	2.136311	0.170969	0.0873965	0.645653	0.0959815	2.455228	0.7797438
53562	-1004.432	-1218.267	213.8345	0.8009173	0.296478	0.20831	0.3239	0.171312	2.445403	0.924514
53568	-999.3622	-1213.257	213.8952	0.8009173	0.37864	0.190742	0.413661	0.0169568	2.167575	1.136111
53574	-1006.159	-1220.256	214.0974	0.699595	0.1859	0.655239	0.132769	0.0260918	2.089846	1.120338
53580	-1007.601	-1221.291	213.6895	1.222668	0.330816	0.392911	0.257929	0.0183439	2.089846	1.008186
53586	-1009.943	-1224.376	214.4339	0.4122322	0.314387	0.319755	0.3331	0.0327587	2.293372	0.8680718
53592	-996.7452	-1210.832	214.0866	0.8742644	0.356481	0.121344	0.48503	0.0371449	2.243898	0.7688381
53598	-1006.17	-1220.354	214.1837	0.6551887	0.213569	0.493207	0.270886	0.0223388	2.348897	0.8073512
53604	-1004.237	-1218.395	214.1572	0.6391819	0.498304	0.0334554	0.419225	0.049016	2.322925	0.8917973
53610	-1007.612	-1222.116	214.5032	0.4726634	0.453637	0.0992219	0.439936	0.00720495	2.233217	0.7858904
53616	-1003.888	-1217.83	213.9421	0.9095464	0.198632	0.168048	0.623115	0.0102049	2.355998	0.7632868
53622	-1010.422	-1224.886	214.464	0.4810875	0.282723	0.239191	0.463561	0.0145252	2.355998	0.627578
53628	-1007.069	-1221.07	214.0008	0.6620463	0.222629	0.307986	0.455506	0.0138791	2.635679	0.6187926
53634	-1019.587	-1233.509	213.9219	0.7020917	0.197768	0.321046	0.405994	0.0751917	2.692648	0.5457657
53640	-1005.169	-1219.137	213.9686	0.4064402	0.202127	0.289174	0.242458	0.266242	2.878009	0.3352826
53646	-1004.201	-1217.87	213.6685	0.8688356	0.202127	0.289174	0.242458	0.266242	2.754338	0.4049726
53652	-999.5493	-1213.531	213.9816	0.5543433	0.137091	0.231185	0.418872	0.212852	2.721259	0.3343797
53658	-1000.135	-1214.025	213.8898	0.5543433	0.125082	0.210933	0.382179	0.281806	2.813089	0.3343797
53664	-1013.129	-1226.97	213.8408	0.6013275	0.102718	0.475014	0.335164	0.0871033	2.813089	0.3343797
53670	-1020.435	-1234.312	213.8774	0.6013275	0.205558	0.394871	0.31715	0.0824217	2.810011	0.3751646
53676	-1004.653	-1218.872	214.2192	0.4609473	0.202906	0.389776	0.339856	0.0674622	2.646319	0.4709234
53682	-1019.148	-1232.975	213.827	0.7247253	0.190613	0.381956	0.215356	0.212074	2.765786	0.4709234
53688	-1009.64	-1223.744	214.1036	0.57959	0.105686	0.379457	0.459306	0.0555506	2.64241	0.4709234
53694	-1012.033	-1225.906	213.8736	0.7019657	0.18853	0.491812	0.30386	0.015798	2.702162	0.367606
53700	-1006.591	-1220.626	214.0347	0.5732271	0.166843	0.374993	0.392714	0.0654501	2.676828	0.3674701
53706	-1009.686	-1223.542	213.8558	0.8635412	0.139501	0.418663	0.39706	0.0447763	2.579271	0.4211991
53712	-1010.448	-1224.574	214.1259	0.4831735	0.243362	0.411888	0.303353	0.0413973	2.685233	0.37965
53718	-1006.026	-1219.867	213.841	0.6228822	0.330876	0.3565	0.276794	0.0358305	2.777635	0.3223409
53724	-1017.056	-1230.95	213.8934	0.7509452	0.329685	0.355217	0.131948	0.18315	2.641269	0.3836417
53730	-1027.188	-1240.805	213.6171	0.7103175	0.130152	0.460955	0.171225	0.237669	2.934723	0.3485027
53736	-1019.845	-1232.811	212.9657	1.208016	0.181966	0.439361	0.239391	0.139282	3.020828	0.2921347
53742	-1017.733	-1231.472	213.739	0.9594722	0.195178	0.422402	0.302466	0.079954	1.961651	1.304654
53748	-1022.991	-1237.278	214.2869	0.6011014	0.0946067	0.364504	0.415297	0.125592	2.065321	1.064223
53754	-1019.812	-1233.338	213.5255	0.8458241	0.32907	0.188465	0.318724	0.16374	2.879858	0.3438886
53760	-1019.641	-1233.37	213.7284	0.8475546	0.128945	0.301269	0.409563	0.160223	2.235602	1.180238
53766	-1014.663	-1228.54	213.8765	0.8475546	0.262939	0.236429	0.438459	0.0621736	2.266587	1.015482
53772	-1022.937	-1236.881	213.9443	0.6513099	0.303003	0.190883	0.37789	0.128224	2.352167	1.066828
53778	-1013.499	-1226.496	212.9965	1.653323	0.309293	0.174087	0.385734	0.130886	2.372257	1.039345
53784	-1026.63	-1239.495	212.8655	1.842527	0.157184	0.199403	0.540455	0.102958	2.184987	1.19025
53790	-1015.011	-1229.486	214.4751	0.4993542	0.293899	0.220944	0.459607	0.0255501	1.965941	1.078994
53796	-1017.987	-1232.344	214.3574	0.5504289	0.307871	0.231448	0.433916	0.0267647	2.173098	0.938695
53802	-1011.03	-1225.153	214.1233	0.6441416	0.140724	0.174148	0.66499	0.0201385	2.375549	0.8639965
53808	-1015.148	-1228.855	213.7073	0.9916945	0.163793	0.328984	0.489717	0.0175068	2.143232	1.150735
53814	-1009.18	-1222.913	213.7335	0.9089017	0.200731	0.0596648	0.627441	0.112164	2.391477	0.9699751
53820	-1020.457	-1233.754	213.2979	0.9869744	0.181705	0.322034	0.394728	0.101533	2.218636	1.428011
53826	-1012.223	-1225.522	213.2991	0.8081773	0.286314	0.0692788	0.621975	0.0224318	2.173672	1.597862
53832	-1012.64	-1225.673	213.0327	1.130688	0.27432	0.183881	0.512422	0.0293765	2.115181	1.597862
53838	-1001.128	-1213.994	212.866	0.7080622	0.231508	0.150799	0.420231	0.197462	1.979002	2.101473
53844	-1006.075	-1218.701	212.6262	0.8494742	0.231508	0.150799	0.420231	0.197462	1.751213	2.307815
53850	-1014.458	-1228.039	213.5807	0.6809385	0.228152	0.16311	0.414139	0.194599	2.077817	1.56013
53856	-1007.485	-1220.181	212.696	1.552998	0.198812	0.157157	0.177729	0.466302	2.031644	1.625543
53862	-1007.922	-1221.251	213.3291	1.164149	0.296269	0.374587	0.044729	0.284415	2.00009	1.438702
53868	-1010.242	-1222.767	212.5255	1.113391	0.204442	0.4816	0.192571	0.121388	1.852829	2.136194
53874	-1021.553	-1233.402	211.8495	0.7763517	0.114583	0.158313	0.645069	0.0820345	1.510457	2.983113
53880	-1020.154	-1234.484	214.3303	0.5735905	0.296617	0.18431	0.486151	0.0329222	2.266471	0.8351317
53886	-1026.186	-1240.54	214.3544	0.5735905	0.390612	0.12091	0.482072	0.00640647	2.250032	0.8254652
53892	-1002.174	-1216.553	214.3789	0.5735905	0.167324	0.153711	0.671409	0.00755562	2.219889	0.8325575
53898	-1002.308	-1216.73	214.4214	0.5829636	0.235211	0.29824	0.455928	0.0106211	2.101762	0.9099061
53904	-1013.174	-1227.275	214.1016	0.4666238	0.287507	0.257704	0.445612	0.00917748	2.399827	1.052273
53910	-1014.797	-1228.569	213.7728	0.971337	0.175622	0.224399	0.594374	0.005606	2.443027	0.7906765
53916	-1023.586	-1237.347	213.7611	0.971337	0.235387	0.300764	0.301946	0.161903	2.509035	0.7090195
53922	-1032.471	-1246.121	213.6499	1.029841	0.307902	0.132703	0.441698	0.117696	2.42159	0.8962667
53928	-1018.406	-1232.23	213.8246	1.029841	0.199559	0.0879366	0.679235	0.0332702	2.348435	0.7688072
53934	-1000.292	-1214.225	213.9331	0.9514832	0.20718	0.138701	0.586542	0.0675766	2.318501	0.7688072
53940	-1013.011	-1227.005	213.9936	0.8565657	0.140627	0.0279303	0.78347	0.0479727	2.316214	0.8214125
53946	-1012.838	-1227.025	214.187	0.6380634	0.209733	0.0630675	0.665308	0.0618911	2.316214	0.8664048
53952	-1017.824	-1230.357	212.5337	0.5670852	0.288982	0.0557355	0.624099	0.0311836	1.642614	2.620493
53958	-1025.524	-1237.792	212.2684	0.8147441	0.254626	0.0705805	0.549903	0.12489	1.646886	2.620493
53964	-1014.892	-1228.791	213.899	0.8398944	0.222262	0.136845	0.41776	0.223133	2.219736	1.046898
53970	-1006.163	-1219.987	213.8242	0.8737543	0.191388	0.213569	0.511204	0.0838392	2.313178	0.9942102
53976	-1023.862	-1237.935	214.0728	0.7210252	0.19526	0.214149	0.512593	0.0779981	2.313178	0.9002866
53982	-1021.76	-1235.865	214.1053	0.7210252	0.198158	0.217328	0.520201	0.0643131	2.32895	0.8436112
53988	-1042.724	-1256.172	213.4487	0.8673477	0.116875	0.117436	0.70941	0.0562789	2.220098	1.40461
53994	-1030.679	-1243.895	213.2161	1.057357	0.128325	0.0189971	0.778908	0.0737699	2.260825	1.40461
54000	-1026.481	-1240.033	213.5517	0.7198726	0.326059	0.018326	0.584451	0.0711637	2.034856	1.582688
54006	-1019.39	-1232.395	213.0045	0.7119296	0.333531	0.0187459	0.597844	0.0498798	1.915647	2.049289
54012	-1017.397	-1231.102	213.7045	0.8937027	0.313315	0.0705763	0.374096	0.242013	2.080315	1.290723
54018	-1035.069	-1248.701	213.6323	0.8937027	0.361807	0.0121504	0.253477	0.372566	2.154308	1.289231
54024	-1026.174	-1240.052	213.8779	0.800509	0.203772	0.0339391	0.464359	0.29793	2.382572	0.9458682
54030	-1049.884	-1262.625	212.7404	1.177768	0.199042	0.161691	0.524168	0.115099	1.651926	2.08659
54036	-1047.757	-1260.713	212.9566	0.8904262	0.27847	0.163294	0.290501	0.267734	1.734579	2.077099
54042	-1040.156	-1254.035	213.8796	0.8798679	0.282299	0.163522	0.338127	0.216053	2.433959	0.784509
54048	-1054.834	-1269.087	214.2521	0.6310953	0.420876	0.0576332	0.384558	0.136932	2.32295	0.784509
54054	-1028.484	-1241.332	212.8476	0.9341134	0.2643	0.469999	0.243146	0.0225547	1.565948	2.228796
54060	-1024.085	-1235.852	211.7665	0.5880117	0.151573	0.486095	0.251474	0.110858	1.292767	3.280396
54066	-1021.744	-1235.465	213.7204	0.5989469	0.167419	0.536912	0.238354	0.0573149	1.84485	1.690113
54072	-1018.889	-1233.203	214.3146	0.5989469	0.118846	0.476466	0.34622	0.0584672	2.305101	0.769364
54078	-1025.288	-1239.151	213.8631	0.9210901	0.151918	0.363511	0.36346	0.121111	2.35345	0.8548022
54084	-1024.545	-1238.3	213.7549	0.9324117	0.317638	0.122727	0.413593	0.146042	2.233565	1.079918
54090	-1014.13	-1228.332	214.2025	0.7784001	0.14875	0.181668	0.405033	0.264549	2.198421	0.8091526
54096	-1006.234	-1219.763	213.5294	1.436564	0.149536	0.140708	0.486221	0.223535	2.198421	0.8538153
54102	-1023.31	-1237.454	214.144	0.5986695	0.0712798	0.330447	0.52279	0.0754836	2.46585	0.7835836
54108	-1004.362	-1218.583	214.221	0.6606323	0.177397	0.201291	0.433452	0.18786	2.323459	0.7835836
54114	-1023.514	-1237.743	214.2293	0.6597713	0.264823	0.132099	0.434589	0.168488	2.415049	0.6038008
54120	-1004.511	-1218.836	214.3249	0.6597713	0.222843	0.141034	0.463984	0.172139	2.319417	0.6038008
54126	-1009.935	-1223.983	214.0486	0.9931516	0.124987	0.156191	0.524305	0.194518	2.23153	0.6482176
54132	-1007.819	-1221.922	214.1033	0.7532713	0.133511	0.211373	0.560063	0.0950531	2.417464	0.6624312
54138	-1012.161	-1225.97	213.8088	1.013986	0.198986	0.315032	0.344314	0.141668	2.431212	0.6866712
54144	-1014.992	-1229.172	214.1809	0.6855562	0.170495	0.413106	0.295015	0.121384	2.453981	0.4764744
54150	-1019.15	-1232.518	213.3677	1.352919	0.2248	0.386061	0.275701	0.113438	2.603782	0.4608673
54156	-1016.489	-1229.986	213.4969	1.146047	0.324891	0.255034	0.177055	0.243019	2.667556	0.4650543
54162	-1010.74	-1224.315	213.5753	1.146047	0.153576	0.120554	0.381167	0.344703	2.58916	0.4650543
54168	-1025.715	-1239.258	213.5434	0.9937251	0.35906	0.384752	0.167295	0.0888927	2.745188	0.3911228
54174	-1036.217	-1249.411	213.1944	1.24526	0.239458	0.294889	0.190581	0.275073	2.812742	0.3394309
54180	-1036.72	-1250.731	214.0111	0.7602449	0.165553	0.128697	0.655245	0.0505057	2.543908	0.4692734
54186	-1009.714	-1223.85	214.1353	0.6687567	0.332068	0.122567	0.503928	0.0414367	2.497613	0.6091346
54192	-1001.164	-1215.357	214.1929	0.6687567	0.360422	0.196048	0.419448	0.0240816	2.45986	0.4773698
54198	-1000.394	-1214.247	213.8532	0.861841	0.269895	0.0142574	0.690276	0.0255711	2.596524	0.4773698
54204	-1001.034	-1215.13	214.0964	0.5503109	0.335545	0.0555039	0.537343	0.0716086	2.664671	0.413212
54210	-1009.673	-1223.359	213.6859	0.7121719	0.278269	0.261139	0.444709	0.0158829	2.892503	0.3882965
54216	-987.9439	-1201.657	213.7134	0.7408827	0.29979	0.156435	0.479101	0.0646744	2.817091	0.362002
54222	-998.536	-1212.405	213.8693	0.6113791	0.228883	0.188368	0.51344	0.0693098	2.817091	0.3907373
54228	-999.532	-1213.395	213.8632	0.6113791	0.228883	0.188368	0.51344	0.0693098	2.807394	0.3661393
54234	-1006.74	-1220.715	213.9748	0.5289142	0.165763	0.162824	0.443816	0.227596	2.794064	0.3852379
54240	-986.6454	-1200.38	213.7349	0.6819607	0.369006	0.0762858	0.498361	0.0563477	2.8769	0.3908959
54246	-996.2731	-1210.623	214.35	0.4135161	0.434456	0.0413763	0.457826	0.066342	2.559439	0.5250508
54252	-1001.357	-1215.353	213.9957	0.8003517	0.302787	0.137145	0.319075	0.240993	2.518467	0.482004
54258	-1010.678	-1224.428	213.7506	1.040626	0.291564	0.0877715	0.466431	0.154233	2.518467	0.5183957
54264	-1033.939	-1248.058	214.1188	0.6013965	0.153754	0.220564	0.481762	0.143921	2.429184	0.8590738
54270	-995.0738	-1208.998	213.9238	0.737168	0.329583	0.0667894	0.462812	0.140816	2.653124	0.4541793
54276	-996.2525	-1210.377	214.1241	0.6542079	0.176461	0.118269	0.629466	0.0758038	2.544624	0.5151794
54282	-996.0754	-1210.199	214.1239	0.6542079	0.234648	0.25146	0.404276	0.109616	2.544624	0.5179124
54288	-999.599	-1213.723	214.1239	0.6542079	0.348394	0.124401	0.415907	0.111298	2.544624	0.5179124
54294	-1017.305	-1231.314	214.009	0.6542079	0.260568	0.350295	0.311062	0.0780743	2.640655	0.4074484
54300	-1003.643	-1217.557	213.9143	0.7236207	0.252428	0.217726	0.427866	0.10198	2.670095	0.4284574
54306	-1001.457	-1215.318	213.8613	0.5501694	0.108936	0.391738	0.408837	0.0904886	2.847503	0.3360383
54312	-996.0981	-1209.902	213.8036	0.5673963	0.127833	0.459694	0.35918	0.0532931	2.867517	0.3172881
54318	-1003.694	-1217.513	213.8189	0.691256	0.220278	0.334332	0.237773	0.207617	2.764878	0.3630773
54324	-1014.8	-1228.542	213.7419	0.7369153	0.259252	0.196005	0.300394	0.24435	2.80146	0.3741167
54330	-1008.495	-1221.926	213.4308	1.041102	0.223745	0.204156	0.312887	0.259212	2.80146	0.3760728
54336	-1006.066	-1219.444	213.3777	1.056965	0.100757	0.289985	0.444427	0.164831	2.845001	0.3857963
54342	-1006.539	-1219.848	213.3089	1.174727	0.200608	0.117561	0.39307	0.28876	2.799876	0.3857963
54348	-991.4299	-1204.992	213.5623	0.8892774	0.194461	0.225936	0.42519	0.154413	2.829297	0.3857963
54354	-1006.012	-1219.842	213.8303	0.7392593	0.21807	0.217987	0.41314	0.150802	2.717931	0.3857963
54360	-1018.452	-1232.282	213.8303	0.7392593	0.24785	0.111198	0.469558	0.171395	2.717931	0.3857963
54366	-1011.604	-1225.35	213.7459	0.7392593	0.367723	0.0490331	0.328954	0.254291	2.760949	0.3331687
54372	-1017.445	-1231.066	213.6217	1.188181	0.341291	0.223338	0.305309	0.130062	2.492932	0.582616
54378	-1030.619	-1244.242	213.6236	1.365114	0.223957	0.153878	0.23717	0.384995	2.22227	0.7835887
54384	-1038.806	-1251.87	213.0638	0.6961276	0.168028	0.28321	0.352682	0.19608	3.279619	0.2122241
54390	-1037.287	-1251.304	214.0175	0.7948181	0.165264	0.256575	0.350794	0.227367	2.337368	0.8456331
54396	-1022.908	-1236.559	213.6511	1.08758	0.219012	0.252054	0.305573	0.223361	2.28793	0.9774376
54402	-1018.369	-1232.513	214.1439	0.7997639	0.0886261	0.207189	0.600549	0.103637	2.293594	0.724189
54408	-1010.985	-1224.897	213.9123	0.7930504	0.129798	0.218559	0.569229	0.0824148	2.343874	0.9585883
54414	-1018.65	-1232.834	214.1841	0.6489455	0.0737555	0.341756	0.411512	0.172977	2.343874	0.8219339
54420	-1014.514	-1227.633	213.1191	0.6764015	0.475701	0.160302	0.267483	0.0965146	3.21189	0.2005437
54426	-1022.081	-1234.28	212.1989	1.614174	0.229468	0.176295	0.42468	0.169557	3.221087	0.1960707
54432	-1022.967	-1235.11	212.1425	1.781746	0.248869	0.191201	0.471432	0.0884977	3.221087	0.2251637
54438	-1009.832	-1222.673	212.8412	1.011837	0.274673	0.405333	0.232093	0.0879016	3.221087	0.2302143
54444	-1010.999	-1223.487	212.4873	1.536321	0.229836	0.406909	0.21636	0.146894	3.028071	0.2060509
54450	-1008.515	-1221.872	213.3577	0.9707105	0.25572	0.326696	0.391841	0.0257433	2.858748	0.2911761
54456	-1004.693	-1218.378	213.6845	0.5961114	0.25495	0.325713	0.390662	0.0286751	2.922946	0.2911761
54462	-1019.811	-1233.409	213.598	0.5961114	0.145525	0.281908	0.56821	0.00435696	3.009408	0.2911761
54468	-1014.501	-1227.422	212.9219	1.494631	0.32096	0.251099	0.42406	0.00388081	2.804817	0.2911761
54474	-1016.543	-1229.855	213.3115	1.048139	0.125044	0.298074	0.57165	0.00523149	2.827751	0.2911761
54480	-1018.631	-1231.864	213.2333	1.128606	0.189158	0.105968	0.509426	0.195448	1.948829	1.574344
54486	-1011.508	-1225.219	213.711	0.6841939	0.228979	0.177982	0.470063	0.122977	1.924737	1.574344
54492	-1006.582	-1219.308	212.7263	1.146275	0.218191	0.169596	0.216902	0.39531	1.848631	1.985443
54498	-1015.969	-1229.503	213.5337	0.7596166	0.197445	0.175539	0.365374	0.261642	1.894093	1.667048
54504	-1014.574	-1226.928	212.3538	1.795294	0.257671	0.114246	0.428163	0.19992	1.921958	1.80416
54510	-1009.216	-1222.174	212.9579	1.025062	0.109233	0.229848	0.451717	0.209202	1.740613	1.981932
54516	-1004.225	-1217.351	213.1264	0.964044	0.265439	0.261803	0.29414	0.178618	1.928001	1.781109
54522	-1018.612	-1232.04	213.4276	0.7953622	0.252569	0.267313	0.218657	0.261461	2.192009	1.499329
54528	-1004.512	-1217.805	213.2937	1.013999	0.328622	0.289655	0.0870126	0.294711	2.101975	1.499329
54534	-1019.881	-1233.513	213.6318	1.095004	0.105964	0.0631152	0.653569	0.177352	1.953107	1.28939
54540	-1025.145	-1238.922	213.7773	1.007822	0.3135	0.0495985	0.285523	0.351379	2.154802	1.061534
54546	-1026.546	-1240.17	213.6242	1.211129	0.298244	0.107306	0.291002	0.303449	2.110892	1.061534
54552	-1037.382	-1250.734	213.3518	1.321976	0.174784	0.348558	0.475508	0.00115059	1.975336	1.325097
54558	-1028.761	-1242.618	213.8572	0.4345441	0.110074	0.711829	0.177482	0.000614991	1.891561	1.67649
54564	-1034.947	-1249.168	214.2214	0.669934	0.132341	0.403497	0.303508	0.160654	2.263134	0.8483584
54570	-1033.18	-1247.439	214.259	0.5713508	0.132341	0.403497	0.303508	0.160654	2.494918	0.5357916
54576	-1016.453	-1230.413	213.9607	0.8305305	0.110639	0.337328	0.53429	0.0177428	2.516317	0.5579418
54582	-1015.752	-1229.99	214.2379	0.5514268	0.157295	0.347798	0.437378	0.0575286	2.531015	0.5664314
54588	-1002.721	-1216.933	214.2123	0.5781802	0.0715752	0.226999	0.62493	0.0764956	2.531015	0.5564846
54594	-1010.362	-1223.569	213.2074	1.636815	0.189342	0.502464	0.0614442	0.24675	2.520853	0.523946
54600	-1005.254	-1219.175	213.9207	0.827671	0.241582	0.251567	0.180726	0.326125	2.564439	0.4762157
54606	-1009.74	-1223.582	213.8427	0.8871476	0.0813912	0.39073	0.131403	0.396476	2.580773	0.5242962
54612	-1013.487	-1227.052	213.5651	1.238227	0.238946	0.0368758	0.180267	0.543911	2.433119	0.7301278
54618	-1017.49	-1231.192	213.7014	0.8987838	0.277216	0.0456333	0.419669	0.257482	2.077809	1.291005
54624	-1041.787	-1254.384	212.5969	1.173737	0.372386	0.20576	0.039934	0.381919	3.189677	0.1880491
54630	-1034.122	-1246.874	212.7524	0.9395422	0.436723	0.127716	0.0954863	0.340074	3.264634	0.1880491
54636	-1036.736	-1249.127	212.3912	1.121912	0.217008	0.414748	0.0610175	0.307226	3.308009	0.1527996
54642	-1030.155	-1242.794	212.6395	0.8562169	0.146472	0.422391	0.0411844	0.389953	3.326017	0.1527996
54648	-1028.709	-1241.059	212.3499	0.9196004	0.266155	0.465506	0.0569767	0.211362	3.546037	0.151848
54654	-1019.475	-1233.418	213.9427	0.8842327	0.0649155	0.100193	0.560911	0.273981	2.320795	0.8435931
54660	-1023.731	-1237.903	214.1719	0.7045737	0.27722	0.0905888	0.507145	0.125047	2.322798	0.7880091
54666	-1030.65	-1244.452	213.8026	1.081594	0.247473	0.129717	0.396599	0.226211	2.322798	0.7640359
54672	-1013.577	-1227.822	214.2459	0.7691215	0.141787	0.147935	0.452298	0.257981	2.009796	0.985021
54678	-1021.056	-1235.112	214.0565	0.731587	0.257173	0.155415	0.432429	0.154983	2.238759	0.985021
54684	-1017.746	-1232.065	214.3192	0.5414965	0.109324	0.222067	0.61788	0.0507282	2.20748	0.9524991
54690	-1019.676	-1233.967	214.291	0.6059421	0.215506	0.23112	0.500793	0.0525816	2.410361	0.6031827
54696	-1027.956	-1242.468	214.5124	0.3597846	0.223547	0.114067	0.605564	0.0568214	2.437296	0.5466821
54702	-1026.468	-1238.861	212.3933	1.226464	0.364207	0.160101	0.381152	0.0945394	3.309163	0.1781251
54708	-1023.641	-1236.336	212.6951	0.9772056	0.407579	0.0540391	0.431383	0.106999	3.249459	0.1781251
54714	-1009.798	-1223.226	213.4282	0.3948067	0.261212	0.346826	0.264805	0.127157	3.14268	0.1875392
54720	-1016.068	-1229.424	213.3563	0.5308379	0.109875	0.474237	0.362084	0.0538041	3.14268	0.2058592
54726	-1005.029	-1218.113	213.0844	0.7024817	0.207848	0.157556	0.373285	0.261311	3.181704	0.188658
54732	-1026.343	-1240.533	214.1903	0.817709	0.234262	0.44137	0.169302	0.155066	2.241667	0.701995
54738	-1019.988	-1234.178	214.1903	0.817709	0.381734	0.32189	0.086588	0.209788	2.241667	0.701995
54744	-1036.53	-1250.074	213.5446	1.074976	0.317393	0.0779963	0.542394	0.0622168	2.688606	0.4642086
54750	-1026.096	-1240.194	214.098	0.8195143	0.29143	0.279311	0.278405	0.150853	2.32445	0.7150692
54756	-1014.515	-1227.853	213.3374	1.666655	0.133481	0.177563	0.582268	0.106688	2.148025	0.9079969
54762	-1013.879	-1227.47	213.5907	1.391624	0.327435	0.218499	0.349735	0.104331	2.259064	0.7435658
54768	-1011.932	-1225.86	213.9285	0.8554512	0.0573926	0.329197	0.550601	0.062809	2.473732	0.6849254
54774	-1015.066	-1228.433	213.3675	1.329969	0.489767	0.0760532	0.403255	0.0309252	2.204102	1.111239
54780	-1012.831	-1227.115	214.2841	0.6199493	0.384811	0.0774282	0.410545	0.127216	2.329238	0.7462985
54786	-1009.829	-1223.645	213.8163	0.9633132	0.416646	0.141845	0.354944	0.086565	2.283062	0.9387878
54792	-1005.151	-1219.189	214.0378	0.7749418	0.414551	0.111539	0.380992	0.0929178	1.985742	1.194359
54798	-1011.405	-1225.44	214.0342	0.6927937	0.414551	0.111539	0.380992	0.0929178	1.985742	1.270409
54804	-999.546	-1213.43	213.884	0.8305924	0.240631	0.144674	0.494174	0.120521	2.16005	1.125126
54810	-1027.453	-1241.416	213.9632	0.9582231	0.223403	0.174499	0.463645	0.138453	2.222105	0.8468355
54816	-1027.885	-1242.012	214.1267	0.8295542	0.209997	0.224038	0.435821	0.130144	2.29928	0.6907484
54822	-1021.067	-1235.501	214.434	0.4912592	0.209997	0.224038	0.435821	0.130144	2.327776	0.7211585
54828	-1024.388	-1238.499	214.1111	0.7511895	0.200082	0.311824	0.306955	0.181139	2.442566	0.5845926
54834	-1021.906	-1235.726	213.8194	0.801895	0.163276	0.457779	0.168113	0.210832	2.68147	0.4256206
54840	-1029.433	-1242.692	213.2587	1.322689	0.118372	0.226991	0.437462	0.217176	2.726801	0.4142952
54846	-1022.273	-1235.177	212.9041	1.572336	0.361666	0.0145046	0.463539	0.16029	2.809072	0.3352732
54852	-1012.128	-1225.744	213.6159	0.9429861	0.188445	0.0315344	0.431536	0.348485	2.749161	0.4657347
54858	-1026.654	-1240.421	213.7676	0.8012523	0.435718	0.0277605	0.379891	0.156631	2.743837	0.4657347
54864	-1025.868	-1239.187	213.3192	0.8984644	0.322107	0.0246272	0.519797	0.133468	2.946405	0.2752826
54870	-1014.5	-1228.111	213.6111	0.7498051	0.314332	0.0516157	0.503806	0.130246	2.922469	0.3799265
54876	-1006.149	-1219.022	212.8727	1.35583	0.372923	0.246891	0.177478	0.202708	3.000661	0.3094377
54882	-1005.489	-1218.866	213.3767	0.9676072	0.329634	0.0775929	0.325059	0.267714	2.917719	0.3603731
54888	-1023.492	-1237.275	213.7831	0.7967187	0.17209	0.333392	0.344455	0.150062	2.73207	0.5430147
54894	-1016.135	-1229.513	213.3785	1.482775	0.275729	0.181351	0.429324	0.113597	2.472453	0.5702057
54900	-1035.471	-1248.852	213.3806	1.477371	0.244296	0.124788	0.359442	0.271474	2.42787	0.6868668
54906	-1011.3	-1223.179	211.879	4.053058	0.341344	0.174361	0.0400603	0.444234	2.154693	0.8476561
54912	-1021.102	-1235.123	214.0209	0.6419844	0.306449	0.329873	0.172931	0.190747	2.64717	0.588714
54918	-1028.846	-1242.602	213.7557	0.9126909	0.171404	0.262458	0.360159	0.205979	2.328722	1.007163
54924	-1042.325	-1255.55	213.2245	1.011419	0.194862	0.230909	0.165774	0.408454	2.328722	1.380533
54930	-1019.611	-1232.818	213.2063	1.693378	0.151084	0.0796097	0.321353	0.447953	2.27007	0.8935104
54936	-1016.652	-1229.144	212.4914	2.7494	0.267992	0.0686463	0.277098	0.386263	2.230282	0.8935104
54942	-1034.883	-1245.519	210.6359	6.576266	0.121171	0.104584	0.435992	0.338253	2.445617	0.6936607
54948	-1028.055	-1240.17	212.1151	3.331087	0.0724853	0.0948011	0.352015	0.480698	2.445617	0.6109663
54954	-1022.756	-1234.578	211.8219	3.744891	0.241077	0.238788	0.437109	0.0830263	1.903928	1.290018
54960	-1009.181	-1223.433	214.2525	0.603041	0.225799	0.168109	0.515676	0.0904159	2.419145	0.6782449
54966	-1022.872	-1237.005	214.1331	0.6927429	0.242453	0.106751	0.553711	0.0970848	2.419145	0.7212988
54972	-1025.561	-1239.494	213.9334	0.8782866	0.33911	0.300953	0.143601	0.216336	2.423648	0.7222015
54978	-1020.471	-1233.573	213.1019	1.746658	0.317702	0.236872	0.10831	0.337116	2.461093	0.7222015
54984	-1016.159	-1229.352	213.1936	1.629813	0.249455	0.0397133	0.380524	0.330309	2.388403	0.8300527
54990	-1015.351	-1229.113	213.7621	1.13892	0.234715	0.264182	0.248709	0.252394	2.3568	0.6846444
54996	-1001.399	-1215.053	213.6545	1.13892	0.269039	0.0932025	0.303678	0.33408	2.342955	0.8584898
55002	-1004.713	-1218.753	214.0393	0.7824846	0.134651	0.302162	0.489232	0.0739547	2.371447	0.7904047
55008	-1005.573	-1219.814	214.2415	0.6629826	0.490666	0.0283783	0.282061	0.198895	2.295558	0.7904047
55014	-1012.978	-1226.624	213.6453	1.249603	0.255658	0.0267846	0.584651	0.132906	2.401404	0.6139529
55020	-1015.771	-1229.033	213.2626	1.616276	0.298095	0.0312306	0.297394	0.37328	2.401404	0.7314579
55026	-1031.915	-1245.17	213.2558	1.749979	0.201402	0.0104714	0.450144	0.337982	2.256526	0.7929471
55032	-1015.691	-1228.975	213.2841	1.749979	0.324486	0.0246718	0.298333	0.352508	2.152761	0.8863111
55038	-1007.604	-1219.355	211.7511	4.320574	0.199555	0.0273111	0.358017	0.415117	2.171392	0.8239645
55044	-1016.592	-1230.176	213.5845	1.242121	0.255451	0.0464872	0.332792	0.365269	1.988343	1.181832
55050	-1028.25	-1241.603	213.3533	0.7679481	0.380104	0.14394	0.319161	0.156796	2.0412	1.68451
55056	-1032.316	-1245.969	213.6523	1.014792	0.162148	0.301023	0.452186	0.0846425	2.133163	1.187395
55062	-1021.878	-1235.39	213.512	1.156806	0.209281	0.00937551	0.458693	0.322651	2.260321	1.074926
55068	-1022.28	-1235.975	213.6947	0.7284247	0.437412	0.0678405	0.308309	0.186439	1.830373	1.620759
55074	-1019.103	-1231.593	212.4899	2.454939	0.0623604	0.617618	0.0526199	0.267402	2.184144	1.13098
55080	-1027.521	-1240.806	213.2849	1.555184	0.11527	0.651344	0.0110755	0.222311	2.110988	1.091209
55086	-1013.154	-1226.644	213.4896	1.017824	0.369429	0.339051	0.0810907	0.21043	2.068813	1.371449
55092	-1023.979	-1236.961	212.9821	1.295752	0.216141	0.193056	0.318455	0.272348	2.242024	1.424919
55098	-1025.365	-1239.311	213.9458	0.7664424	0.364064	0.325181	0.154453	0.156302	2.242024	1.054334
55104	-1022.17	-1235.854	213.6846	0.9721544	0.263857	0.348444	0.234153	0.153546	2.154062	1.178315
55110	-1017.028	-1230.269	213.2416	1.333476	0.261796	0.362929	0.221026	0.154249	1.991819	1.391061
55116	-1023.451	-1236.681	213.2299	1.04261	0.372121	0.362396	0.146785	0.118698	1.991819	1.606641
55122	-1021.734	-1235.186	213.4522	0.6744088	0.270893	0.313027	0.301504	0.114577	1.88643	1.793175
55128	-1020.227	-1232.605	212.378	0.9504854	0.33641	0.182823	0.396728	0.0840381	1.977469	2.255467
55134	-1021.517	-1232.933	211.4165	1.380997	0.14465	0.236971	0.574292	0.0440873	2.100663	2.5261
55140	-1037.008	-1248.905	211.8973	0.5663735	0.354993	0.0441094	0.531038	0.0698599	1.756896	2.939346
55146	-1043.659	-1255.931	212.2718	0.9437643	0.350204	0.368249	0.167172	0.114375	2.100383	2.249114
55152	-1013.988	-1228.568	214.5804	0.5118442	0.10054	0.316468	0.544102	0.0388904	2.028582	0.8956381
55158	-1012.399	-1227.131	214.7315	0.3743045	0.0866136	0.321368	0.552526	0.0394925	2.028582	0.8661791
55164	-1020.337	-1234.828	214.4908	0.5390477	0.209529	0.152165	0.578569	0.0597372	2.196234	0.7619916
55170	-1016.61	-1230.727	214.1166	0.7125961	0.226964	0.129945	0.529201	0.11389	2.04232	1.133381
55176	-1020.744	-1234.145	213.4017	0.5707744	0.363982	0.116657	0.390467	0.128894	2.069894	1.776574
55182	-1013.287	-1227.014	213.7266	0.5707744	0.183157	0.202348	0.518875	0.0956195	2.105639	1.51743
55188	-1014.321	-1228.158	213.837	0.5618036	0.339432	0.11891	0.364454	0.177205	2.14533	1.410512
55194	-1018.375	-1231.876	213.5009	0.9863178	0.315235	0.181718	0.338474	0.164573	1.925181	1.497262
55200	-1023.365	-1237.12	213.7556	0.5999348	0.383421	0.214273	0.279414	0.122892	2.072699	1.497576
